src,dst,volume,path_nodes
10044,10177,34.25803240171498,"[10044, 15185, 10177]"
10044,10177,247.09923152051715,"[10044, 19971, 10177]"
10044,10177,4.92256222236175,"[10044, 13665, 10177]"
10044,10177,13.720173855406111,"[10044, 16339, 10177]"
10044,10326,1.0,"[10044, 16339, 10326]"
10044,10963,180.0,"[10044, 10963]"
10044,10963,4.0,"[10044, 16193, 10963]"
10044,11163,300.0,"[10044, 11163]"
10044,11189,255.44817379801893,"[10044, 11189]"
10044,11189,19.26114757632595,"[10044, 14425, 11189]"
10044,11189,15.290678625655058,"[10044, 11147, 11189]"
10044,11209,1.0,"[10044, 12868, 11209]"
10044,11261,59.0,"[10044, 11261]"
10044,11466,272.25245236257314,"[10044, 11466]"
10044,11466,27.747547637426873,"[10044, 16855, 11466]"
10044,11561,0.05225765025745241,"[10044, 11561]"
10044,11561,0.9477423497425476,"[10044, 12616, 11561]"
10044,12205,0.3972591579669829,"[10044, 11147, 12205]"
10044,12205,0.6024883486609681,"[10044, 13665, 12205]"
10044,12355,1.0,"[10044, 11147, 12355]"
10044,12616,163.0,"[10044, 12616]"
10044,12633,264.7532035533412,"[10044, 15185, 12633]"
10044,12633,35.24679644665879,"[10044, 16339, 12633]"
10044,12868,70.0,"[10044, 12868]"
10044,13165,0.3415369204003625,"[10044, 16855, 13165]"
10044,13165,0.6584630795996376,"[10044, 16028, 13165]"
10044,13417,300.0,"[10044, 13417]"
10044,13563,0.04604834477653148,"[10044, 15651, 13563]"
10044,13563,0.9539516552234685,"[10044, 14425, 13563]"
10044,13665,256.0,"[10044, 13665]"
10044,13917,0.0099052540913006,"[10044, 14425, 13917]"
10044,13917,0.9900947459086994,"[10044, 11147, 13917]"
10044,14234,90.0,"[10044, 14234]"
10044,14234,7.0,"[10044, 16193, 14234]"
10044,14358,1.0,"[10044, 11561, 14358]"
10044,14519,122.0,"[10044, 14519]"
10044,15185,300.0,"[10044, 15185]"
10044,15651,300.0,"[10044, 15651]"
10044,15848,1.0,"[10044, 15651, 15848]"
10044,16028,0.01884617135908679,"[10044, 16028]"
10044,16028,0.9811538286409132,"[10044, 12616, 16028]"
10044,16108,6.149372984304829,"[10044, 16108]"
10044,16108,24.85062701569517,"[10044, 15651, 16108]"
10044,16236,300.0,"[10044, 16236]"
10044,16339,300.0,"[10044, 16339]"
10044,16855,0.3415369204003625,"[10044, 16855]"
10044,16855,0.6584630795996376,"[10044, 12616, 16855]"
10044,16887,0.5563376683464867,"[10044, 16193, 16887]"
10044,16887,0.4436623316535133,"[10044, 11561, 16887]"
10044,17282,1.0,"[10044, 12868, 17282]"
10044,17464,30.186240635018464,"[10044, 19971, 17464]"
10044,17464,26.58001623235177,"[10044, 11163, 17464]"
10044,17464,74.79008080097627,"[10044, 15686, 17464]"
10044,17464,168.4436623316535,"[10044, 16193, 17464]"
10044,17504,1.0,"[10044, 15651, 17504]"
10044,17522,0.12017124464548307,"[10044, 17522]"
10044,17522,0.879828755354517,"[10044, 12616, 17522]"
10044,17752,1.0,"[10044, 15651, 17752]"
10044,18448,270.0,"[10044, 18448]"
10044,18448,11.0,"[10044, 15651, 18448]"
10044,18827,0.8013704210165085,"[10044, 11261, 18827]"
10044,18827,0.19862957898349146,"[10044, 11147, 18827]"
10044,19134,173.0,"[10044, 19134]"
10044,19143,300.0,"[10044, 19143]"
10044,19300,180.0,"[10044, 19300]"
10044,19300,6.0,"[10044, 12868, 19300]"
10044,19846,0.8295454545456777,"[10044, 11561, 19846]"
10044,19846,0.17045454545432223,"[10044, 15651, 19846]"
10044,19971,300.0,"[10044, 19971]"
10177,18448,0.34444444444443423,"[10177, 18448]"
10177,18448,0.6555555555555658,"[10177, 12205, 18448]"
10269,12352,300.0,"[10269, 12352]"
10301,12205,0.18572935409417352,"[10301, 12205]"
10301,12205,0.8142706459058264,"[10301, 10901, 12205]"
10301,12352,300.0,"[10301, 12352]"
10301,12868,1.0,"[10301, 12352, 12868]"
10301,13417,1.0,"[10301, 19915, 13417]"
10301,15008,90.00385093761959,"[10301, 15008]"
10301,15008,22.99614906238041,"[10301, 12352, 15008]"
10301,16236,1.0,"[10301, 15948, 16236]"
10316,10916,300.0,"[10316, 10916]"
10316,12205,1.0,"[10316, 13555, 12205]"
10316,12652,300.0,"[10316, 12652]"
10316,12868,1.0,"[10316, 10916, 12868]"
10316,13417,300.0,"[10316, 13417]"
10316,14519,1.0,"[10316, 12652, 14519]"
10316,15008,300.0,"[10316, 15008]"
10316,16855,1.0,"[10316, 13555, 16855]"
10316,18827,300.0,"[10316, 18827]"
10326,10916,262.0,"[10326, 10916]"
10326,10916,38.0,"[10326, 16887, 10916]"
10326,12633,0.303584362139917,"[10326, 12633]"
10326,12633,0.696415637860083,"[10326, 14257, 12633]"
10326,12652,300.0,"[10326, 12652]"
10326,13563,179.99999999999994,"[10326, 13563]"
10326,13563,32.00000000000007,"[10326, 16887, 13563]"
10326,14257,128.9809917695474,"[10326, 14257]"
10326,14257,27.019008230452613,"[10326, 12633, 14257]"
10326,18448,30.655555555555566,"[10326, 10177, 18448]"
10326,18448,142.34444444444443,"[10326, 14257, 18448]"
10375,11189,1.0,"[10375, 11189]"
10375,12205,300.0,"[10375, 12205]"
10375,12352,1.0,"[10375, 12205, 12352]"
10375,12868,1.0,"[10375, 14519, 12868]"
10375,13417,229.0,"[10375, 13417]"
10375,14519,159.0,"[10375, 14519]"
10375,15008,0.011764705882352941,"[10375, 14519, 15008]"
10375,15008,0.9882352941176471,"[10375, 16236, 15008]"
10375,16236,300.0,"[10375, 16236]"
10568,10705,1.0,"[10568, 18441, 10705]"
10568,10748,0.023255813953488372,"[10568, 18441, 10748]"
10568,10748,0.9767441860465116,"[10568, 13555, 10748]"
10568,10796,300.0,"[10568, 10796]"
10568,10901,1.0,"[10568, 11147, 10901]"
10568,10916,269.95348837209303,"[10568, 10916]"
10568,10916,0.046511627906984016,"[10568, 15651, 10916]"
10568,11147,73.0,"[10568, 11147]"
10568,11200,1.0,"[10568, 18441, 11200]"
10568,11209,263.0,"[10568, 11209]"
10568,11853,168.0,"[10568, 11853]"
10568,12205,145.0,"[10568, 12205]"
10568,12652,244.0,"[10568, 12652]"
10568,12746,300.0,"[10568, 12746]"
10568,12868,56.0,"[10568, 12868]"
10568,12940,1.0,"[10568, 11147, 12940]"
10568,13073,300.0,"[10568, 13073]"
10568,13170,300.0,"[10568, 13170]"
10568,13237,300.0,"[10568, 13237]"
10568,13417,230.0,"[10568, 13417]"
10568,13555,300.0,"[10568, 13555]"
10568,13840,229.0,"[10568, 13840]"
10568,14053,300.0,"[10568, 14053]"
10568,14425,90.0,"[10568, 14425]"
10568,14425,13.815789473684216,"[10568, 10796, 14425]"
10568,14425,0.1842105263157846,"[10568, 13840, 14425]"
10568,14519,270.0,"[10568, 14519]"
10568,14519,4.0,"[10568, 13555, 14519]"
10568,15008,0.9767441860465116,"[10568, 13555, 15008]"
10568,15008,0.023255813953488372,"[10568, 18441, 15008]"
10568,15241,1.0,"[10568, 19500, 15241]"
10568,15891,300.0,"[10568, 15891]"
10568,15976,196.92323854881636,"[10568, 15976]"
10568,15976,36.07676145118364,"[10568, 12355, 15976]"
10568,16683,1.0,"[10568, 13555, 16683]"
10568,16855,1.0,"[10568, 13555, 16855]"
10568,17223,300.0,"[10568, 17223]"
10568,17282,300.0,"[10568, 17282]"
10568,17781,1.0,"[10568, 17781]"
10568,18110,1.0,"[10568, 13555, 18110]"
10568,18219,56.0,"[10568, 18219]"
10568,18411,300.0,"[10568, 18411]"
10568,18542,0.023255813953488372,"[10568, 18441, 18542]"
10568,18542,0.9767441860465116,"[10568, 13555, 18542]"
10568,18812,300.0,"[10568, 18812]"
10568,18827,300.0,"[10568, 18827]"
10568,19239,1.0000000000002252,"[10568, 13555, 19239]"
10568,19300,0.9767441860465116,"[10568, 13237, 19300]"
10568,19300,0.023255813953488372,"[10568, 18441, 19300]"
10568,19500,300.0,"[10568, 19500]"
10568,19880,180.0,"[10568, 19880]"
10568,19880,1.0,"[10568, 15976, 19880]"
10657,11209,300.0,"[10657, 11209]"
10657,12652,300.0,"[10657, 12652]"
10657,12868,166.0,"[10657, 12868]"
10657,13417,0.8635229631452339,"[10657, 14519, 13417]"
10657,13417,0.0034327034252601544,"[10657, 15948, 13417]"
10657,13417,0.13304433342950595,"[10657, 12868, 13417]"
10657,13509,1.0,"[10657, 14519, 13509]"
10657,14519,86.0,"[10657, 14519]"
10657,15008,71.0,"[10657, 15008]"
10657,16236,0.0950664959269552,"[10657, 14519, 16236]"
10657,16236,0.30551060484815373,"[10657, 15948, 16236]"
10657,16236,0.5994228992248911,"[10657, 12868, 16236]"
10657,18812,1.0,"[10657, 12868, 18812]"
10705,10044,272.68770050901253,"[10705, 10044]"
10705,10044,6.312299490987458,"[10705, 12616, 10044]"
10705,10177,18.336313177857036,"[10705, 14278, 10177]"
10705,10177,0.5175314766358907,"[10705, 17223, 10177]"
10705,10177,30.000000000000085,"[10705, 18149, 10177]"
10705,10177,30.0,"[10705, 15077, 10177]"
10705,10177,58.0,"[10705, 18110, 10177]"
10705,10177,60.0,"[10705, 13665, 10177]"
10705,10177,59.00000000000001,"[10705, 18799, 10177]"
10705,10177,25.1647118283624,"[10705, 15264, 10177]"
10705,10177,13.95086072308135,"[10705, 13563, 10177]"
10705,10177,2.030582794063281,"[10705, 17752, 10177]"
10705,10177,3.0,"[10705, 10963, 10177]"
10705,10269,270.0,"[10705, 10269]"
10705,10269,4.0,"[10705, 11147, 10269]"
10705,10301,300.0,"[10705, 10301]"
10705,10316,0.5877704895087071,"[10705, 13460, 10316]"
10705,10316,0.41222951049129286,"[10705, 12940, 10316]"
10705,10326,59.79653565250727,"[10705, 15378, 10326]"
10705,10326,150.0,"[10705, 17738, 10326]"
10705,10326,55.98877424121904,"[10705, 17223, 10326]"
10705,10326,25.612266062288757,"[10705, 10375, 10326]"
10705,10326,8.602424043984923,"[10705, 17752, 10326]"
10705,10568,180.0,"[10705, 10568]"
10705,10568,5.0,"[10705, 18411, 10568]"
10705,10657,128.0,"[10705, 10657]"
10705,10748,0.02329388611602597,"[10705, 18441, 10748]"
10705,10748,0.9766440637474637,"[10705, 18219, 10748]"
10705,10796,1.0,"[10705, 18411, 10796]"
10705,10867,1.0,"[10705, 11147, 10867]"
10705,10901,1.0,"[10705, 19500, 10901]"
10705,10955,270.0,"[10705, 10955]"
10705,10955,30.0,"[10705, 11147, 10955]"
10705,10963,300.0,"[10705, 10963]"
10705,10985,180.0,"[10705, 10985]"
10705,10985,4.000000000000024,"[10705, 14736, 10985]"
10705,11022,114.0,"[10705, 11022]"
10705,11147,300.0,"[10705, 11147]"
10705,11163,0.27453495411629014,"[10705, 13460, 11163]"
10705,11163,0.3726872446184252,"[10705, 12616, 11163]"
10705,11163,0.35277780126528474,"[10705, 12270, 11163]"
10705,11181,300.0,"[10705, 11181]"
10705,11189,0.21036508879646135,"[10705, 19785, 11189]"
10705,11189,0.37466807429616344,"[10705, 10301, 11189]"
10705,11189,6.414966836907375,"[10705, 12352, 11189]"
10705,11200,260.0,"[10705, 11200]"
10705,11209,52.0,"[10705, 11209]"
10705,11261,1.0,"[10705, 18827, 11261]"
10705,11455,1.0,"[10705, 14736, 11455]"
10705,11466,1.0,"[10705, 14234, 11466]"
10705,11561,176.0,"[10705, 11561]"
10705,11853,1.0,"[10705, 15948, 11853]"
10705,12216,0.006570943038599221,"[10705, 18411, 12216]"
10705,12216,0.993429056959666,"[10705, 18827, 12216]"
10705,12270,300.0,"[10705, 12270]"
10705,12352,300.0,"[10705, 12352]"
10705,12355,180.0,"[10705, 12355]"
10705,12355,43.0,"[10705, 17010, 12355]"
10705,12369,0.3181818181818181,"[10705, 19785, 12369]"
10705,12369,0.6818181818181819,"[10705, 10301, 12369]"
10705,12562,0.811764705882353,"[10705, 19785, 12562]"
10705,12562,0.18823529411764706,"[10705, 10301, 12562]"
10705,12633,1.0,"[10705, 13563, 12633]"
10705,12652,0.7649440079674494,"[10705, 14060, 12652]"
10705,12652,0.16517433368447265,"[10705, 13460, 12652]"
10705,12652,0.06988165834807791,"[10705, 18441, 12652]"
10705,12746,0.02001968013779234,"[10705, 14060, 12746]"
10705,12746,0.9799803198622077,"[10705, 18441, 12746]"
10705,12868,90.0,"[10705, 12868]"
10705,12868,4.999999999999999,"[10705, 14736, 12868]"
10705,12940,191.0,"[10705, 12940]"
10705,13073,0.02001968013779234,"[10705, 14060, 13073]"
10705,13073,0.9799803198622077,"[10705, 13460, 13073]"
10705,13088,0.23747632115745132,"[10705, 12940, 13088]"
10705,13088,0.7625236788425487,"[10705, 10301, 13088]"
10705,13100,1.0,"[10705, 16117, 13100]"
10705,13165,90.0,"[10705, 13165]"
10705,13165,13.0,"[10705, 19502, 13165]"
10705,13170,300.0,"[10705, 13170]"
10705,13237,21.0,"[10705, 13237]"
10705,13417,286.0,"[10705, 13417]"
10705,13454,2.8790919190419784,"[10705, 13460, 13454]"
10705,13454,4.120908080958022,"[10705, 12270, 13454]"
10705,13460,300.0,"[10705, 13460]"
10705,13563,145.0,"[10705, 13563]"
10705,13582,300.0,"[10705, 13582]"
10705,13665,300.0,"[10705, 13665]"
10705,13694,1.0,"[10705, 12940, 13694]"
10705,13917,1.0,"[10705, 19785, 13917]"
10705,14053,1.0,"[10705, 18441, 14053]"
10705,14234,270.95081967213116,"[10705, 14234]"
10705,14234,28.049180327868875,"[10705, 19502, 14234]"
10705,14278,0.2060259907624386,"[10705, 14278]"
10705,14278,0.7939740092375615,"[10705, 14736, 14278]"
10705,14358,1.0,"[10705, 19502, 14358]"
10705,14704,1.0,"[10705, 14736, 14704]"
10705,14736,300.0,"[10705, 14736]"
10705,15008,244.0,"[10705, 15008]"
10705,15183,1.0,"[10705, 13582, 15183]"
10705,15185,270.0,"[10705, 15185]"
10705,15185,24.18930458111288,"[10705, 10044, 15185]"
10705,15185,5.810695418887124,"[10705, 12270, 15185]"
10705,15241,270.0,"[10705, 15241]"
10705,15241,20.0,"[10705, 19500, 15241]"
10705,15264,282.5823559141812,"[10705, 15264]"
10705,15264,17.4176440858188,"[10705, 13460, 15264]"
10705,15270,1.0,"[10705, 10301, 15270]"
10705,15378,300.0,"[10705, 15378]"
10705,15483,1.0,"[10705, 18219, 15483]"
10705,15601,30.0,"[10705, 12940, 15601]"
10705,15651,300.0,"[10705, 15651]"
10705,15724,0.195121951219512,"[10705, 13460, 15724]"
10705,15724,0.7894934333958726,"[10705, 18219, 15724]"
10705,15724,0.015384615384615385,"[10705, 14736, 15724]"
10705,15848,1.0,"[10705, 19333, 15848]"
10705,15891,0.02001968013779234,"[10705, 14060, 15891]"
10705,15891,0.9799803198622075,"[10705, 14736, 15891]"
10705,15948,200.0,"[10705, 15948]"
10705,16028,0.3522727272727277,"[10705, 19502, 16028]"
10705,16028,0.6477272727272723,"[10705, 12616, 16028]"
10705,16108,1.0,"[10705, 19502, 16108]"
10705,16117,64.0,"[10705, 16117]"
10705,16339,269.99999999999994,"[10705, 16339]"
10705,16339,30.00000000000004,"[10705, 19333, 16339]"
10705,16683,1.0,"[10705, 18411, 16683]"
10705,16855,0.7842910496351465,"[10705, 19502, 16855]"
10705,16855,0.21570895036485355,"[10705, 12616, 16855]"
10705,16887,1.0,"[10705, 14234, 16887]"
10705,16962,1.0,"[10705, 10301, 16962]"
10705,17223,300.0,"[10705, 17223]"
10705,17282,252.0,"[10705, 17282]"
10705,17464,1.0,"[10705, 11022, 17464]"
10705,17504,180.0,"[10705, 17504]"
10705,17504,42.95086072308136,"[10705, 15651, 17504]"
10705,17504,20.049139276918638,"[10705, 13563, 17504]"
10705,17504,57.0,"[10705, 10963, 17504]"
10705,17522,1.0,"[10705, 12616, 17522]"
10705,17738,300.0,"[10705, 17738]"
10705,17752,275.3165034190241,"[10705, 17752]"
10705,17752,15.495154408435614,"[10705, 19333, 17752]"
10705,17752,9.188342172540285,"[10705, 13582, 17752]"
10705,17781,1.0,"[10705, 19502, 17781]"
10705,18110,32.0,"[10705, 18110]"
10705,18219,300.0,"[10705, 18219]"
10705,18411,300.0,"[10705, 18411]"
10705,18448,270.0,"[10705, 18448]"
10705,18448,8.658501478285316,"[10705, 19333, 18448]"
10705,18448,17.049139276918638,"[10705, 15651, 18448]"
10705,18448,4.292359244796046,"[10705, 12270, 18448]"
10705,18542,0.02329388611602597,"[10705, 18441, 18542]"
10705,18542,0.976706113883974,"[10705, 14060, 18542]"
10705,18799,211.0,"[10705, 18799]"
10705,18812,138.0,"[10705, 18812]"
10705,18827,161.0,"[10705, 18827]"
10705,18941,9.0,"[10705, 18827, 18941]"
10705,19134,1.0,"[10705, 18827, 19134]"
10705,19143,1.0,"[10705, 12270, 19143]"
10705,19147,1.0,"[10705, 11200, 19147]"
10705,19239,1.0,"[10705, 12940, 19239]"
10705,19273,0.963855421686747,"[10705, 13582, 19273]"
10705,19273,0.03614457831325301,"[10705, 15948, 19273]"
10705,19300,253.0,"[10705, 19300]"
10705,19333,122.0,"[10705, 19333]"
10705,19430,270.0,"[10705, 19430]"
10705,19430,30.0,"[10705, 14736, 19430]"
10705,19500,6.391304347826088,"[10705, 19500]"
10705,19500,13.608695652173912,"[10705, 11147, 19500]"
10705,19502,300.0,"[10705, 19502]"
10705,19785,0.02629563609955767,"[10705, 19785]"
10705,19785,0.9737043639004423,"[10705, 18411, 19785]"
10705,19846,0.846344113279031,"[10705, 19333, 19846]"
10705,19846,0.15365588674061287,"[10705, 13582, 19846]"
10705,19915,1.0,"[10705, 10301, 19915]"
10705,19971,269.99999999999994,"[10705, 19971]"
10705,19971,5.00657094303978,"[10705, 18827, 19971]"
10705,19971,24.99342905696026,"[10705, 12616, 19971]"
10748,10044,124.0,"[10748, 10044]"
10748,10177,43.0,"[10748, 11853, 10177]"
10748,10177,21.000000000000096,"[10748, 17223, 10177]"
10748,10177,14.355304319299393,"[10748, 18110, 10177]"
10748,10177,60.0,"[10748, 13454, 10177]"
10748,10177,13.222150346783803,"[10748, 12562, 10177]"
10748,10177,24.566411156218255,"[10748, 13665, 10177]"
10748,10177,0.8561341776986563,"[10748, 15270, 10177]"
10748,10269,1.0,"[10748, 19915, 10269]"
10748,10301,1.0,"[10748, 12652, 10301]"
10748,10316,0.1959234965029024,"[10748, 13460, 10316]"
10748,10316,0.8040765034970976,"[10748, 12940, 10316]"
10748,10326,1.0,"[10748, 12562, 10326]"
10748,10568,22.000000000005056,"[10748, 18411, 10568]"
10748,10657,300.0,"[10748, 10657]"
10748,10705,0.011672036210472934,"[10748, 13460, 10705]"
10748,10705,0.13867436791684054,"[10748, 14060, 10705]"
10748,10705,0.8496535958726865,"[10748, 12940, 10705]"
10748,10796,300.0,"[10748, 10796]"
10748,10867,1.0,"[10748, 19915, 10867]"
10748,10901,273.536421022995,"[10748, 10901]"
10748,10901,26.463578977005014,"[10748, 18411, 10901]"
10748,10955,0.8073690067693859,"[10748, 16236, 10955]"
10748,10955,0.1926309932306141,"[10748, 15948, 10955]"
10748,10963,1.0,"[10748, 10657, 10963]"
10748,10985,1.0,"[10748, 14736, 10985]"
10748,11022,300.0,"[10748, 11022]"
10748,11163,1.0,"[10748, 10044, 11163]"
10748,11181,300.0,"[10748, 11181]"
10748,11189,300.0,"[10748, 11189]"
10748,11200,1.0,"[10748, 14736, 11200]"
10748,11209,195.0,"[10748, 11209]"
10748,11261,270.0,"[10748, 11261]"
10748,11261,29.22160145597509,"[10748, 10044, 11261]"
10748,11261,0.7783985440249097,"[10748, 19915, 11261]"
10748,11455,1.0,"[10748, 14736, 11455]"
10748,11466,0.010942372751362627,"[10748, 17516, 11466]"
10748,11466,0.9890576272486373,"[10748, 10044, 11466]"
10748,11561,0.9738711748712738,"[10748, 17516, 11561]"
10748,11561,0.026128825128726205,"[10748, 10044, 11561]"
10748,11853,300.0,"[10748, 11853]"
10748,12216,237.0,"[10748, 12216]"
10748,12270,0.022585918678401144,"[10748, 13460, 12270]"
10748,12270,0.9774140813215989,"[10748, 12940, 12270]"
10748,12352,1.0,"[10748, 19915, 12352]"
10748,12355,168.0,"[10748, 12355]"
10748,12369,123.0,"[10748, 12369]"
10748,12562,139.0,"[10748, 12562]"
10748,12633,60.0,"[10748, 15378, 12633]"
10748,12633,59.0,"[10748, 11189, 12633]"
10748,12633,26.777849653216183,"[10748, 12562, 12633]"
10748,12633,4.222150346783813,"[10748, 13665, 12633]"
10748,12633,36.0,"[10748, 16339, 12633]"
10748,12652,300.0,"[10748, 12652]"
10748,12746,300.0,"[10748, 12746]"
10748,12868,1.0,"[10748, 14736, 12868]"
10748,12940,113.0,"[10748, 12940]"
10748,13073,300.0,"[10748, 13073]"
10748,13088,280.0209569498801,"[10748, 13088]"
10748,13088,16.96774358563087,"[10748, 12940, 13088]"
10748,13088,3.011299464489093,"[10748, 19915, 13088]"
10748,13100,1.0,"[10748, 13694, 13100]"
10748,13165,1.0,"[10748, 17781, 13165]"
10748,13170,1.0,"[10748, 14060, 13170]"
10748,13237,1.0,"[10748, 14060, 13237]"
10748,13417,1.0,"[10748, 15948, 13417]"
10748,13454,300.0,"[10748, 13454]"
10748,13460,282.0,"[10748, 13460]"
10748,13563,1.0,"[10748, 15891, 13563]"
10748,13582,0.021103278423693157,"[10748, 13460, 13582]"
10748,13582,0.032802955427739075,"[10748, 15948, 13582]"
10748,13582,0.7682909772346583,"[10748, 12940, 13582]"
10748,13582,0.17780278891390944,"[10748, 14736, 13582]"
10748,13665,234.0,"[10748, 13665]"
10748,13694,0.011235955056179775,"[10748, 13694]"
10748,13694,0.17559913631103286,"[10748, 13460, 13694]"
10748,13694,0.011494252873563208,"[10748, 14519, 13694]"
10748,13694,0.8016706557592241,"[10748, 12940, 13694]"
10748,13917,1.0,"[10748, 17781, 13917]"
10748,14053,1.0,"[10748, 18219, 14053]"
10748,14234,71.0,"[10748, 14234]"
10748,14278,1.0,"[10748, 14736, 14278]"
10748,14358,270.0,"[10748, 14358]"
10748,14358,17.64469568070065,"[10748, 11022, 14358]"
10748,14358,12.355304319299357,"[10748, 15601, 14358]"
10748,14704,1.0,"[10748, 15948, 14704]"
10748,14736,300.0,"[10748, 14736]"
10748,15008,72.0,"[10748, 15008]"
10748,15183,1.0,"[10748, 10901, 15183]"
10748,15185,1.0,"[10748, 10044, 15185]"
10748,15241,64.0,"[10748, 15241]"
10748,15264,300.0,"[10748, 15264]"
10748,15270,300.0,"[10748, 15270]"
10748,15378,300.0,"[10748, 15378]"
10748,15483,1.0,"[10748, 18219, 15483]"
10748,15601,72.0,"[10748, 15601]"
10748,15651,1.0,"[10748, 10044, 15651]"
10748,15724,0.097560975609756,"[10748, 13460, 15724]"
10748,15724,0.022988505747126416,"[10748, 14519, 15724]"
10748,15724,0.8179120571046561,"[10748, 18219, 15724]"
10748,15724,0.0615384615384616,"[10748, 14736, 15724]"
10748,15848,199.0,"[10748, 15848]"
10748,15891,5.0,"[10748, 15891]"
10748,15948,292.0,"[10748, 15948]"
10748,16028,1.0,"[10748, 10044, 16028]"
10748,16108,270.0,"[10748, 16108]"
10748,16108,18.29635464277468,"[10748, 14234, 16108]"
10748,16108,11.703645357225318,"[10748, 10044, 16108]"
10748,16117,1.0,"[10748, 15948, 16117]"
10748,16339,144.0,"[10748, 16339]"
10748,16683,175.0,"[10748, 16683]"
10748,16855,0.3415369204003625,"[10748, 10044, 16855]"
10748,16855,0.6584630795996376,"[10748, 17781, 16855]"
10748,16887,270.0,"[10748, 16887]"
10748,16887,5.64469568070065,"[10748, 15601, 16887]"
10748,16887,23.651658962074023,"[10748, 10796, 16887]"
10748,16887,0.7036453572253265,"[10748, 14234, 16887]"
10748,16962,246.0,"[10748, 16962]"
10748,17223,249.0,"[10748, 17223]"
10748,17282,1.0,"[10748, 14060, 17282]"
10748,17464,9.644695680700622,"[10748, 18110, 17464]"
10748,17464,60.0,"[10748, 17522, 17464]"
10748,17464,33.00000000000001,"[10748, 12216, 17464]"
10748,17464,60.0,"[10748, 15264, 17464]"
10748,17464,42.35530431929935,"[10748, 11022, 17464]"
10748,17464,24.000000000000025,"[10748, 16962, 17464]"
10748,17464,71.0,"[10748, 15848, 17464]"
10748,17504,1.0,"[10748, 18448, 17504]"
10748,17522,300.0,"[10748, 17522]"
10748,17738,0.875,"[10748, 15948, 17738]"
10748,17738,0.125,"[10748, 14736, 17738]"
10748,17752,270.0,"[10748, 17752]"
10748,17752,30.0,"[10748, 18941, 17752]"
10748,17781,76.0,"[10748, 17781]"
10748,18110,66.0,"[10748, 18110]"
10748,18219,43.0,"[10748, 18219]"
10748,18411,300.0,"[10748, 18411]"
10748,18448,83.0,"[10748, 18448]"
10748,18542,93.0,"[10748, 18542]"
10748,18799,270.0,"[10748, 18799]"
10748,18799,11.0,"[10748, 10796, 18799]"
10748,18812,300.0,"[10748, 18812]"
10748,18827,0.12345679012352778,"[10748, 13460, 18827]"
10748,18827,0.008990423837847787,"[10748, 18411, 18827]"
10748,18827,0.8675527860386244,"[10748, 17781, 18827]"
10748,18941,296.0,"[10748, 18941]"
10748,19134,180.0,"[10748, 19134]"
10748,19134,9.999999999999924,"[10748, 13073, 19134]"
10748,19134,24.0,"[10748, 18941, 19134]"
10748,19134,7.0,"[10748, 10044, 19134]"
10748,19143,300.0,"[10748, 19143]"
10748,19147,0.9999999999999991,"[10748, 14519, 19147]"
10748,19239,90.00000000000016,"[10748, 19239]"
10748,19239,14.022988505747183,"[10748, 10796, 19239]"
10748,19239,7.977011494252657,"[10748, 18411, 19239]"
10748,19273,1.0,"[10748, 15948, 19273]"
10748,19300,300.0,"[10748, 19300]"
10748,19333,1.0,"[10748, 13460, 19333]"
10748,19430,1.0,"[10748, 14736, 19430]"
10748,19500,1.0,"[10748, 12940, 19500]"
10748,19502,270.0,"[10748, 19502]"
10748,19502,30.0,"[10748, 13460, 19502]"
10748,19785,1.0,"[10748, 12940, 19785]"
10748,19846,10.0,"[10748, 18941, 19846]"
10748,19915,130.0,"[10748, 19915]"
10748,19971,1.0,"[10748, 10044, 19971]"
10796,12205,0.9929301855826282,"[10796, 10568, 12205]"
10796,12205,0.0070698144173717255,"[10796, 14425, 12205]"
10796,12868,270.0,"[10796, 12868]"
10796,12868,5.999999999999979,"[10796, 18411, 12868]"
10796,13417,1.0,"[10796, 18411, 13417]"
10796,14519,0.9886363636363639,"[10796, 16236, 14519]"
10796,14519,0.011363636363636364,"[10796, 19785, 14519]"
10796,15008,134.0,"[10796, 15008]"
10796,16117,0.9998723186925434,"[10796, 16236, 16117]"
10796,16236,216.0,"[10796, 16236]"
10796,18411,300.0,"[10796, 18411]"
10796,18827,0.008990423837847787,"[10796, 18411, 18827]"
10796,18827,0.9910095761621522,"[10796, 11147, 18827]"
10867,12205,0.011217948717948718,"[10867, 10301, 12205]"
10867,12205,0.9887820512820512,"[10867, 19785, 12205]"
10867,12352,1.0,"[10867, 19915, 12352]"
10867,12868,0.9724436841893739,"[10867, 13582, 12868]"
10867,12868,0.014735802990113334,"[10867, 13460, 12868]"
10867,12868,0.012820512820512785,"[10867, 19915, 12868]"
10867,13417,9.871794871794872,"[10867, 15183, 13417]"
10867,13417,0.1282051282051282,"[10867, 19915, 13417]"
10867,14519,1.0,"[10867, 19785, 14519]"
10867,15008,0.6483753315649867,"[10867, 13460, 15008]"
10867,15008,0.34040671971706454,"[10867, 15183, 15008]"
10867,15008,0.01121794871794872,"[10867, 10301, 15008]"
10867,15270,1.0,"[10867, 15270]"
10867,16236,300.0,"[10867, 16236]"
10867,19915,0.01282051282051282,"[10867, 19915]"
10867,19915,0.9871794871794872,"[10867, 10301, 19915]"
10901,11147,1.0,"[10901, 11147]"
10901,12940,77.0,"[10901, 12940]"
10916,10044,0.02298850574712644,"[10916, 13563, 10044]"
10916,10044,0.9770114942528736,"[10916, 17504, 10044]"
10916,10177,1.0,"[10916, 10177]"
10916,10301,289.40590880810134,"[10916, 10301]"
10916,10301,10.59409119189867,"[10916, 12369, 10301]"
10916,10316,300.0,"[10916, 10316]"
10916,10326,1.0,"[10916, 17504, 10326]"
10916,10568,300.0,"[10916, 10568]"
10916,10705,180.0,"[10916, 10705]"
10916,10705,16.735432354435254,"[10916, 12940, 10705]"
10916,10705,12.264567645564764,"[10916, 19915, 10705]"
10916,10748,270.0,"[10916, 10748]"
10916,10748,0.9999999999999927,"[10916, 18219, 10748]"
10916,10796,16.0,"[10916, 10796]"
10916,10867,259.0,"[10916, 10867]"
10916,10901,28.0,"[10916, 19500, 10901]"
10916,10955,60.0,"[10916, 10955]"
10916,10963,173.0,"[10916, 10963]"
10916,11022,43.0,"[10916, 11022]"
10916,11147,180.0,"[10916, 11147]"
10916,11147,18.0,"[10916, 13088, 11147]"
10916,11163,0.008089874417707728,"[10916, 10568, 11163]"
10916,11163,0.9919101255822922,"[10916, 13840, 11163]"
10916,11181,0.40746705219735646,"[10916, 18441, 11181]"
10916,11181,0.5925329478026435,"[10916, 18827, 11181]"
10916,11189,269.99999999999994,"[10916, 11189]"
10916,11189,30.00000000000004,"[10916, 19915, 11189]"
10916,11200,0.3278083215535283,"[10916, 18219, 11200]"
10916,11200,0.6721916784464717,"[10916, 18827, 11200]"
10916,11209,172.49092661044634,"[10916, 11209]"
10916,11209,3.5090733895536497,"[10916, 13563, 11209]"
10916,11261,179.99999999999997,"[10916, 11261]"
10916,11261,6.1722770319949305,"[10916, 13563, 11261]"
10916,11261,34.827722968005084,"[10916, 13555, 11261]"
10916,11466,1.0000000000000162,"[10916, 19502, 11466]"
10916,11561,300.0,"[10916, 11561]"
10916,11853,1.0,"[10916, 12940, 11853]"
10916,12205,82.99999999999999,"[10916, 12205]"
10916,12205,16.518694565663495,"[10916, 10301, 12205]"
10916,12205,1.169736248876717,"[10916, 13088, 12205]"
10916,12205,24.311569185459796,"[10916, 12369, 12205]"
10916,12216,269.99999999999994,"[10916, 12216]"
10916,12216,30.00000000000004,"[10916, 13555, 12216]"
10916,12352,1.0,"[10916, 13088, 12352]"
10916,12355,180.05882352941177,"[10916, 12355]"
10916,12355,4.941176470588232,"[10916, 17010, 12355]"
10916,12369,230.0,"[10916, 12369]"
10916,12562,1.0,"[10916, 10301, 12562]"
10916,12633,300.0,"[10916, 12633]"
10916,12746,300.0,"[10916, 12746]"
10916,12868,243.0,"[10916, 12868]"
10916,12940,50.0,"[10916, 12940]"
10916,13073,269.99999999999994,"[10916, 13073]"
10916,13073,12.735432354435293,"[10916, 18219, 13073]"
10916,13073,17.264567645564746,"[10916, 12940, 13073]"
10916,13088,280.58486812443834,"[10916, 13088]"
10916,13088,19.41513187556164,"[10916, 10301, 13088]"
10916,13165,180.00000000000017,"[10916, 13165]"
10916,13165,50.999999999999815,"[10916, 19846, 13165]"
10916,13170,165.0,"[10916, 13170]"
10916,13237,270.0,"[10916, 13237]"
10916,13237,30.0,"[10916, 18441, 13237]"
10916,13563,300.0,"[10916, 13563]"
10916,13582,1.0,"[10916, 19915, 13582]"
10916,13665,141.0,"[10916, 13665]"
10916,13840,0.16029094933397114,"[10916, 13840]"
10916,13840,0.6311601170242502,"[10916, 10568, 13840]"
10916,13840,0.20854893364177865,"[10916, 19500, 13840]"
10916,13917,179.99999999999997,"[10916, 13917]"
10916,13917,16.72601563485889,"[10916, 13555, 13917]"
10916,13917,13.273984365141139,"[10916, 13840, 13917]"
10916,14053,1.0,"[10916, 18441, 14053]"
10916,14234,1.0,"[10916, 12355, 14234]"
10916,14278,300.0,"[10916, 14278]"
10916,14358,49.0,"[10916, 14358]"
10916,14519,167.0,"[10916, 14519]"
10916,15008,287.01813656747487,"[10916, 15008]"
10916,15008,6.656062111993535,"[10916, 10796, 15008]"
10916,15008,6.325801320531568,"[10916, 14278, 15008]"
10916,15183,1.0,"[10916, 13088, 15183]"
10916,15185,1.0,"[10916, 10568, 15185]"
10916,15241,270.0,"[10916, 15241]"
10916,15241,30.0,"[10916, 19500, 15241]"
10916,15264,249.0,"[10916, 15264]"
10916,15378,1.0,"[10916, 18827, 15378]"
10916,15601,1.0,"[10916, 13555, 15601]"
10916,15651,1.0,"[10916, 15651]"
10916,15848,0.011214191196954248,"[10916, 15848]"
10916,15848,0.9887858088030458,"[10916, 16887, 15848]"
10916,15891,1.0,"[10916, 18219, 15891]"
10916,15948,180.0,"[10916, 15948]"
10916,15948,4.0,"[10916, 12940, 15948]"
10916,16028,90.0,"[10916, 16028]"
10916,16028,33.0,"[10916, 13563, 16028]"
10916,16108,1.0,"[10916, 16887, 16108]"
10916,16117,270.0,"[10916, 16117]"
10916,16117,0.8571005933673685,"[10916, 18441, 16117]"
10916,16117,5.142899406632546,"[10916, 19915, 16117]"
10916,16117,24.00000000000009,"[10916, 12868, 16117]"
10916,16236,14.93675932401106,"[10916, 18219, 16236]"
10916,16236,15.06324067598894,"[10916, 10796, 16236]"
10916,16339,1.0,"[10916, 18448, 16339]"
10916,16683,300.0,"[10916, 16683]"
10916,16855,269.99999999999994,"[10916, 16855]"
10916,16855,7.0,"[10916, 10963, 16855]"
10916,16855,23.00000000000004,"[10916, 14358, 16855]"
10916,16887,300.0,"[10916, 16887]"
10916,16962,1.0,"[10916, 12940, 16962]"
10916,17223,300.0,"[10916, 17223]"
10916,17282,269.9999999999999,"[10916, 17282]"
10916,17282,30.000000000000124,"[10916, 18219, 17282]"
10916,17464,165.0,"[10916, 17464]"
10916,17504,300.0,"[10916, 17504]"
10916,17522,269.99999999999994,"[10916, 17522]"
10916,17522,26.405346750093866,"[10916, 19846, 17522]"
10916,17522,3.594653249906173,"[10916, 13555, 17522]"
10916,17738,300.0,"[10916, 17738]"
10916,17752,1.0,"[10916, 19134, 17752]"
10916,17781,1.0,"[10916, 13555, 17781]"
10916,18110,0.1483918527701844,"[10916, 10796, 18110]"
10916,18110,0.8516081472298156,"[10916, 13555, 18110]"
10916,18219,300.0,"[10916, 18219]"
10916,18411,1.0,"[10916, 10796, 18411]"
10916,18448,179.0,"[10916, 18448]"
10916,18448,15.0,"[10916, 17464, 18448]"
10916,18448,18.59132214540861,"[10916, 17504, 18448]"
10916,18448,24.40867785459139,"[10916, 19134, 18448]"
10916,18542,0.40746705219735646,"[10916, 18441, 18542]"
10916,18542,0.5925329478026435,"[10916, 19915, 18542]"
10916,18799,1.0,"[10916, 10568, 18799]"
10916,18812,3.0,"[10916, 18441, 18812]"
10916,18827,49.0,"[10916, 18827]"
10916,18941,17.777014982651025,"[10916, 15264, 18941]"
10916,18941,17.836365513347722,"[10916, 18827, 18941]"
10916,18941,8.386619504001098,"[10916, 14358, 18941]"
10916,19134,282.7043389272957,"[10916, 19134]"
10916,19134,17.295661072704306,"[10916, 13563, 19134]"
10916,19143,1.0,"[10916, 13555, 19143]"
10916,19239,1.0,"[10916, 10796, 19239]"
10916,19273,300.0,"[10916, 19273]"
10916,19300,1.0,"[10916, 18441, 19300]"
10916,19500,300.0,"[10916, 19500]"
10916,19502,251.0,"[10916, 19502]"
10916,19785,90.0,"[10916, 19785]"
10916,19785,8.0,"[10916, 14278, 19785]"
10916,19846,136.0,"[10916, 19846]"
10916,19915,131.0,"[10916, 19915]"
10916,19971,270.0,"[10916, 19971]"
10916,19971,9.613380495998856,"[10916, 14358, 19971]"
10916,19971,3.386619504001157,"[10916, 17504, 19971]"
10955,11147,0.9880527758774829,"[10955, 12205, 11147]"
10955,11147,0.011947224122517182,"[10955, 12352, 11147]"
10955,12205,59.0,"[10955, 12205]"
10955,12352,300.0,"[10955, 12352]"
10955,16117,1.0,"[10955, 16962, 16117]"
10963,10916,300.0,"[10963, 10916]"
10963,12205,1.0,"[10963, 10916, 12205]"
10963,12652,0.9843754824944462,"[10963, 15651, 12652]"
10963,12652,0.015624517505553825,"[10963, 19134, 12652]"
10963,12868,1.0,"[10963, 10916, 12868]"
10963,14519,90.0,"[10963, 14519]"
10963,14519,0.9999999999999976,"[10963, 15651, 14519]"
10963,15848,0.32814574726102597,"[10963, 15848]"
10963,15848,0.671854252738974,"[10963, 19134, 15848]"
10963,16236,12.26501160526912,"[10963, 16855, 16236]"
10963,16236,15.734988394730873,"[10963, 15651, 16236]"
10963,16855,230.0,"[10963, 16855]"
10963,18827,1.0,"[10963, 10916, 18827]"
10985,18812,300.0,"[10985, 18812]"
11022,11209,78.0,"[11022, 11209]"
11022,12652,176.0,"[11022, 12652]"
11022,12868,0.011235955056179775,"[11022, 12868]"
11022,12868,0.9887640449438202,"[11022, 14519, 12868]"
11022,13417,1.0,"[11022, 14519, 13417]"
11022,13509,1.0,"[11022, 14519, 13509]"
11022,14519,143.0,"[11022, 14519]"
11022,15008,1.0,"[11022, 14519, 15008]"
11022,16117,300.0,"[11022, 16117]"
11022,16236,1.0,"[11022, 12868, 16236]"
11112,10044,270.0,"[11112, 10044]"
11112,10044,30.0,"[11112, 18941, 10044]"
11112,10177,90.0,"[11112, 10177]"
11112,10177,10.862782002090638,"[11112, 16028, 10177]"
11112,10177,12.999999999999979,"[11112, 13563, 10177]"
11112,10177,0.37133950204787425,"[11112, 16339, 10177]"
11112,10177,7.765878495861509,"[11112, 17752, 10177]"
11112,10269,1.0,"[11112, 13694, 10269]"
11112,10301,0.009245922633796552,"[11112, 10301]"
11112,10301,0.40074846228662103,"[11112, 19785, 10301]"
11112,10301,0.4682344519543104,"[11112, 10705, 10301]"
11112,10301,0.12177116312527207,"[11112, 12369, 10301]"
11112,10316,1.0,"[11112, 13460, 10316]"
11112,10326,1.0,"[11112, 16339, 10326]"
11112,10568,0.9999999999949445,"[11112, 18411, 10568]"
11112,10705,263.0,"[11112, 10705]"
11112,10748,174.0,"[11112, 10748]"
11112,10796,300.0,"[11112, 10796]"
11112,10867,270.0,"[11112, 10867]"
11112,10867,23.847329572622737,"[11112, 12369, 10867]"
11112,10867,6.152670427377263,"[11112, 19500, 10867]"
11112,10901,1.0,"[11112, 19500, 10901]"
11112,10955,300.0,"[11112, 10955]"
11112,10963,1.0,"[11112, 19846, 10963]"
11112,10985,300.0,"[11112, 10985]"
11112,11022,300.0,"[11112, 11022]"
11112,11147,0.6629213483146074,"[11112, 12369, 11147]"
11112,11147,0.33707865168539264,"[11112, 19500, 11147]"
11112,11163,0.3401624021773585,"[11112, 18941, 11163]"
11112,11163,0.6598375978226415,"[11112, 10796, 11163]"
11112,11181,0.08045977011494254,"[11112, 18441, 11181]"
11112,11181,0.9195402298850575,"[11112, 12868, 11181]"
11112,11189,180.0,"[11112, 11189]"
11112,11189,10.999999999999988,"[11112, 19785, 11189]"
11112,11200,1.0,"[11112, 18441, 11200]"
11112,11209,0.08045977011494254,"[11112, 18441, 11209]"
11112,11209,0.9195402298850575,"[11112, 14060, 11209]"
11112,11261,0.011627906976744172,"[11112, 18941, 11261]"
11112,11261,0.9883720930232558,"[11112, 13555, 11261]"
11112,11455,300.0,"[11112, 11455]"
11112,11466,180.0,"[11112, 11466]"
11112,11561,158.0,"[11112, 11561]"
11112,11853,300.0,"[11112, 11853]"
11112,12270,1.0,"[11112, 12868, 12270]"
11112,12352,1.0,"[11112, 12369, 12352]"
11112,12355,0.024819601730316686,"[11112, 14234, 12355]"
11112,12355,0.9751803982696833,"[11112, 19785, 12355]"
11112,12369,300.0,"[11112, 12369]"
11112,12562,270.0,"[11112, 12562]"
11112,12562,30.0,"[11112, 12369, 12562]"
11112,12633,1.0,"[11112, 13563, 12633]"
11112,12746,1.0,"[11112, 14060, 12746]"
11112,12868,300.0,"[11112, 12868]"
11112,12940,0.9772727272727271,"[11112, 13460, 12940]"
11112,12940,0.022727272727272783,"[11112, 18411, 12940]"
11112,13073,188.0,"[11112, 13073]"
11112,13088,1.0,"[11112, 19785, 13088]"
11112,13165,270.0,"[11112, 13165]"
11112,13165,30.0,"[11112, 17781, 13165]"
11112,13170,0.08045977011494254,"[11112, 18441, 13170]"
11112,13170,0.7682843760007381,"[11112, 14060, 13170]"
11112,13170,0.011627906976744186,"[11112, 19785, 13170]"
11112,13170,0.13962794690757518,"[11112, 12868, 13170]"
11112,13237,300.0,"[11112, 13237]"
11112,13454,243.0,"[11112, 13454]"
11112,13563,256.0,"[11112, 13563]"
11112,13582,1.0,"[11112, 14736, 13582]"
11112,13665,1.0,"[11112, 14234, 13665]"
11112,13694,300.0,"[11112, 13694]"
11112,13917,283.5450895664216,"[11112, 13917]"
11112,13917,16.454910433578412,"[11112, 17781, 13917]"
11112,14053,59.0,"[11112, 14053]"
11112,14234,74.0,"[11112, 14234]"
11112,14278,300.0,"[11112, 14278]"
11112,14358,1.0,"[11112, 19846, 14358]"
11112,14519,201.0,"[11112, 14519]"
11112,14704,300.0,"[11112, 14704]"
11112,14736,0.25352112676056343,"[11112, 14736]"
11112,14736,14.746478873239436,"[11112, 12868, 14736]"
11112,15008,22.0,"[11112, 15008]"
11112,15183,0.11529925093942738,"[11112, 12369, 15183]"
11112,15183,0.8847007490605726,"[11112, 13694, 15183]"
11112,15185,1.0,"[11112, 10985, 15185]"
11112,15241,270.0,"[11112, 15241]"
11112,15241,30.0,"[11112, 19500, 15241]"
11112,15264,0.033323353644934404,"[11112, 13460, 15264]"
11112,15264,0.9666766463550657,"[11112, 13555, 15264]"
11112,15270,0.8228871144078933,"[11112, 10301, 15270]"
11112,15270,0.17711288559210675,"[11112, 19785, 15270]"
11112,15378,180.0,"[11112, 15378]"
11112,15378,2.0000000000000133,"[11112, 15948, 15378]"
11112,15378,4.999999999999997,"[11112, 18441, 15378]"
11112,15601,0.021966839768295745,"[11112, 13555, 15601]"
11112,15601,0.9780331602317043,"[11112, 13694, 15601]"
11112,15651,261.0,"[11112, 15651]"
11112,15724,300.0,"[11112, 15724]"
11112,15848,1.0,"[11112, 16887, 15848]"
11112,15891,95.0,"[11112, 15891]"
11112,15948,300.0,"[11112, 15948]"
11112,16028,253.0,"[11112, 16028]"
11112,16108,270.0,"[11112, 16108]"
11112,16108,30.0,"[11112, 16887, 16108]"
11112,16117,300.0,"[11112, 16117]"
11112,16339,286.19241831206915,"[11112, 16339]"
11112,16339,13.80758168793271,"[11112, 19134, 16339]"
11112,16683,300.0,"[11112, 16683]"
11112,16855,90.0,"[11112, 16855]"
11112,16855,25.77936401351208,"[11112, 13917, 16855]"
11112,16855,3.2206359864879217,"[11112, 17781, 16855]"
11112,16887,91.06896551724138,"[11112, 16887]"
11112,16887,1.9310344827586166,"[11112, 14234, 16887]"
11112,16962,1.0,"[11112, 16117, 16962]"
11112,17223,300.0,"[11112, 17223]"
11112,17282,300.0,"[11112, 17282]"
11112,17464,1.0,"[11112, 16028, 17464]"
11112,17504,1.0,"[11112, 19846, 17504]"
11112,17522,74.0,"[11112, 17522]"
11112,17738,1.0,"[11112, 18441, 17738]"
11112,17752,296.3318449240565,"[11112, 17752]"
11112,17752,3.668155075943529,"[11112, 19134, 17752]"
11112,17781,300.0,"[11112, 17781]"
11112,18110,0.1483918527701844,"[11112, 10796, 18110]"
11112,18110,0.2832600322427953,"[11112, 19785, 18110]"
11112,18110,0.5683481149870202,"[11112, 15948, 18110]"
11112,18219,0.041436231526806686,"[11112, 14060, 18219]"
11112,18219,0.9585637684731934,"[11112, 12868, 18219]"
11112,18411,300.0,"[11112, 18411]"
11112,18448,1.0,"[11112, 19134, 18448]"
11112,18542,300.0,"[11112, 18542]"
11112,18799,270.0,"[11112, 18799]"
11112,18799,16.277557914319228,"[11112, 18941, 18799]"
11112,18799,3.7224420856807994,"[11112, 17781, 18799]"
11112,18812,1.0,"[11112, 14060, 18812]"
11112,18827,1.0,"[11112, 18941, 18827]"
11112,18941,300.0,"[11112, 18941]"
11112,19134,300.0,"[11112, 19134]"
11112,19143,0.034482758620689655,"[11112, 18941, 19143]"
11112,19143,0.9655172413793104,"[11112, 17781, 19143]"
11112,19239,300.0,"[11112, 19239]"
11112,19273,300.0,"[11112, 19273]"
11112,19300,300.0,"[11112, 19300]"
11112,19430,0.014084507042253521,"[11112, 14736, 19430]"
11112,19430,0.9859154929577465,"[11112, 15948, 19430]"
11112,19500,52.0,"[11112, 19500]"
11112,19502,0.9885057471264364,"[11112, 13460, 19502]"
11112,19502,0.011494252873563218,"[11112, 17781, 19502]"
11112,19785,300.0,"[11112, 19785]"
11112,19846,300.0,"[11112, 19846]"
11112,19915,1.0,"[11112, 12369, 19915]"
11112,19971,300.0,"[11112, 19971]"
11147,10044,1.0,"[11147, 13555, 10044]"
11147,10177,14.772322432036619,"[11147, 10955, 10177]"
11147,10177,15.802082121766011,"[11147, 12562, 10177]"
11147,10177,57.0,"[11147, 10867, 10177]"
11147,10177,151.1438658223013,"[11147, 15270, 10177]"
11147,10177,38.572193670223555,"[11147, 12205, 10177]"
11147,10177,4.709535953674376,"[11147, 16962, 10177]"
11147,10177,18.0,"[11147, 10963, 10177]"
11147,10269,300.0,"[11147, 10269]"
11147,10301,122.0,"[11147, 10301]"
11147,10316,1.0,"[11147, 12940, 10316]"
11147,10326,69.0,"[11147, 12562, 10326]"
11147,10568,300.0,"[11147, 10568]"
11147,10657,269.99999999999994,"[11147, 10657]"
11147,10657,9.999999999999961,"[11147, 12940, 10657]"
11147,10657,20.000000000000078,"[11147, 10705, 10657]"
11147,10705,300.0,"[11147, 10705]"
11147,10748,1.0,"[11147, 12352, 10748]"
11147,10796,300.0,"[11147, 10796]"
11147,10867,300.0,"[11147, 10867]"
11147,10901,18.0,"[11147, 10901]"
11147,10955,300.0,"[11147, 10955]"
11147,10963,72.0,"[11147, 10963]"
11147,10985,269.99999999999994,"[11147, 10985]"
11147,10985,14.842899011942187,"[11147, 17282, 10985]"
11147,10985,15.157100988057852,"[11147, 12868, 10985]"
11147,11022,1.0,"[11147, 10705, 11022]"
11147,11163,0.008089874417707728,"[11147, 10568, 11163]"
11147,11163,0.6944375614331406,"[11147, 18941, 11163]"
11147,11163,0.29747256414915824,"[11147, 19915, 11163]"
11147,11181,1.0,"[11147, 18441, 11181]"
11147,11189,292.64533931282756,"[11147, 11189]"
11147,11189,7.354660687172451,"[11147, 12352, 11189]"
11147,11200,1.0,"[11147, 18441, 11200]"
11147,11209,121.0,"[11147, 11209]"
11147,11261,1.0,"[11147, 19915, 11261]"
11147,11455,0.3286792746435666,"[11147, 12652, 11455]"
11147,11455,0.6713207253564334,"[11147, 18827, 11455]"
11147,11466,269.99999999999994,"[11147, 11466]"
11147,11466,30.00000000000004,"[11147, 10568, 11466]"
11147,11561,269.99999999999983,"[11147, 11561]"
11147,11561,10.379559531043087,"[11147, 18827, 11561]"
11147,11561,19.6204404689571,"[11147, 13555, 11561]"
11147,11853,255.0,"[11147, 11853]"
11147,12216,1.0,"[11147, 13555, 12216]"
11147,12270,0.9999999999999218,"[11147, 10705, 12270]"
11147,12352,68.0,"[11147, 12352]"
11147,12355,124.0,"[11147, 12355]"
11147,12369,0.05095743467276235,"[11147, 12369]"
11147,12369,0.9490425653272376,"[11147, 19915, 12369]"
11147,12562,300.0,"[11147, 12562]"
11147,12633,63.22215034678382,"[11147, 12562, 12633]"
11147,12633,89.00000000000003,"[11147, 15270, 12633]"
11147,12633,39.61027586412804,"[11147, 12205, 12633]"
11147,12633,5.1675737890881095,"[11147, 16962, 12633]"
11147,12633,60.0,"[11147, 15848, 12633]"
11147,12633,42.999999999999986,"[11147, 17752, 12633]"
11147,12652,70.0,"[11147, 12652]"
11147,12746,269.99999999999994,"[11147, 12746]"
11147,12746,29.49404182938671,"[11147, 14060, 12746]"
11147,12746,0.5059581706133277,"[11147, 12352, 12746]"
11147,12868,147.0,"[11147, 12868]"
11147,12940,138.0,"[11147, 12940]"
11147,13073,126.0,"[11147, 13073]"
11147,13088,90.0,"[11147, 13088]"
11147,13088,7.9999999999999964,"[11147, 10269, 13088]"
11147,13100,90.0,"[11147, 13100]"
11147,13100,3.0,"[11147, 12205, 13100]"
11147,13100,43.0,"[11147, 15724, 13100]"
11147,13165,270.0,"[11147, 13165]"
11147,13165,18.512548124427852,"[11147, 10568, 13165]"
11147,13165,10.487451875572146,"[11147, 18827, 13165]"
11147,13165,1.0,"[11147, 17781, 13165]"
11147,13170,0.7648387565424729,"[11147, 18441, 13170]"
11147,13170,0.2351612434575271,"[11147, 14060, 13170]"
11147,13237,1.0,"[11147, 12352, 13237]"
11147,13417,270.4943528469449,"[11147, 13417]"
11147,13417,29.505647153055097,"[11147, 18441, 13417]"
11147,13454,90.0,"[11147, 13454]"
11147,13460,270.0,"[11147, 13460]"
11147,13460,30.0,"[11147, 10705, 13460]"
11147,13563,0.46761657781452604,"[11147, 12205, 13563]"
11147,13563,0.532383422185474,"[11147, 14425, 13563]"
11147,13582,1.0,"[11147, 19915, 13582]"
11147,13665,0.008986024838932467,"[11147, 10568, 13665]"
11147,13665,0.9910139751610675,"[11147, 19915, 13665]"
11147,13694,269.99999999999994,"[11147, 13694]"
11147,13694,30.00000000000004,"[11147, 12940, 13694]"
11147,13917,85.0,"[11147, 13917]"
11147,14053,155.0,"[11147, 14053]"
11147,14234,0.10364478849131192,"[11147, 10568, 14234]"
11147,14234,0.8963552115086881,"[11147, 14425, 14234]"
11147,14278,270.1617470342741,"[11147, 14278]"
11147,14278,11.838252965725978,"[11147, 19785, 14278]"
11147,14358,1.0,"[11147, 12205, 14358]"
11147,14704,269.99999999999994,"[11147, 14704]"
11147,14704,11.735942960659116,"[11147, 19785, 14704]"
11147,14704,1.6993994300885669,"[11147, 12652, 14704]"
11147,14704,16.564657609252357,"[11147, 12868, 14704]"
11147,14736,8.0,"[11147, 10705, 14736]"
11147,15008,1.0,"[11147, 14060, 15008]"
11147,15183,0.7309658742875531,"[11147, 12369, 15183]"
11147,15183,0.2690341257124469,"[11147, 10269, 15183]"
11147,15185,174.0,"[11147, 15185]"
11147,15241,1.0,"[11147, 19500, 15241]"
11147,15264,1.0,"[11147, 13555, 15264]"
11147,15270,1.0,"[11147, 15270]"
11147,15378,300.0,"[11147, 15378]"
11147,15483,1.0,"[11147, 12352, 15483]"
11147,15601,270.0,"[11147, 15601]"
11147,15601,23.0613155367818,"[11147, 10796, 15601]"
11147,15601,6.938684463218198,"[11147, 12352, 15601]"
11147,15651,1.0,"[11147, 10568, 15651]"
11147,15724,300.0,"[11147, 15724]"
11147,15848,300.0,"[11147, 15848]"
11147,15891,0.07353319012048326,"[11147, 14060, 15891]"
11147,15891,0.13335263686026932,"[11147, 18441, 15891]"
11147,15891,0.7931141730192447,"[11147, 12352, 15891]"
11147,15948,77.0,"[11147, 15948]"
11147,16028,25.0,"[11147, 13555, 16028]"
11147,16108,264.0,"[11147, 16108]"
11147,16117,1.0,"[11147, 18441, 16117]"
11147,16339,1.0,"[11147, 18448, 16339]"
11147,16683,300.0,"[11147, 16683]"
11147,16855,90.0,"[11147, 16855]"
11147,16855,2.0884894202443816,"[11147, 18827, 16855]"
11147,16855,44.91151057975562,"[11147, 13555, 16855]"
11147,16887,273.0617023912956,"[11147, 16887]"
11147,16887,12.679672207229714,"[11147, 12205, 16887]"
11147,16887,14.258625401474713,"[11147, 13555, 16887]"
11147,16962,300.0,"[11147, 16962]"
11147,17223,300.0,"[11147, 17223]"
11147,17282,155.0,"[11147, 17282]"
11147,17464,1.0,"[11147, 18448, 17464]"
11147,17504,1.0,"[11147, 18448, 17504]"
11147,17522,1.0,"[11147, 18411, 17522]"
11147,17738,1.0,"[11147, 12352, 17738]"
11147,17752,137.0,"[11147, 17752]"
11147,17781,269.0,"[11147, 17781]"
11147,18110,0.5741959263850922,"[11147, 10796, 18110]"
11147,18110,0.4258040736149078,"[11147, 19785, 18110]"
11147,18219,87.0,"[11147, 18219]"
11147,18411,0.045977011494252845,"[11147, 18411]"
11147,18411,0.5464404825471755,"[11147, 10796, 18411]"
11147,18411,0.4075825059585717,"[11147, 12352, 18411]"
11147,18448,267.0,"[11147, 18448]"
11147,18448,33.0,"[11147, 19134, 18448]"
11147,18542,300.0,"[11147, 18542]"
11147,18799,270.0,"[11147, 18799]"
11147,18799,30.0,"[11147, 10796, 18799]"
11147,18812,1.0,"[11147, 18441, 18812]"
11147,18827,300.0,"[11147, 18827]"
11147,18941,270.34721878071656,"[11147, 18941]"
11147,18941,29.65278121928343,"[11147, 18827, 18941]"
11147,19134,300.0,"[11147, 19134]"
11147,19143,269.99999999999994,"[11147, 19143]"
11147,19143,30.00000000000004,"[11147, 13555, 19143]"
11147,19147,90.0,"[11147, 19147]"
11147,19147,16.999999999999996,"[11147, 15724, 19147]"
11147,19239,0.19304805428740024,"[11147, 10796, 19239]"
11147,19239,0.022988505747126436,"[11147, 18411, 19239]"
11147,19239,0.6352271578908942,"[11147, 13555, 19239]"
11147,19239,0.14873628207457912,"[11147, 19915, 19239]"
11147,19273,1.0,"[11147, 12652, 19273]"
11147,19300,0.013905497953440538,"[11147, 18441, 19300]"
11147,19300,0.9860945020465595,"[11147, 14060, 19300]"
11147,19333,270.0,"[11147, 19333]"
11147,19333,8.999999999999988,"[11147, 19915, 19333]"
11147,19430,269.99999999999994,"[11147, 19430]"
11147,19430,28.01822251162142,"[11147, 11209, 19430]"
11147,19430,0.7035360856888282,"[11147, 18542, 19430]"
11147,19430,1.2782414026897908,"[11147, 12868, 19430]"
11147,19500,300.0,"[11147, 19500]"
11147,19502,1.0,"[11147, 18411, 19502]"
11147,19785,246.0,"[11147, 19785]"
11147,19846,270.0,"[11147, 19846]"
11147,19846,5.827111002788406,"[11147, 16887, 19846]"
11147,19846,24.172888997211594,"[11147, 12355, 19846]"
11147,19915,180.0,"[11147, 19915]"
11147,19971,85.0,"[11147, 19971]"
11163,10044,90.00889457615604,"[11163, 10044]"
11163,10044,0.5327540716157303,"[11163, 11261, 10044]"
11163,10044,2.4583513522282345,"[11163, 11561, 10044]"
11163,11209,0.9888902916298448,"[11163, 13165, 11209]"
11163,11209,0.011109708370155236,"[11163, 11561, 11209]"
11163,11261,124.0,"[11163, 11261]"
11181,11209,300.0,"[11181, 11209]"
11181,12205,1.0,"[11181, 15948, 12205]"
11181,12868,0.12169589199287335,"[11181, 15948, 12868]"
11181,12868,0.8783041080071267,"[11181, 18219, 12868]"
11181,13417,1.0,"[11181, 15948, 13417]"
11181,14519,1.0,"[11181, 15948, 14519]"
11181,15008,1.0,"[11181, 15948, 15008]"
11181,16117,300.0,"[11181, 16117]"
11181,16236,1.0,"[11181, 15948, 16236]"
11189,10375,300.0,"[11189, 10375]"
11189,11209,185.0,"[11189, 11209]"
11189,12352,1.0,"[11189, 11209, 12352]"
11200,10177,1.0,"[11200, 15848, 10177]"
11200,10316,300.0,"[11200, 10316]"
11200,10326,28.0,"[11200, 17504, 10326]"
11200,10568,300.0,"[11200, 10568]"
11200,10657,1.0,"[11200, 19785, 10657]"
11200,10705,180.04614597624905,"[11200, 10705]"
11200,10705,3.953854023750957,"[11200, 14060, 10705]"
11200,10748,1.0,"[11200, 18219, 10748]"
11200,10796,300.0,"[11200, 10796]"
11200,10901,300.0,"[11200, 10901]"
11200,10963,90.0,"[11200, 10963]"
11200,10985,300.0,"[11200, 10985]"
11200,11022,0.007861510645528435,"[11200, 13460, 11022]"
11200,11022,0.9921384893544716,"[11200, 10705, 11022]"
11200,11147,1.0,"[11200, 13088, 11147]"
11200,11181,1.0,"[11200, 13460, 11181]"
11200,11209,198.0,"[11200, 11209]"
11200,11261,0.023255813953488372,"[11200, 18941, 11261]"
11200,11261,0.9671308547241411,"[11200, 18827, 11261]"
11200,11261,0.009613331322370558,"[11200, 17516, 11261]"
11200,11455,300.0,"[11200, 11455]"
11200,11853,1.0,"[11200, 15948, 11853]"
11200,12216,300.0,"[11200, 12216]"
11200,12270,0.03488372093022883,"[11200, 15264, 12270]"
11200,12270,0.9651162790697712,"[11200, 13460, 12270]"
11200,12352,278.60865910882353,"[11200, 12352]"
11200,12352,21.39134089117648,"[11200, 13088, 12352]"
11200,12633,90.0,"[11200, 12633]"
11200,12633,15.0,"[11200, 15848, 12633]"
11200,12633,11.999999999999993,"[11200, 17752, 12633]"
11200,12652,23.0,"[11200, 12652]"
11200,12746,300.0,"[11200, 12746]"
11200,12868,1.0,"[11200, 13460, 12868]"
11200,12940,1.0,"[11200, 12352, 12940]"
11200,13088,285.71968706909246,"[11200, 13088]"
11200,13088,14.280312930907527,"[11200, 12352, 13088]"
11200,13100,90.0,"[11200, 13100]"
11200,13100,3.4222222222222487,"[11200, 15724, 13100]"
11200,13100,8.577777777777758,"[11200, 16117, 13100]"
11200,13170,300.0,"[11200, 13170]"
11200,13237,0.021827231977922378,"[11200, 13460, 13237]"
11200,13237,0.04116748128256542,"[11200, 14060, 13237]"
11200,13237,0.9370052867395122,"[11200, 12352, 13237]"
11200,13417,0.09789587350490339,"[11200, 15948, 13417]"
11200,13417,0.16086231614981075,"[11200, 14060, 13417]"
11200,13417,0.7412418103452859,"[11200, 18411, 13417]"
11200,13454,0.16770953621933038,"[11200, 15483, 13454]"
11200,13454,0.8322904637806696,"[11200, 13509, 13454]"
11200,13460,0.06551449712982614,"[11200, 13460]"
11200,13460,0.9344855028701738,"[11200, 15724, 13460]"
11200,13509,42.0,"[11200, 13509]"
11200,13563,90.0,"[11200, 13563]"
11200,13582,0.8359852228613046,"[11200, 13460, 13582]"
11200,13582,0.1640147771386954,"[11200, 15948, 13582]"
11200,13694,1.0,"[11200, 13460, 13694]"
11200,13917,1.0,"[11200, 19785, 13917]"
11200,14053,300.0,"[11200, 14053]"
11200,14278,300.0,"[11200, 14278]"
11200,14358,0.016468297422419287,"[11200, 19846, 14358]"
11200,14358,0.9835317025775807,"[11200, 17752, 14358]"
11200,15008,300.0,"[11200, 15008]"
11200,15241,1.0,"[11200, 10901, 15241]"
11200,15264,300.0,"[11200, 15264]"
11200,15378,300.0,"[11200, 15378]"
11200,15483,165.0,"[11200, 15483]"
11200,15601,1.0,"[11200, 12352, 15601]"
11200,15651,300.0,"[11200, 15651]"
11200,15724,300.0,"[11200, 15724]"
11200,15848,253.0,"[11200, 15848]"
11200,15891,90.0,"[11200, 15891]"
11200,15891,4.000000000000012,"[11200, 14060, 15891]"
11200,15948,300.0,"[11200, 15948]"
11200,16108,16.0,"[11200, 15651, 16108]"
11200,16117,300.0,"[11200, 16117]"
11200,16236,300.0,"[11200, 16236]"
11200,16339,1.0,"[11200, 18448, 16339]"
11200,16683,1.0,"[11200, 13460, 16683]"
11200,17223,0.6561406015942344,"[11200, 19785, 17223]"
11200,17223,0.3438593984057656,"[11200, 10901, 17223]"
11200,17282,90.0,"[11200, 17282]"
11200,17282,6.000000000000003,"[11200, 14060, 17282]"
11200,17464,1.0,"[11200, 18448, 17464]"
11200,17504,241.0,"[11200, 17504]"
11200,17504,8.0,"[11200, 18448, 17504]"
11200,17738,270.0,"[11200, 17738]"
11200,17738,2.0000000000000053,"[11200, 19785, 17738]"
11200,17752,103.0,"[11200, 17752]"
11200,17781,300.0,"[11200, 17781]"
11200,18110,1.0,"[11200, 10796, 18110]"
11200,18219,296.0,"[11200, 18219]"
11200,18411,300.0,"[11200, 18411]"
11200,18448,300.0,"[11200, 18448]"
11200,18542,161.0,"[11200, 18542]"
11200,18799,180.0,"[11200, 18799]"
11200,18799,4.000000000000024,"[11200, 17781, 18799]"
11200,18812,300.0,"[11200, 18812]"
11200,18827,180.05689005027787,"[11200, 18827]"
11200,18827,4.943109949722111,"[11200, 17781, 18827]"
11200,18941,90.00323815130999,"[11200, 18941]"
11200,18941,0.8555864876909797,"[11200, 17516, 18941]"
11200,18941,10.141175360999044,"[11200, 17781, 18941]"
11200,19134,300.0,"[11200, 19134]"
11200,19147,300.0,"[11200, 19147]"
11200,19239,300.0,"[11200, 19239]"
11200,19273,253.0,"[11200, 19273]"
11200,19300,0.3217246322996215,"[11200, 14060, 19300]"
11200,19300,0.6782753677003786,"[11200, 19785, 19300]"
11200,19333,45.0,"[11200, 19333]"
11200,19500,55.0,"[11200, 19500]"
11200,19502,300.0,"[11200, 19502]"
11200,19785,38.0,"[11200, 19785]"
11200,19846,300.0,"[11200, 19846]"
11209,10044,0.5416564496011422,"[11209, 12616, 10044]"
11209,10044,0.0620206219765187,"[11209, 10748, 10044]"
11209,10044,0.39632292842233907,"[11209, 12270, 10044]"
11209,10177,11.663686822142964,"[11209, 14278, 10177]"
11209,10177,58.0,"[11209, 17223, 10177]"
11209,10177,60.0,"[11209, 10955, 10177]"
11209,10177,21.18341178951976,"[11209, 18110, 10177]"
11209,10177,0.7194069668426196,"[11209, 19147, 10177]"
11209,10177,14.74822820274451,"[11209, 10867, 10177]"
11209,10177,59.99999999999983,"[11209, 13454, 10177]"
11209,10177,57.0967741935484,"[11209, 15848, 10177]"
11209,10177,16.588492025201912,"[11209, 16108, 10177]"
11209,10269,300.0,"[11209, 10269]"
11209,10301,1.0,"[11209, 11147, 10301]"
11209,10316,0.1959234965029024,"[11209, 13460, 10316]"
11209,10316,0.20117660188767988,"[11209, 18411, 10316]"
11209,10316,0.6028999016094176,"[11209, 12940, 10316]"
11209,10326,1.0,"[11209, 17223, 10326]"
11209,10568,1.0,"[11209, 18411, 10568]"
11209,10657,299.0,"[11209, 10657]"
11209,10705,1.0,"[11209, 18441, 10705]"
11209,10748,86.0,"[11209, 10748]"
11209,10796,4.0,"[11209, 18411, 10796]"
11209,10867,60.0,"[11209, 10867]"
11209,10901,0.29958630239713985,"[11209, 10901]"
11209,10901,0.7004136976028601,"[11209, 18411, 10901]"
11209,10955,300.0,"[11209, 10955]"
11209,10963,1.0,"[11209, 12270, 10963]"
11209,10985,270.0,"[11209, 10985]"
11209,10985,2.0000000000000053,"[11209, 15948, 10985]"
11209,11022,0.03930755322764218,"[11209, 13460, 11022]"
11209,11022,0.9606924467723579,"[11209, 18441, 11022]"
11209,11147,273.93599169144886,"[11209, 11147]"
11209,11147,26.064008308551166,"[11209, 10901, 11147]"
11209,11163,0.30833128992022846,"[11209, 12616, 11163]"
11209,11163,0.6916687100797725,"[11209, 12270, 11163]"
11209,11181,300.0,"[11209, 11181]"
11209,11189,270.0,"[11209, 11189]"
11209,11189,2.04388133034816,"[11209, 19785, 11189]"
11209,11189,27.95611866965184,"[11209, 12352, 11189]"
11209,11200,110.0,"[11209, 11200]"
11209,11261,264.0,"[11209, 11261]"
11209,11455,1.0,"[11209, 15948, 11455]"
11209,11466,5.197401299482161,"[11209, 16855, 11466]"
11209,11466,12.802598700517839,"[11209, 13694, 11466]"
11209,11561,1.0,"[11209, 12616, 11561]"
11209,11853,138.0,"[11209, 11853]"
11209,12216,0.026283772154396885,"[11209, 18411, 12216]"
11209,12216,0.9737162278386168,"[11209, 13694, 12216]"
11209,12270,300.0,"[11209, 12270]"
11209,12352,104.0,"[11209, 12352]"
11209,12355,1.0000000000001252,"[11209, 11147, 12355]"
11209,12369,1.0,"[11209, 19785, 12369]"
11209,12562,1.0,"[11209, 19785, 12562]"
11209,12633,0.6966292134831461,"[11209, 15378, 12633]"
11209,12633,0.30337078651685395,"[11209, 19147, 12633]"
11209,12652,1.0,"[11209, 18441, 12652]"
11209,12746,1.0,"[11209, 18441, 12746]"
11209,12868,1.0,"[11209, 13460, 12868]"
11209,12940,37.0,"[11209, 12940]"
11209,13073,1.0000000000000004,"[11209, 18441, 13073]"
11209,13088,148.0,"[11209, 13088]"
11209,13100,1.0,"[11209, 16117, 13100]"
11209,13165,300.0,"[11209, 13165]"
11209,13170,300.0,"[11209, 13170]"
11209,13237,300.0,"[11209, 13237]"
11209,13417,1.0,"[11209, 18441, 13417]"
11209,13454,300.00000000000017,"[11209, 13454]"
11209,13460,300.0,"[11209, 13460]"
11209,13563,1.0,"[11209, 12270, 13563]"
11209,13582,190.0,"[11209, 13582]"
11209,13665,274.71683422654127,"[11209, 13665]"
11209,13665,25.283165773458734,"[11209, 12616, 13665]"
11209,13694,300.0000000000002,"[11209, 13694]"
11209,13917,0.14814814814814814,"[11209, 19785, 13917]"
11209,13917,0.8518518518518519,"[11209, 14425, 13917]"
11209,14053,1.0,"[11209, 18441, 14053]"
11209,14234,270.0,"[11209, 14234]"
11209,14234,10.80259870051785,"[11209, 16855, 14234]"
11209,14234,19.197401299482152,"[11209, 14425, 14234]"
11209,14278,300.0,"[11209, 14278]"
11209,14358,270.0,"[11209, 14358]"
11209,14358,21.005366181142684,"[11209, 13694, 14358]"
11209,14358,8.99463381885732,"[11209, 16108, 14358]"
11209,14704,1.0,"[11209, 15948, 14704]"
11209,14736,1.0,"[11209, 13582, 14736]"
11209,15008,1.0,"[11209, 18441, 15008]"
11209,15183,1.0,"[11209, 13088, 15183]"
11209,15185,41.0,"[11209, 15185]"
11209,15241,0.4008273952057374,"[11209, 12940, 15241]"
11209,15241,0.5991726047942627,"[11209, 10901, 15241]"
11209,15264,1.0,"[11209, 12270, 15264]"
11209,15270,1.0,"[11209, 19785, 15270]"
11209,15378,300.0,"[11209, 15378]"
11209,15483,1.0,"[11209, 18219, 15483]"
11209,15601,24.983137829912046,"[11209, 12940, 15601]"
11209,15601,0.016862170087954098,"[11209, 13694, 15601]"
11209,15651,136.0,"[11209, 15651]"
11209,15724,0.5935569177746755,"[11209, 18219, 15724]"
11209,15724,0.40644308222532455,"[11209, 15948, 15724]"
11209,15848,300.0,"[11209, 15848]"
11209,15891,195.0,"[11209, 15891]"
11209,15948,300.0,"[11209, 15948]"
11209,16028,0.41341754617052795,"[11209, 19785, 16028]"
11209,16028,0.5416564496011422,"[11209, 12616, 16028]"
11209,16028,0.04492600422832981,"[11209, 12270, 16028]"
11209,16108,130.20205489780736,"[11209, 16108]"
11209,16108,14.797945102192672,"[11209, 15651, 16108]"
11209,16117,152.0,"[11209, 16117]"
11209,16236,213.0,"[11209, 16236]"
11209,16339,270.0,"[11209, 16339]"
11209,16339,16.080083334999234,"[11209, 15651, 16339]"
11209,16339,13.919916665000768,"[11209, 13694, 16339]"
11209,16683,300.0,"[11209, 16683]"
11209,16855,253.0,"[11209, 16855]"
11209,16887,269.99999999999994,"[11209, 16887]"
11209,16887,30.00000000000004,"[11209, 13165, 16887]"
11209,16962,180.0,"[11209, 16962]"
11209,16962,4.000000000000024,"[11209, 11147, 16962]"
11209,17223,300.0,"[11209, 17223]"
11209,17282,300.0,"[11209, 17282]"
11209,17464,0.183411789519762,"[11209, 16683, 17464]"
11209,17464,0.816588210480238,"[11209, 18110, 17464]"
11209,17504,1.0,"[11209, 19430, 17504]"
11209,17522,0.07500613023931468,"[11209, 12616, 17522]"
11209,17522,0.9249938697606853,"[11209, 18411, 17522]"
11209,17738,1.0,"[11209, 18441, 17738]"
11209,17752,1.0,"[11209, 16855, 17752]"
11209,17781,0.3686301930609898,"[11209, 18411, 17781]"
11209,17781,0.6313698069390101,"[11209, 16236, 17781]"
11209,18110,68.0,"[11209, 18110]"
11209,18219,300.0,"[11209, 18219]"
11209,18411,300.0,"[11209, 18411]"
11209,18448,1.0,"[11209, 12270, 18448]"
11209,18542,300.0,"[11209, 18542]"
11209,18799,0.656624499191801,"[11209, 13694, 18799]"
11209,18799,0.3433755008080503,"[11209, 12270, 18799]"
11209,18812,62.0,"[11209, 18812]"
11209,18827,0.07407407407411667,"[11209, 13460, 18827]"
11209,18827,0.05394254302708672,"[11209, 18411, 18827]"
11209,18827,0.8719833828988005,"[11209, 11147, 18827]"
11209,18941,1.0,"[11209, 19785, 18941]"
11209,19134,270.0,"[11209, 19134]"
11209,19134,30.0,"[11209, 13165, 19134]"
11209,19143,1.0,"[11209, 12270, 19143]"
11209,19147,270.51138887667975,"[11209, 19147]"
11209,19147,19.86369556708078,"[11209, 11200, 19147]"
11209,19147,9.624915556239488,"[11209, 13694, 19147]"
11209,19239,0.3749999999999976,"[11209, 18411, 19239]"
11209,19239,0.6250000000000024,"[11209, 12940, 19239]"
11209,19273,1.0,"[11209, 15948, 19273]"
11209,19300,1.0,"[11209, 18441, 19300]"
11209,19333,0.011235955056179775,"[11209, 18219, 19333]"
11209,19333,0.9887640449438202,"[11209, 12940, 19333]"
11209,19430,300.0,"[11209, 19430]"
11209,19500,1.0,"[11209, 11147, 19500]"
11209,19502,0.6477272727272727,"[11209, 13460, 19502]"
11209,19502,0.3522727272727273,"[11209, 18411, 19502]"
11209,19785,0.074218505895133,"[11209, 19785]"
11209,19785,0.7049153440351489,"[11209, 14278, 19785]"
11209,19785,0.22086615006970697,"[11209, 15948, 19785]"
11209,19846,1.0,"[11209, 13694, 19846]"
11209,19915,270.0,"[11209, 19915]"
11209,19915,30.0,"[11209, 13088, 19915]"
11209,19971,1.0,"[11209, 10657, 19971]"
11261,10044,0.08879234526928835,"[11261, 10044]"
11261,10044,0.9112076547307116,"[11261, 16855, 10044]"
11261,12205,1.0,"[11261, 18941, 12205]"
11261,12652,1.0,"[11261, 12868, 12652]"
11261,12868,239.0,"[11261, 12868]"
11261,13417,263.0,"[11261, 13417]"
11261,14519,0.7760360199886974,"[11261, 18941, 14519]"
11261,14519,0.22396398001130255,"[11261, 12868, 14519]"
11261,15008,0.9898170620465089,"[11261, 18827, 15008]"
11261,15008,0.010182937953491145,"[11261, 12868, 15008]"
11261,16855,213.0,"[11261, 16855]"
11261,18827,300.0,"[11261, 18827]"
11455,11209,1.0,"[11455, 12868, 11209]"
11455,12868,192.0,"[11455, 12868]"
11466,10044,1.0,"[11466, 11561, 10044]"
11466,11561,0.011235955056179775,"[11466, 11561]"
11466,11561,0.988764044943816,"[11466, 15185, 11561]"
11466,12652,300.0,"[11466, 12652]"
11466,15185,300.0,"[11466, 15185]"
11561,10044,300.0,"[11561, 10044]"
11561,12205,104.89475415143839,"[11561, 12205]"
11561,12205,28.10524584856161,"[11561, 10901, 12205]"
11561,12652,270.5,"[11561, 12652]"
11561,12652,5.438888888888913,"[11561, 18441, 12652]"
11561,12652,24.06111111111109,"[11561, 12868, 12652]"
11561,12868,153.0,"[11561, 12868]"
11561,13417,0.06111111111111138,"[11561, 18441, 13417]"
11561,13417,0.9388888888888882,"[11561, 12868, 13417]"
11561,15008,300.0,"[11561, 15008]"
11561,16236,1.0,"[11561, 12868, 16236]"
11561,16855,300.0,"[11561, 16855]"
11561,18827,0.7960205445547057,"[11561, 15008, 18827]"
11561,18827,0.20397945544529425,"[11561, 19846, 18827]"
11561,19971,164.0,"[11561, 19971]"
11853,12205,247.0,"[11853, 12205]"
11853,12868,166.0,"[11853, 12868]"
11853,12940,52.0,"[11853, 12940]"
11853,13417,0.9997198094704308,"[11853, 12868, 13417]"
11853,14519,90.04651162790698,"[11853, 14519]"
11853,14519,0.012328383300649559,"[11853, 18441, 14519]"
11853,14519,3.9411599887923785,"[11853, 12868, 14519]"
11853,16236,1.0,"[11853, 14519, 16236]"
11853,18827,289.0,"[11853, 18827]"
12205,10044,87.0,"[12205, 10044]"
12205,10177,300.0,"[12205, 10177]"
12205,10269,237.0,"[12205, 10269]"
12205,10301,0.878228836874728,"[12205, 19915, 10301]"
12205,10301,0.12177116312527207,"[12205, 12369, 10301]"
12205,10316,293.0,"[12205, 10316]"
12205,10326,1.0,"[12205, 17504, 10326]"
12205,10568,1.0,"[12205, 17781, 10568]"
12205,10657,0.9344216453281955,"[12205, 10705, 10657]"
12205,10657,0.022552447552447553,"[12205, 12868, 10657]"
12205,10657,0.04302590711935691,"[12205, 19785, 10657]"
12205,10705,300.0,"[12205, 10705]"
12205,10748,43.0,"[12205, 10748]"
12205,10796,1.0,"[12205, 19785, 10796]"
12205,10867,0.6538194327900424,"[12205, 19915, 10867]"
12205,10867,0.3461805672099576,"[12205, 12369, 10867]"
12205,10901,1.0,"[12205, 19500, 10901]"
12205,10955,20.0,"[12205, 10955]"
12205,10963,300.0,"[12205, 10963]"
12205,10985,1.0,"[12205, 14736, 10985]"
12205,11022,196.0,"[12205, 11022]"
12205,11163,1.0,"[12205, 14234, 11163]"
12205,11181,0.9523809523809523,"[12205, 12352, 11181]"
12205,11181,0.047619047619047616,"[12205, 18441, 11181]"
12205,11189,300.0,"[12205, 11189]"
12205,11200,1.0,"[12205, 14736, 11200]"
12205,11209,180.0,"[12205, 11209]"
12205,11209,1.0,"[12205, 18441, 11209]"
12205,11261,180.0,"[12205, 11261]"
12205,11261,4.999999999999998,"[12205, 12616, 11261]"
12205,11466,270.5,"[12205, 11466]"
12205,11466,8.83949533144757,"[12205, 19502, 11466]"
12205,11466,20.660504668552456,"[12205, 14234, 11466]"
12205,11561,214.0,"[12205, 11561]"
12205,11853,68.0,"[12205, 11853]"
12205,12216,1.0,"[12205, 13694, 12216]"
12205,12270,300.0,"[12205, 12270]"
12205,12352,291.0,"[12205, 12352]"
12205,12355,1.0,"[12205, 14234, 12355]"
12205,12369,300.0,"[12205, 12369]"
12205,12562,15.0,"[12205, 12369, 12562]"
12205,12633,223.29495268869806,"[12205, 12633]"
12205,12633,2.7050473113019358,"[12205, 17464, 12633]"
12205,12652,0.3647058823529411,"[12205, 14060, 12652]"
12205,12652,0.047619047619047616,"[12205, 18441, 12652]"
12205,12652,0.5876750700282112,"[12205, 12352, 12652]"
12205,12746,0.023809523809523808,"[12205, 18441, 12746]"
12205,12746,0.9761904761904762,"[12205, 14060, 12746]"
12205,12868,0.022552447552447553,"[12205, 12868]"
12205,12868,0.9774475524475524,"[12205, 13582, 12868]"
12205,12940,269.0,"[12205, 12940]"
12205,13073,270.0,"[12205, 13073]"
12205,13073,15.999999999999996,"[12205, 14060, 13073]"
12205,13088,233.0,"[12205, 13088]"
12205,13100,300.0,"[12205, 13100]"
12205,13165,299.99999999999994,"[12205, 13165]"
12205,13170,0.023809523809523808,"[12205, 18441, 13170]"
12205,13170,0.9413067552602435,"[12205, 18219, 13170]"
12205,13170,0.034883720930232544,"[12205, 19785, 13170]"
12205,13237,1.0,"[12205, 19915, 13237]"
12205,13417,300.0,"[12205, 13417]"
12205,13454,278.9971622470062,"[12205, 13454]"
12205,13454,16.002837752993816,"[12205, 12270, 13454]"
12205,13460,1.0,"[12205, 10705, 13460]"
12205,13563,271.2463883193955,"[12205, 13563]"
12205,13563,28.75361168060447,"[12205, 16887, 13563]"
12205,13582,300.0,"[12205, 13582]"
12205,13665,269.9999999999999,"[12205, 13665]"
12205,13665,30.000000000000124,"[12205, 14234, 13665]"
12205,13694,157.0,"[12205, 13694]"
12205,13840,300.0,"[12205, 13840]"
12205,13917,1.0,"[12205, 17781, 13917]"
12205,14053,1.0,"[12205, 18441, 14053]"
12205,14234,300.0,"[12205, 14234]"
12205,14278,1.0,"[12205, 19785, 14278]"
12205,14358,300.0,"[12205, 14358]"
12205,15008,90.0,"[12205, 15008]"
12205,15008,15.0,"[12205, 14060, 15008]"
12205,15183,300.0,"[12205, 15183]"
12205,15185,0.4961048421335187,"[12205, 10044, 15185]"
12205,15185,0.5038951578664813,"[12205, 12270, 15185]"
12205,15241,300.0,"[12205, 15241]"
12205,15264,1.0,"[12205, 12270, 15264]"
12205,15270,1.0,"[12205, 12369, 15270]"
12205,15378,1.0,"[12205, 12369, 15378]"
12205,15483,1.0,"[12205, 12352, 15483]"
12205,15601,1.0,"[12205, 13840, 15601]"
12205,15651,260.0,"[12205, 15651]"
12205,15724,0.015384615384615385,"[12205, 14736, 15724]"
12205,15724,0.9846153846153847,"[12205, 12868, 15724]"
12205,15848,270.0,"[12205, 15848]"
12205,15848,1.0,"[12205, 16887, 15848]"
12205,15891,252.0,"[12205, 15891]"
12205,15948,1.0,"[12205, 12868, 15948]"
12205,16028,300.0,"[12205, 16028]"
12205,16108,1.0,"[12205, 13563, 16108]"
12205,16117,1.0,"[12205, 19915, 16117]"
12205,16339,0.045454545454545456,"[12205, 13563, 16339]"
12205,16339,0.6555555555555658,"[12205, 18448, 16339]"
12205,16339,0.2989898989898888,"[12205, 14234, 16339]"
12205,16683,168.0,"[12205, 16683]"
12205,16855,1.0,"[12205, 12369, 16855]"
12205,16887,293.9594945675425,"[12205, 16887]"
12205,16887,6.0405054324575325,"[12205, 14234, 16887]"
12205,16962,300.0,"[12205, 16962]"
12205,17223,300.0,"[12205, 17223]"
12205,17282,200.0,"[12205, 17282]"
12205,17464,129.01248222572525,"[12205, 17464]"
12205,17464,27.98751777427476,"[12205, 14358, 17464]"
12205,17504,300.0,"[12205, 17504]"
12205,17522,0.23255813953488363,"[12205, 12616, 17522]"
12205,17522,0.3370786516853933,"[12205, 13840, 17522]"
12205,17522,0.430363208779723,"[12205, 17781, 17522]"
12205,17738,0.8139534883720928,"[12205, 12352, 17738]"
12205,17738,0.18604651162790722,"[12205, 19785, 17738]"
12205,17752,270.0,"[12205, 17752]"
12205,17752,30.0,"[12205, 18448, 17752]"
12205,17781,221.0,"[12205, 17781]"
12205,18110,300.0,"[12205, 18110]"
12205,18219,0.010576480396182511,"[12205, 18219]"
12205,18219,0.9894235196038175,"[12205, 19915, 18219]"
12205,18411,1.0,"[12205, 19785, 18411]"
12205,18448,0.6555555555555658,"[12205, 18448]"
12205,18448,0.34444444444443434,"[12205, 17504, 18448]"
12205,18542,206.0,"[12205, 18542]"
12205,18799,132.0,"[12205, 18799]"
12205,18812,0.5173669467787116,"[12205, 12352, 18812]"
12205,18812,0.48263305322128836,"[12205, 14060, 18812]"
12205,18827,28.0,"[12205, 18827]"
12205,18941,1.0,"[12205, 17781, 18941]"
12205,19134,0.007812258752778768,"[12205, 10963, 19134]"
12205,19134,0.012482225725239715,"[12205, 14358, 19134]"
12205,19134,0.9797055155219838,"[12205, 13563, 19134]"
12205,19143,140.0,"[12205, 19143]"
12205,19147,4.618794514994344,"[12205, 13694, 19147]"
12205,19147,1.3812054850056557,"[12205, 12270, 19147]"
12205,19239,1.0,"[12205, 19915, 19239]"
12205,19273,90.0,"[12205, 19273]"
12205,19273,23.0,"[12205, 13582, 19273]"
12205,19300,300.0,"[12205, 19300]"
12205,19333,300.0,"[12205, 19333]"
12205,19500,35.0,"[12205, 19500]"
12205,19502,236.0,"[12205, 19502]"
12205,19785,29.0,"[12205, 19785]"
12205,19846,1.0,"[12205, 14234, 19846]"
12205,19915,300.0,"[12205, 19915]"
12205,19971,1.0,"[12205, 14358, 19971]"
12216,10916,1.0,"[12216, 18799, 10916]"
12216,12205,1.0,"[12216, 18941, 12205]"
12216,12652,1.000000000000174,"[12216, 18827, 12652]"
12216,12868,1.0,"[12216, 18941, 12868]"
12216,13417,1.0,"[12216, 14519, 13417]"
12216,13555,1.0,"[12216, 18941, 13555]"
12216,14519,155.0,"[12216, 14519]"
12216,15008,227.0,"[12216, 15008]"
12216,16855,1.0,"[12216, 18827, 16855]"
12216,18799,235.0,"[12216, 18799]"
12216,18827,300.0,"[12216, 18827]"
12270,15264,300.0,"[12270, 15264]"
12352,10044,79.0,"[12352, 10044]"
12352,10177,58.0,"[12352, 15270, 10177]"
12352,10269,300.0,"[12352, 10269]"
12352,10301,1.0,"[12352, 19915, 10301]"
12352,10316,82.0,"[12352, 10316]"
12352,10326,1.0,"[12352, 11189, 10326]"
12352,10568,1.0,"[12352, 19915, 10568]"
12352,10657,1.0,"[12352, 19785, 10657]"
12352,10705,110.0,"[12352, 10705]"
12352,10748,300.0,"[12352, 10748]"
12352,10796,1.0,"[12352, 18411, 10796]"
12352,10867,1.0,"[12352, 19915, 10867]"
12352,10901,0.022988505747126423,"[12352, 10901]"
12352,10901,0.9770114942528736,"[12352, 19500, 10901]"
12352,10955,1.0,"[12352, 10901, 10955]"
12352,10963,269.99999999999994,"[12352, 10963]"
12352,10963,30.00000000000004,"[12352, 12205, 10963]"
12352,10985,1.0,"[12352, 18812, 10985]"
12352,11022,1.0,"[12352, 10705, 11022]"
12352,11147,0.011947224122517182,"[12352, 11147]"
12352,11147,0.011494252873563218,"[12352, 10901, 11147]"
12352,11147,0.9765585230039197,"[12352, 13088, 11147]"
12352,11163,0.011145057590812272,"[12352, 13840, 11163]"
12352,11163,0.9888549424091877,"[12352, 19915, 11163]"
12352,11181,56.0,"[12352, 11181]"
12352,11189,300.0,"[12352, 11189]"
12352,11200,1.0,"[12352, 18441, 11200]"
12352,11209,231.0,"[12352, 11209]"
12352,11261,1.0,"[12352, 18827, 11261]"
12352,11455,270.0,"[12352, 11455]"
12352,11455,30.0,"[12352, 14736, 11455]"
12352,11466,1.0,"[12352, 12205, 11466]"
12352,11561,180.0,"[12352, 11561]"
12352,11561,30.0,"[12352, 13840, 11561]"
12352,11853,29.0,"[12352, 11853]"
12352,12216,1.0,"[12352, 19785, 12216]"
12352,12270,1.0,"[12352, 19915, 12270]"
12352,12355,270.0,"[12352, 12355]"
12352,12355,16.278265611587678,"[12352, 16962, 12355]"
12352,12355,1.7217343884123224,"[12352, 12973, 12355]"
12352,12369,0.3302005639257922,"[12352, 12369]"
12352,12369,0.6697994360742078,"[12352, 19915, 12369]"
12352,12562,1.0,"[12352, 12369, 12562]"
12352,12633,0.99999999999997,"[12352, 15270, 12633]"
12352,12652,300.0,"[12352, 12652]"
12352,12746,300.0,"[12352, 12746]"
12352,12868,275.2105263157895,"[12352, 12868]"
12352,12868,17.731043636313206,"[12352, 12746, 12868]"
12352,12868,7.058430047897297,"[12352, 19785, 12868]"
12352,12940,300.0,"[12352, 12940]"
12352,13073,71.0,"[12352, 13073]"
12352,13088,300.0,"[12352, 13088]"
12352,13100,270.0,"[12352, 13100]"
12352,13100,30.0,"[12352, 13694, 13100]"
12352,13165,1.0,"[12352, 18827, 13165]"
12352,13170,0.7498908272286705,"[12352, 18441, 13170]"
12352,13170,0.2501091727713296,"[12352, 14060, 13170]"
12352,13237,297.0,"[12352, 13237]"
12352,13417,1.0,"[12352, 19915, 13417]"
12352,13454,269.99999999999994,"[12352, 13454]"
12352,13454,30.00000000000004,"[12352, 15483, 13454]"
12352,13460,1.0,"[12352, 10705, 13460]"
12352,13563,270.0,"[12352, 13563]"
12352,13563,30.0,"[12352, 13840, 13563]"
12352,13582,0.967197044572261,"[12352, 10705, 13582]"
12352,13582,0.032802955427739075,"[12352, 15948, 13582]"
12352,13665,1.0,"[12352, 19915, 13665]"
12352,13694,300.0,"[12352, 13694]"
12352,13917,0.14914589174315887,"[12352, 13840, 13917]"
12352,13917,0.006101062302612695,"[12352, 12973, 13917]"
12352,13917,0.04938271604938271,"[12352, 19785, 13917]"
12352,13917,0.7953703299060008,"[12352, 18827, 13917]"
12352,14053,269.99999999999994,"[12352, 14053]"
12352,14053,30.00000000000004,"[12352, 18441, 14053]"
12352,14234,1.0,"[12352, 12973, 14234]"
12352,14278,0.8349451833157766,"[12352, 19785, 14278]"
12352,14278,0.11369909390270581,"[12352, 18411, 14278]"
12352,14278,0.051355722781512014,"[12352, 11147, 14278]"
12352,14358,270.0,"[12352, 14358]"
12352,14358,30.0,"[12352, 12205, 14358]"
12352,14704,1.0,"[12352, 15948, 14704]"
12352,14736,132.0,"[12352, 14736]"
12352,15008,300.0,"[12352, 15008]"
12352,15183,1.0,"[12352, 15183]"
12352,15185,270.0,"[12352, 15185]"
12352,15185,4.9999999999999964,"[12352, 15601, 15185]"
12352,15241,4.618483265250452,"[12352, 15241]"
12352,15241,10.381516734749548,"[12352, 19500, 15241]"
12352,15264,1.0,"[12352, 18827, 15264]"
12352,15270,300.0,"[12352, 15270]"
12352,15378,1.0,"[12352, 18441, 15378]"
12352,15483,213.0,"[12352, 15483]"
12352,15601,148.0,"[12352, 15601]"
12352,15651,1.0,"[12352, 10044, 15651]"
12352,15724,270.0,"[12352, 15724]"
12352,15724,1.0,"[12352, 14736, 15724]"
12352,15848,1.0,"[12352, 19915, 15848]"
12352,15891,300.0,"[12352, 15891]"
12352,15948,0.05759355293529961,"[12352, 15948]"
12352,15948,0.4355759314846874,"[12352, 19785, 15948]"
12352,15948,0.506830515580013,"[12352, 10705, 15948]"
12352,16028,1.0,"[12352, 19785, 16028]"
12352,16108,269.9999999999999,"[12352, 16108]"
12352,16108,7.10923110523683,"[12352, 15483, 16108]"
12352,16108,22.89076889476329,"[12352, 16887, 16108]"
12352,16117,0.00480360193854407,"[12352, 19785, 16117]"
12352,16117,0.995196398061456,"[12352, 18441, 16117]"
12352,16339,60.680622014486815,"[12352, 18799, 16339]"
12352,16339,27.509937266428196,"[12352, 15183, 16339]"
12352,16339,123.18257750680604,"[12352, 12973, 16339]"
12352,16339,81.62686321227895,"[12352, 13840, 16339]"
12352,16683,270.0,"[12352, 16683]"
12352,16683,26.699750528966927,"[12352, 18411, 16683]"
12352,16683,3.300249471033073,"[12352, 12940, 16683]"
12352,16855,270.0,"[12352, 16855]"
12352,16855,1.9423503745302864,"[12352, 13840, 16855]"
12352,16855,28.057649625469715,"[12352, 12369, 16855]"
12352,16887,281.9453844473816,"[12352, 16887]"
12352,16887,0.9933000158365308,"[12352, 12205, 16887]"
12352,16887,17.061315536781805,"[12352, 15601, 16887]"
12352,16962,300.0,"[12352, 16962]"
12352,17223,34.0,"[12352, 17223]"
12352,17282,1.0,"[12352, 19915, 17282]"
12352,17464,41.99999999999997,"[12352, 15183, 17464]"
12352,17504,1.0,"[12352, 16962, 17504]"
12352,17522,270.0,"[12352, 17522]"
12352,17522,30.0,"[12352, 13840, 17522]"
12352,17738,113.0,"[12352, 17738]"
12352,17752,1.0,"[12352, 15601, 17752]"
12352,17781,1.0,"[12352, 19915, 17781]"
12352,18110,0.43347993551440944,"[12352, 13840, 18110]"
12352,18110,0.5665200644855906,"[12352, 19785, 18110]"
12352,18219,270.0,"[12352, 18219]"
12352,18219,26.0,"[12352, 14060, 18219]"
12352,18411,300.0,"[12352, 18411]"
12352,18448,27.033333333334223,"[12352, 12205, 18448]"
12352,18448,183.97527055935967,"[12352, 15183, 18448]"
12352,18448,49.99139610730612,"[12352, 12973, 18448]"
12352,18542,300.0,"[12352, 18542]"
12352,18799,119.0,"[12352, 18799]"
12352,18812,300.0,"[12352, 18812]"
12352,18827,160.0,"[12352, 18827]"
12352,18941,0.10774779314957766,"[12352, 19785, 18941]"
12352,18941,0.8922522068504223,"[12352, 18827, 18941]"
12352,19134,1.0,"[12352, 11147, 19134]"
12352,19143,90.0,"[12352, 19143]"
12352,19143,4.999999999999999,"[12352, 13840, 19143]"
12352,19147,90.0,"[12352, 19147]"
12352,19147,15.243710071233831,"[12352, 15483, 19147]"
12352,19147,22.75628992876617,"[12352, 13694, 19147]"
12352,19239,1.0,"[12352, 19915, 19239]"
12352,19273,90.0,"[12352, 19273]"
12352,19273,7.0,"[12352, 12868, 19273]"
12352,19300,300.0,"[12352, 19300]"
12352,19333,1.0,"[12352, 10705, 19333]"
12352,19430,90.0,"[12352, 19430]"
12352,19430,4.093023255813926,"[12352, 15948, 19430]"
12352,19430,14.90697674418606,"[12352, 14736, 19430]"
12352,19500,300.0,"[12352, 19500]"
12352,19502,270.0,"[12352, 19502]"
12352,19502,30.0,"[12352, 18411, 19502]"
12352,19785,115.0,"[12352, 19785]"
12352,19846,1.0,"[12352, 16887, 19846]"
12352,19915,240.0,"[12352, 19915]"
12352,19971,1.0,"[12352, 18827, 19971]"
12355,12205,270.0,"[12355, 12205]"
12355,12205,30.0,"[12355, 17010, 12205]"
12355,12868,254.62809917355372,"[12355, 12868]"
12355,12868,23.448662277629914,"[12355, 17010, 12868]"
12355,12868,21.923238548816357,"[12355, 15976, 12868]"
12355,13417,249.98888888888882,"[12355, 13417]"
12355,13417,14.666666666666664,"[12355, 17010, 13417]"
12355,13417,5.0,"[12355, 12616, 13417]"
12355,13417,30.34444444444449,"[12355, 15976, 13417]"
12355,14234,148.00000000000006,"[12355, 14234]"
12355,15008,270.0,"[12355, 15008]"
12355,15008,13.99999999999999,"[12355, 16236, 15008]"
12355,16236,255.0,"[12355, 16236]"
12355,16236,24.999999999999993,"[12355, 12616, 16236]"
12355,16236,19.999999999999996,"[12355, 19846, 16236]"
12355,18827,1.0,"[12355, 19846, 18827]"
12355,19880,1.0,"[12355, 15976, 19880]"
12369,12352,47.0,"[12369, 12352]"
12369,12562,300.0,"[12369, 12562]"
12369,16236,0.057649625469713674,"[12369, 15183, 16236]"
12369,16236,0.9423503745302844,"[12369, 16855, 16236]"
12369,16855,300.0,"[12369, 16855]"
12369,19915,300.0,"[12369, 19915]"
12562,12352,270.14112625224647,"[12562, 12352]"
12562,12352,5.858873747753558,"[12562, 12369, 12352]"
12562,12369,221.0,"[12562, 12369]"
12562,12652,1.0,"[12562, 12352, 12652]"
12562,19915,174.0,"[12562, 19915]"
12616,10044,34.0,"[12616, 10044]"
12616,10916,270.00000000000006,"[12616, 10916]"
12616,10916,13.011636668223275,"[12616, 17522, 10916]"
12616,10916,16.988363331776647,"[12616, 17516, 10916]"
12616,11163,282.0,"[12616, 11163]"
12616,11261,99.0,"[12616, 11261]"
12616,11466,1.0,"[12616, 17516, 11466]"
12616,11561,260.0,"[12616, 11561]"
12616,12205,270.0,"[12616, 12205]"
12616,12205,15.280312677153606,"[12616, 11561, 12205]"
12616,12205,4.716834226541266,"[12616, 13665, 12205]"
12616,12205,10.002853096305127,"[12616, 17516, 12205]"
12616,13165,1.0,"[12616, 16855, 13165]"
12616,13417,85.0,"[12616, 13417]"
12616,13665,300.0,"[12616, 13665]"
12616,14234,90.0,"[12616, 14234]"
12616,14234,5.0,"[12616, 16855, 14234]"
12616,15185,1.0,"[12616, 16855, 15185]"
12616,16028,169.0,"[12616, 16028]"
12616,16236,232.0,"[12616, 16236]"
12616,16855,1.0,"[12616, 16855]"
12616,17522,233.0,"[12616, 17522]"
12616,18827,270.0,"[12616, 18827]"
12616,18827,30.0,"[12616, 17516, 18827]"
12616,19143,1.0,"[12616, 19143]"
12616,19971,300.0,"[12616, 19971]"
12633,14257,1.0,"[12633, 14257]"
12652,10044,168.0,"[12652, 10044]"
12652,10177,89.99999999999999,"[12652, 10177]"
12652,10177,7.915599518603923,"[12652, 19239, 10177]"
12652,10177,4.475574880708734,"[12652, 15264, 10177]"
12652,10177,10.781539750791659,"[12652, 19273, 10177]"
12652,10177,18.827285849895684,"[12652, 11455, 10177]"
12652,10177,4.0,"[12652, 14704, 10177]"
12652,10269,1.0,"[12652, 11147, 10269]"
12652,10301,300.0,"[12652, 10301]"
12652,10316,287.0,"[12652, 10316]"
12652,10326,31.696629213483146,"[12652, 15378, 10326]"
12652,10326,66.625,"[12652, 11853, 10326]"
12652,10326,59.99999999999949,"[12652, 14278, 10326]"
12652,10326,64.09823123684951,"[12652, 10316, 10326]"
12652,10326,7.001963929116046,"[12652, 19239, 10326]"
12652,10326,10.578175620551818,"[12652, 10955, 10326]"
12652,10326,60.0,"[12652, 19147, 10326]"
12652,10568,0.02282598127776157,"[12652, 10796, 10568]"
12652,10568,0.9771740187222384,"[12652, 11147, 10568]"
12652,10657,1.0,"[12652, 18441, 10657]"
12652,10705,1.0,"[12652, 18441, 10705]"
12652,10748,189.0,"[12652, 10748]"
12652,10796,128.0,"[12652, 10796]"
12652,10867,300.0,"[12652, 10867]"
12652,10901,0.27130774537326857,"[12652, 10901]"
12652,10901,0.7286922546267314,"[12652, 18411, 10901]"
12652,10955,300.0,"[12652, 10955]"
12652,10963,270.0,"[12652, 10963]"
12652,10963,1.6401539981693216,"[12652, 13165, 10963]"
12652,10963,28.35984600183068,"[12652, 11261, 10963]"
12652,10985,0.20240758893056052,"[12652, 14736, 10985]"
12652,10985,0.45041352335143364,"[12652, 15948, 10985]"
12652,10985,0.3471788877180058,"[12652, 14519, 10985]"
12652,11022,67.0,"[12652, 11022]"
12652,11147,276.4132760869433,"[12652, 11147]"
12652,11147,23.586723913056694,"[12652, 10901, 11147]"
12652,11163,0.2944443974694305,"[12652, 16855, 11163]"
12652,11163,0.7055556025305695,"[12652, 12270, 11163]"
12652,11181,240.0,"[12652, 11181]"
12652,11189,0.03370786516853913,"[12652, 13582, 11189]"
12652,11189,0.04683350928702043,"[12652, 10301, 11189]"
12652,11189,0.9194586255444405,"[12652, 13694, 11189]"
12652,11200,1.0000000000000058,"[12652, 13460, 11200]"
12652,11209,1.0,"[12652, 18441, 11209]"
12652,11261,300.0,"[12652, 11261]"
12652,11455,121.0,"[12652, 11455]"
12652,11466,1.0,"[12652, 19502, 11466]"
12652,11561,300.0,"[12652, 11561]"
12652,11853,97.0,"[12652, 11853]"
12652,12216,0.9949272049741515,"[12652, 18827, 12216]"
12652,12216,0.005072795029875899,"[12652, 10796, 12216]"
12652,12270,300.0,"[12652, 12270]"
12652,12352,1.0,"[12652, 10301, 12352]"
12652,12355,68.0,"[12652, 12355]"
12652,12369,270.0,"[12652, 12369]"
12652,12369,30.0,"[12652, 10301, 12369]"
12652,12562,0.09411764705882353,"[12652, 10301, 12562]"
12652,12562,0.9058823529411765,"[12652, 11147, 12562]"
12652,12633,28.303370786516854,"[12652, 15378, 12633]"
12652,12633,8.901768763150486,"[12652, 10316, 12633]"
12652,12633,6.0824365522800345,"[12652, 19239, 12633]"
12652,12633,60.0,"[12652, 16683, 12633]"
12652,12633,49.42182437944818,"[12652, 10955, 12633]"
12652,12633,42.145964073232236,"[12652, 10867, 12633]"
12652,12633,39.84403487546075,"[12652, 11455, 12633]"
12652,12633,60.0,"[12652, 16962, 12633]"
12652,12633,5.300600569911433,"[12652, 14704, 12633]"
12652,12746,300.0,"[12652, 12746]"
12652,12868,1.0,"[12652, 14736, 12868]"
12652,12940,300.0,"[12652, 12940]"
12652,13073,1.0,"[12652, 18441, 13073]"
12652,13088,0.23747632115745132,"[12652, 12940, 13088]"
12652,13088,0.7625236788425487,"[12652, 10301, 13088]"
12652,13100,0.01138887667973716,"[12652, 19502, 13100]"
12652,13100,0.9886111233202628,"[12652, 13694, 13100]"
12652,13165,275.6986675411005,"[12652, 13165]"
12652,13165,24.30133245889947,"[12652, 19502, 13165]"
12652,13170,1.0,"[12652, 18441, 13170]"
12652,13237,300.0,"[12652, 13237]"
12652,13417,1.0,"[12652, 18441, 13417]"
12652,13454,1.0,"[12652, 12270, 13454]"
12652,13460,300.0,"[12652, 13460]"
12652,13563,0.8213732684509994,"[12652, 19333, 13563]"
12652,13563,0.1556232063723675,"[12652, 18941, 13563]"
12652,13563,0.02300352517663318,"[12652, 12270, 13563]"
12652,13582,156.0,"[12652, 13582]"
12652,13665,1.0,"[12652, 16855, 13665]"
12652,13694,271.07860708298506,"[12652, 13694]"
12652,13694,28.921392917014916,"[12652, 14519, 13694]"
12652,13917,300.0,"[12652, 13917]"
12652,14053,1.0,"[12652, 18441, 14053]"
12652,14234,90.0,"[12652, 14234]"
12652,14234,32.0,"[12652, 19502, 14234]"
12652,14278,300.0,"[12652, 14278]"
12652,14358,177.0,"[12652, 14358]"
12652,14704,58.0,"[12652, 14704]"
12652,14736,300.0,"[12652, 14736]"
12652,15008,1.0,"[12652, 18441, 15008]"
12652,15183,1.0,"[12652, 13582, 15183]"
12652,15185,269.99999999999994,"[12652, 15185]"
12652,15185,30.00000000000004,"[12652, 16855, 15185]"
12652,15241,0.45738450925346286,"[12652, 12940, 15241]"
12652,15241,0.5426154907465371,"[12652, 10901, 15241]"
12652,15264,300.0,"[12652, 15264]"
12652,15270,234.0,"[12652, 15270]"
12652,15378,300.0,"[12652, 15378]"
12652,15483,1.0,"[12652, 18219, 15483]"
12652,15601,0.8309389178937732,"[12652, 10796, 15601]"
12652,15601,0.16906108210622683,"[12652, 13694, 15601]"
12652,15651,1.0,"[12652, 10044, 15651]"
12652,15724,105.0,"[12652, 15724]"
12652,15848,0.8120648455695137,"[12652, 13582, 15848]"
12652,15848,0.1879351544304864,"[12652, 12270, 15848]"
12652,15891,1.0,"[12652, 18441, 15891]"
12652,15948,0.0050608261050723025,"[12652, 15948]"
12652,15948,0.9949391738949277,"[12652, 13460, 15948]"
12652,16028,0.3522727272727277,"[12652, 19502, 16028]"
12652,16028,0.6477272727272723,"[12652, 15724, 16028]"
12652,16108,0.011235955056179775,"[12652, 19502, 16108]"
12652,16108,0.9848137917222942,"[12652, 11561, 16108]"
12652,16108,0.003950253221526018,"[12652, 11261, 16108]"
12652,16117,1.0,"[12652, 18441, 16117]"
12652,16339,0.9199166650007599,"[12652, 19333, 16339]"
12652,16339,0.08008333499924014,"[12652, 13694, 16339]"
12652,16683,300.0,"[12652, 16683]"
12652,16855,287.14613900259366,"[12652, 16855]"
12652,16855,1.3237699820918856,"[12652, 19502, 16855]"
12652,16855,11.530091015314444,"[12652, 18827, 16855]"
12652,16887,90.0,"[12652, 16887]"
12652,16962,300.0,"[12652, 16962]"
12652,17223,0.300827527648711,"[12652, 18411, 17223]"
12652,17223,7.682122537933608,"[12652, 11147, 17223]"
12652,17223,0.017049934432828727,"[12652, 10901, 17223]"
12652,17282,1.0,"[12652, 18441, 17282]"
12652,17464,60.0,"[12652, 13917, 17464]"
12652,17464,16.0,"[12652, 11261, 17464]"
12652,17504,47.52442511929129,"[12652, 15264, 17504]"
12652,17504,58.25871006654824,"[12652, 19333, 17504]"
12652,17504,24.863623156914407,"[12652, 19273, 17504]"
12652,17504,14.35324165724607,"[12652, 11261, 17504]"
12652,17522,0.28296208770172454,"[12652, 11261, 17522]"
12652,17522,0.7170379122982755,"[12652, 18411, 17522]"
12652,17738,1.0,"[12652, 18441, 17738]"
12652,17752,1.0,"[12652, 16855, 17752]"
12652,17781,1.0,"[12652, 19502, 17781]"
12652,18110,270.0,"[12652, 18110]"
12652,18110,30.0,"[12652, 10796, 18110]"
12652,18219,300.0,"[12652, 18219]"
12652,18411,300.0,"[12652, 18411]"
12652,18448,270.0,"[12652, 18448]"
12652,18448,7.999999999999979,"[12652, 15264, 18448]"
12652,18448,22.0,"[12652, 19134, 18448]"
12652,18542,1.0,"[12652, 18441, 18542]"
12652,18799,1.0,"[12652, 10796, 18799]"
12652,18812,1.0,"[12652, 18441, 18812]"
12652,18827,300.0,"[12652, 18827]"
12652,18941,300.0,"[12652, 18941]"
12652,19134,248.0,"[12652, 19134]"
12652,19143,1.0,"[12652, 12270, 19143]"
12652,19147,300.0,"[12652, 19147]"
12652,19239,159.0,"[12652, 19239]"
12652,19273,300.0,"[12652, 19273]"
12652,19300,1.0,"[12652, 18441, 19300]"
12652,19333,300.0,"[12652, 19333]"
12652,19430,269.99999999999994,"[12652, 19430]"
12652,19430,30.00000000000004,"[12652, 14736, 19430]"
12652,19500,1.0,"[12652, 11147, 19500]"
12652,19502,300.0,"[12652, 19502]"
12652,19785,1.0,"[12652, 18411, 19785]"
12652,19846,270.0,"[12652, 19846]"
12652,19846,30.0,"[12652, 18941, 19846]"
12652,19915,1.0,"[12652, 10301, 19915]"
12652,19971,1.0,"[12652, 18827, 19971]"
12746,11209,300.0,"[12746, 11209]"
12746,12205,0.999027235435896,"[12746, 12868, 12205]"
12746,12652,176.0,"[12746, 12652]"
12746,12868,51.0,"[12746, 12868]"
12746,13417,1.0,"[12746, 14519, 13417]"
12746,14519,28.0,"[12746, 14519]"
12746,16236,1.0,"[12746, 12868, 16236]"
12746,18812,1.0,"[12746, 12868, 18812]"
12868,10044,0.6036770715776609,"[12868, 15483, 10044]"
12868,10044,0.39632292842233907,"[12868, 12270, 10044]"
12868,10177,1.0,"[12868, 14704, 10177]"
12868,10269,298.382941920338,"[12868, 10269]"
12868,10269,1.617058079662005,"[12868, 13088, 10269]"
12868,10301,1.0,"[12868, 12652, 10301]"
12868,10316,1.0,"[12868, 16236, 10316]"
12868,10326,53.375,"[12868, 11853, 10326]"
12868,10326,59.480877489484314,"[12868, 11189, 10326]"
12868,10326,7.144122510515687,"[12868, 10955, 10326]"
12868,10326,180.0,"[12868, 14704, 10326]"
12868,10568,0.9885870093611192,"[12868, 16236, 10568]"
12868,10568,0.011412990638880785,"[12868, 10796, 10568]"
12868,10657,14.0,"[12868, 10657]"
12868,10705,4.733259521420191,"[12868, 13237, 10705]"
12868,10705,9.177562224201061,"[12868, 18441, 10705]"
12868,10705,1.0891782543787476,"[12868, 14060, 10705]"
12868,10748,0.2871768110957065,"[12868, 18441, 10748]"
12868,10748,0.7127859588222307,"[12868, 18219, 10748]"
12868,10796,280.21724373745224,"[12868, 10796]"
12868,10796,2.372711355737964,"[12868, 16117, 10796]"
12868,10796,17.410044906809787,"[12868, 15948, 10796]"
12868,10867,72.0,"[12868, 10867]"
12868,10901,1.0,"[12868, 16236, 10901]"
12868,10955,273.5720612552578,"[12868, 10955]"
12868,10955,26.42793874474223,"[12868, 10269, 10955]"
12868,10963,1.0,"[12868, 10657, 10963]"
12868,10985,300.0,"[12868, 10985]"
12868,11022,300.0,"[12868, 11022]"
12868,11147,1.0,"[12868, 13088, 11147]"
12868,11163,1.0,"[12868, 15483, 11163]"
12868,11181,30.0,"[12868, 11181]"
12868,11189,300.0,"[12868, 11189]"
12868,11200,0.04935586749476801,"[12868, 14736, 11200]"
12868,11200,0.9506441325052319,"[12868, 18441, 11200]"
12868,11209,275.00000000000006,"[12868, 11209]"
12868,11209,9.999999999999947,"[12868, 18441, 11209]"
12868,11261,1.0,"[12868, 16236, 11261]"
12868,11455,300.0,"[12868, 11455]"
12868,11466,269.99999999999994,"[12868, 11466]"
12868,11466,4.3565608284557555,"[12868, 15483, 11466]"
12868,11466,25.643439171544284,"[12868, 13694, 11466]"
12868,11561,156.0,"[12868, 11561]"
12868,11853,300.0,"[12868, 11853]"
12868,12216,0.04812689425110582,"[12868, 15483, 12216]"
12868,12216,0.043663663828303605,"[12868, 10796, 12216]"
12868,12216,0.9082094419205241,"[12868, 12270, 12216]"
12868,12270,140.0,"[12868, 12270]"
12868,12352,1.0,"[12868, 13088, 12352]"
12868,12355,270.0,"[12868, 12355]"
12868,12355,12.000000000000007,"[12868, 13582, 12355]"
12868,12369,270.0,"[12868, 12369]"
12868,12369,30.0,"[12868, 13088, 12369]"
12868,12562,270.0,"[12868, 12562]"
12868,12562,4.98385651412962,"[12868, 16117, 12562]"
12868,12562,25.01614348587038,"[12868, 10269, 12562]"
12868,12633,84.69939943008856,"[12868, 14704, 12633]"
12868,12633,50.15596512453925,"[12868, 11455, 12633]"
12868,12633,148.1446354453722,"[12868, 19430, 12633]"
12868,12633,17.0,"[12868, 10867, 12633]"
12868,12652,97.0,"[12868, 12652]"
12868,12746,300.0,"[12868, 12746]"
12868,12940,10.0,"[12868, 13582, 12940]"
12868,13073,0.06350184786889852,"[12868, 14060, 13073]"
12868,13073,0.9364981521311014,"[12868, 18441, 13073]"
12868,13088,49.0,"[12868, 13088]"
12868,13100,1.0,"[12868, 16117, 13100]"
12868,13165,270.00000000000006,"[12868, 13165]"
12868,13165,2.3726863253811947,"[12868, 13582, 13165]"
12868,13165,7.688680920075384,"[12868, 12652, 13165]"
12868,13165,13.232750401602246,"[12868, 10796, 13165]"
12868,13165,6.705882352941135,"[12868, 14519, 13165]"
12868,13170,0.012554686523627503,"[12868, 13170]"
12868,13170,0.8134549111253154,"[12868, 18441, 13170]"
12868,13170,0.17399040235105712,"[12868, 18219, 13170]"
12868,13237,300.0,"[12868, 13237]"
12868,13454,90.0,"[12868, 13454]"
12868,13454,7.999999999999993,"[12868, 12270, 13454]"
12868,13460,1.0,"[12868, 12746, 13460]"
12868,13563,1.0,"[12868, 15891, 13563]"
12868,13582,103.0,"[12868, 13582]"
12868,13665,0.9887640449438202,"[12868, 15724, 13665]"
12868,13665,0.011235955056179775,"[12868, 12270, 13665]"
12868,13694,0.31852018507555335,"[12868, 13694]"
12868,13694,0.6814798149244466,"[12868, 14519, 13694]"
12868,13917,1.0,"[12868, 15483, 13917]"
12868,14053,270.5,"[12868, 14053]"
12868,14053,29.5,"[12868, 18441, 14053]"
12868,14234,270.0,"[12868, 14234]"
12868,14234,12.250383222120174,"[12868, 10985, 14234]"
12868,14234,17.749616777879826,"[12868, 15483, 14234]"
12868,14278,270.1522015998382,"[12868, 14278]"
12868,14278,22.847798400161835,"[12868, 14736, 14278]"
12868,14358,1.0,"[12868, 15483, 14358]"
12868,14704,1.0,"[12868, 14704]"
12868,14736,277.0,"[12868, 14736]"
12868,15008,0.010182937953491145,"[12868, 15008]"
12868,15008,0.9898170620465089,"[12868, 18441, 15008]"
12868,15183,1.0,"[12868, 13088, 15183]"
12868,15185,270.0,"[12868, 15185]"
12868,15185,11.73341192039807,"[12868, 11022, 15185]"
12868,15185,0.9999999999999857,"[12868, 10985, 15185]"
12868,15185,13.54730473548994,"[12868, 13582, 15185]"
12868,15185,3.719283344112003,"[12868, 12270, 15185]"
12868,15241,269.99999999999994,"[12868, 15241]"
12868,15241,24.583350214493514,"[12868, 13582, 15241]"
12868,15241,5.416649785506527,"[12868, 13088, 15241]"
12868,15264,90.0,"[12868, 15264]"
12868,15264,4.999999999999999,"[12868, 12270, 15264]"
12868,15270,1.0,"[12868, 19785, 15270]"
12868,15378,1.0,"[12868, 18441, 15378]"
12868,15483,300.0,"[12868, 15483]"
12868,15601,1.0,"[12868, 18812, 15601]"
12868,15651,1.0,"[12868, 10657, 15651]"
12868,15724,2.801008330351589,"[12868, 15724]"
12868,15724,0.2923076923076923,"[12868, 14736, 15724]"
12868,15724,4.255315620214748,"[12868, 14519, 15724]"
12868,15724,11.65136835712597,"[12868, 15948, 15724]"
12868,15848,270.0,"[12868, 15848]"
12868,15848,0.8108108108108111,"[12868, 13582, 15848]"
12868,15848,12.650895599306388,"[12868, 19333, 15848]"
12868,15848,16.5382935898828,"[12868, 12270, 15848]"
12868,15891,12.12989507459131,"[12868, 15891]"
12868,15891,0.8701049254086906,"[12868, 14060, 15891]"
12868,15948,63.0,"[12868, 15948]"
12868,16028,0.010473993909987411,"[12868, 13582, 16028]"
12868,16028,0.9895260060900126,"[12868, 18219, 16028]"
12868,16108,180.0,"[12868, 16108]"
12868,16108,4.999999999999998,"[12868, 15483, 16108]"
12868,16117,300.0,"[12868, 16117]"
12868,16339,1.0,"[12868, 19333, 16339]"
12868,16683,0.020785798807568936,"[12868, 18219, 16683]"
12868,16683,0.9792142011924311,"[12868, 15724, 16683]"
12868,16855,1.0,"[12868, 16236, 16855]"
12868,16887,1.0,"[12868, 11561, 16887]"
12868,16962,90.0,"[12868, 16962]"
12868,16962,1.519363575146663,"[12868, 18812, 16962]"
12868,16962,5.480636424853342,"[12868, 16117, 16962]"
12868,17223,0.9886363636363636,"[12868, 18812, 17223]"
12868,17223,0.011363636363636364,"[12868, 19785, 17223]"
12868,17282,159.0,"[12868, 17282]"
12868,17464,1.0,"[12868, 11455, 17464]"
12868,17504,14.066131002171161,"[12868, 11022, 17504]"
12868,17504,112.98369242140697,"[12868, 19430, 17504]"
12868,17504,25.14285714285711,"[12868, 19273, 17504]"
12868,17504,5.8073194335647615,"[12868, 15483, 17504]"
12868,17522,1.0,"[12868, 15483, 17522]"
12868,17738,1.0,"[12868, 18441, 17738]"
12868,17752,1.0,"[12868, 11561, 17752]"
12868,17781,1.0,"[12868, 16236, 17781]"
12868,18110,270.0,"[12868, 18110]"
12868,18110,12.505855945834751,"[12868, 18812, 18110]"
12868,18110,10.494144054165249,"[12868, 16117, 18110]"
12868,18219,71.0,"[12868, 18219]"
12868,18411,1.0,"[12868, 10796, 18411]"
12868,18448,90.0,"[12868, 18448]"
12868,18448,32.5458709505416,"[12868, 11022, 18448]"
12868,18448,29.4541290494584,"[12868, 10985, 18448]"
12868,18542,0.4102200521014926,"[12868, 18441, 18542]"
12868,18542,0.5897799478985074,"[12868, 14060, 18542]"
12868,18799,1.0,"[12868, 10796, 18799]"
12868,18812,300.0,"[12868, 18812]"
12868,18827,1.0,"[12868, 18812, 18827]"
12868,18941,1.0,"[12868, 15724, 18941]"
12868,19134,270.0,"[12868, 19134]"
12868,19134,21.844372066054923,"[12868, 10985, 19134]"
12868,19134,8.155627933945077,"[12868, 15483, 19134]"
12868,19143,80.0,"[12868, 19143]"
12868,19147,180.0,"[12868, 19147]"
12868,19147,2.8184614960066403,"[12868, 10985, 19147]"
12868,19147,5.1815385039933455,"[12868, 15724, 19147]"
12868,19239,180.0,"[12868, 19239]"
12868,19239,0.1483733281708188,"[12868, 18812, 19239]"
12868,19239,2.693338346017558,"[12868, 16236, 19239]"
12868,19239,2.1582883258116214,"[12868, 10796, 19239]"
12868,19273,300.0,"[12868, 19273]"
12868,19300,180.89743589743588,"[12868, 19300]"
12868,19300,3.102564102564117,"[12868, 14060, 19300]"
12868,19333,255.0,"[12868, 19333]"
12868,19430,300.0,"[12868, 19430]"
12868,19500,1.0,"[12868, 19300, 19500]"
12868,19502,270.0,"[12868, 19502]"
12868,19502,3.855651934546419,"[12868, 18812, 19502]"
12868,19502,14.144348065453581,"[12868, 18219, 19502]"
12868,19785,0.011363636363636364,"[12868, 19785]"
12868,19785,0.8834646002788279,"[12868, 15948, 19785]"
12868,19785,0.10517176335753575,"[12868, 18812, 19785]"
12868,19846,270.0,"[12868, 19846]"
12868,19846,13.675373919914545,"[12868, 13582, 19846]"
12868,19846,16.324626080085512,"[12868, 11561, 19846]"
12868,19915,176.0,"[12868, 19915]"
12868,19971,90.0,"[12868, 19971]"
12868,19971,4.000000000000012,"[12868, 11561, 19971]"
12940,10044,1.0,"[12940, 12616, 10044]"
12940,10177,10.482468523364009,"[12940, 17223, 10177]"
12940,10177,1.714725146859772,"[12940, 18149, 10177]"
12940,10177,57.37499999999977,"[12940, 19239, 10177]"
12940,10177,21.427806329776445,"[12940, 12205, 10177]"
12940,10269,161.0,"[12940, 10269]"
12940,10301,1.0,"[12940, 19785, 10301]"
12940,10316,300.0,"[12940, 10316]"
12940,10326,27.612266062287866,"[12940, 17223, 10326]"
12940,10326,80.38773393771214,"[12940, 10375, 10326]"
12940,10326,52.0,"[12940, 12562, 10326]"
12940,10568,2.738200050274969,"[12940, 10568]"
12940,10568,14.261799949725031,"[12940, 18411, 10568]"
12940,10657,300.0,"[12940, 10657]"
12940,10705,300.0,"[12940, 10705]"
12940,10748,0.06713494447086932,"[12940, 13460, 10748]"
12940,10748,0.9328526455018287,"[12940, 12352, 10748]"
12940,10796,118.0,"[12940, 10796]"
12940,10867,1.0,"[12940, 19915, 10867]"
12940,10901,1.0,"[12940, 19500, 10901]"
12940,10916,1.0,"[12940, 15601, 10916]"
12940,10955,1.0,"[12940, 10269, 10955]"
12940,10963,180.0,"[12940, 10963]"
12940,10963,10.999999999999988,"[12940, 13555, 10963]"
12940,10985,0.5368416430114638,"[12940, 18812, 10985]"
12940,10985,0.40481517786112103,"[12940, 14736, 10985]"
12940,10985,0.05834317912741522,"[12940, 15948, 10985]"
12940,11022,0.6592054540385581,"[12940, 13460, 11022]"
12940,11022,0.3407945459614419,"[12940, 12868, 11022]"
12940,11147,1.0,"[12940, 13088, 11147]"
12940,11163,1.0,"[12940, 12616, 11163]"
12940,11181,0.014106000129689458,"[12940, 13460, 11181]"
12940,11181,0.9858939998703106,"[12940, 12352, 11181]"
12940,11189,180.1642294605963,"[12940, 11189]"
12940,11189,14.835770539403711,"[12940, 19915, 11189]"
12940,11200,0.2865539958594934,"[12940, 13460, 11200]"
12940,11200,0.7134460041405066,"[12940, 14736, 11200]"
12940,11209,1.0,"[12940, 15948, 11209]"
12940,11261,180.0,"[12940, 11261]"
12940,11261,17.0,"[12940, 12616, 11261]"
12940,11455,298.9852096513385,"[12940, 11455]"
12940,11455,1.0147903486614833,"[12940, 14736, 11455]"
12940,11466,269.99999999999994,"[12940, 11466]"
12940,11466,22.0,"[12940, 19502, 11466]"
12940,11466,8.000000000000039,"[12940, 10568, 11466]"
12940,11561,300.0,"[12940, 11561]"
12940,11853,243.0,"[12940, 11853]"
12940,12216,0.30850590103673525,"[12940, 10796, 12216]"
12940,12216,0.5519592152423346,"[12940, 18411, 12216]"
12940,12216,0.1395348837209301,"[12940, 13555, 12216]"
12940,12270,159.0,"[12940, 12270]"
12940,12352,271.4575427457387,"[12940, 12352]"
12940,12352,13.112844556891817,"[12940, 13088, 12352]"
12940,12352,15.42961269736947,"[12940, 10269, 12352]"
12940,12355,270.0,"[12940, 12355]"
12940,12355,29.999999999999876,"[12940, 12973, 12355]"
12940,12369,300.0,"[12940, 12369]"
12940,12562,218.0,"[12940, 12562]"
12940,12633,30.000000000000014,"[12940, 17223, 12633]"
12940,12633,222.8552571352435,"[12940, 18149, 12633]"
12940,12633,17.144742864756523,"[12940, 10316, 12633]"
12940,12633,29.99999999999997,"[12940, 10375, 12633]"
12940,12652,61.0,"[12940, 12652]"
12940,12746,1.0,"[12940, 14060, 12746]"
12940,12868,271.1090712095633,"[12940, 12868]"
12940,12868,22.630660656512976,"[12940, 14736, 12868]"
12940,12868,6.2602681339237165,"[12940, 13460, 12868]"
12940,13073,300.0,"[12940, 13073]"
12940,13088,211.42961269736946,"[12940, 13088]"
12940,13088,2.5703873026305306,"[12940, 10269, 13088]"
12940,13100,1.0,"[12940, 13694, 13100]"
12940,13165,270.0,"[12940, 13165]"
12940,13165,23.594324431746703,"[12940, 10796, 13165]"
12940,13165,6.405675568253296,"[12940, 13694, 13165]"
12940,13170,300.0,"[12940, 13170]"
12940,13237,0.01372249376085514,"[12940, 14060, 13237]"
12940,13237,0.9862775062391449,"[12940, 14736, 13237]"
12940,13417,300.0,"[12940, 13417]"
12940,13454,7.557616287485193,"[12940, 13460, 13454]"
12940,13454,13.442383712514808,"[12940, 12270, 13454]"
12940,13460,300.0,"[12940, 13460]"
12940,13563,90.00000000000021,"[12940, 13563]"
12940,13563,22.470918920937386,"[12940, 14425, 13563]"
12940,13563,0.5290810790624015,"[12940, 12270, 13563]"
12940,13582,180.0864993024354,"[12940, 13582]"
12940,13582,2.101962460497122,"[12940, 19785, 13582]"
12940,13582,0.8115382370674756,"[12940, 15948, 13582]"
12940,13665,270.0,"[12940, 13665]"
12940,13665,30.0,"[12940, 12616, 13665]"
12940,13694,300.00000000000045,"[12940, 13694]"
12940,13917,0.4186046511627902,"[12940, 13555, 13917]"
12940,13917,0.019810508182601206,"[12940, 14425, 13917]"
12940,13917,0.5368934826299172,"[12940, 12973, 13917]"
12940,13917,0.024691358024691357,"[12940, 19785, 13917]"
12940,14053,1.0,"[12940, 12868, 14053]"
12940,14234,90.0,"[12940, 14234]"
12940,14234,3.1138707922924835,"[12940, 10568, 14234]"
12940,14234,6.886129207707517,"[12940, 14425, 14234]"
12940,14278,1.0,"[12940, 14736, 14278]"
12940,14358,270.00000000000006,"[12940, 14358]"
12940,14358,29.000000000000178,"[12940, 11561, 14358]"
12940,14358,0.9999999999997833,"[12940, 15483, 14358]"
12940,14704,86.0,"[12940, 14704]"
12940,14736,224.0,"[12940, 14736]"
12940,15008,1.0,"[12940, 14060, 15008]"
12940,15183,1.0,"[12940, 13088, 15183]"
12940,15185,0.7623875248932364,"[12940, 13582, 15185]"
12940,15185,0.11363636363636355,"[12940, 15601, 15185]"
12940,15185,0.1239761114704001,"[12940, 12270, 15185]"
12940,15241,275.2667288182139,"[12940, 15241]"
12940,15241,24.73327118178609,"[12940, 19500, 15241]"
12940,15264,269.0,"[12940, 15264]"
12940,15270,1.0,"[12940, 19785, 15270]"
12940,15378,0.9778012684989429,"[12940, 13582, 15378]"
12940,15378,0.02219873150105708,"[12940, 18411, 15378]"
12940,15483,280.30675822664375,"[12940, 15483]"
12940,15483,19.693241773356245,"[12940, 13460, 15483]"
12940,15601,300.0,"[12940, 15601]"
12940,15651,0.644282364770581,"[12940, 10568, 15651]"
12940,15651,0.355717635229419,"[12940, 10657, 15651]"
12940,15724,0.195121951219512,"[12940, 13460, 15724]"
12940,15724,0.1354810274084415,"[12940, 15948, 15724]"
12940,15724,0.6693970213720465,"[12940, 12868, 15724]"
12940,15848,0.8120648455695136,"[12940, 14425, 15848]"
12940,15848,0.1879351544304864,"[12940, 12270, 15848]"
12940,15891,136.0,"[12940, 15891]"
12940,15948,237.0,"[12940, 15948]"
12940,16028,0.34105342604842387,"[12940, 16028]"
12940,16028,0.6589465739515761,"[12940, 12616, 16028]"
12940,16108,1.0,"[12940, 15483, 16108]"
12940,16117,1.0,"[12940, 15948, 16117]"
12940,16339,1.0,"[12940, 13694, 16339]"
12940,16683,216.0,"[12940, 16683]"
12940,16855,1.0,"[12940, 12616, 16855]"
12940,16887,1.0,"[12940, 13555, 16887]"
12940,16962,42.0,"[12940, 16962]"
12940,17223,18.0,"[12940, 17223]"
12940,17282,0.08235294117647061,"[12940, 14060, 17282]"
12940,17282,0.9176470588235294,"[12940, 13460, 17282]"
12940,17464,45.430017717896646,"[12940, 18149, 17464]"
12940,17464,7.651668836127433,"[12940, 16683, 17464]"
12940,17464,62.03165505204057,"[12940, 18110, 17464]"
12940,17464,26.977528089887656,"[12940, 18799, 17464]"
12940,17464,9.916638114667991,"[12940, 12205, 17464]"
12940,17464,34.0,"[12940, 17522, 17464]"
12940,17464,30.353754918309725,"[12940, 16028, 17464]"
12940,17464,20.0,"[12940, 16962, 17464]"
12940,17464,49.83691576622013,"[12940, 11455, 17464]"
12940,17464,13.801821504849851,"[12940, 13694, 17464]"
12940,17504,6.415329052969469,"[12940, 18799, 17504]"
12940,17504,58.655555555555566,"[12940, 12205, 17504]"
12940,17504,27.0,"[12940, 16962, 17504]"
12940,17504,10.313027153668875,"[12940, 19333, 17504]"
12940,17504,180.0,"[12940, 14425, 17504]"
12940,17504,17.616088237806096,"[12940, 15483, 17504]"
12940,17522,146.0,"[12940, 17522]"
12940,17738,300.0,"[12940, 17738]"
12940,17752,270.00000000000017,"[12940, 17752]"
12940,17752,29.999999999999822,"[12940, 11561, 17752]"
12940,17781,0.3686301930609898,"[12940, 18411, 17781]"
12940,17781,0.6313698069390101,"[12940, 19915, 17781]"
12940,18110,13.0,"[12940, 18110]"
12940,18219,0.6938463391193455,"[12940, 18411, 18219]"
12940,18219,0.3061536608806546,"[12940, 14060, 18219]"
12940,18411,211.0,"[12940, 18411]"
12940,18448,32.20701440874901,"[12940, 14425, 18448]"
12940,18448,40.00860389269388,"[12940, 12973, 18448]"
12940,18448,3.7843816985571115,"[12940, 12270, 18448]"
12940,18542,0.2948899739492537,"[12940, 14060, 18542]"
12940,18542,0.7051100260507464,"[12940, 19915, 18542]"
12940,18799,145.0,"[12940, 18799]"
12940,18812,51.0,"[12940, 18812]"
12940,18827,1.0,"[12940, 10705, 18827]"
12940,18941,90.0,"[12940, 18941]"
12940,18941,2.0,"[12940, 19785, 18941]"
12940,19134,1.0,"[12940, 11561, 19134]"
12940,19143,1.0,"[12940, 12616, 19143]"
12940,19147,1.0,"[12940, 13694, 19147]"
12940,19239,300.0,"[12940, 19239]"
12940,19273,1.0,"[12940, 15948, 19273]"
12940,19300,0.39790819922456827,"[12940, 14060, 19300]"
12940,19300,0.6020918007754317,"[12940, 14736, 19300]"
12940,19333,275.65089559930635,"[12940, 19333]"
12940,19333,24.34910440069365,"[12940, 13460, 19333]"
12940,19430,270.0,"[12940, 19430]"
12940,19430,5.005362443603319,"[12940, 14736, 19430]"
12940,19430,24.994637556396682,"[12940, 15948, 19430]"
12940,19500,151.0,"[12940, 19500]"
12940,19502,68.0,"[12940, 19502]"
12940,19785,44.0,"[12940, 19785]"
12940,19846,1.0,"[12940, 13694, 19846]"
12940,19915,283.3950338354162,"[12940, 19915]"
12940,19915,16.604966164583786,"[12940, 13088, 19915]"
12940,19971,1.0,"[12940, 12616, 19971]"
12973,14234,270.5,"[12973, 14234]"
12973,14234,0.5000000000000533,"[12973, 15976, 14234]"
12973,14234,28.999999999999947,"[12973, 12355, 14234]"
12973,14425,0.006101062302612696,"[12973, 13917, 14425]"
12973,14425,0.9938989376973874,"[12973, 13417, 14425]"
13073,12652,300.0,"[13073, 12652]"
13088,11147,300.0,"[13088, 11147]"
13088,12352,64.0,"[13088, 12352]"
13088,15183,300.0,"[13088, 15183]"
13100,18812,1.0,"[13100, 10985, 18812]"
13100,19147,0.9132167841816672,"[13100, 15483, 19147]"
13100,19147,0.08678321581833272,"[13100, 10985, 19147]"
13165,10044,1.0,"[13165, 16855, 10044]"
13165,11209,300.0,"[13165, 11209]"
13165,12205,270.0,"[13165, 12205]"
13165,12205,29.0,"[13165, 19785, 12205]"
13165,12205,1.0,"[13165, 13555, 12205]"
13165,12352,0.3258426966292135,"[13165, 19785, 12352]"
13165,12352,0.6741573033707865,"[13165, 18827, 12352]"
13165,12652,1.0,"[13165, 12868, 12652]"
13165,12868,166.0,"[13165, 12868]"
13165,13417,1.0,"[13165, 13555, 13417]"
13165,13555,27.0,"[13165, 13555]"
13165,13989,1.0,"[13165, 13989]"
13165,14519,243.0,"[13165, 14519]"
13165,15008,1.0,"[13165, 13555, 15008]"
13165,16028,300.0,"[13165, 16028]"
13165,16117,1.0,"[13165, 12868, 16117]"
13165,16236,300.0,"[13165, 16236]"
13165,16855,300.0,"[13165, 16855]"
13165,18827,84.0,"[13165, 18827]"
13170,11209,300.0,"[13170, 11209]"
13170,12652,1.0,"[13170, 12868, 12652]"
13170,12868,300.0,"[13170, 12868]"
13170,13417,300.0,"[13170, 13417]"
13170,13509,0.6691729323308274,"[13170, 15008, 13509]"
13170,13509,0.3308270676691726,"[13170, 18441, 13509]"
13170,15008,0.007518796992481207,"[13170, 15008]"
13170,15008,0.9924812030075187,"[13170, 18441, 15008]"
13170,16117,1.0,"[13170, 12868, 16117]"
13170,16236,1.0,"[13170, 18441, 16236]"
13237,17282,205.0,"[13237, 17282]"
13417,10044,294.754347525779,"[13417, 10044]"
13417,10044,5.24565247422101,"[13417, 17781, 10044]"
13417,10177,60.0,"[13417, 15077, 10177]"
13417,10177,2.0,"[13417, 19239, 10177]"
13417,10269,1.0,"[13417, 13088, 10269]"
13417,10301,0.20224538685985963,"[13417, 19785, 10301]"
13417,10301,7.79775461314014,"[13417, 19915, 10301]"
13417,10316,177.0,"[13417, 10316]"
13417,10326,60.0,"[13417, 14278, 10326]"
13417,10326,60.0,"[13417, 17738, 10326]"
13417,10326,60.0,"[13417, 15378, 10326]"
13417,10326,12.398959696493094,"[13417, 17223, 10326]"
13417,10326,10.645091402313172,"[13417, 16683, 10326]"
13417,10326,49.955948901193736,"[13417, 19239, 10326]"
13417,10326,1.0,"[13417, 12562, 10326]"
13417,10568,1.0,"[13417, 17781, 10568]"
13417,10657,300.0,"[13417, 10657]"
13417,10705,300.0,"[13417, 10705]"
13417,10748,1.0,"[13417, 18441, 10748]"
13417,10796,0.9883720930232558,"[13417, 12940, 10796]"
13417,10796,0.011627906976744186,"[13417, 19785, 10796]"
13417,10867,223.0,"[13417, 10867]"
13417,10901,0.28027975258490573,"[13417, 10901]"
13417,10901,0.1019024495830764,"[13417, 11147, 10901]"
13417,10901,0.6178177978285428,"[13417, 19785, 10901]"
13417,10955,0.871835965487831,"[13417, 11147, 10955]"
13417,10955,0.12816403451216898,"[13417, 10901, 10955]"
13417,10963,90.0,"[13417, 10963]"
13417,10963,0.4796644162776673,"[13417, 13165, 10963]"
13417,10963,0.21923030421257647,"[13417, 19785, 10963]"
13417,10963,10.301105279509759,"[13417, 13555, 10963]"
13417,10985,300.0,"[13417, 10985]"
13417,11022,300.0,"[13417, 11022]"
13417,11147,180.2640659587939,"[13417, 11147]"
13417,11147,0.7359340412060815,"[13417, 10901, 11147]"
13417,11163,158.0,"[13417, 11163]"
13417,11181,213.0,"[13417, 11181]"
13417,11189,1.0,"[13417, 19915, 11189]"
13417,11200,1.0,"[13417, 13460, 11200]"
13417,11209,300.0,"[13417, 11209]"
13417,11261,300.0,"[13417, 11261]"
13417,11455,1.0,"[13417, 14736, 11455]"
13417,11466,25.0,"[13417, 17516, 11466]"
13417,11561,271.0,"[13417, 11561]"
13417,11561,29.0,"[13417, 18827, 11561]"
13417,11853,1.0,"[13417, 12868, 11853]"
13417,12216,0.9776019207082989,"[13417, 18827, 12216]"
13417,12216,0.022398079291701133,"[13417, 19785, 12216]"
13417,12270,0.022727272727272728,"[13417, 15724, 12270]"
13417,12270,0.9772727272727273,"[13417, 13460, 12270]"
13417,12352,201.0,"[13417, 12352]"
13417,12355,1.0,"[13417, 13917, 12355]"
13417,12369,270.45572177860197,"[13417, 12369]"
13417,12369,29.544278221398027,"[13417, 19915, 12369]"
13417,12562,81.0,"[13417, 12562]"
13417,12633,1.0,"[13417, 16683, 12633]"
13417,12652,1.0,"[13417, 18441, 12652]"
13417,12746,72.0,"[13417, 12746]"
13417,12868,250.0,"[13417, 12868]"
13417,12940,300.0,"[13417, 12940]"
13417,13073,1.0,"[13417, 18441, 13073]"
13417,13088,255.0,"[13417, 13088]"
13417,13100,1.0,"[13417, 15724, 13100]"
13417,13165,68.0,"[13417, 13165]"
13417,13170,220.0,"[13417, 13170]"
13417,13237,300.0,"[13417, 13237]"
13417,13454,300.0,"[13417, 13454]"
13417,13460,300.0,"[13417, 13460]"
13417,13563,1.0,"[13417, 15891, 13563]"
13417,13582,1.0,"[13417, 15948, 13582]"
13417,13665,269.99999999999994,"[13417, 13665]"
13417,13665,17.82169725081592,"[13417, 17516, 13665]"
13417,13665,12.17830274918412,"[13417, 19915, 13665]"
13417,13694,1.0,"[13417, 12940, 13694]"
13417,13840,0.837015528342381,"[13417, 12352, 13840]"
13417,13840,0.16298447165761898,"[13417, 13088, 13840]"
13417,13917,67.0,"[13417, 13917]"
13417,14053,149.0,"[13417, 14053]"
13417,14234,17.34157594733719,"[13417, 19502, 14234]"
13417,14234,27.794976498773757,"[13417, 17516, 14234]"
13417,14234,6.863447553889054,"[13417, 14425, 14234]"
13417,14278,300.0,"[13417, 14278]"
13417,14358,180.0,"[13417, 14358]"
13417,14358,1.1780891230487003,"[13417, 19502, 14358]"
13417,14358,2.821910876951299,"[13417, 11022, 14358]"
13417,14519,1.0,"[13417, 18441, 14519]"
13417,14704,1.0,"[13417, 12868, 14704]"
13417,14736,0.16654182272159834,"[13417, 14736]"
13417,14736,0.8334581772784017,"[13417, 12868, 14736]"
13417,15008,300.0,"[13417, 15008]"
13417,15183,300.0,"[13417, 15183]"
13417,15185,90.0,"[13417, 15185]"
13417,15185,42.0,"[13417, 10044, 15185]"
13417,15241,216.0,"[13417, 15241]"
13417,15264,0.21208008551107738,"[13417, 13460, 15264]"
13417,15264,0.7879199144889226,"[13417, 18827, 15264]"
13417,15270,0.08855644279605338,"[13417, 19785, 15270]"
13417,15270,0.9114435572039439,"[13417, 12369, 15270]"
13417,15378,300.0,"[13417, 15378]"
13417,15483,0.6436781609195398,"[13417, 13460, 15483]"
13417,15483,0.3563218390804602,"[13417, 15724, 15483]"
13417,15601,1.0,"[13417, 13555, 15601]"
13417,15651,48.0,"[13417, 15651]"
13417,15724,10.0,"[13417, 15724]"
13417,15848,1.0,"[13417, 19915, 15848]"
13417,15891,300.0,"[13417, 15891]"
13417,15948,0.011235955056179775,"[13417, 15948]"
13417,15948,0.9887640449438202,"[13417, 12868, 15948]"
13417,16028,90.0,"[13417, 16028]"
13417,16028,10.999999999999995,"[13417, 17781, 16028]"
13417,16108,269.99999999999994,"[13417, 16108]"
13417,16108,21.52033558372233,"[13417, 13165, 16108]"
13417,16108,8.47966441627771,"[13417, 19915, 16108]"
13417,16117,1.0,"[13417, 18441, 16117]"
13417,16339,90.0,"[13417, 16339]"
13417,16339,15.264138195035736,"[13417, 14053, 16339]"
13417,16339,28.622748772030032,"[13417, 18799, 16339]"
13417,16339,5.113113032934232,"[13417, 10044, 16339]"
13417,16683,130.0,"[13417, 16683]"
13417,16855,270.0,"[13417, 16855]"
13417,16855,23.577082289658097,"[13417, 18827, 16855]"
13417,16855,6.422917710341903,"[13417, 17781, 16855]"
13417,16887,1.0,"[13417, 13555, 16887]"
13417,16962,300.0,"[13417, 16962]"
13417,17223,276.19947984824654,"[13417, 17223]"
13417,17223,23.800520151753453,"[13417, 10901, 17223]"
13417,17282,211.0,"[13417, 17282]"
13417,17464,25.64789221164564,"[13417, 16683, 17464]"
13417,17464,210.0,"[13417, 15077, 17464]"
13417,17464,6.214600265970873,"[13417, 19273, 17464]"
13417,17464,21.438749046882435,"[13417, 13454, 17464]"
13417,17464,1.671738048770088,"[13417, 11022, 17464]"
13417,17464,22.0,"[13417, 13917, 17464]"
13417,17464,13.027020426730978,"[13417, 11261, 17464]"
13417,17504,106.12448434955365,"[13417, 19273, 17504]"
13417,17504,31.377251227969968,"[13417, 18799, 17504]"
13417,17504,18.528207379164066,"[13417, 11022, 17504]"
13417,17504,60.0,"[13417, 16962, 17504]"
13417,17504,16.972979573268983,"[13417, 11261, 17504]"
13417,17504,21.999999999999993,"[13417, 11163, 17504]"
13417,17504,29.00000000000003,"[13417, 10985, 17504]"
13417,17504,15.997077470043308,"[13417, 15651, 17504]"
13417,17522,0.1382146660619074,"[13417, 13555, 17522]"
13417,17522,0.8568386303889003,"[13417, 19785, 17522]"
13417,17522,0.004946703549192219,"[13417, 17781, 17522]"
13417,17738,300.0,"[13417, 17738]"
13417,17752,1.0,"[13417, 11561, 17752]"
13417,17781,230.0,"[13417, 17781]"
13417,17789,1.0,"[13417, 18441, 17789]"
13417,18110,90.0,"[13417, 18110]"
13417,18110,5.665200644855906,"[13417, 19785, 18110]"
13417,18110,4.334799355144094,"[13417, 12940, 18110]"
13417,18219,1.0,"[13417, 18441, 18219]"
13417,18411,0.9707192326318196,"[13417, 12940, 18411]"
13417,18411,0.02928076736818045,"[13417, 19785, 18411]"
13417,18448,90.0,"[13417, 18448]"
13417,18448,36.97814369511455,"[13417, 11022, 18448]"
13417,18448,8.01893377492879,"[13417, 14425, 18448]"
13417,18448,30.99999999999997,"[13417, 10985, 18448]"
13417,18448,26.00292252995669,"[13417, 15651, 18448]"
13417,18542,283.0,"[13417, 18542]"
13417,18799,300.0,"[13417, 18799]"
13417,18812,1.0,"[13417, 18441, 18812]"
13417,18827,113.0,"[13417, 18827]"
13417,18941,0.9073958751446819,"[13417, 18827, 18941]"
13417,18941,0.09260412485531809,"[13417, 15724, 18941]"
13417,19134,90.0,"[13417, 19134]"
13417,19134,22.0,"[13417, 11147, 19134]"
13417,19143,270.0,"[13417, 19143]"
13417,19143,14.131701317080324,"[13417, 15724, 19143]"
13417,19143,15.868298682919676,"[13417, 17781, 19143]"
13417,19147,269.99999999999994,"[13417, 19147]"
13417,19147,30.00000000000004,"[13417, 15724, 19147]"
13417,19239,300.0,"[13417, 19239]"
13417,19273,300.0,"[13417, 19273]"
13417,19300,300.0,"[13417, 19300]"
13417,19333,1.0,"[13417, 13460, 19333]"
13417,19430,270.0,"[13417, 19430]"
13417,19430,13.822222222222251,"[13417, 14736, 19430]"
13417,19430,16.17777777777775,"[13417, 12868, 19430]"
13417,19500,0.528131917587837,"[13417, 11147, 19500]"
13417,19500,0.19158832982725732,"[13417, 19785, 19500]"
13417,19500,0.28027975258490573,"[13417, 10901, 19500]"
13417,19502,1.0,"[13417, 19502]"
13417,19785,300.0,"[13417, 19785]"
13417,19846,269.99999999999994,"[13417, 19846]"
13417,19846,30.00000000000004,"[13417, 11261, 19846]"
13417,19915,300.0,"[13417, 19915]"
13417,19971,1.0,"[13417, 11561, 19971]"
13454,11209,1.0,"[13454, 10657, 11209]"
13460,11209,0.9632257587353985,"[13460, 13237, 11209]"
13460,11209,0.0367742412646014,"[13460, 15948, 11209]"
13460,12652,57.0,"[13460, 12652]"
13460,12868,300.0,"[13460, 12868]"
13460,13417,0.011011903990946809,"[13460, 13417]"
13460,13417,0.9889880960090531,"[13460, 14519, 13417]"
13460,13509,1.0,"[13460, 14519, 13509]"
13460,14519,0.04520427490929666,"[13460, 14519]"
13460,14519,0.9547957250907033,"[13460, 12868, 14519]"
13460,15008,0.029609502531347823,"[13460, 15008]"
13460,15008,0.9602075595151599,"[13460, 15948, 15008]"
13460,15008,0.010182937953491145,"[13460, 12868, 15008]"
13460,16236,300.0,"[13460, 16236]"
13460,19333,58.0,"[13460, 19333]"
13489,12868,300.0,"[13489, 12868]"
13489,13417,1.0,"[13489, 18441, 13417]"
13489,13509,230.0,"[13489, 13509]"
13489,14519,300.0,"[13489, 14519]"
13489,15008,1.0,"[13489, 18441, 15008]"
13489,16236,1.0,"[13489, 18441, 16236]"
13509,10044,1.0,"[13509, 16855, 10044]"
13509,10177,1.0,"[13509, 11163, 10177]"
13509,10269,157.0,"[13509, 10269]"
13509,10301,293.45876881742265,"[13509, 10301]"
13509,10301,6.541231182577367,"[13509, 19785, 10301]"
13509,10326,1.0,"[13509, 17752, 10326]"
13509,10705,300.0,"[13509, 10705]"
13509,10867,1.0,"[13509, 19915, 10867]"
13509,10901,188.26666666666668,"[13509, 10901]"
13509,10901,15.733333333333329,"[13509, 19500, 10901]"
13509,10955,1.0,"[13509, 10269, 10955]"
13509,10963,1.0,"[13509, 19785, 10963]"
13509,11022,300.0,"[13509, 11022]"
13509,11163,300.0,"[13509, 11163]"
13509,11181,300.0,"[13509, 11181]"
13509,11189,1.0,"[13509, 19915, 11189]"
13509,11200,85.0,"[13509, 11200]"
13509,11209,1.0,"[13509, 18441, 11209]"
13509,11455,300.0,"[13509, 11455]"
13509,11561,300.0,"[13509, 11561]"
13509,11853,1.0,"[13509, 19785, 11853]"
13509,12352,1.0,"[13509, 10269, 12352]"
13509,12369,300.0,"[13509, 12369]"
13509,12562,1.0,"[13509, 12369, 12562]"
13509,12633,11.787107867144798,"[13509, 17522, 12633]"
13509,12633,31.96354500850601,"[13509, 13454, 12633]"
13509,12633,28.939342608948586,"[13509, 11163, 12633]"
13509,12633,59.0,"[13509, 17752, 12633]"
13509,12633,57.3100045154006,"[13509, 14358, 12633]"
13509,12746,300.0,"[13509, 12746]"
13509,12868,0.12169589199287335,"[13509, 15948, 12868]"
13509,12868,0.8783041080071267,"[13509, 19785, 12868]"
13509,13073,43.0,"[13509, 13073]"
13509,13088,225.0,"[13509, 13088]"
13509,13237,269.0,"[13509, 13237]"
13509,13417,1.0,"[13509, 18441, 13417]"
13509,13454,300.0,"[13509, 13454]"
13509,13563,168.0,"[13509, 13563]"
13509,13582,0.6998564053294789,"[13509, 10705, 13582]"
13509,13582,0.30014359467052115,"[13509, 19785, 13582]"
13509,13636,1.0,"[13509, 13636]"
13509,14053,40.0,"[13509, 14053]"
13509,14278,300.0,"[13509, 14278]"
13509,14358,300.0,"[13509, 14358]"
13509,14704,300.0,"[13509, 14704]"
13509,14736,1.0,"[13509, 10705, 14736]"
13509,15183,300.0,"[13509, 15183]"
13509,15241,1.0,"[13509, 10901, 15241]"
13509,15270,0.36366404184945816,"[13509, 12369, 15270]"
13509,15270,0.6158540804605663,"[13509, 19785, 15270]"
13509,15270,0.02048187768997633,"[13509, 10301, 15270]"
13509,15378,112.0,"[13509, 15378]"
13509,15483,1.0,"[13509, 12746, 15483]"
13509,15651,300.0,"[13509, 15651]"
13509,15724,270.0,"[13509, 15724]"
13509,15724,1.0,"[13509, 14519, 15724]"
13509,15848,1.0,"[13509, 15651, 15848]"
13509,15891,1.0,"[13509, 18441, 15891]"
13509,15948,272.94222833856645,"[13509, 15948]"
13509,15948,5.05777166143354,"[13509, 19785, 15948]"
13509,16108,1.0,"[13509, 15651, 16108]"
13509,16117,45.0,"[13509, 16117]"
13509,16339,90.0,"[13509, 16339]"
13509,16339,2.999999999999994,"[13509, 15651, 16339]"
13509,16683,137.0,"[13509, 16683]"
13509,16855,270.5,"[13509, 16855]"
13509,16855,29.500000000000025,"[13509, 11561, 16855]"
13509,16887,288.26315642238615,"[13509, 16887]"
13509,16887,11.736843577613866,"[13509, 11561, 16887]"
13509,16962,270.0,"[13509, 16962]"
13509,16962,30.0,"[13509, 10301, 16962]"
13509,17282,1.0,"[13509, 18441, 17282]"
13509,17464,270.0,"[13509, 17464]"
13509,17464,27.3100045154006,"[13509, 11163, 17464]"
13509,17464,2.6899954845994,"[13509, 14358, 17464]"
13509,17504,270.0,"[13509, 17504]"
13509,17504,1.9479381931246742,"[13509, 11163, 17504]"
13509,17504,28.052061806875326,"[13509, 15651, 17504]"
13509,17522,300.0,"[13509, 17522]"
13509,17738,259.0,"[13509, 17738]"
13509,17752,300.0,"[13509, 17752]"
13509,18219,1.0,"[13509, 18441, 18219]"
13509,18411,1.0,"[13509, 10705, 18411]"
13509,18448,270.0,"[13509, 18448]"
13509,18448,21.0,"[13509, 15651, 18448]"
13509,18542,1.0,"[13509, 18441, 18542]"
13509,19134,0.19728531747385886,"[13509, 11561, 19134]"
13509,19134,0.8027146825261411,"[13509, 11163, 19134]"
13509,19273,0.963855421686747,"[13509, 16117, 19273]"
13509,19273,0.03614457831325301,"[13509, 15948, 19273]"
13509,19300,1.0,"[13509, 18441, 19300]"
13509,19430,270.0,"[13509, 19430]"
13509,19430,30.0,"[13509, 15948, 19430]"
13509,19500,278.26666666666665,"[13509, 19500]"
13509,19500,21.73333333333335,"[13509, 10901, 19500]"
13509,19785,300.0,"[13509, 19785]"
13509,19846,1.0,"[13509, 11561, 19846]"
13509,19915,270.99999999999994,"[13509, 19915]"
13509,19915,16.501463396111507,"[13509, 13088, 19915]"
13509,19915,12.498536603888546,"[13509, 10301, 19915]"
13509,19971,1.0,"[13509, 11561, 19971]"
13555,10044,259.0,"[13555, 10044]"
13555,10177,29.0,"[13555, 17522, 10177]"
13555,10316,0.7134820175707375,"[13555, 18827, 10316]"
13555,10316,0.008275276487109894,"[13555, 18411, 10316]"
13555,10316,0.27824270594215256,"[13555, 17781, 10316]"
13555,10326,115.0,"[13555, 13989, 10326]"
13555,10326,180.0,"[13555, 19143, 10326]"
13555,10568,0.2910243302789064,"[13555, 10568]"
13555,10568,0.7089756697210936,"[13555, 17781, 10568]"
13555,10748,300.0,"[13555, 10748]"
13555,10963,300.0,"[13555, 10963]"
13555,11163,0.71190894875828,"[13555, 10568, 11163]"
13555,11163,0.0033459590621526193,"[13555, 16855, 11163]"
13555,11163,0.2847450921795673,"[13555, 12616, 11163]"
13555,11189,269.99999999999994,"[13555, 11189]"
13555,11189,30.00000000000004,"[13555, 11147, 11189]"
13555,11209,0.018222511621355006,"[13555, 13237, 11209]"
13555,11209,0.981777488378645,"[13555, 11147, 11209]"
13555,11261,300.0,"[13555, 11261]"
13555,11466,1.0,"[13555, 19502, 11466]"
13555,11561,300.0,"[13555, 11561]"
13555,12205,86.0,"[13555, 12205]"
13555,12216,300.0,"[13555, 12216]"
13555,12270,180.0,"[13555, 12270]"
13555,12270,2.999999999999988,"[13555, 15264, 12270]"
13555,12355,270.5589324674431,"[13555, 12355]"
13555,12355,29.441067532556872,"[13555, 17010, 12355]"
13555,12633,28.999999999999943,"[13555, 13989, 12633]"
13555,12633,102.02399627093286,"[13555, 19143, 12633]"
13555,12633,1.1024658799006417,"[13555, 17522, 12633]"
13555,12633,40.87353784916657,"[13555, 13563, 12633]"
13555,12868,270.0,"[13555, 12868]"
13555,12868,27.918012778160076,"[13555, 16683, 12868]"
13555,12868,1.0792280952515358,"[13555, 15601, 12868]"
13555,12868,1.0027591265883866,"[13555, 11261, 12868]"
13555,13073,300.0,"[13555, 13073]"
13555,13088,1.0,"[13555, 10748, 13088]"
13555,13165,263.0,"[13555, 13165]"
13555,13170,300.0,"[13555, 13170]"
13555,13237,300.0,"[13555, 13237]"
13555,13417,300.0,"[13555, 13417]"
13555,13563,290.9367689245833,"[13555, 13563]"
13555,13563,9.063231075416715,"[13555, 16887, 13563]"
13555,13665,270.0,"[13555, 13665]"
13555,13665,5.0,"[13555, 16855, 13665]"
13555,13694,1.0,"[13555, 18542, 13694]"
13555,13917,0.19263618298900764,"[13555, 13917]"
13555,13917,0.8073638170109924,"[13555, 17781, 13917]"
13555,14234,1.0,"[13555, 16855, 14234]"
13555,14358,180.0,"[13555, 14358]"
13555,14358,33.0,"[13555, 11561, 14358]"
13555,14519,300.0,"[13555, 14519]"
13555,15008,300.0,"[13555, 15008]"
13555,15185,1.0,"[13555, 10568, 15185]"
13555,15264,300.0,"[13555, 15264]"
13555,15483,1.0,"[13555, 15008, 15483]"
13555,15601,300.0,"[13555, 15601]"
13555,15651,179.0,"[13555, 15651]"
13555,15848,1.6192189725101571,"[13555, 10568, 15848]"
13555,15848,6.380781027489843,"[13555, 16887, 15848]"
13555,15891,300.0,"[13555, 15891]"
13555,15976,1.0,"[13555, 10568, 15976]"
13555,16028,300.0,"[13555, 16028]"
13555,16108,180.0,"[13555, 16108]"
13555,16108,8.0,"[13555, 16887, 16108]"
13555,16117,1.0,"[13555, 14519, 16117]"
13555,16339,1.0,"[13555, 13563, 16339]"
13555,16683,300.0,"[13555, 16683]"
13555,16855,298.8535686898873,"[13555, 16855]"
13555,16855,1.1464313101127117,"[13555, 12616, 16855]"
13555,16887,114.1051727705172,"[13555, 16887]"
13555,16887,9.894827229482818,"[13555, 15601, 16887]"
13555,17223,0.6436148640929048,"[13555, 10568, 17223]"
13555,17223,0.008275276487109894,"[13555, 18411, 17223]"
13555,17223,0.3481098594199852,"[13555, 11147, 17223]"
13555,17282,300.0,"[13555, 17282]"
13555,17464,12.98836333177475,"[13555, 17522, 17464]"
13555,17464,3.1328122587527787,"[13555, 16028, 17464]"
13555,17464,31.878824409472315,"[13555, 10963, 17464]"
13555,17504,1.0,"[13555, 10963, 17504]"
13555,17522,300.0,"[13555, 17522]"
13555,17752,1.0,"[13555, 11561, 17752]"
13555,17781,198.0,"[13555, 17781]"
13555,18110,300.0,"[13555, 18110]"
13555,18448,270.0,"[13555, 18448]"
13555,18448,30.0,"[13555, 16028, 18448]"
13555,18542,143.0,"[13555, 18542]"
13555,18799,0.715833999015163,"[13555, 10568, 18799]"
13555,18799,0.284166000984837,"[13555, 17781, 18799]"
13555,18812,0.29102433027890634,"[13555, 10568, 18812]"
13555,18812,0.7089756697210936,"[13555, 10748, 18812]"
13555,18827,0.016215500399334944,"[13555, 18827]"
13555,18827,0.25556016873499426,"[13555, 17781, 18827]"
13555,18827,0.7282243308656706,"[13555, 18411, 18827]"
13555,18941,0.25909710141858244,"[13555, 17781, 18941]"
13555,18941,0.7409028985814176,"[13555, 11261, 18941]"
13555,19134,0.9921877412472212,"[13555, 16028, 19134]"
13555,19134,0.007812258752778768,"[13555, 10963, 19134]"
13555,19143,300.0,"[13555, 19143]"
13555,19239,173.0,"[13555, 19239]"
13555,19300,1.0,"[13555, 14519, 19300]"
13555,19502,117.0,"[13555, 19502]"
13555,19846,1.0,"[13555, 12355, 19846]"
13555,19971,270.0,"[13555, 19971]"
13555,19971,24.19588189375485,"[13555, 12616, 19971]"
13555,19971,5.804118106245149,"[13555, 11561, 19971]"
13563,10326,78.0,"[13563, 14257, 10326]"
13563,10916,300.0,"[13563, 10916]"
13563,11209,300.0,"[13563, 11209]"
13563,12205,180.0,"[13563, 12205]"
13563,12205,5.000000000000011,"[13563, 10916, 12205]"
13563,12652,90.00000000000004,"[13563, 12652]"
13563,12652,37.99999999999996,"[13563, 16108, 12652]"
13563,12868,300.0,"[13563, 12868]"
13563,14519,0.011494252873563218,"[13563, 10044, 14519]"
13563,14519,0.9885057471264768,"[13563, 10916, 14519]"
13563,16855,1.0,"[13563, 10044, 16855]"
13563,18827,90.0,"[13563, 18827]"
13563,18827,18.0,"[13563, 10916, 18827]"
13563,19134,279.38468607859363,"[13563, 19134]"
13563,19134,20.61531392140636,"[13563, 16108, 19134]"
13582,11209,38.0,"[13582, 11209]"
13582,12205,300.0,"[13582, 12205]"
13582,12868,300.0,"[13582, 12868]"
13582,12940,99.0,"[13582, 12940]"
13582,13417,1.0,"[13582, 15948, 13417]"
13582,14519,1.0,"[13582, 12868, 14519]"
13582,15008,1.0,"[13582, 15948, 15008]"
13582,16117,1.0,"[13582, 12868, 16117]"
13582,16236,1.0,"[13582, 12868, 16236]"
13582,19273,131.0,"[13582, 19273]"
13636,10316,0.8608786470289237,"[13636, 12940, 10316]"
13636,10316,0.13912135297107628,"[13636, 17781, 10316]"
13636,10568,1.0,"[13636, 17781, 10568]"
13636,10657,0.10695016174036845,"[13636, 14519, 10657]"
13636,10657,0.3333333333333333,"[13636, 14060, 10657]"
13636,10657,0.5597165049262983,"[13636, 12940, 10657]"
13636,10705,159.0,"[13636, 10705]"
13636,10748,1.0,"[13636, 14519, 10748]"
13636,10796,141.0,"[13636, 10796]"
13636,10985,0.08751476869112283,"[13636, 15948, 10985]"
13636,10985,0.10695016174036845,"[13636, 14519, 10985]"
13636,10985,0.8055350695685087,"[13636, 13694, 10985]"
13636,11022,1.0,"[13636, 10705, 11022]"
13636,11181,300.0,"[13636, 11181]"
13636,11209,220.0,"[13636, 11209]"
13636,11261,1.0,"[13636, 18941, 11261]"
13636,11466,180.0,"[13636, 11466]"
13636,11466,33.0,"[13636, 17516, 11466]"
13636,11853,300.0,"[13636, 11853]"
13636,12216,0.6119390070435946,"[13636, 10796, 12216]"
13636,12216,0.3222606673727199,"[13636, 13694, 12216]"
13636,12216,0.06580032558368547,"[13636, 12270, 12216]"
13636,12270,300.0,"[13636, 12270]"
13636,12355,62.0,"[13636, 12355]"
13636,12746,0.958954474816007,"[13636, 14519, 12746]"
13636,12746,0.041045525183992966,"[13636, 15948, 12746]"
13636,12940,226.0,"[13636, 12940]"
13636,13073,300.0,"[13636, 13073]"
13636,13100,300.0,"[13636, 13100]"
13636,13165,1.0,"[13636, 17781, 13165]"
13636,13170,1.0,"[13636, 19785, 13170]"
13636,13237,300.0,"[13636, 13237]"
13636,13460,1.0,"[13636, 10705, 13460]"
13636,13509,13.0,"[13636, 13509]"
13636,13582,151.0,"[13636, 13582]"
13636,13665,1.0,"[13636, 12270, 13665]"
13636,13694,300.0,"[13636, 13694]"
13636,13917,300.0,"[13636, 13917]"
13636,14053,1.0,"[13636, 18219, 14053]"
13636,14234,0.3707865168539326,"[13636, 17516, 14234]"
13636,14234,0.6292134831460674,"[13636, 15483, 14234]"
13636,15008,19.0,"[13636, 15008]"
13636,15185,300.0,"[13636, 15185]"
13636,15264,300.0,"[13636, 15264]"
13636,15378,0.20346434749272183,"[13636, 10705, 15378]"
13636,15378,0.7267682106477041,"[13636, 13582, 15378]"
13636,15378,0.06976744185957379,"[13636, 15948, 15378]"
13636,15483,21.0,"[13636, 15483]"
13636,15601,136.0,"[13636, 15601]"
13636,15891,286.0,"[13636, 15891]"
13636,15948,300.0,"[13636, 15948]"
13636,16028,1.0,"[13636, 12270, 16028]"
13636,16117,300.0,"[13636, 16117]"
13636,16683,90.0,"[13636, 16683]"
13636,16683,7.000000000000005,"[13636, 12940, 16683]"
13636,17223,41.0,"[13636, 17223]"
13636,17282,0.9643499460865439,"[13636, 13237, 17282]"
13636,17282,0.03565005391345615,"[13636, 14519, 17282]"
13636,17738,223.0,"[13636, 17738]"
13636,17781,300.0,"[13636, 17781]"
13636,18110,1.0,"[13636, 19785, 18110]"
13636,18411,1.0,"[13636, 10796, 18411]"
13636,18542,1.0000000000008535,"[13636, 14519, 18542]"
13636,18799,0.284166000984837,"[13636, 17781, 18799]"
13636,18799,0.715833999015163,"[13636, 12270, 18799]"
13636,18812,1.0,"[13636, 14060, 18812]"
13636,18827,1.0,"[13636, 18941, 18827]"
13636,18941,203.0,"[13636, 18941]"
13636,19143,1.0,"[13636, 12270, 19143]"
13636,19147,74.0,"[13636, 19147]"
13636,19239,141.0,"[13636, 19239]"
13636,19273,300.0,"[13636, 19273]"
13636,19300,66.0,"[13636, 19300]"
13636,19333,225.0,"[13636, 19333]"
13636,19502,0.011494252873563204,"[13636, 17781, 19502]"
13636,19502,0.9885057471264368,"[13636, 10705, 19502]"
13665,10044,1.0,"[13665, 16855, 10044]"
13665,11209,170.0,"[13665, 11209]"
13665,12205,239.0,"[13665, 12205]"
13665,12652,1.0,"[13665, 18827, 12652]"
13665,12868,90.0,"[13665, 12868]"
13665,12868,6.0,"[13665, 13460, 12868]"
13665,13417,256.0,"[13665, 13417]"
13665,15008,37.0,"[13665, 15008]"
13665,16236,0.4380361287596114,"[13665, 16855, 16236]"
13665,16236,0.5619638712403886,"[13665, 13460, 16236]"
13665,16855,300.0,"[13665, 16855]"
13665,18827,300.0,"[13665, 18827]"
13694,10044,74.0,"[13694, 10044]"
13694,10177,270.0,"[13694, 10177]"
13694,10177,30.0,"[13694, 17464, 10177]"
13694,10269,300.0,"[13694, 10269]"
13694,10301,1.0,"[13694, 10705, 10301]"
13694,10316,300.0,"[13694, 10316]"
13694,10326,1.0,"[13694, 16339, 10326]"
13694,10568,27.0,"[13694, 10568]"
13694,10657,270.0,"[13694, 10657]"
13694,10657,7.000000000000015,"[13694, 15724, 10657]"
13694,10705,300.0,"[13694, 10705]"
13694,10748,57.0,"[13694, 10748]"
13694,10796,0.011627906976744186,"[13694, 19785, 10796]"
13694,10796,0.9883720930232558,"[13694, 12868, 10796]"
13694,10867,1.0,"[13694, 12868, 10867]"
13694,10901,97.41166140495538,"[13694, 10901]"
13694,10901,15.58833859504462,"[13694, 19785, 10901]"
13694,10955,169.0,"[13694, 10955]"
13694,10963,285.6024857531157,"[13694, 10963]"
13694,10963,14.397514246884343,"[13694, 19846, 10963]"
13694,10985,300.0,"[13694, 10985]"
13694,11022,33.0,"[13694, 11022]"
13694,11147,0.008483668612771453,"[13694, 11147]"
13694,11147,0.9915163313872285,"[13694, 10901, 11147]"
13694,11163,270.0,"[13694, 11163]"
13694,11163,27.580016232351756,"[13694, 18941, 11163]"
13694,11163,2.419983767648244,"[13694, 10044, 11163]"
13694,11181,300.0,"[13694, 11181]"
13694,11189,270.9597293127722,"[13694, 11189]"
13694,11189,21.376346313804635,"[13694, 15183, 11189]"
13694,11189,7.663924373423142,"[13694, 19785, 11189]"
13694,11200,0.01175594203290596,"[13694, 13460, 11200]"
13694,11200,0.988244057967094,"[13694, 14736, 11200]"
13694,11209,242.0,"[13694, 11209]"
13694,11261,300.0,"[13694, 11261]"
13694,11455,300.0,"[13694, 11455]"
13694,11466,50.0,"[13694, 11466]"
13694,11561,163.0,"[13694, 11561]"
13694,11853,0.022988505747126436,"[13694, 15948, 11853]"
13694,11853,0.9770114942528736,"[13694, 19785, 11853]"
13694,12216,229.0,"[13694, 12216]"
13694,12270,0.0348837209299202,"[13694, 15264, 12270]"
13694,12270,0.9651162790700798,"[13694, 12868, 12270]"
13694,12352,270.0,"[13694, 12352]"
13694,12352,3.0,"[13694, 10269, 12352]"
13694,12355,241.00000000000003,"[13694, 12355]"
13694,12355,58.99999999999997,"[13694, 15976, 12355]"
13694,12369,0.0539040080713987,"[13694, 16962, 12369]"
13694,12369,0.4238790855820774,"[13694, 19785, 12369]"
13694,12369,0.522216906346524,"[13694, 15948, 12369]"
13694,12562,270.5,"[13694, 12562]"
13694,12562,29.500000000000025,"[13694, 10269, 12562]"
13694,12633,270.0,"[13694, 12633]"
13694,12633,17.22228869061228,"[13694, 14358, 12633]"
13694,12633,12.777711309387719,"[13694, 17464, 12633]"
13694,12652,1.0,"[13694, 12868, 12652]"
13694,12746,0.041045525183992966,"[13694, 15948, 12746]"
13694,12746,0.958954474816007,"[13694, 18441, 12746]"
13694,12868,300.0,"[13694, 12868]"
13694,12940,1.0,"[13694, 10705, 12940]"
13694,13073,0.011011014829912447,"[13694, 13460, 13073]"
13694,13073,0.045454545454545456,"[13694, 15724, 13073]"
13694,13073,0.022260846304727352,"[13694, 18441, 13073]"
13694,13073,0.9212735934108148,"[13694, 10568, 13073]"
13694,13088,0.033707865168539325,"[13694, 19785, 13088]"
13694,13088,0.9662921348314606,"[13694, 12868, 13088]"
13694,13100,300.0,"[13694, 13100]"
13694,13165,274.702837784117,"[13694, 13165]"
13694,13165,7.075825451101323,"[13694, 19502, 13165]"
13694,13165,18.221336764781732,"[13694, 18941, 13165]"
13694,13170,0.022260846304727352,"[13694, 18441, 13170]"
13694,13170,0.9777391536952726,"[13694, 12868, 13170]"
13694,13237,300.0,"[13694, 13237]"
13694,13454,1.0,"[13694, 13460, 13454]"
13694,13460,0.02351188406581192,"[13694, 13460]"
13694,13460,0.976488115934188,"[13694, 15724, 13460]"
13694,13563,1.0,"[13694, 13165, 13563]"
13694,13582,1.0,"[13694, 19785, 13582]"
13694,13665,1.000000000000055,"[13694, 10044, 13665]"
13694,13917,4.9999999999988445,"[13694, 15601, 13917]"
13694,14053,1.0,"[13694, 18441, 14053]"
13694,14234,270.0,"[13694, 14234]"
13694,14234,30.00000000000003,"[13694, 15976, 14234]"
13694,14278,270.0,"[13694, 14278]"
13694,14278,8.999999999999988,"[13694, 19785, 14278]"
13694,14358,300.0,"[13694, 14358]"
13694,14704,300.0,"[13694, 14704]"
13694,14736,4.447098260851922,"[13694, 14736]"
13694,14736,13.552901739148078,"[13694, 12868, 14736]"
13694,15008,1.0,"[13694, 15948, 15008]"
13694,15183,146.0,"[13694, 15183]"
13694,15185,1.0,"[13694, 10044, 15185]"
13694,15241,1.0,"[13694, 19785, 15241]"
13694,15264,300.0,"[13694, 15264]"
13694,15270,0.14606741573033707,"[13694, 16962, 15270]"
13694,15270,0.01032963493695029,"[13694, 15183, 15270]"
13694,15270,0.7550465065366593,"[13694, 11147, 15270]"
13694,15270,0.08855644279605338,"[13694, 19785, 15270]"
13694,15378,300.0,"[13694, 15378]"
13694,15483,0.3563218390804602,"[13694, 15724, 15483]"
13694,15483,0.6436781609195398,"[13694, 12868, 15483]"
13694,15601,300.0,"[13694, 15601]"
13694,15651,1.0,"[13694, 10568, 15651]"
13694,15724,300.0,"[13694, 15724]"
13694,15848,270.0,"[13694, 15848]"
13694,15848,0.7950284937686867,"[13694, 10568, 15848]"
13694,15848,29.204971506231313,"[13694, 10963, 15848]"
13694,15891,1.0,"[13694, 14736, 15891]"
13694,15948,300.0,"[13694, 15948]"
13694,16028,1.0,"[13694, 19502, 16028]"
13694,16108,1.0,"[13694, 13165, 16108]"
13694,16117,300.0,"[13694, 16117]"
13694,16339,253.0,"[13694, 16339]"
13694,16683,0.01175594203290596,"[13694, 13460, 16683]"
13694,16683,0.988244057967094,"[13694, 16117, 16683]"
13694,16855,270.0,"[13694, 16855]"
13694,16855,25.0,"[13694, 11261, 16855]"
13694,16887,1.0,"[13694, 19846, 16887]"
13694,16962,270.10456957633227,"[13694, 16962]"
13694,16962,12.642857142857086,"[13694, 10269, 16962]"
13694,16962,17.252573280810633,"[13694, 10901, 16962]"
13694,17223,1.0,"[13694, 10568, 17223]"
13694,17282,300.0,"[13694, 17282]"
13694,17464,300.0,"[13694, 17464]"
13694,17504,1.0,"[13694, 15976, 17504]"
13694,17522,270.0,"[13694, 17522]"
13694,17522,12.45033185887588,"[13694, 11261, 17522]"
13694,17522,7.969651908772422,"[13694, 18941, 17522]"
13694,17522,9.580016232351703,"[13694, 10044, 17522]"
13694,17738,300.0,"[13694, 17738]"
13694,17752,1.0,"[13694, 11561, 17752]"
13694,17781,1.0,"[13694, 10568, 17781]"
13694,18110,300.0,"[13694, 18110]"
13694,18219,1.0,"[13694, 12868, 18219]"
13694,18411,0.9707192326318196,"[13694, 10705, 18411]"
13694,18411,0.02928076736818045,"[13694, 19785, 18411]"
13694,18448,0.4827586206896552,"[13694, 19846, 18448]"
13694,18448,0.5172413793103449,"[13694, 17464, 18448]"
13694,18542,300.0,"[13694, 18542]"
13694,18799,17.728861478178626,"[13694, 18799]"
13694,18799,1.0421434277272825,"[13694, 10568, 18799]"
13694,18799,8.22899509409409,"[13694, 18941, 18799]"
13694,18812,74.0,"[13694, 18812]"
13694,18827,1.0,"[13694, 18941, 18827]"
13694,18941,27.0,"[13694, 18941]"
13694,19134,1.0,"[13694, 12355, 19134]"
13694,19143,1.0,"[13694, 10044, 19143]"
13694,19147,300.0,"[13694, 19147]"
13694,19239,263.0,"[13694, 19239]"
13694,19273,1.0,"[13694, 12868, 19273]"
13694,19300,300.0,"[13694, 19300]"
13694,19333,300.0,"[13694, 19333]"
13694,19430,300.0,"[13694, 19430]"
13694,19500,1.0,"[13694, 19785, 19500]"
13694,19502,300.0,"[13694, 19502]"
13694,19785,224.0,"[13694, 19785]"
13694,19846,191.46302281245565,"[13694, 19846]"
13694,19846,20.53697718754436,"[13694, 12355, 19846]"
13694,19915,1.0,"[13694, 15183, 19915]"
13694,19971,1.0,"[13694, 10044, 19971]"
13840,15241,1.0,"[13840, 14425, 15241]"
13917,10916,270.44945493020157,"[13917, 10916]"
13917,10916,29.550545069798417,"[13917, 18448, 10916]"
13917,11209,59.0,"[13917, 11209]"
13917,12205,1.0,"[13917, 13555, 12205]"
13917,12868,1.0,"[13917, 11561, 12868]"
13917,12973,300.0,"[13917, 12973]"
13917,13417,0.011294306110197584,"[13917, 12973, 13417]"
13917,13417,0.9887056938898025,"[13917, 11147, 13417]"
13917,13555,300.0,"[13917, 13555]"
13917,15008,161.0,"[13917, 15008]"
13917,16855,300.0,"[13917, 16855]"
13917,18827,0.08998108685649703,"[13917, 12973, 18827]"
13917,18827,0.011109052740334859,"[13917, 11147, 18827]"
13917,18827,0.898909860403168,"[13917, 10916, 18827]"
13989,13165,300.0,"[13989, 13165]"
14053,12652,1.0,"[14053, 16236, 12652]"
14053,16236,279.0,"[14053, 16236]"
14053,18219,1.0,"[14053, 16236, 18219]"
14060,16236,300.0,"[14060, 16236]"
14234,10044,0.007068896743851944,"[14234, 10044]"
14234,10044,0.7349883947308734,"[14234, 12616, 10044]"
14234,10044,0.25794270852527434,"[14234, 11163, 10044]"
14234,10177,1.853983679128472,"[14234, 10916, 10177]"
14234,10177,60.0,"[14234, 15848, 10177]"
14234,10177,18.018363202853994,"[14234, 13665, 10177]"
14234,10177,75.27927315939993,"[14234, 16339, 10177]"
14234,10177,3.5431448458796435,"[14234, 13563, 10177]"
14234,10177,13.30523511273796,"[14234, 16108, 10177]"
14234,10326,1.0,"[14234, 14358, 10326]"
14234,10963,270.1807191495073,"[14234, 10963]"
14234,10963,5.8192808504927225,"[14234, 16193, 10963]"
14234,11163,300.0,"[14234, 11163]"
14234,11466,300.0,"[14234, 11466]"
14234,11561,1.0,"[14234, 12973, 11561]"
14234,12205,89.99999999999996,"[14234, 12205]"
14234,12205,33.749540452022586,"[14234, 12973, 12205]"
14234,12205,6.250459547977442,"[14234, 14358, 12205]"
14234,12355,0.024819601730316686,"[14234, 12355]"
14234,12355,0.29291371974819863,"[14234, 16108, 12355]"
14234,12355,0.6822666785214848,"[14234, 12973, 12355]"
14234,12633,1.0,"[14234, 14358, 12633]"
14234,12868,42.1516973148887,"[14234, 13563, 12868]"
14234,12868,0.6963214051184856,"[14234, 15651, 12868]"
14234,12868,0.15198127999281683,"[14234, 10044, 12868]"
14234,12973,300.0,"[14234, 12973]"
14234,13165,1.0,"[14234, 19846, 13165]"
14234,13417,0.9816367971459505,"[14234, 13665, 13417]"
14234,13417,0.007068896743851944,"[14234, 10044, 13417]"
14234,13417,0.011294306110197584,"[14234, 12973, 13417]"
14234,13563,124.0,"[14234, 13563]"
14234,13665,300.0,"[14234, 13665]"
14234,14358,300.0,"[14234, 14358]"
14234,15008,1.0,"[14234, 13665, 15008]"
14234,15185,0.03181003534733375,"[14234, 10044, 15185]"
14234,15185,8.968189964652666,"[14234, 11466, 15185]"
14234,15651,50.0,"[14234, 15651]"
14234,15848,300.0,"[14234, 15848]"
14234,16028,178.0,"[14234, 16028]"
14234,16108,0.5874481361546957,"[14234, 16108]"
14234,16108,0.4125518638453043,"[14234, 16887, 16108]"
14234,16193,300.0,"[14234, 16193]"
14234,16236,0.7349883947308734,"[14234, 12616, 16236]"
14234,16236,0.2650116052691267,"[14234, 15651, 16236]"
14234,16339,300.0,"[14234, 16339]"
14234,16855,0.7349883947308734,"[14234, 12616, 16855]"
14234,16855,0.2650116052691266,"[14234, 14358, 16855]"
14234,16887,276.81928085049276,"[14234, 16887]"
14234,16887,23.18071914950727,"[14234, 16193, 16887]"
14234,17464,1.0,"[14234, 14358, 17464]"
14234,17504,1.0,"[14234, 15651, 17504]"
14234,17522,0.12017124464548307,"[14234, 10044, 17522]"
14234,17522,0.879828755354517,"[14234, 19846, 17522]"
14234,17752,1.0,"[14234, 15651, 17752]"
14234,18448,1.0,"[14234, 16193, 18448]"
14234,18827,180.0,"[14234, 18827]"
14234,18827,8.008316730228236,"[14234, 12973, 18827]"
14234,18827,12.991683269771764,"[14234, 19846, 18827]"
14234,19134,0.07026426746481101,"[14234, 19846, 19134]"
14234,19134,0.9184997774790091,"[14234, 14358, 19134]"
14234,19134,0.011235955056179775,"[14234, 12355, 19134]"
14234,19143,269.99999999999994,"[14234, 19143]"
14234,19143,30.00000000000004,"[14234, 12616, 19143]"
14234,19846,0.1961803723851893,"[14234, 19846]"
14234,19846,0.8038196276148107,"[14234, 16887, 19846]"
14234,19971,0.13048742130335791,"[14234, 14358, 19971]"
14234,19971,0.869512578696644,"[14234, 12616, 19971]"
14257,10326,1.0,"[14257, 10326]"
14257,10916,8.0,"[14257, 10326, 10916]"
14257,12205,89.34444444444443,"[14257, 10177, 12205]"
14257,12205,180.0,"[14257, 10326, 12205]"
14257,12205,30.655555555555566,"[14257, 18448, 12205]"
14257,12633,1.0,"[14257, 12633]"
14257,12652,63.0,"[14257, 12652]"
14257,12652,177.0,"[14257, 10177, 12652]"
14257,12652,60.0,"[14257, 10326, 12652]"
14257,12868,1.0,"[14257, 18799, 12868]"
14257,14519,0.02247191011235955,"[14257, 18799, 14519]"
14257,14519,0.9775280898876404,"[14257, 12652, 14519]"
14257,16236,165.5,"[14257, 18448, 16236]"
14257,16236,34.50000000000001,"[14257, 10326, 16236]"
14257,16855,1.0,"[14257, 18799, 16855]"
14257,18448,300.0,"[14257, 18448]"
14257,18827,90.0,"[14257, 18827]"
14257,18827,55.0,"[14257, 12633, 18827]"
14278,11209,211.0,"[14278, 11209]"
14278,12205,173.0,"[14278, 12205]"
14278,12868,1.0,"[14278, 19785, 12868]"
14278,13417,268.0,"[14278, 13417]"
14278,14519,300.0,"[14278, 14519]"
14278,15008,300.0,"[14278, 15008]"
14278,16117,0.13117077167941468,"[14278, 19785, 16117]"
14278,16117,0.8688292283205853,"[14278, 14519, 16117]"
14278,16236,45.0,"[14278, 16236]"
14278,17738,16.0,"[14278, 17738]"
14358,10916,269.99999999999994,"[14358, 10916]"
14358,10916,30.00000000000004,"[14358, 15686, 10916]"
14358,12205,273.12522977398874,"[14358, 12205]"
14358,12205,26.87477022601128,"[14358, 15686, 12205]"
14358,12652,1.0,"[14358, 18941, 12652]"
14358,12868,14.0,"[14358, 15686, 12868]"
14358,14519,1.0,"[14358, 15686, 14519]"
14358,16339,0.8075816879327115,"[14358, 15686, 16339]"
14358,16339,0.19241831206728932,"[14358, 19134, 16339]"
14358,16855,125.0,"[14358, 16855]"
14425,12973,0.009905254091300603,"[14425, 13917, 12973]"
14425,12973,0.9900947459086994,"[14425, 14234, 12973]"
14425,13840,0.011235955056179803,"[14425, 15241, 13840]"
14425,13840,0.9887640449438202,"[14425, 15008, 13840]"
14425,14234,55.0,"[14425, 14234]"
14519,10326,163.99999999999912,"[14519, 10375, 10326]"
14519,10326,77.0,"[14519, 13100, 10326]"
14519,10326,59.0,"[14519, 19147, 10326]"
14519,10657,300.0,"[14519, 10657]"
14519,10748,300.0,"[14519, 10748]"
14519,10985,23.0,"[14519, 10985]"
14519,11022,300.0,"[14519, 11022]"
14519,11189,1.0,"[14519, 13694, 11189]"
14519,11466,1.0,"[14519, 17282, 11466]"
14519,11561,300.0,"[14519, 11561]"
14519,12746,300.0,"[14519, 12746]"
14519,12868,300.0,"[14519, 12868]"
14519,13088,270.0,"[14519, 13088]"
14519,13088,28.498536603888493,"[14519, 13509, 13088]"
14519,13088,1.5014633961115287,"[14519, 19915, 13088]"
14519,13100,283.0,"[14519, 13100]"
14519,13165,138.0,"[14519, 13165]"
14519,13170,180.0,"[14519, 13170]"
14519,13170,3.0,"[14519, 18441, 13170]"
14519,13237,286.0,"[14519, 13237]"
14519,13417,227.0,"[14519, 13417]"
14519,13454,300.0,"[14519, 13454]"
14519,13460,0.022293074460074683,"[14519, 13460]"
14519,13460,0.9777069255399252,"[14519, 15724, 13460]"
14519,13509,1.0,"[14519, 13509]"
14519,13563,0.9907710868713371,"[14519, 14053, 13563]"
14519,13563,0.009228913128662915,"[14519, 19333, 13563]"
14519,13694,300.0,"[14519, 13694]"
14519,14053,300.0,"[14519, 14053]"
14519,14358,1.0,"[14519, 13694, 14358]"
14519,15008,0.011764705882352941,"[14519, 15008]"
14519,15008,0.9882352941176471,"[14519, 18441, 15008]"
14519,15483,0.6436781609195398,"[14519, 13460, 15483]"
14519,15483,0.3563218390804602,"[14519, 15724, 15483]"
14519,15651,1.0,"[14519, 10657, 15651]"
14519,15724,300.0,"[14519, 15724]"
14519,15848,0.20074846469568217,"[14519, 19333, 15848]"
14519,15848,0.7992515353043178,"[14519, 11022, 15848]"
14519,15891,0.18034508524361847,"[14519, 18441, 15891]"
14519,15891,0.8196549147563815,"[14519, 12868, 15891]"
14519,16108,269.99999999999994,"[14519, 16108]"
14519,16108,30.00000000000004,"[14519, 13165, 16108]"
14519,16117,147.0,"[14519, 16117]"
14519,16236,0.03168883197565173,"[14519, 16236]"
14519,16236,0.9683111680243484,"[14519, 18441, 16236]"
14519,16683,0.9302547605487088,"[14519, 16117, 16683]"
14519,16683,0.023949475500391736,"[14519, 13460, 16683]"
14519,16683,0.04579576395089945,"[14519, 15724, 16683]"
14519,17282,14.0,"[14519, 17282]"
14519,17752,90.0,"[14519, 17752]"
14519,17752,27.999999999999996,"[14519, 10985, 17752]"
14519,18219,1.0,"[14519, 18441, 18219]"
14519,18448,172.34807938892544,"[14519, 18448]"
14519,18448,66.29002262217566,"[14519, 19333, 18448]"
14519,18448,31.816027038357245,"[14519, 11022, 18448]"
14519,18448,29.54587095054163,"[14519, 10985, 18448]"
14519,18542,0.021362711422787613,"[14519, 18542]"
14519,18542,0.9786372885772124,"[14519, 18441, 18542]"
14519,18812,1.0,"[14519, 18441, 18812]"
14519,18827,1.0,"[14519, 16117, 18827]"
14519,19147,300.0,"[14519, 19147]"
14519,19300,300.0,"[14519, 19300]"
14519,19333,199.0,"[14519, 19333]"
14519,19915,68.0,"[14519, 19915]"
14704,11455,1.0,"[14704, 12868, 11455]"
14704,12868,174.0,"[14704, 12868]"
14704,14736,1.0,"[14704, 12868, 14736]"
14704,19430,1.0,"[14704, 12868, 19430]"
14736,11209,300.0,"[14736, 11209]"
14736,11455,1.0,"[14736, 11455]"
14736,12868,44.0,"[14736, 12868]"
14736,14704,0.3483146067415731,"[14736, 14704]"
14736,14704,0.6516853932584269,"[14736, 12868, 14704]"
14736,16117,300.0,"[14736, 16117]"
14736,19430,300.0,"[14736, 19430]"
15008,10044,0.34399080795502746,"[15008, 17516, 10044]"
15008,10044,0.6560091920449727,"[15008, 10748, 10044]"
15008,10177,1.0,"[15008, 10963, 10177]"
15008,10269,1.0,"[15008, 19915, 10269]"
15008,10301,1.0,"[15008, 19785, 10301]"
15008,10316,300.0,"[15008, 10316]"
15008,10326,9.50683513400869,"[15008, 15378, 10326]"
15008,10326,37.0,"[15008, 17738, 10326]"
15008,10326,20.95258281433579,"[15008, 19239, 10326]"
15008,10326,32.02535903681692,"[15008, 11189, 10326]"
15008,10326,60.0,"[15008, 13100, 10326]"
15008,10326,33.0,"[15008, 19147, 10326]"
15008,10326,57.0,"[15008, 12562, 10326]"
15008,10326,13.999999999999993,"[15008, 13665, 10326]"
15008,10326,36.515223014838604,"[15008, 17752, 10326]"
15008,10568,0.7833318281097873,"[15008, 18827, 10568]"
15008,10568,0.2166681718902127,"[15008, 11147, 10568]"
15008,10657,90.0,"[15008, 10657]"
15008,10657,0.9999999999999976,"[15008, 15724, 10657]"
15008,10705,0.06933718395842027,"[15008, 14060, 10705]"
15008,10705,0.9306628160415797,"[15008, 15724, 10705]"
15008,10748,295.0,"[15008, 10748]"
15008,10796,1.0,"[15008, 10748, 10796]"
15008,10867,1.0,"[15008, 11147, 10867]"
15008,10901,0.5096879720207559,"[15008, 11147, 10901]"
15008,10901,0.4903120279792441,"[15008, 10748, 10901]"
15008,10955,0.3019375944041512,"[15008, 11147, 10955]"
15008,10955,0.6980624055958488,"[15008, 15948, 10955]"
15008,10963,300.0,"[15008, 10963]"
15008,10985,1.0,"[15008, 14736, 10985]"
15008,11022,1.0,"[15008, 14736, 11022]"
15008,11147,0.6038751888083022,"[15008, 11147]"
15008,11147,0.39612481119169785,"[15008, 13088, 11147]"
15008,11163,286.5810205295615,"[15008, 11163]"
15008,11163,13.418979470438511,"[15008, 15483, 11163]"
15008,11181,1.0,"[15008, 15724, 11181]"
15008,11189,300.0,"[15008, 11189]"
15008,11200,300.0,"[15008, 11200]"
15008,11209,1.0,"[15008, 15948, 11209]"
15008,11261,1.0,"[15008, 18827, 11261]"
15008,11455,300.0,"[15008, 11455]"
15008,11466,270.0,"[15008, 11466]"
15008,11466,30.0,"[15008, 17516, 11466]"
15008,11561,299.99999999999994,"[15008, 11561]"
15008,11853,39.0,"[15008, 11853]"
15008,12216,300.0,"[15008, 12216]"
15008,12270,1.0,"[15008, 15724, 12270]"
15008,12352,1.0,"[15008, 11147, 12352]"
15008,12355,270.0,"[15008, 12355]"
15008,12355,11.0,"[15008, 13917, 12355]"
15008,12355,19.0,"[15008, 17010, 12355]"
15008,12369,0.05095743467276235,"[15008, 11147, 12369]"
15008,12369,0.7228915662650602,"[15008, 13088, 12369]"
15008,12369,0.22615099906217742,"[15008, 12940, 12369]"
15008,12562,123.0,"[15008, 12562]"
15008,12633,23.917563447719893,"[15008, 19239, 12633]"
15008,12633,27.974640963183074,"[15008, 11189, 12633]"
15008,12633,27.0,"[15008, 19147, 12633]"
15008,12633,37.792627060238345,"[15008, 13454, 12633]"
15008,12633,55.83039154369729,"[15008, 12216, 12633]"
15008,12633,23.484776985161396,"[15008, 17752, 12633]"
15008,12652,155.0,"[15008, 12652]"
15008,12746,1.0,"[15008, 15948, 12746]"
15008,12868,1.0,"[15008, 18219, 12868]"
15008,12940,165.0,"[15008, 12940]"
15008,13073,175.0,"[15008, 13073]"
15008,13088,292.72141253749487,"[15008, 13088]"
15008,13088,1.6059139638930555,"[15008, 12940, 13088]"
15008,13088,5.672673498612089,"[15008, 19915, 13088]"
15008,13100,300.0,"[15008, 13100]"
15008,13165,1.0,"[15008, 18827, 13165]"
15008,13170,222.0,"[15008, 13170]"
15008,13237,270.0,"[15008, 13237]"
15008,13417,300.0,"[15008, 13417]"
15008,13454,52.0,"[15008, 13454]"
15008,13460,1.0,"[15008, 15724, 13460]"
15008,13563,270.0,"[15008, 13563]"
15008,13563,30.0,"[15008, 13840, 13563]"
15008,13582,300.0,"[15008, 13582]"
15008,13665,76.0,"[15008, 13665]"
15008,13694,1.0,"[15008, 12940, 13694]"
15008,13840,285.4943820224719,"[15008, 13840]"
15008,13840,14.50561797752809,"[15008, 13088, 13840]"
15008,13917,300.0,"[15008, 13917]"
15008,14053,300.0,"[15008, 14053]"
15008,14234,0.6151819079974422,"[15008, 17516, 14234]"
15008,14234,0.3848180920025578,"[15008, 15483, 14234]"
15008,14278,163.0,"[15008, 14278]"
15008,14358,7.982709233980618,"[15008, 15601, 14358]"
15008,14358,3.017290766019382,"[15008, 15483, 14358]"
15008,14519,1.0,"[15008, 15948, 14519]"
15008,14704,270.0,"[15008, 14704]"
15008,14704,10.335846706485807,"[15008, 14736, 14704]"
15008,14704,19.664153293514193,"[15008, 15948, 14704]"
15008,14736,166.0,"[15008, 14736]"
15008,15183,300.0,"[15008, 15183]"
15008,15185,300.0,"[15008, 15185]"
15008,15241,1.0,"[15008, 12940, 15241]"
15008,15264,75.0,"[15008, 15264]"
15008,15270,1.0,"[15008, 11147, 15270]"
15008,15378,206.0,"[15008, 15378]"
15008,15483,300.0,"[15008, 15483]"
15008,15601,300.0,"[15008, 15601]"
15008,15651,1.0,"[15008, 10963, 15651]"
15008,15724,254.0,"[15008, 15724]"
15008,15848,268.0,"[15008, 15848]"
15008,15891,300.0,"[15008, 15891]"
15008,15948,0.2662168535608338,"[15008, 15948]"
15008,15948,0.7337831464391662,"[15008, 19785, 15948]"
15008,16028,1.0,"[15008, 15601, 16028]"
15008,16108,1.0,"[15008, 15483, 16108]"
15008,16117,0.331084267804169,"[15008, 15948, 16117]"
15008,16117,0.004762438681639576,"[15008, 14060, 16117]"
15008,16117,0.6641532935141932,"[15008, 14736, 16117]"
15008,16339,90.0,"[15008, 16339]"
15008,16339,7.999999999999993,"[15008, 15601, 16339]"
15008,16683,300.0,"[15008, 16683]"
15008,16855,1.0,"[15008, 18827, 16855]"
15008,16887,269.0,"[15008, 16887]"
15008,16887,30.999999999999964,"[15008, 15601, 16887]"
15008,16962,1.0,"[15008, 11147, 16962]"
15008,17223,270.0,"[15008, 17223]"
15008,17223,17.0,"[15008, 11147, 17223]"
15008,17282,89.0,"[15008, 17282]"
15008,17464,155.13484261580734,"[15008, 17464]"
15008,17464,12.898169868573765,"[15008, 15264, 17464]"
15008,17464,41.804946456495884,"[15008, 13917, 17464]"
15008,17464,33.16204105912298,"[15008, 11163, 17464]"
15008,17464,57.0,"[15008, 10963, 17464]"
15008,17504,1.0,"[15008, 10963, 17504]"
15008,17522,1.0,"[15008, 13555, 17522]"
15008,17738,123.0,"[15008, 17738]"
15008,17752,300.0,"[15008, 17752]"
15008,17781,1.0,"[15008, 19915, 17781]"
15008,18110,1.0,"[15008, 19785, 18110]"
15008,18219,50.0,"[15008, 18219]"
15008,18411,1.0,"[15008, 12940, 18411]"
15008,18448,0.10183013142624904,"[15008, 15264, 18448]"
15008,18448,0.19505354350411885,"[15008, 13917, 18448]"
15008,18448,0.7031163250696322,"[15008, 15601, 18448]"
15008,18542,149.0,"[15008, 18542]"
15008,18799,1.0,"[15008, 18827, 18799]"
15008,18812,49.0,"[15008, 18812]"
15008,18827,300.0,"[15008, 18827]"
15008,18941,1.0,"[15008, 18827, 18941]"
15008,19134,270.0,"[15008, 19134]"
15008,19134,3.779596335643525,"[15008, 18827, 19134]"
15008,19134,22.729146529779058,"[15008, 15483, 19134]"
15008,19134,3.4912571345774173,"[15008, 11147, 19134]"
15008,19143,42.0,"[15008, 19143]"
15008,19147,300.0,"[15008, 19147]"
15008,19239,300.0,"[15008, 19239]"
15008,19273,1.0,"[15008, 13582, 19273]"
15008,19300,0.0034464940762818533,"[15008, 14060, 19300]"
15008,19300,0.9965535059237182,"[15008, 15724, 19300]"
15008,19333,1.0,"[15008, 18219, 19333]"
15008,19430,1.0,"[15008, 14736, 19430]"
15008,19500,1.0,"[15008, 11147, 19500]"
15008,19502,176.0,"[15008, 19502]"
15008,19785,0.030716664566732207,"[15008, 19785]"
15008,19785,0.9692833354332677,"[15008, 14278, 19785]"
15008,19846,1.0,"[15008, 16887, 19846]"
15008,19915,274.44207413077544,"[15008, 19915]"
15008,19915,25.557925869224576,"[15008, 13088, 19915]"
15008,19971,125.0,"[15008, 19971]"
15077,10916,180.0,"[15077, 10916]"
15077,10916,3.9534883720930187,"[15077, 10316, 10916]"
15077,10916,0.046511627906984016,"[15077, 10568, 10916]"
15077,12205,300.0,"[15077, 12205]"
15077,12652,300.0,"[15077, 12652]"
15077,12868,34.0,"[15077, 12868]"
15077,13417,1.0,"[15077, 10568, 13417]"
15077,15008,300.0,"[15077, 15008]"
15077,16855,1.0,"[15077, 18827, 16855]"
15077,18827,129.0,"[15077, 18827]"
15077,19300,90.0,"[15077, 19300]"
15077,19300,7.000000000000005,"[15077, 12868, 19300]"
15183,12205,121.0,"[15183, 12205]"
15183,12352,300.0,"[15183, 12352]"
15183,12868,1.0,"[15183, 12352, 12868]"
15183,13417,92.29891113452757,"[15183, 13417]"
15183,13417,14.70108886547243,"[15183, 19915, 13417]"
15183,14519,1.0,"[15183, 16236, 14519]"
15183,15008,300.0,"[15183, 15008]"
15183,16236,300.0,"[15183, 16236]"
15183,19915,300.0,"[15183, 19915]"
15185,10044,1.0,"[15185, 16855, 10044]"
15185,11209,0.011109708370155236,"[15185, 11561, 11209]"
15185,11209,0.9888902916298448,"[15185, 16855, 11209]"
15185,11466,1.0,"[15185, 16855, 11466]"
15241,11209,1.0,"[15241, 12868, 11209]"
15241,12205,0.6024899269680715,"[15241, 12369, 12205]"
15241,12205,0.39751007303192853,"[15241, 19500, 12205]"
15241,12868,300.0,"[15241, 12868]"
15241,13417,0.3370786516853937,"[15241, 13417]"
15241,13417,0.6629213483146064,"[15241, 13555, 13417]"
15241,13840,300.0,"[15241, 13840]"
15241,14519,1.0,"[15241, 14519]"
15241,15008,124.0,"[15241, 15008]"
15241,16236,0.12379293422879237,"[15241, 16236]"
15241,16236,0.8762070657712077,"[15241, 12868, 16236]"
15241,19300,1.1827346494714426,"[15241, 16236, 19300]"
15241,19300,5.560855094118299,"[15241, 14519, 19300]"
15241,19300,1.2564102564102586,"[15241, 12868, 19300]"
15241,19500,172.0,"[15241, 19500]"
15241,19915,0.006769549741214286,"[15241, 12369, 19915]"
15241,19915,0.9932304502587858,"[15241, 10301, 19915]"
15264,10916,1.0,"[15264, 18448, 10916]"
15264,12205,0.999747506627951,"[15264, 18941, 12205]"
15264,12270,0.06976744186045766,"[15264, 12270]"
15264,12270,0.9302325581395423,"[15264, 12652, 12270]"
15264,12652,300.0,"[15264, 12652]"
15264,12868,1.0,"[15264, 18941, 12868]"
15264,13417,1.0,"[15264, 14519, 13417]"
15264,14519,300.0,"[15264, 14519]"
15264,15008,0.011764705882352941,"[15264, 14519, 15008]"
15264,15008,0.9771255857474919,"[15264, 18827, 15008]"
15264,15008,0.011109708370155283,"[15264, 14425, 15008]"
15264,16855,1.0,"[15264, 18827, 16855]"
15264,18827,300.0,"[15264, 18827]"
15270,10867,300.0,"[15270, 10867]"
15270,12205,0.011363636363636364,"[15270, 12352, 12205]"
15270,12205,0.5662286161915424,"[15270, 12369, 12205]"
15270,12205,0.008666678841981938,"[15270, 13840, 12205]"
15270,12205,0.41374106860283927,"[15270, 15948, 12205]"
15270,12352,0.011363636363636364,"[15270, 12352]"
15270,12352,0.012868832186171419,"[15270, 12369, 12352]"
15270,12352,0.9757675314501922,"[15270, 12562, 12352]"
15270,12562,300.0,"[15270, 12562]"
15270,12868,169.0,"[15270, 12868]"
15270,13417,229.0,"[15270, 13417]"
15270,14519,0.0047016030523049914,"[15270, 15948, 14519]"
15270,14519,0.22396398001130255,"[15270, 12868, 14519]"
15270,14519,0.7713344169363925,"[15270, 13840, 14519]"
15270,15008,128.0,"[15270, 15008]"
15270,16236,0.9952983969476951,"[15270, 10867, 16236]"
15270,16236,0.0047016030523049914,"[15270, 15948, 16236]"
15270,19915,1.0,"[15270, 12352, 19915]"
15378,12205,0.01314310391996311,"[15378, 13088, 12205]"
15378,12205,0.962003014465418,"[15378, 12352, 12205]"
15378,12205,0.024853881614618864,"[15378, 19785, 12205]"
15378,12868,0.10041274332476881,"[15378, 19785, 12868]"
15378,12868,0.8773839714522947,"[15378, 14519, 12868]"
15378,12868,0.02212640935460475,"[15378, 13460, 12868]"
15378,12940,0.9891909773655571,"[15378, 13460, 12940]"
15378,12940,0.010809022634442899,"[15378, 12352, 12940]"
15378,13417,0.01994054480573397,"[15378, 14519, 13417]"
15378,13417,0.9800594551942661,"[15378, 13460, 13417]"
15378,16117,300.0,"[15378, 16117]"
15378,16236,300.0,"[15378, 16236]"
15378,17738,300.0,"[15378, 17738]"
15378,18827,300.0,"[15378, 18827]"
15378,19300,0.006841952281538996,"[15378, 14736, 19300]"
15378,19300,0.9931580477184611,"[15378, 19785, 19300]"
15483,10044,270.84260998676115,"[15483, 10044]"
15483,10044,29.157390013238874,"[15483, 12270, 10044]"
15483,10177,300.0,"[15483, 10177]"
15483,10269,300.0,"[15483, 10269]"
15483,10301,0.878228836874728,"[15483, 19785, 10301]"
15483,10301,0.12177116312527207,"[15483, 12369, 10301]"
15483,10316,1.0,"[15483, 12940, 10316]"
15483,10326,90.10880157791027,"[15483, 10326]"
15483,10326,6.700602411892969,"[15483, 17504, 10326]"
15483,10326,2.1905960101967663,"[15483, 14358, 10326]"
15483,10568,1.0,"[15483, 13555, 10568]"
15483,10657,0.10843373493975918,"[15483, 15724, 10657]"
15483,10657,0.8915662650602408,"[15483, 12940, 10657]"
15483,10705,0.010697273747141037,"[15483, 15724, 10705]"
15483,10705,0.989302726252859,"[15483, 14060, 10705]"
15483,10748,300.0,"[15483, 10748]"
15483,10796,1.0,"[15483, 10748, 10796]"
15483,10867,1.0,"[15483, 12369, 10867]"
15483,10901,300.0,"[15483, 10901]"
15483,10955,270.00000000000006,"[15483, 10955]"
15483,10955,29.999999999999922,"[15483, 10269, 10955]"
15483,10963,1.0,"[15483, 14234, 10963]"
15483,10985,0.7975924110694395,"[15483, 13694, 10985]"
15483,10985,0.20240758893056052,"[15483, 14736, 10985]"
15483,11022,300.0,"[15483, 11022]"
15483,11147,1.0,"[15483, 10901, 11147]"
15483,11163,72.0,"[15483, 11163]"
15483,11181,300.0,"[15483, 11181]"
15483,11189,270.0,"[15483, 11189]"
15483,11189,12.712337121082564,"[15483, 15183, 11189]"
15483,11189,17.287662878917438,"[15483, 12369, 11189]"
15483,11200,300.0,"[15483, 11200]"
15483,11209,300.0,"[15483, 11209]"
15483,11261,0.5486474126371945,"[15483, 16855, 11261]"
15483,11261,0.4513525873628065,"[15483, 12270, 11261]"
15483,11455,4.0,"[15483, 14736, 11455]"
15483,11466,272.17828041422786,"[15483, 11466]"
15483,11466,27.821719585772122,"[15483, 14234, 11466]"
15483,11561,269.99999999999994,"[15483, 11561]"
15483,11561,30.00000000000004,"[15483, 16855, 11561]"
15483,11853,1.0,"[15483, 12940, 11853]"
15483,12216,239.0,"[15483, 12216]"
15483,12270,300.0,"[15483, 12270]"
15483,12352,1.0,"[15483, 12369, 12352]"
15483,12355,1.0,"[15483, 13917, 12355]"
15483,12369,63.0,"[15483, 12369]"
15483,12562,1.0,"[15483, 12369, 12562]"
15483,12633,1.0,"[15483, 14358, 12633]"
15483,12652,90.0,"[15483, 12652]"
15483,12652,2.999999999999994,"[15483, 14060, 12652]"
15483,12746,0.7649575829116976,"[15483, 15948, 12746]"
15483,12746,0.2350424170883024,"[15483, 14060, 12746]"
15483,12868,1.0,"[15483, 14736, 12868]"
15483,12940,112.0,"[15483, 12940]"
15483,13073,180.0,"[15483, 13073]"
15483,13073,4.999999999999998,"[15483, 14060, 13073]"
15483,13088,1.0,"[15483, 12369, 13088]"
15483,13100,0.00916772886286712,"[15483, 13694, 13100]"
15483,13100,0.9908322711371329,"[15483, 19502, 13100]"
15483,13165,270.0000000000001,"[15483, 13165]"
15483,13165,8.309662133673122,"[15483, 18941, 13165]"
15483,13165,19.14366027967043,"[15483, 16855, 13165]"
15483,13165,2.5466775866563234,"[15483, 12270, 13165]"
15483,13170,1.0,"[15483, 18219, 13170]"
15483,13237,0.8473105240881682,"[15483, 14736, 13237]"
15483,13237,0.15268947591183174,"[15483, 14060, 13237]"
15483,13417,300.0,"[15483, 13417]"
15483,13454,300.0,"[15483, 13454]"
15483,13460,300.0,"[15483, 13460]"
15483,13563,1.0,"[15483, 14234, 13563]"
15483,13582,180.35335457557596,"[15483, 13582]"
15483,13582,14.646645424424028,"[15483, 14736, 13582]"
15483,13665,270.0,"[15483, 13665]"
15483,13665,7.999999999999979,"[15483, 14234, 13665]"
15483,13694,0.009167728862867121,"[15483, 13694]"
15483,13694,0.9908322711371329,"[15483, 12940, 13694]"
15483,13917,300.0,"[15483, 13917]"
15483,14053,1.0,"[15483, 18219, 14053]"
15483,14234,300.0,"[15483, 14234]"
15483,14278,1.0,"[15483, 19785, 14278]"
15483,14358,131.0,"[15483, 14358]"
15483,14704,1.0,"[15483, 14736, 14704]"
15483,14736,51.0,"[15483, 14736]"
15483,15008,120.0,"[15483, 15008]"
15483,15183,276.36133337800976,"[15483, 15183]"
15483,15183,4.226901916107825,"[15483, 12369, 15183]"
15483,15183,19.41176470588242,"[15483, 10269, 15183]"
15483,15185,1.0,"[15483, 10044, 15185]"
15483,15241,270.6385538363879,"[15483, 15241]"
15483,15241,29.36144616361206,"[15483, 10901, 15241]"
15483,15264,0.21208008551107738,"[15483, 13460, 15264]"
15483,15264,0.7879199144889226,"[15483, 13555, 15264]"
15483,15270,0.36366404184945816,"[15483, 12369, 15270]"
15483,15270,0.01032963493695029,"[15483, 15183, 15270]"
15483,15270,0.6260063232135877,"[15483, 15241, 15270]"
15483,15378,114.0,"[15483, 15378]"
15483,15601,73.0,"[15483, 15601]"
15483,15651,90.0,"[15483, 15651]"
15483,15651,1.0,"[15483, 14234, 15651]"
15483,15724,300.0,"[15483, 15724]"
15483,15848,1.0,"[15483, 19134, 15848]"
15483,15891,0.1175212085441512,"[15483, 14060, 15891]"
15483,15891,0.8824787914557658,"[15483, 14736, 15891]"
15483,15948,0.008595029021479683,"[15483, 15948]"
15483,15948,0.9914049709786034,"[15483, 13460, 15948]"
15483,16028,0.023255813953488358,"[15483, 18941, 16028]"
15483,16028,0.9767441860465117,"[15483, 12270, 16028]"
15483,16108,41.0,"[15483, 16108]"
15483,16117,1.0,"[15483, 14736, 16117]"
15483,16339,270.5,"[15483, 16339]"
15483,16339,27.222613818819557,"[15483, 16108, 16339]"
15483,16339,2.277386181180468,"[15483, 18448, 16339]"
15483,16683,0.9521010489992164,"[15483, 18219, 16683]"
15483,16683,0.04789895100078347,"[15483, 13460, 16683]"
15483,16855,218.0,"[15483, 16855]"
15483,16887,1.0,"[15483, 14234, 16887]"
15483,16962,0.00916772886286712,"[15483, 13694, 16962]"
15483,16962,0.7667728778798608,"[15483, 13582, 16962]"
15483,16962,0.22405939325728094,"[15483, 10901, 16962]"
15483,17223,3.9052654143481096,"[15483, 12940, 17223]"
15483,17223,3.0947345856518904,"[15483, 10901, 17223]"
15483,17282,0.9176470588235294,"[15483, 18219, 17282]"
15483,17282,0.08235294117647061,"[15483, 14060, 17282]"
15483,17464,270.0,"[15483, 17464]"
15483,17464,27.999999999999993,"[15483, 14358, 17464]"
15483,17504,28.0,"[15483, 17504]"
15483,17522,58.0,"[15483, 17522]"
15483,17738,300.0,"[15483, 17738]"
15483,17752,269.99999999999994,"[15483, 17752]"
15483,17752,5.6681550759436234,"[15483, 16108, 17752]"
15483,17752,24.331844924056472,"[15483, 19134, 17752]"
15483,17781,1.0,"[15483, 19502, 17781]"
15483,18110,215.0,"[15483, 18110]"
15483,18219,300.0,"[15483, 18219]"
15483,18411,1.0,"[15483, 19785, 18411]"
15483,18448,267.7226138188195,"[15483, 18448]"
15483,18448,2.277386181180468,"[15483, 19134, 18448]"
15483,18542,300.0,"[15483, 18542]"
15483,18799,90.0,"[15483, 18799]"
15483,18799,2.9234306385669897,"[15483, 18941, 18799]"
15483,18799,0.07656936143301146,"[15483, 12270, 18799]"
15483,18812,1.0,"[15483, 14060, 18812]"
15483,18827,1.0,"[15483, 18941, 18827]"
15483,18941,130.0,"[15483, 18941]"
15483,19134,1.0,"[15483, 19134]"
15483,19143,180.0,"[15483, 19143]"
15483,19143,2.999999999999988,"[15483, 12270, 19143]"
15483,19147,0.18153850399343258,"[15483, 19147]"
15483,19147,0.8184614960065675,"[15483, 15724, 19147]"
15483,19239,300.0,"[15483, 19239]"
15483,19273,1.0,"[15483, 13582, 19273]"
15483,19300,300.0,"[15483, 19300]"
15483,19333,1.0,"[15483, 13460, 19333]"
15483,19430,300.0,"[15483, 19430]"
15483,19500,0.6511013495622919,"[15483, 15241, 19500]"
15483,19500,0.34889865043770807,"[15483, 10901, 19500]"
15483,19502,300.0,"[15483, 19502]"
15483,19785,0.03233964985252503,"[15483, 19785]"
15483,19785,0.9676603501474749,"[15483, 12940, 19785]"
15483,19846,0.4817231503092432,"[15483, 18941, 19846]"
15483,19846,0.5182768496907568,"[15483, 14234, 19846]"
15483,19915,1.0,"[15483, 12369, 19915]"
15483,19971,1.0,"[15483, 14358, 19971]"
15601,10916,90.25,"[15601, 10916]"
15601,10916,17.749999999999996,"[15601, 16887, 10916]"
15601,12205,1.0,"[15601, 19785, 12205]"
15601,12652,300.0,"[15601, 12652]"
15601,12868,292.13220621786877,"[15601, 12868]"
15601,12868,7.8677937821312245,"[15601, 13460, 12868]"
15601,13417,1.0,"[15601, 18411, 13417]"
15601,15008,0.08840217732731713,"[15601, 13460, 15008]"
15601,15008,0.9115978226726829,"[15601, 18827, 15008]"
15601,16855,1.0,"[15601, 18827, 16855]"
15601,18827,135.0,"[15601, 18827]"
15651,10916,1.0,"[15651, 10916]"
15651,12205,1.0,"[15651, 13555, 12205]"
15651,12652,270.3052885357684,"[15651, 12652]"
15651,12652,11.694711464231624,"[15651, 16108, 12652]"
15651,12868,270.34816070255926,"[15651, 12868]"
15651,12868,4.098302685111302,"[15651, 13563, 12868]"
15651,12868,25.553536612329456,"[15651, 14519, 12868]"
15651,13555,300.0,"[15651, 13555]"
15651,14519,229.99999999999994,"[15651, 14519]"
15651,15848,300.0,"[15651, 15848]"
15651,16236,164.0,"[15651, 16236]"
15651,16855,1.0,"[15651, 13555, 16855]"
15651,18827,270.0,"[15651, 18827]"
15651,18827,15.0,"[15651, 19846, 18827]"
15686,10916,0.3370786516853937,"[15686, 10916]"
15686,10916,0.6629213483146064,"[15686, 18448, 10916]"
15686,12205,0.3019637104046211,"[15686, 12205]"
15686,12205,0.6980362895953789,"[15686, 18448, 12205]"
15686,12868,17.875,"[15686, 12868]"
15686,12868,8.125000000000002,"[15686, 13563, 12868]"
15686,14358,1.0,"[15686, 14358]"
15686,14519,191.5535366123294,"[15686, 14519]"
15686,14519,13.446463387670608,"[15686, 15651, 14519]"
15686,15848,1.0,"[15686, 19134, 15848]"
15686,16339,300.0,"[15686, 16339]"
15686,16855,1.0,"[15686, 14358, 16855]"
15686,17752,1.0,"[15686, 19134, 17752]"
15686,18827,270.0,"[15686, 18827]"
15686,18827,30.0,"[15686, 19846, 18827]"
15724,14519,1.0,"[15724, 10657, 14519]"
15848,10916,300.0,"[15848, 10916]"
15848,10963,300.0,"[15848, 10963]"
15848,12652,1.0,"[15848, 15651, 12652]"
15848,15651,143.0,"[15848, 15651]"
15848,16117,300.0,"[15848, 16117]"
15891,10044,0.9885057471264368,"[15891, 11561, 10044]"
15891,10044,0.01149425287356322,"[15891, 17516, 10044]"
15891,10177,1.0,"[15891, 13563, 10177]"
15891,10269,142.0,"[15891, 10269]"
15891,10301,1.0,"[15891, 19785, 10301]"
15891,10316,300.0,"[15891, 10316]"
15891,10326,103.0,"[15891, 10326]"
15891,10326,60.0,"[15891, 17504, 10326]"
15891,10568,1.0,"[15891, 18411, 10568]"
15891,10657,0.01481468271173466,"[15891, 14519, 10657]"
15891,10657,0.13626135597120678,"[15891, 18441, 10657]"
15891,10657,0.014572310519698964,"[15891, 14060, 10657]"
15891,10657,0.8343516507973595,"[15891, 19785, 10657]"
15891,10705,0.007876922109800266,"[15891, 10705]"
15891,10705,0.9921230778901994,"[15891, 13460, 10705]"
15891,10748,0.9667529847864558,"[15891, 13460, 10748]"
15891,10748,0.033222195158940204,"[15891, 18441, 10748]"
15891,10796,0.9883720930232558,"[15891, 18411, 10796]"
15891,10796,0.011627906976744172,"[15891, 19785, 10796]"
15891,10867,270.0,"[15891, 10867]"
15891,10867,30.0,"[15891, 12369, 10867]"
15891,10901,270.1442541748812,"[15891, 10901]"
15891,10901,11.855745825118765,"[15891, 19500, 10901]"
15891,10955,0.9359179827439142,"[15891, 10269, 10955]"
15891,10955,0.06408201725608449,"[15891, 10901, 10955]"
15891,10963,1.0,"[15891, 13563, 10963]"
15891,10985,233.0,"[15891, 10985]"
15891,11022,0.975609756097561,"[15891, 14519, 11022]"
15891,11022,0.024390243902439025,"[15891, 14736, 11022]"
15891,11163,270.0,"[15891, 11163]"
15891,11163,30.0,"[15891, 14234, 11163]"
15891,11181,0.2272220112829828,"[15891, 13460, 11181]"
15891,11181,0.27252271194241356,"[15891, 18441, 11181]"
15891,11181,0.5002552767746036,"[15891, 12868, 11181]"
15891,11189,1.0,"[15891, 12352, 11189]"
15891,11200,0.19742346997907204,"[15891, 14736, 11200]"
15891,11200,3.8025765300209278,"[15891, 18441, 11200]"
15891,11209,1.0,"[15891, 14736, 11209]"
15891,11261,1.0,"[15891, 17516, 11261]"
15891,11455,300.0,"[15891, 11455]"
15891,11466,0.052797414974399395,"[15891, 19502, 11466]"
15891,11466,0.011494252873563218,"[15891, 17516, 11466]"
15891,11466,0.9357083321534886,"[15891, 14234, 11466]"
15891,11561,216.0,"[15891, 11561]"
15891,11853,1.0,"[15891, 12352, 11853]"
15891,12216,0.006570943038599221,"[15891, 18411, 12216]"
15891,12216,0.9934290569614008,"[15891, 19785, 12216]"
15891,12270,159.0,"[15891, 12270]"
15891,12352,271.4886363636364,"[15891, 12352]"
15891,12352,28.511363636363637,"[15891, 10269, 12352]"
15891,12355,71.0,"[15891, 12355]"
15891,12369,1.7857142857142865,"[15891, 12369]"
15891,12369,1.8072289156626504,"[15891, 13088, 12369]"
15891,12369,1.4070567986230662,"[15891, 19785, 12369]"
15891,12562,0.35714285714285715,"[15891, 12369, 12562]"
15891,12562,0.6428571428571429,"[15891, 10269, 12562]"
15891,12633,180.0,"[15891, 12633]"
15891,12633,6.0,"[15891, 13563, 12633]"
15891,12652,0.29283046821503744,"[15891, 14060, 12652]"
15891,12652,0.6390388537993592,"[15891, 18219, 12652]"
15891,12652,0.06813067798560339,"[15891, 18441, 12652]"
15891,12746,300.0,"[15891, 12746]"
15891,12868,0.16675175892486788,"[15891, 12868]"
15891,12868,0.8332482410751321,"[15891, 14736, 12868]"
15891,12940,0.022727272727272728,"[15891, 18411, 12940]"
15891,12940,0.9772727272727266,"[15891, 12352, 12940]"
15891,13073,300.0,"[15891, 13073]"
15891,13088,152.0,"[15891, 13088]"
15891,13100,0.02277775335947432,"[15891, 19502, 13100]"
15891,13100,1.9772222466405256,"[15891, 19147, 13100]"
15891,13165,1.0,"[15891, 17781, 13165]"
15891,13170,300.0,"[15891, 13170]"
15891,13237,0.9793978872996931,"[15891, 13460, 13237]"
15891,13237,0.020602112700306888,"[15891, 14736, 13237]"
15891,13454,0.4895336522412501,"[15891, 13460, 13454]"
15891,13454,0.5104663477587508,"[15891, 12270, 13454]"
15891,13460,0.1631778840804167,"[15891, 13460]"
15891,13460,0.5235544760962288,"[15891, 18219, 13460]"
15891,13460,0.3132676398233545,"[15891, 14519, 13460]"
15891,13563,247.0,"[15891, 13563]"
15891,13582,0.7010460677722237,"[15891, 10705, 13582]"
15891,13582,0.021103278423693157,"[15891, 13460, 13582]"
15891,13582,0.17780278891390944,"[15891, 14736, 13582]"
15891,13582,0.10004786489017371,"[15891, 19785, 13582]"
15891,13665,1.0,"[15891, 14234, 13665]"
15891,13694,0.9851853172882648,"[15891, 13460, 13694]"
15891,13694,0.01481468271173466,"[15891, 14519, 13694]"
15891,13917,300.0,"[15891, 13917]"
15891,14053,300.0,"[15891, 14053]"
15891,14234,300.0,"[15891, 14234]"
15891,14278,0.11326024442103555,"[15891, 19785, 14278]"
15891,14278,0.5920067393784617,"[15891, 18411, 14278]"
15891,14278,0.2947330161999931,"[15891, 14736, 14278]"
15891,14358,1.0,"[15891, 19846, 14358]"
15891,14704,63.0,"[15891, 14704]"
15891,14736,300.0,"[15891, 14736]"
15891,15008,162.0,"[15891, 15008]"
15891,15183,270.0916521443791,"[15891, 15183]"
15891,15183,25.37607537309555,"[15891, 13088, 15183]"
15891,15183,4.532272482525355,"[15891, 10269, 15183]"
15891,15185,300.0,"[15891, 15185]"
15891,15241,270.0,"[15891, 15241]"
15891,15241,30.0,"[15891, 19500, 15241]"
15891,15264,247.0,"[15891, 15264]"
15891,15270,220.0,"[15891, 15270]"
15891,15378,300.0,"[15891, 15378]"
15891,15483,180.0,"[15891, 15483]"
15891,15483,6.0,"[15891, 18219, 15483]"
15891,15601,300.0,"[15891, 15601]"
15891,15651,1.0,"[15891, 14234, 15651]"
15891,15724,0.9851853172882653,"[15891, 18219, 15724]"
15891,15724,0.01481468271173466,"[15891, 14519, 15724]"
15891,15848,0.6264571939836094,"[15891, 19134, 15848]"
15891,15848,0.3735428060163906,"[15891, 16887, 15848]"
15891,15948,0.3263557681608334,"[15891, 13460, 15948]"
15891,15948,0.6736442318391667,"[15891, 12868, 15948]"
15891,16028,300.0,"[15891, 16028]"
15891,16108,270.0,"[15891, 16108]"
15891,16108,24.0,"[15891, 16887, 16108]"
15891,16117,1.0,"[15891, 14736, 16117]"
15891,16339,1.0,"[15891, 13563, 16339]"
15891,16683,0.08314319523027575,"[15891, 18219, 16683]"
15891,16683,0.3371097739284892,"[15891, 18411, 16683]"
15891,16683,0.5797470308412329,"[15891, 18441, 16683]"
15891,16855,1.0,"[15891, 13917, 16855]"
15891,16887,8.591484538376985,"[15891, 16887]"
15891,16887,13.661510524539118,"[15891, 19846, 16887]"
15891,16887,0.7470049370839007,"[15891, 14234, 16887]"
15891,16962,300.0,"[15891, 16962]"
15891,17223,0.07520688191217775,"[15891, 18411, 17223]"
15891,17223,0.5809337196820566,"[15891, 19785, 17223]"
15891,17223,0.3438593984057656,"[15891, 10901, 17223]"
15891,17282,300.0,"[15891, 17282]"
15891,17464,270.0,"[15891, 17464]"
15891,17464,30.000000000000004,"[15891, 16028, 17464]"
15891,17504,300.0,"[15891, 17504]"
15891,17522,1.0,"[15891, 16028, 17522]"
15891,17738,1.0,"[15891, 18441, 17738]"
15891,17752,300.0,"[15891, 17752]"
15891,17781,176.0,"[15891, 17781]"
15891,18110,267.0,"[15891, 18110]"
15891,18219,34.0,"[15891, 18219]"
15891,18411,16.0,"[15891, 18411]"
15891,18448,1.0,"[15891, 19134, 18448]"
15891,18542,0.23930051678347464,"[15891, 18441, 18542]"
15891,18542,0.7606994832165254,"[15891, 14060, 18542]"
15891,18799,1.0,"[15891, 19785, 18799]"
15891,18812,0.0037414939809048147,"[15891, 18812]"
15891,18812,0.9962585060190952,"[15891, 14060, 18812]"
15891,18827,0.024691358024705557,"[15891, 13460, 18827]"
15891,18827,0.9753086419752944,"[15891, 15601, 18827]"
15891,18941,0.9885057471264368,"[15891, 15264, 18941]"
15891,18941,0.01149425287356322,"[15891, 17516, 18941]"
15891,19134,133.0,"[15891, 19134]"
15891,19143,270.0,"[15891, 19143]"
15891,19143,20.48953365224125,"[15891, 12270, 19143]"
15891,19143,9.51046634775875,"[15891, 13460, 19143]"
15891,19147,247.0,"[15891, 19147]"
15891,19239,0.6250000000000141,"[15891, 19502, 19239]"
15891,19239,0.3749999999999967,"[15891, 18411, 19239]"
15891,19273,13.0,"[15891, 12868, 19273]"
15891,19300,300.0,"[15891, 19300]"
15891,19333,205.0,"[15891, 19333]"
15891,19430,0.6670070356994715,"[15891, 12868, 19430]"
15891,19430,0.3329929643005285,"[15891, 18812, 19430]"
15891,19500,0.47028927893391875,"[15891, 19500]"
15891,19500,0.5297107210660814,"[15891, 10901, 19500]"
15891,19502,205.0,"[15891, 19502]"
15891,19785,300.0,"[15891, 19785]"
15891,19846,154.0,"[15891, 19846]"
15891,19915,0.8166957112418065,"[15891, 13088, 19915]"
15891,19915,0.1833042887581935,"[15891, 15183, 19915]"
15891,19971,1.0,"[15891, 11561, 19971]"
15948,11209,69.0,"[15948, 11209]"
15948,12205,180.17671763357535,"[15948, 12205]"
15948,12205,8.823282366424644,"[15948, 19785, 12205]"
15948,12868,0.12169589199287335,"[15948, 12868]"
15948,12868,0.8783041080071267,"[15948, 13582, 12868]"
15948,13417,268.0,"[15948, 13417]"
15948,14519,0.022656924819490536,"[15948, 14519]"
15948,14519,0.011363636363636364,"[15948, 19785, 14519]"
15948,14519,0.965979438816873,"[15948, 12868, 14519]"
15948,15008,0.11250263011740844,"[15948, 15008]"
15948,15008,0.011764705882352941,"[15948, 14519, 15008]"
15948,15008,0.8757326640002384,"[15948, 12868, 15008]"
15948,16117,300.0,"[15948, 16117]"
15948,16236,0.0259574405382074,"[15948, 16236]"
15948,16236,0.9740425594617925,"[15948, 12868, 16236]"
15976,10568,1.0,"[15976, 18827, 10568]"
16028,12652,300.0,"[16028, 12652]"
16028,13165,300.0,"[16028, 13165]"
16108,10916,161.0,"[16108, 10916]"
16108,12652,128.0,"[16108, 12652]"
16108,15848,1.0,"[16108, 19134, 15848]"
16117,10044,276.2,"[16117, 10044]"
16117,10044,8.799999999999992,"[16117, 12616, 10044]"
16117,10177,0.6666666666666666,"[16117, 13100, 10177]"
16117,10177,0.3333333333333334,"[16117, 16962, 10177]"
16117,10269,1.0,"[16117, 11147, 10269]"
16117,10301,0.02247191011235955,"[16117, 10301]"
16117,10301,0.9775280898876404,"[16117, 10705, 10301]"
16117,10316,0.1959234965029024,"[16117, 13460, 10316]"
16117,10316,0.8040765034970976,"[16117, 18827, 10316]"
16117,10326,1.0,"[16117, 13100, 10326]"
16117,10568,1.0,"[16117, 18411, 10568]"
16117,10657,300.0,"[16117, 10657]"
16117,10705,300.0,"[16117, 10705]"
16117,10748,0.9664325277645653,"[16117, 12746, 10748]"
16117,10748,0.03356747223543466,"[16117, 13460, 10748]"
16117,10796,116.0,"[16117, 10796]"
16117,10867,1.0,"[16117, 11147, 10867]"
16117,10901,0.32017050400227726,"[16117, 18411, 10901]"
16117,10901,0.6798294959977227,"[16117, 19785, 10901]"
16117,10955,270.4999999999998,"[16117, 10955]"
16117,10955,16.446095991928807,"[16117, 15948, 10955]"
16117,10955,13.053904008071399,"[16117, 11147, 10955]"
16117,10963,0.10250962488556485,"[16117, 13165, 10963]"
16117,10963,0.8788244094723163,"[16117, 10657, 10963]"
16117,10963,0.0186659656421186,"[16117, 18941, 10963]"
16117,10985,90.80725970280714,"[16117, 10985]"
16117,10985,10.19274029719286,"[16117, 14736, 10985]"
16117,11022,0.8536585365853657,"[16117, 10705, 11022]"
16117,11022,0.14634146341463422,"[16117, 14736, 11022]"
16117,11147,252.0,"[16117, 11147]"
16117,11163,212.0,"[16117, 11163]"
16117,11181,0.014106000129689458,"[16117, 13460, 11181]"
16117,11181,0.9858939998703106,"[16117, 15724, 11181]"
16117,11189,270.0,"[16117, 11189]"
16117,11189,2.9999999999999822,"[16117, 13582, 11189]"
16117,11200,1.0,"[16117, 13460, 11200]"
16117,11209,1.0,"[16117, 15948, 11209]"
16117,11261,1.0,"[16117, 18827, 11261]"
16117,11455,300.0,"[16117, 11455]"
16117,11466,1.0,"[16117, 13694, 11466]"
16117,11561,300.0,"[16117, 11561]"
16117,11853,0.9770114942528736,"[16117, 13582, 11853]"
16117,11853,0.02298850574712644,"[16117, 15948, 11853]"
16117,12216,269.99999999999994,"[16117, 12216]"
16117,12216,26.796349726367662,"[16117, 10796, 12216]"
16117,12216,3.203650273632377,"[16117, 18827, 12216]"
16117,12270,0.022585918678401144,"[16117, 13460, 12270]"
16117,12270,0.9774140813215989,"[16117, 10705, 12270]"
16117,12352,1.0,"[16117, 11147, 12352]"
16117,12355,269.99999999999994,"[16117, 12355]"
16117,12355,9.000000000000039,"[16117, 16962, 12355]"
16117,12355,21.0,"[16117, 13917, 12355]"
16117,12369,0.256447289716914,"[16117, 12369]"
16117,12369,0.743552710283086,"[16117, 16962, 12369]"
16117,12562,272.9919282570648,"[16117, 12562]"
16117,12562,4.184262958129853,"[16117, 19785, 12562]"
16117,12562,22.82380878480534,"[16117, 12369, 12562]"
16117,12633,1.0,"[16117, 16962, 12633]"
16117,12652,1.0,"[16117, 13460, 12652]"
16117,12746,147.0,"[16117, 12746]"
16117,12868,1.0,"[16117, 14736, 12868]"
16117,12940,1.0,"[16117, 18411, 12940]"
16117,13073,4.0,"[16117, 15724, 13073]"
16117,13088,1.0,"[16117, 19785, 13088]"
16117,13100,107.42222222222225,"[16117, 13100]"
16117,13100,31.577777777777747,"[16117, 15724, 13100]"
16117,13165,299.0512548124427,"[16117, 13165]"
16117,13165,0.9487451875572567,"[16117, 18827, 13165]"
16117,13170,300.0,"[16117, 13170]"
16117,13237,300.0,"[16117, 13237]"
16117,13417,300.0,"[16117, 13417]"
16117,13454,0.07285408047785724,"[16117, 17282, 13454]"
16117,13454,0.7197729797604946,"[16117, 13460, 13454]"
16117,13454,0.20737293976164814,"[16117, 15008, 13454]"
16117,13460,225.0,"[16117, 13460]"
16117,13563,269.99999999999994,"[16117, 13563]"
16117,13563,30.00000000000004,"[16117, 13165, 13563]"
16117,13582,300.0,"[16117, 13582]"
16117,13665,77.0,"[16117, 13665]"
16117,13694,82.0,"[16117, 13694]"
16117,13917,69.0,"[16117, 13917]"
16117,14053,300.0,"[16117, 14053]"
16117,14234,27.0,"[16117, 16855, 14234]"
16117,14234,5.0,"[16117, 10985, 14234]"
16117,14278,0.705266983800007,"[16117, 19785, 14278]"
16117,14278,0.2947330161999931,"[16117, 14736, 14278]"
16117,14358,179.0,"[16117, 14358]"
16117,14704,270.0,"[16117, 14704]"
16117,14704,16.664153293514207,"[16117, 14736, 14704]"
16117,14704,13.335846706485793,"[16117, 15948, 14704]"
16117,14736,109.0,"[16117, 14736]"
16117,15008,153.0,"[16117, 15008]"
16117,15183,270.0,"[16117, 15183]"
16117,15183,30.0,"[16117, 13582, 15183]"
16117,15185,269.99999999999994,"[16117, 15185]"
16117,15185,30.000000000000043,"[16117, 10044, 15185]"
16117,15241,1.0,"[16117, 19785, 15241]"
16117,15264,268.0,"[16117, 15264]"
16117,15270,180.0,"[16117, 15270]"
16117,15270,13.0,"[16117, 16962, 15270]"
16117,15378,300.0,"[16117, 15378]"
16117,15483,1.0,"[16117, 15724, 15483]"
16117,15601,0.8309389178937732,"[16117, 10796, 15601]"
16117,15601,0.16906108210622683,"[16117, 15008, 15601]"
16117,15651,1.0,"[16117, 10044, 15651]"
16117,15724,300.0,"[16117, 15724]"
16117,15848,4.215717758609325,"[16117, 19333, 15848]"
16117,15848,15.974725465338565,"[16117, 19273, 15848]"
16117,15848,0.8095567760521084,"[16117, 13582, 15848]"
16117,15891,300.0,"[16117, 15891]"
16117,15948,300.0,"[16117, 15948]"
16117,16028,1.0,"[16117, 15724, 16028]"
16117,16108,180.0000000000001,"[16117, 16108]"
16117,16108,25.999999999999883,"[16117, 13165, 16108]"
16117,16339,269.99999999999994,"[16117, 16339]"
16117,16339,30.00000000000004,"[16117, 19333, 16339]"
16117,16683,300.0,"[16117, 16683]"
16117,16855,153.0,"[16117, 16855]"
16117,16887,1.0,"[16117, 13165, 16887]"
16117,16962,300.0,"[16117, 16962]"
16117,17223,90.0,"[16117, 17223]"
16117,17223,3.0,"[16117, 18411, 17223]"
16117,17282,155.0,"[16117, 17282]"
16117,17464,1.0,"[16117, 11163, 17464]"
16117,17504,1.0,"[16117, 16962, 17504]"
16117,17522,0.029685750360213044,"[16117, 18411, 17522]"
16117,17522,0.3034482758620687,"[16117, 12616, 17522]"
16117,17522,0.6668659737777183,"[16117, 18941, 17522]"
16117,17738,223.0,"[16117, 17738]"
16117,17752,269.99999999999994,"[16117, 17752]"
16117,17752,30.000000000000064,"[16117, 11561, 17752]"
16117,17781,180.0,"[16117, 17781]"
16117,17781,12.00000000000001,"[16117, 18411, 17781]"
16117,18110,221.0,"[16117, 18110]"
16117,18219,1.0,"[16117, 15724, 18219]"
16117,18411,300.0,"[16117, 18411]"
16117,18448,0.9887640449438202,"[16117, 19333, 18448]"
16117,18448,0.011235955056179775,"[16117, 16962, 18448]"
16117,18542,1.0,"[16117, 13237, 18542]"
16117,18799,34.0,"[16117, 10796, 18799]"
16117,18812,58.0,"[16117, 18812]"
16117,18827,145.0,"[16117, 18827]"
16117,18941,270.84276596970994,"[16117, 18941]"
16117,18941,21.91546691816677,"[16117, 18827, 18941]"
16117,18941,7.24176711212331,"[16117, 15724, 18941]"
16117,19134,1.0,"[16117, 13165, 19134]"
16117,19143,300.0,"[16117, 19143]"
16117,19147,1.0,"[16117, 13694, 19147]"
16117,19239,90.0,"[16117, 19239]"
16117,19239,0.9999999999999976,"[16117, 18411, 19239]"
16117,19273,300.0,"[16117, 19273]"
16117,19300,0.006841952281538996,"[16117, 14736, 19300]"
16117,19300,0.9931580477184611,"[16117, 15724, 19300]"
16117,19333,23.0,"[16117, 19333]"
16117,19430,261.0,"[16117, 19430]"
16117,19500,1.0,"[16117, 11147, 19500]"
16117,19502,90.0,"[16117, 19502]"
16117,19785,0.08504898244862452,"[16117, 19785]"
16117,19785,0.9149510175513754,"[16117, 18411, 19785]"
16117,19846,1.0,"[16117, 18941, 19846]"
16117,19915,270.0,"[16117, 19915]"
16117,19915,2.0,"[16117, 10301, 19915]"
16117,19971,76.0,"[16117, 19971]"
16193,14234,1.0,"[16193, 14234]"
16236,10044,280.8253422439153,"[16236, 10044]"
16236,10044,19.174657756084688,"[16236, 17516, 10044]"
16236,10177,22.709400481396457,"[16236, 19239, 10177]"
16236,10177,11.885473594871153,"[16236, 10955, 10177]"
16236,10177,59.33333333333333,"[16236, 13100, 10177]"
16236,10177,26.46128389118084,"[16236, 18110, 10177]"
16236,10177,83.95495314366264,"[16236, 10916, 10177]"
16236,10177,25.0,"[16236, 14704, 10177]"
16236,10177,3.6555555555555657,"[16236, 14257, 10177]"
16236,10269,221.0,"[16236, 10269]"
16236,10301,1.0,"[16236, 10705, 10301]"
16236,10316,293.5424262937562,"[16236, 10316]"
16236,10316,6.457573706243807,"[16236, 13460, 10316]"
16236,10326,1.0,"[16236, 14257, 10326]"
16236,10568,54.0,"[16236, 10568]"
16236,10657,0.970855378960602,"[16236, 14519, 10657]"
16236,10657,0.02914462103939793,"[16236, 14060, 10657]"
16236,10705,300.0,"[16236, 10705]"
16236,10748,1.0,"[16236, 18441, 10748]"
16236,10796,270.0,"[16236, 10796]"
16236,10796,21.999999999999964,"[16236, 18411, 10796]"
16236,10867,300.0,"[16236, 10867]"
16236,10901,279.4238012026608,"[16236, 10901]"
16236,10901,20.576198797339227,"[16236, 19785, 10901]"
16236,10955,295.42486449872064,"[16236, 10955]"
16236,10955,4.575135501279351,"[16236, 10901, 10955]"
16236,10963,0.10325683790812129,"[16236, 15601, 10963]"
16236,10963,0.32227097729353044,"[16236, 11261, 10963]"
16236,10963,0.5744721847983483,"[16236, 19785, 10963]"
16236,10985,208.0,"[16236, 10985]"
16236,11022,1.0,"[16236, 14519, 11022]"
16236,11147,1.0,"[16236, 10901, 11147]"
16236,11163,300.0,"[16236, 11163]"
16236,11181,0.014106000129689458,"[16236, 13460, 11181]"
16236,11181,0.8747828887591996,"[16236, 14519, 11181]"
16236,11181,0.11111111111111094,"[16236, 18441, 11181]"
16236,11189,0.7595612552578359,"[16236, 12940, 11189]"
16236,11189,0.24043874474215807,"[16236, 19785, 11189]"
16236,11200,8.0,"[16236, 11200]"
16236,11209,0.044428684602654624,"[16236, 14060, 11209]"
16236,11209,0.9555713153973454,"[16236, 15948, 11209]"
16236,11261,300.0,"[16236, 11261]"
16236,11455,1.0,"[16236, 15948, 11455]"
16236,11466,0.39843185610427145,"[16236, 10568, 11466]"
16236,11466,0.2154455927649965,"[16236, 17516, 11466]"
16236,11466,0.3861225511307315,"[16236, 16855, 11466]"
16236,11561,299.2308410498629,"[16236, 11561]"
16236,11561,0.7691589501370985,"[16236, 16855, 11561]"
16236,11853,34.0,"[16236, 11853]"
16236,12216,180.0,"[16236, 12216]"
16236,12270,0.022585918678401144,"[16236, 13460, 12270]"
16236,12270,0.977414081321599,"[16236, 12940, 12270]"
16236,12352,0.9963388461052898,"[16236, 12940, 12352]"
16236,12352,0.003661153894710264,"[16236, 19785, 12352]"
16236,12355,1.0,"[16236, 13917, 12355]"
16236,12369,90.0,"[16236, 12369]"
16236,12369,5.000000000000003,"[16236, 19785, 12369]"
16236,12562,0.15900062872755014,"[16236, 19785, 12562]"
16236,12562,0.8409993712724493,"[16236, 10269, 12562]"
16236,12633,35.69641563786008,"[16236, 10955, 12633]"
16236,12633,60.0,"[16236, 10916, 12633]"
16236,12633,33.30358436213992,"[16236, 14257, 12633]"
16236,12652,300.0,"[16236, 12652]"
16236,12746,1.0,"[16236, 14060, 12746]"
16236,12868,1.0,"[16236, 13460, 12868]"
16236,12940,300.0,"[16236, 12940]"
16236,13073,1.0,"[16236, 14060, 13073]"
16236,13088,90.45870817343118,"[16236, 13088]"
16236,13088,20.541291826568823,"[16236, 10269, 13088]"
16236,13100,299.66666666666663,"[16236, 13100]"
16236,13100,0.33333333333338716,"[16236, 16117, 13100]"
16236,13165,282.4933978672249,"[16236, 13165]"
16236,13165,17.50660213277505,"[16236, 17781, 13165]"
16236,13170,300.0,"[16236, 13170]"
16236,13237,0.7503327902560675,"[16236, 14519, 13237]"
16236,13237,0.2222222222222222,"[16236, 18441, 13237]"
16236,13237,0.02744498752171028,"[16236, 14060, 13237]"
16236,13417,5.0,"[16236, 13417]"
16236,13454,300.0,"[16236, 13454]"
16236,13460,148.0,"[16236, 13460]"
16236,13563,180.0,"[16236, 13563]"
16236,13563,10.877293112442251,"[16236, 13165, 13563]"
16236,13563,9.676470588236738,"[16236, 15891, 13563]"
16236,13563,14.446236299321011,"[16236, 15601, 13563]"
16236,13582,1.0,"[16236, 13460, 13582]"
16236,13665,5.0,"[16236, 16855, 13665]"
16236,13694,1.0,"[16236, 14519, 13694]"
16236,13917,80.0,"[16236, 13917]"
16236,14053,1.0,"[16236, 18441, 14053]"
16236,14234,181.91203003918983,"[16236, 14234]"
16236,14234,34.087969960810156,"[16236, 16855, 14234]"
16236,14278,1.0,"[16236, 18411, 14278]"
16236,14358,1.0,"[16236, 14234, 14358]"
16236,14519,163.0,"[16236, 14519]"
16236,14704,154.0,"[16236, 14704]"
16236,14736,1.0,"[16236, 10705, 14736]"
16236,15008,33.0,"[16236, 15008]"
16236,15183,0.898876404494382,"[16236, 13088, 15183]"
16236,15183,0.10112359550561797,"[16236, 10901, 15183]"
16236,15185,1.0,"[16236, 10044, 15185]"
16236,15241,10.0,"[16236, 10901, 15241]"
16236,15264,0.21208008551107738,"[16236, 13460, 15264]"
16236,15264,0.7879199144889226,"[16236, 18411, 15264]"
16236,15270,180.0,"[16236, 15270]"
16236,15270,4.000000000000024,"[16236, 19785, 15270]"
16236,15378,300.0,"[16236, 15378]"
16236,15483,0.4768317748908027,"[16236, 13460, 15483]"
16236,15483,0.5231682251091974,"[16236, 15948, 15483]"
16236,15601,300.0,"[16236, 15601]"
16236,15651,4.612981134534609,"[16236, 10568, 15651]"
16236,15651,7.387018865465391,"[16236, 10044, 15651]"
16236,15724,1.0,"[16236, 14519, 15724]"
16236,15848,270.0,"[16236, 15848]"
16236,15848,30.0,"[16236, 10568, 15848]"
16236,15891,300.0,"[16236, 15891]"
16236,15948,300.0,"[16236, 15948]"
16236,16028,0.1250000000000004,"[16236, 17781, 16028]"
16236,16028,0.874999999999999,"[16236, 19785, 16028]"
16236,16108,0.1280046879937145,"[16236, 11561, 16108]"
16236,16108,0.003950253221526032,"[16236, 11261, 16108]"
16236,16108,0.8680450587847595,"[16236, 14234, 16108]"
16236,16117,283.0,"[16236, 16117]"
16236,16339,270.0,"[16236, 16339]"
16236,16339,1.1693324885931435,"[16236, 19333, 16339]"
16236,16339,1.8306675114068387,"[16236, 10044, 16339]"
16236,16683,175.0,"[16236, 16683]"
16236,16855,299.4555534168049,"[16236, 16855]"
16236,16855,0.5444465831951205,"[16236, 17781, 16855]"
16236,16887,1.0,"[16236, 15601, 16887]"
16236,16962,172.0,"[16236, 16962]"
16236,17223,180.0,"[16236, 17223]"
16236,17223,2.0000000000000036,"[16236, 10901, 17223]"
16236,17282,0.9176470588235294,"[16236, 14519, 17282]"
16236,17282,0.08235294117647061,"[16236, 14060, 17282]"
16236,17464,1.0,"[16236, 18110, 17464]"
16236,17504,16.83066751140686,"[16236, 19333, 17504]"
16236,17504,36.045046856337365,"[16236, 10916, 17504]"
16236,17504,44.450506862770865,"[16236, 15601, 17504]"
16236,17504,60.0,"[16236, 11163, 17504]"
16236,17504,60.99999999999997,"[16236, 10985, 17504]"
16236,17504,58.67377876948495,"[16236, 11261, 17504]"
16236,17504,22.999999999999986,"[16236, 19430, 17504]"
16236,17522,0.9950532964508078,"[16236, 10044, 17522]"
16236,17522,0.004946703549192219,"[16236, 17781, 17522]"
16236,17738,61.0,"[16236, 17738]"
16236,17752,78.0,"[16236, 17752]"
16236,17781,218.0,"[16236, 17781]"
16236,18110,283.73064194559043,"[16236, 18110]"
16236,18110,16.26935805440958,"[16236, 19785, 18110]"
16236,18219,269.0,"[16236, 18219]"
16236,18219,0.9999999999999911,"[16236, 14060, 18219]"
16236,18411,299.4525732389683,"[16236, 18411]"
16236,18411,0.5474267610316992,"[16236, 19785, 18411]"
16236,18448,1.0,"[16236, 11200, 18448]"
16236,18542,1.0,"[16236, 18441, 18542]"
16236,18799,180.0,"[16236, 18799]"
16236,18799,16.0,"[16236, 17781, 18799]"
16236,18812,1.0,"[16236, 14060, 18812]"
16236,18827,270.0,"[16236, 18827]"
16236,18827,1.999999999999982,"[16236, 13460, 18827]"
16236,18941,0.25909710141858244,"[16236, 17781, 18941]"
16236,18941,0.7409028985814176,"[16236, 19785, 18941]"
16236,19134,270.0,"[16236, 19134]"
16236,19134,3.741538664192584,"[16236, 11200, 19134]"
16236,19134,9.700068080634132,"[16236, 13165, 19134]"
16236,19134,16.558393255173282,"[16236, 11561, 19134]"
16236,19143,10.43794481450759,"[16236, 10044, 19143]"
16236,19143,12.56205518549241,"[16236, 17781, 19143]"
16236,19147,1.0,"[16236, 10985, 19147]"
16236,19239,234.0,"[16236, 19239]"
16236,19273,3.855421686746988,"[16236, 16117, 19273]"
16236,19273,0.14457831325301204,"[16236, 15948, 19273]"
16236,19300,166.0,"[16236, 19300]"
16236,19333,72.0,"[16236, 19333]"
16236,19430,157.0,"[16236, 19430]"
16236,19500,0.8151159149881096,"[16236, 12940, 19500]"
16236,19500,0.013540776475309742,"[16236, 19785, 19500]"
16236,19500,0.17134330853658067,"[16236, 10901, 19500]"
16236,19502,0.3603314621758888,"[16236, 13460, 19502]"
16236,19502,0.2873958105513839,"[16236, 10705, 19502]"
16236,19502,0.3522727272727273,"[16236, 18411, 19502]"
16236,19785,221.0,"[16236, 19785]"
16236,19846,1.0,"[16236, 14234, 19846]"
16236,19915,0.5189488588383235,"[16236, 13088, 19915]"
16236,19915,0.48105114116167647,"[16236, 12940, 19915]"
16236,19971,300.0,"[16236, 19971]"
16325,10044,90.0,"[16325, 10044]"
16325,10044,7.280972312073035,"[16325, 11261, 10044]"
16325,10044,5.719027687926965,"[16325, 12270, 10044]"
16325,10177,180.0,"[16325, 10177]"
16325,10177,51.0,"[16325, 10963, 10177]"
16325,10269,90.0,"[16325, 10269]"
16325,10269,8.0,"[16325, 11147, 10269]"
16325,10301,300.0,"[16325, 10301]"
16325,10316,300.0,"[16325, 10316]"
16325,10326,60.0,"[16325, 11189, 10326]"
16325,10326,60.0,"[16325, 19147, 10326]"
16325,10326,30.999999999999993,"[16325, 13665, 10326]"
16325,10326,25.34653120345945,"[16325, 10867, 10326]"
16325,10326,27.0,"[16325, 16339, 10326]"
16325,10326,23.65346879654055,"[16325, 14358, 10326]"
16325,10568,183.56919875130075,"[16325, 10568]"
16325,10568,24.430801248699254,"[16325, 18411, 10568]"
16325,10657,0.9728758169934641,"[16325, 18441, 10657]"
16325,10657,0.027124183006535567,"[16325, 12868, 10657]"
16325,10705,227.0,"[16325, 10705]"
16325,10748,0.9990196078431373,"[16325, 18441, 10748]"
16325,10796,131.0,"[16325, 10796]"
16325,10867,300.0,"[16325, 10867]"
16325,10901,1.0,"[16325, 11147, 10901]"
16325,10955,1.0,"[16325, 11147, 10955]"
16325,10963,214.0,"[16325, 10963]"
16325,10985,202.0,"[16325, 10985]"
16325,11022,0.6618181751115497,"[16325, 10705, 11022]"
16325,11022,0.024390243902439025,"[16325, 14736, 11022]"
16325,11022,0.3137915809860112,"[16325, 12868, 11022]"
16325,11147,242.0,"[16325, 11147]"
16325,11163,270.0,"[16325, 11163]"
16325,11163,30.0,"[16325, 12270, 11163]"
16325,11181,300.0,"[16325, 11181]"
16325,11189,300.0,"[16325, 11189]"
16325,11200,1.0,"[16325, 18441, 11200]"
16325,11209,1.0,"[16325, 18441, 11209]"
16325,11261,280.1404861560365,"[16325, 11261]"
16325,11261,19.859513843963484,"[16325, 12270, 11261]"
16325,11455,1.0,"[16325, 15948, 11455]"
16325,11466,1.0,"[16325, 10568, 11466]"
16325,11561,270.0,"[16325, 11561]"
16325,11561,30.00000000000001,"[16325, 16855, 11561]"
16325,11853,300.0,"[16325, 11853]"
16325,12216,300.0,"[16325, 12216]"
16325,12270,300.0,"[16325, 12270]"
16325,12352,4.991549488635091,"[16325, 10301, 12352]"
16325,12352,2.0084505113649107,"[16325, 13088, 12352]"
16325,12355,246.0,"[16325, 12355]"
16325,12355,54.0,"[16325, 17010, 12355]"
16325,12369,1.0,"[16325, 19915, 12369]"
16325,12562,0.18823529411764706,"[16325, 10301, 12562]"
16325,12562,0.8117647058823529,"[16325, 11147, 12562]"
16325,12633,60.0,"[16325, 17522, 12633]"
16325,12633,27.835663992529717,"[16325, 10867, 12633]"
16325,12633,15.527020757180438,"[16325, 13454, 12633]"
16325,12633,34.16960845630271,"[16325, 12216, 12633]"
16325,12633,60.0,"[16325, 16028, 12633]"
16325,12633,89.0,"[16325, 15686, 12633]"
16325,12633,13.46770679398712,"[16325, 14358, 12633]"
16325,12746,300.0,"[16325, 12746]"
16325,12868,90.22821205889892,"[16325, 12868]"
16325,12868,7.77178794110108,"[16325, 15948, 12868]"
16325,12940,1.0,"[16325, 18411, 12940]"
16325,13073,0.0019607843137254906,"[16325, 14060, 13073]"
16325,13073,0.9980392156862745,"[16325, 18441, 13073]"
16325,13088,271.03465587245495,"[16325, 13088]"
16325,13088,28.965344127545027,"[16325, 10301, 13088]"
16325,13100,270.0,"[16325, 13100]"
16325,13165,139.0,"[16325, 13165]"
16325,13170,300.0,"[16325, 13170]"
16325,13237,300.0,"[16325, 13237]"
16325,13454,300.0,"[16325, 13454]"
16325,13460,1.0,"[16325, 15724, 13460]"
16325,13563,0.48176733834204827,"[16325, 13165, 13563]"
16325,13563,0.5182326616579516,"[16325, 12270, 13563]"
16325,13582,300.0,"[16325, 13582]"
16325,13665,149.0,"[16325, 13665]"
16325,13694,185.13922941286532,"[16325, 13694]"
16325,13694,10.86077058713467,"[16325, 19915, 13694]"
16325,13917,1.0,"[16325, 15483, 13917]"
16325,14053,42.0,"[16325, 14053]"
16325,14234,269.99999999999994,"[16325, 14234]"
16325,14234,5.903225806451654,"[16325, 10568, 14234]"
16325,14234,24.096774193548388,"[16325, 16855, 14234]"
16325,14278,1.0,"[16325, 11147, 14278]"
16325,14358,131.0,"[16325, 14358]"
16325,14704,1.0,"[16325, 15948, 14704]"
16325,14736,0.0017421602787456446,"[16325, 14736]"
16325,14736,0.9982578397212544,"[16325, 12868, 14736]"
16325,15008,1.0,"[16325, 18441, 15008]"
16325,15183,239.0,"[16325, 15183]"
16325,15185,298.0,"[16325, 15185]"
16325,15185,2.0,"[16325, 16855, 15185]"
16325,15241,0.9391387664549828,"[16325, 13582, 15241]"
16325,15241,0.06086123354501716,"[16325, 13088, 15241]"
16325,15264,1.0,"[16325, 13694, 15264]"
16325,15270,300.0,"[16325, 15270]"
16325,15378,1.0,"[16325, 18441, 15378]"
16325,15483,300.0,"[16325, 15483]"
16325,15601,261.0,"[16325, 15601]"
16325,15651,1.0,"[16325, 10568, 15651]"
16325,15724,300.0,"[16325, 15724]"
16325,15848,1.0,"[16325, 16887, 15848]"
16325,15891,1.0,"[16325, 18441, 15891]"
16325,15948,41.0,"[16325, 15948]"
16325,16028,300.0,"[16325, 16028]"
16325,16108,1.0,"[16325, 13165, 16108]"
16325,16117,122.0,"[16325, 16117]"
16325,16339,0.3033707865168539,"[16325, 16339]"
16325,16339,0.6966292134831461,"[16325, 18799, 16339]"
16325,16683,1.0,"[16325, 11147, 16683]"
16325,16855,300.0,"[16325, 16855]"
16325,16887,272.4736842105263,"[16325, 16887]"
16325,16887,27.526315789473685,"[16325, 13165, 16887]"
16325,16962,1.0,"[16325, 11147, 16962]"
16325,17223,300.0,"[16325, 17223]"
16325,17282,0.9176470588235294,"[16325, 18441, 17282]"
16325,17282,0.08235294117647061,"[16325, 14060, 17282]"
16325,17464,270.0,"[16325, 17464]"
16325,17464,11.878824409472331,"[16325, 14358, 17464]"
16325,17464,1.121175590527681,"[16325, 10963, 17464]"
16325,17504,1.0,"[16325, 10963, 17504]"
16325,17522,300.0,"[16325, 17522]"
16325,17738,1.0,"[16325, 18441, 17738]"
16325,17752,1.0,"[16325, 16855, 17752]"
16325,17781,0.7372603861219796,"[16325, 18411, 17781]"
16325,17781,0.26273961387802036,"[16325, 19915, 17781]"
16325,18110,1.0,"[16325, 10796, 18110]"
16325,18219,0.002941176470588236,"[16325, 14060, 18219]"
16325,18219,0.9970588235294118,"[16325, 18441, 18219]"
16325,18411,46.0,"[16325, 18411]"
16325,18448,1.0,"[16325, 15686, 18448]"
16325,18542,300.0,"[16325, 18542]"
16325,18799,300.0,"[16325, 18799]"
16325,18812,1.0,"[16325, 18441, 18812]"
16325,18827,1.0,"[16325, 11147, 18827]"
16325,18941,180.0,"[16325, 18941]"
16325,18941,13.0,"[16325, 11261, 18941]"
16325,19134,1.0,"[16325, 13165, 19134]"
16325,19143,1.0,"[16325, 12270, 19143]"
16325,19147,300.0,"[16325, 19147]"
16325,19239,1.0,"[16325, 18411, 19239]"
16325,19273,89.0,"[16325, 19273]"
16325,19300,300.0,"[16325, 19300]"
16325,19333,1.0,"[16325, 12868, 19333]"
16325,19430,8.0,"[16325, 15948, 19430]"
16325,19500,1.0,"[16325, 11147, 19500]"
16325,19502,80.0,"[16325, 19502]"
16325,19785,1.0,"[16325, 18411, 19785]"
16325,19846,270.0,"[16325, 19846]"
16325,19846,6.0,"[16325, 16887, 19846]"
16325,19915,185.76363599720273,"[16325, 19915]"
16325,19915,23.236364002797263,"[16325, 10301, 19915]"
16325,19971,300.0,"[16325, 19971]"
16339,10916,119.0,"[16339, 10916]"
16339,17752,300.0,"[16339, 17752]"
16683,10705,136.0,"[16683, 10705]"
16683,11209,0.9999999999998499,"[16683, 12868, 11209]"
16683,12652,259.0,"[16683, 12652]"
16683,12868,215.0,"[16683, 12868]"
16683,12940,13.0,"[16683, 12940]"
16683,13417,241.0,"[16683, 13417]"
16683,13509,76.0,"[16683, 13509]"
16683,14519,0.01974667979600803,"[16683, 14060, 14519]"
16683,14519,0.9802533202039919,"[16683, 12868, 14519]"
16683,15008,0.9895951892398541,"[16683, 13460, 15008]"
16683,15008,0.010182937953491145,"[16683, 12868, 15008]"
16683,16236,300.0,"[16683, 16236]"
16683,18827,1.0,"[16683, 10705, 18827]"
16855,10044,1.0,"[16855, 10044]"
16855,10177,1.0,"[16855, 17752, 10177]"
16855,10326,43.44366233165351,"[16855, 13665, 10326]"
16855,10326,28.0,"[16855, 17752, 10326]"
16855,10326,41.55633766834649,"[16855, 14358, 10326]"
16855,10916,270.0,"[16855, 10916]"
16855,10916,30.0,"[16855, 16193, 10916]"
16855,10963,0.11032899832014295,"[16855, 16193, 10963]"
16855,10963,0.889671001679857,"[16855, 14234, 10963]"
16855,11163,0.0033459590621526193,"[16855, 11163]"
16855,11163,0.9966540409378474,"[16855, 12616, 11163]"
16855,11261,218.0,"[16855, 11261]"
16855,11466,0.3861225511307315,"[16855, 11466]"
16855,11466,0.6138774488692684,"[16855, 14234, 11466]"
16855,11561,0.7051437996280565,"[16855, 11561]"
16855,11561,0.2948562003719435,"[16855, 12616, 11561]"
16855,12355,269.34444444444443,"[16855, 12355]"
16855,12355,30.655555555555566,"[16855, 17010, 12355]"
16855,12616,0.7491635102344618,"[16855, 12616]"
16855,12616,0.2508364897655382,"[16855, 10044, 12616]"
16855,12633,1.0,"[16855, 17752, 12633]"
16855,13165,300.0,"[16855, 13165]"
16855,13555,0.9887640449438202,"[16855, 13165, 13555]"
16855,13555,0.011235955056179775,"[16855, 12270, 13555]"
16855,13563,1.0,"[16855, 14234, 13563]"
16855,13665,300.0,"[16855, 13665]"
16855,14234,129.0,"[16855, 14234]"
16855,14358,300.0,"[16855, 14358]"
16855,15185,300.0,"[16855, 15185]"
16855,15651,1.0,"[16855, 14234, 15651]"
16855,15848,1.0,"[16855, 16887, 15848]"
16855,15976,0.34444444444444455,"[16855, 17010, 15976]"
16855,15976,0.6555555555555657,"[16855, 12355, 15976]"
16855,16028,1.0,"[16855, 12616, 16028]"
16855,16108,172.0,"[16855, 16108]"
16855,16339,1.0,"[16855, 18448, 16339]"
16855,16887,23.66666666666663,"[16855, 16887]"
16855,16887,26.33333333333337,"[16855, 16193, 16887]"
16855,17464,270.0,"[16855, 17464]"
16855,17464,18.443662331653513,"[16855, 14358, 17464]"
16855,17464,11.556337668346487,"[16855, 16193, 17464]"
16855,17504,1.0,"[16855, 18448, 17504]"
16855,17522,300.0,"[16855, 17522]"
16855,17752,56.0,"[16855, 17752]"
16855,18448,178.0,"[16855, 18448]"
16855,18448,22.0,"[16855, 16193, 18448]"
16855,18827,1.0,"[16855, 11261, 18827]"
16855,19134,1.0,"[16855, 13165, 19134]"
16855,19143,1.0,"[16855, 12616, 19143]"
16855,19846,270.0,"[16855, 19846]"
16855,19846,30.00000000000001,"[16855, 16887, 19846]"
16855,19971,1.0,"[16855, 12616, 19971]"
16887,11209,57.47018743432371,"[16887, 10916, 11209]"
16887,11209,29.0747308738939,"[16887, 15848, 11209]"
16887,11209,20.18315724397874,"[16887, 13563, 11209]"
16887,11209,103.27192444780364,"[16887, 19846, 11209]"
16887,11209,90.0,"[16887, 16108, 11209]"
16887,19846,1.0,"[16887, 19846]"
16962,11147,0.0539040080713987,"[16962, 12369, 11147]"
16962,11147,0.9460959919286013,"[16962, 16117, 11147]"
16962,12205,1.0,"[16962, 12205]"
16962,12352,270.0,"[16962, 12352]"
16962,12352,4.0,"[16962, 12369, 12352]"
16962,14519,224.0,"[16962, 14519]"
16962,16117,205.0,"[16962, 16117]"
17010,12205,37.0,"[17010, 12205]"
17010,12355,1.0,"[17010, 12355]"
17010,12868,1.0,"[17010, 12355, 12868]"
17010,13417,247.3333333333333,"[17010, 13417]"
17010,13417,0.6555555555555515,"[17010, 15976, 13417]"
17010,13417,20.011111111111177,"[17010, 12355, 13417]"
17010,14234,1.0,"[17010, 12355, 14234]"
17010,15008,1.0,"[17010, 14060, 15008]"
17010,16236,1.0,"[17010, 12355, 16236]"
17010,18827,180.0,"[17010, 18827]"
17010,18827,89.0,"[17010, 15976, 18827]"
17010,18827,23.0,"[17010, 12205, 18827]"
17010,18827,8.0,"[17010, 13417, 18827]"
17223,12205,57.0,"[17223, 12205]"
17223,12868,300.0,"[17223, 12868]"
17223,13417,180.0,"[17223, 13417]"
17223,13417,2.999999999999988,"[17223, 12868, 13417]"
17223,14519,1.0,"[17223, 16236, 14519]"
17223,15008,252.0,"[17223, 15008]"
17223,16236,300.0,"[17223, 16236]"
17223,18110,236.0,"[17223, 18110]"
17223,18827,156.0,"[17223, 18827]"
17282,10044,180.0,"[17282, 10044]"
17282,10044,9.0,"[17282, 12616, 10044]"
17282,10177,13.110426252956564,"[17282, 17522, 10177]"
17282,10177,17.670908255736048,"[17282, 13454, 10177]"
17282,10177,72.0,"[17282, 16028, 10177]"
17282,10177,59.0,"[17282, 15264, 10177]"
17282,10177,36.99999999999998,"[17282, 11163, 10177]"
17282,10177,58.50599443103903,"[17282, 13563, 10177]"
17282,10177,9.60639819820825,"[17282, 10963, 10177]"
17282,10177,33.10627286206013,"[17282, 16108, 10177]"
17282,10269,33.0,"[17282, 10269]"
17282,10301,300.0,"[17282, 10301]"
17282,10316,180.0,"[17282, 10316]"
17282,10316,8.999999999999993,"[17282, 13460, 10316]"
17282,10326,49.35489304991941,"[17282, 11189, 10326]"
17282,10326,42.0,"[17282, 13100, 10326]"
17282,10326,58.0,"[17282, 19147, 10326]"
17282,10326,27.645106950080592,"[17282, 13665, 10326]"
17282,10326,60.0,"[17282, 16339, 10326]"
17282,10568,180.0,"[17282, 10568]"
17282,10568,17.82711100278746,"[17282, 13694, 10568]"
17282,10568,9.172888997212537,"[17282, 11147, 10568]"
17282,10657,0.07058823529411765,"[17282, 18441, 10657]"
17282,10657,0.9294117647058824,"[17282, 14060, 10657]"
17282,10705,1.0,"[17282, 18441, 10705]"
17282,10748,300.0,"[17282, 10748]"
17282,10796,1.0,"[17282, 12868, 10796]"
17282,10867,269.99999999999994,"[17282, 10867]"
17282,10867,5.384615384615398,"[17282, 12369, 10867]"
17282,10867,24.615384615384613,"[17282, 19500, 10867]"
17282,10901,70.0,"[17282, 10901]"
17282,10955,262.0,"[17282, 10955]"
17282,10963,290.8101414261772,"[17282, 10963]"
17282,10963,9.189858573822795,"[17282, 15601, 10963]"
17282,10985,71.0,"[17282, 10985]"
17282,11022,300.0,"[17282, 11022]"
17282,11147,52.0,"[17282, 11147]"
17282,11163,233.0,"[17282, 11163]"
17282,11181,300.0,"[17282, 11181]"
17282,11189,295.93223194148305,"[17282, 11189]"
17282,11189,3.793514252248655,"[17282, 10301, 11189]"
17282,11189,0.274253806268303,"[17282, 12352, 11189]"
17282,11200,28.0,"[17282, 11200]"
17282,11209,0.07058823529411765,"[17282, 18441, 11209]"
17282,11209,0.02053873754808387,"[17282, 14060, 11209]"
17282,11209,0.9088730271577985,"[17282, 12868, 11209]"
17282,11261,269.99999999999994,"[17282, 11261]"
17282,11261,30.00000000000004,"[17282, 12616, 11261]"
17282,11455,1.0,"[17282, 15948, 11455]"
17282,11466,270.5,"[17282, 11466]"
17282,11466,28.418309931365627,"[17282, 19502, 11466]"
17282,11466,1.0816900686343978,"[17282, 17516, 11466]"
17282,11561,1.0,"[17282, 12616, 11561]"
17282,11853,104.0,"[17282, 11853]"
17282,12216,1.0,"[17282, 12270, 12216]"
17282,12270,300.0,"[17282, 12270]"
17282,12352,272.80019855101483,"[17282, 12352]"
17282,12352,27.199801448985152,"[17282, 10301, 12352]"
17282,12355,270.0,"[17282, 12355]"
17282,12355,1.1728889972116885,"[17282, 14234, 12355]"
17282,12355,28.82711100278831,"[17282, 11147, 12355]"
17282,12369,300.0,"[17282, 12369]"
17282,12562,270.0,"[17282, 12562]"
17282,12562,7.0,"[17282, 10301, 12562]"
17282,12633,1.0,"[17282, 13563, 12633]"
17282,12652,300.0,"[17282, 12652]"
17282,12746,0.07058823529411765,"[17282, 18441, 12746]"
17282,12746,0.02053873754808387,"[17282, 14060, 12746]"
17282,12746,0.9088730271577985,"[17282, 12868, 12746]"
17282,12868,51.0,"[17282, 12868]"
17282,12940,1.0,"[17282, 10901, 12940]"
17282,13073,144.0,"[17282, 13073]"
17282,13088,179.99999999999997,"[17282, 13088]"
17282,13088,3.52160773503762,"[17282, 10301, 13088]"
17282,13088,9.47839226496239,"[17282, 10269, 13088]"
17282,13100,138.0,"[17282, 13100]"
17282,13165,269.9999999999999,"[17282, 13165]"
17282,13165,29.926517654840417,"[17282, 19502, 13165]"
17282,13165,0.07348234515970471,"[17282, 12270, 13165]"
17282,13170,1.0,"[17282, 18441, 13170]"
17282,13237,228.0,"[17282, 13237]"
17282,13417,300.0,"[17282, 13417]"
17282,13454,294.9634185164686,"[17282, 13454]"
17282,13454,5.036581483531374,"[17282, 12270, 13454]"
17282,13460,101.0,"[17282, 13460]"
17282,13563,300.0,"[17282, 13563]"
17282,13582,217.0,"[17282, 13582]"
17282,13665,33.0,"[17282, 13665]"
17282,13694,185.4858501342104,"[17282, 13694]"
17282,13694,14.514149865789582,"[17282, 14519, 13694]"
17282,13917,1.0,"[17282, 15601, 13917]"
17282,14053,300.0,"[17282, 14053]"
17282,14234,35.0,"[17282, 14234]"
17282,14278,300.0,"[17282, 14278]"
17282,14358,270.0,"[17282, 14358]"
17282,14358,11.564458352028936,"[17282, 15483, 14358]"
17282,14358,18.435541647971064,"[17282, 14234, 14358]"
17282,14519,0.16308033557066945,"[17282, 14519]"
17282,14519,0.8369196644293305,"[17282, 14060, 14519]"
17282,14704,1.0,"[17282, 15948, 14704]"
17282,14736,1.0,"[17282, 13582, 14736]"
17282,15008,0.07058823529411765,"[17282, 18441, 15008]"
17282,15008,0.9088730271577985,"[17282, 13460, 15008]"
17282,15008,0.02053873754808387,"[17282, 14060, 15008]"
17282,15183,8.0,"[17282, 10901, 15183]"
17282,15185,1.0,"[17282, 12270, 15185]"
17282,15241,1.0,"[17282, 10901, 15241]"
17282,15264,300.0,"[17282, 15264]"
17282,15270,270.0,"[17282, 15270]"
17282,15270,30.0,"[17282, 12369, 15270]"
17282,15378,1.0,"[17282, 18441, 15378]"
17282,15483,56.0,"[17282, 15483]"
17282,15601,122.0,"[17282, 15601]"
17282,15651,269.99999999999994,"[17282, 15651]"
17282,15651,30.00000000000004,"[17282, 14234, 15651]"
17282,15724,180.0,"[17282, 15724]"
17282,15724,7.999999999999992,"[17282, 13460, 15724]"
17282,15848,259.94088302873473,"[17282, 15848]"
17282,15848,2.0591169712652544,"[17282, 16887, 15848]"
17282,15891,0.02053873754808387,"[17282, 14060, 15891]"
17282,15891,0.7266190814734026,"[17282, 13460, 15891]"
17282,15891,0.07058823529411765,"[17282, 18441, 15891]"
17282,15891,0.18225394568439587,"[17282, 12868, 15891]"
17282,15948,82.0,"[17282, 15948]"
17282,16028,108.0,"[17282, 16028]"
17282,16108,225.3033207586086,"[17282, 16108]"
17282,16108,3.696679241391405,"[17282, 16887, 16108]"
17282,16117,1.0,"[17282, 18441, 16117]"
17282,16339,300.0,"[17282, 16339]"
17282,16683,1.0,"[17282, 13460, 16683]"
17282,16855,0.6551724137931021,"[17282, 19502, 16855]"
17282,16855,0.3448275862068979,"[17282, 12616, 16855]"
17282,16887,253.0,"[17282, 16887]"
17282,16962,0.775940606742719,"[17282, 10301, 16962]"
17282,16962,0.22405939325728094,"[17282, 10901, 16962]"
17282,17223,1.0,"[17282, 19785, 17223]"
17282,17464,1.0,"[17282, 15264, 17464]"
17282,17504,270.0,"[17282, 17504]"
17282,17504,30.0,"[17282, 10963, 17504]"
17282,17522,300.0,"[17282, 17522]"
17282,17738,1.0,"[17282, 18441, 17738]"
17282,17752,1.0,"[17282, 15601, 17752]"
17282,17781,1.0,"[17282, 19502, 17781]"
17282,18110,0.2832600322427953,"[17282, 19785, 18110]"
17282,18110,0.7167399677572047,"[17282, 13694, 18110]"
17282,18219,300.0,"[17282, 18219]"
17282,18411,1.0,"[17282, 12352, 18411]"
17282,18448,1.0,"[17282, 15601, 18448]"
17282,18542,1.0,"[17282, 18441, 18542]"
17282,18799,0.656624499191801,"[17282, 13694, 18799]"
17282,18799,0.011235955056179775,"[17282, 19785, 18799]"
17282,18799,0.012761560238835245,"[17282, 12270, 18799]"
17282,18799,0.31937798551318153,"[17282, 12352, 18799]"
17282,18812,80.0,"[17282, 18812]"
17282,18827,1.0,"[17282, 15601, 18827]"
17282,18941,1.0,"[17282, 19785, 18941]"
17282,19134,0.5059944310389091,"[17282, 15483, 19134]"
17282,19134,0.4940055689609711,"[17282, 13563, 19134]"
17282,19143,180.0,"[17282, 19143]"
17282,19143,19.0,"[17282, 12270, 19143]"
17282,19147,32.0,"[17282, 19147]"
17282,19239,300.0,"[17282, 19239]"
17282,19273,1.0,"[17282, 12868, 19273]"
17282,19300,300.0,"[17282, 19300]"
17282,19333,1.0,"[17282, 13460, 19333]"
17282,19430,270.0,"[17282, 19430]"
17282,19430,30.0,"[17282, 12868, 19430]"
17282,19500,64.0,"[17282, 19500]"
17282,19502,300.0,"[17282, 19502]"
17282,19785,300.0,"[17282, 19785]"
17282,19846,1.0,"[17282, 16887, 19846]"
17282,19915,1.0,"[17282, 10301, 19915]"
17282,19971,41.0,"[17282, 19971]"
17464,12652,180.0,"[17464, 17504, 12652]"
17464,12652,2.9999999999999996,"[17464, 10177, 12652]"
17464,18448,300.0,"[17464, 18448]"
17504,18448,300.0,"[17504, 18448]"
17516,10044,300.0,"[17516, 10044]"
17516,10916,102.41457320399066,"[17516, 10916]"
17516,10916,25.58542679600943,"[17516, 14234, 10916]"
17516,11261,0.011343970014858096,"[17516, 11261]"
17516,11261,0.011627906976744186,"[17516, 18941, 11261]"
17516,11261,0.9770281230083996,"[17516, 10044, 11261]"
17516,12205,259.0,"[17516, 12205]"
17516,13417,1.0,"[17516, 10044, 13417]"
17516,16236,180.0,"[17516, 16236]"
17516,16236,2.0,"[17516, 10044, 16236]"
17516,18827,146.0,"[17516, 18827]"
17516,18941,300.0,"[17516, 18941]"
17516,19143,1.0,"[17516, 10044, 19143]"
17522,10044,300.0,"[17522, 10044]"
17522,10916,300.0,"[17522, 10916]"
17522,11209,0.9888902916298448,"[17522, 16855, 11209]"
17522,11209,0.011109708370155229,"[17522, 11561, 11209]"
17522,11261,154.0,"[17522, 11261]"
17522,11466,0.03383556259533785,"[17522, 16855, 11466]"
17522,11466,0.9661644374046622,"[17522, 10044, 11466]"
17522,11561,0.011360783240114103,"[17522, 11561]"
17522,11561,0.9886392167598859,"[17522, 16855, 11561]"
17522,12205,1.0,"[17522, 11561, 12205]"
17522,12868,300.0,"[17522, 12868]"
17522,13165,89.0,"[17522, 13165]"
17522,13417,1.0,"[17522, 14519, 13417]"
17522,13665,1.0,"[17522, 16855, 13665]"
17522,14519,300.0,"[17522, 14519]"
17522,15651,0.0019369834710718436,"[17522, 15651]"
17522,15651,0.9980630165289281,"[17522, 10044, 15651]"
17522,15848,0.0019369834710718436,"[17522, 15651, 15848]"
17522,15848,0.9980630165289281,"[17522, 10916, 15848]"
17522,16236,88.0,"[17522, 16236]"
17522,16855,0.03383556259533785,"[17522, 16855]"
17522,16855,0.9661644374046622,"[17522, 10044, 16855]"
17522,18448,1.0,"[17522, 17464, 18448]"
17522,18799,300.0,"[17522, 18799]"
17522,18827,1.0,"[17522, 11261, 18827]"
17522,19143,300.0,"[17522, 19143]"
17522,19846,0.8295454545456777,"[17522, 10916, 19846]"
17522,19846,0.17045454545432223,"[17522, 15651, 19846]"
17738,12205,300.0,"[17738, 12205]"
17738,12868,180.0,"[17738, 12868]"
17738,12868,3.0000000000000027,"[17738, 18219, 12868]"
17738,13417,1.0,"[17738, 14519, 13417]"
17738,14278,185.0,"[17738, 14278]"
17738,14519,300.0,"[17738, 14519]"
17738,15008,300.0,"[17738, 15008]"
17738,16117,300.0,"[17738, 16117]"
17738,16236,1.0,"[17738, 14519, 16236]"
17752,12652,300.0,"[17752, 12652]"
17752,14358,33.0,"[17752, 14358]"
17752,15686,300.0,"[17752, 15686]"
17752,16339,1.0,"[17752, 18448, 16339]"
17781,10568,300.0,"[17781, 10568]"
17789,12868,220.0,"[17789, 12868]"
17789,13417,160.0,"[17789, 13417]"
17789,13509,300.0,"[17789, 13509]"
17789,14519,0.7760360199886974,"[17789, 16236, 14519]"
17789,14519,0.22396398001130255,"[17789, 12868, 14519]"
17789,15008,300.0,"[17789, 15008]"
17789,16236,300.0,"[17789, 16236]"
17789,19300,300.0,"[17789, 19300]"
18110,17223,218.0,"[18110, 17223]"
18149,16117,243.0,"[18149, 16117]"
18149,18827,300.0,"[18149, 18827]"
18219,10326,0.020785798807568936,"[18219, 16683, 10326]"
18219,10326,0.9792142011924311,"[18219, 15483, 10326]"
18219,10748,300.0,"[18219, 10748]"
18219,12652,300.0,"[18219, 12652]"
18219,12868,277.03545147826713,"[18219, 12868]"
18219,12868,22.96454852173289,"[18219, 13460, 12868]"
18219,13073,0.14309474555545273,"[18219, 13073]"
18219,13073,0.8569052544445472,"[18219, 14060, 13073]"
18219,13170,300.0,"[18219, 13170]"
18219,13417,0.06678443677773294,"[18219, 18441, 13417]"
18219,13417,0.017873590683312304,"[18219, 14060, 13417]"
18219,13417,0.9153419725389547,"[18219, 12868, 13417]"
18219,13509,1.0,"[18219, 14519, 13509]"
18219,13694,77.0,"[18219, 13694]"
18219,14053,1.0,"[18219, 14053]"
18219,14519,0.021362711422778024,"[18219, 14519]"
18219,14519,0.031934246595022905,"[18219, 14060, 14519]"
18219,14519,0.9467030419821986,"[18219, 18441, 14519]"
18219,15008,0.011103767349636483,"[18219, 15008]"
18219,15008,0.031934246595022905,"[18219, 14060, 15008]"
18219,15008,0.9569619860553407,"[18219, 18441, 15008]"
18219,15483,291.98960710059623,"[18219, 15483]"
18219,15483,8.010392899403785,"[18219, 12868, 15483]"
18219,15891,300.0,"[18219, 15891]"
18219,16236,300.0,"[18219, 16236]"
18219,16339,1.0,"[18219, 15483, 16339]"
18219,16683,0.020785798807568936,"[18219, 16683]"
18219,16683,0.0718484265011752,"[18219, 13460, 16683]"
18219,16683,0.03579941264714502,"[18219, 15724, 16683]"
18219,16683,0.8715663620441109,"[18219, 14060, 16683]"
18219,17282,300.0,"[18219, 17282]"
18219,18542,0.06678443677773294,"[18219, 18441, 18542]"
18219,18542,0.9012813166272442,"[18219, 14519, 18542]"
18219,18542,0.031934246595022905,"[18219, 14060, 18542]"
18219,18812,0.031934246595022905,"[18219, 14060, 18812]"
18219,18812,0.9680657534049771,"[18219, 18441, 18812]"
18219,19134,270.0,"[18219, 19134]"
18219,19134,30.0,"[18219, 15483, 19134]"
18219,19300,1.0,"[18219, 14060, 19300]"
18411,10796,203.0,"[18411, 10796]"
18411,12205,0.3965373084678245,"[18411, 19785, 12205]"
18411,12205,0.6024899269680715,"[18411, 10901, 12205]"
18411,12868,2.3437499999999916,"[18411, 12868]"
18411,12868,2.081987221839928,"[18411, 16683, 12868]"
18411,12868,20.307398801575715,"[18411, 10568, 12868]"
18411,12868,0.2668639765843636,"[18411, 18219, 12868]"
18411,13417,160.0,"[18411, 13417]"
18411,15008,1.0,"[18411, 10796, 15008]"
18411,16117,0.9062500000000003,"[18411, 16236, 16117]"
18411,16117,0.09374999999999967,"[18411, 12868, 16117]"
18411,16236,300.0,"[18411, 16236]"
18411,18827,0.008990423837847787,"[18411, 18827]"
18411,18827,0.9910095761621522,"[18411, 17781, 18827]"
18441,10044,1.0,"[18441, 10748, 10044]"
18441,10177,77.0,"[18441, 11853, 10177]"
18441,10177,30.0,"[18441, 17738, 10177]"
18441,10177,60.0,"[18441, 14278, 10177]"
18441,10177,33.0,"[18441, 15483, 10177]"
18441,10269,20.999999999999986,"[18441, 13509, 10269]"
18441,10269,47.52160773503761,"[18441, 17282, 10269]"
18441,10269,16.48568346280367,"[18441, 17789, 10269]"
18441,10269,54.375,"[18441, 11209, 10269]"
18441,10269,19.617708802158724,"[18441, 16236, 10269]"
18441,10301,180.0,"[18441, 10301]"
18441,10301,34.356482606104876,"[18441, 18542, 10301]"
18441,10301,25.09652516481161,"[18441, 12652, 10301]"
18441,10301,51.546992229083514,"[18441, 10705, 10301]"
18441,10316,269.99999999999994,"[18441, 10316]"
18441,10316,30.00000000000004,"[18441, 12746, 10316]"
18441,10326,49.0,"[18441, 15378, 10326]"
18441,10326,23.0,"[18441, 17738, 10326]"
18441,10568,1.0,"[18441, 18542, 10568]"
18441,10657,300.0,"[18441, 10657]"
18441,10705,1.0,"[18441, 10705]"
18441,10748,300.0,"[18441, 10748]"
18441,10796,1.0,"[18441, 10748, 10796]"
18441,10867,6.817804804010833,"[18441, 16325, 10867]"
18441,10867,15.25177179725549,"[18441, 11209, 10867]"
18441,10867,90.0,"[18441, 17789, 10867]"
18441,10867,17.854035926767764,"[18441, 12652, 10867]"
18441,10867,42.7482282028073,"[18441, 19300, 10867]"
18441,10867,20.32815926915862,"[18441, 18542, 10867]"
18441,10867,47.0,"[18441, 13417, 10867]"
18441,10867,60.0,"[18441, 16236, 10867]"
18441,10901,1.0,"[18441, 10748, 10901]"
18441,10955,1.0,"[18441, 16117, 10955]"
18441,10963,180.0,"[18441, 13636, 10963]"
18441,10963,30.0,"[18441, 13073, 10963]"
18441,10963,2.87882440947232,"[18441, 16325, 10963]"
18441,10963,87.12117559052768,"[18441, 10657, 10963]"
18441,10985,9.0,"[18441, 14519, 10985]"
18441,11022,1.0,"[18441, 11022]"
18441,11147,270.0,"[18441, 11147]"
18441,11147,1.261373264289586,"[18441, 12652, 11147]"
18441,11147,10.738626735710438,"[18441, 10705, 11147]"
18441,11163,57.0,"[18441, 16117, 11163]"
18441,11181,1.0,"[18441, 11181]"
18441,11189,1.0,"[18441, 10748, 11189]"
18441,11200,1.0,"[18441, 11200]"
18441,11209,1.0,"[18441, 11209]"
18441,11261,1.0,"[18441, 12652, 11261]"
18441,11455,47.0,"[18441, 11455]"
18441,11466,1.0,"[18441, 19502, 11466]"
18441,11561,21.999999999999993,"[18441, 11112, 11561]"
18441,11561,16.56587110491225,"[18441, 13509, 11561]"
18441,11561,60.000000000000064,"[18441, 15008, 11561]"
18441,11561,19.27890121249597,"[18441, 18542, 11561]"
18441,11561,56.1119604018261,"[18441, 12652, 11561]"
18441,11561,38.946493087217256,"[18441, 16236, 11561]"
18441,11561,29.999999999999936,"[18441, 16117, 11561]"
18441,11561,57.0967741935484,"[18441, 14519, 11561]"
18441,11853,13.0,"[18441, 11853]"
18441,12216,2.8303915436972886,"[18441, 18542, 12216]"
18441,12216,4.169608456302711,"[18441, 15008, 12216]"
18441,12270,33.87717461107009,"[18441, 17282, 12270]"
18441,12270,53.523706856415494,"[18441, 11209, 12270]"
18441,12270,56.153273159722765,"[18441, 12652, 12270]"
18441,12270,41.44584537279165,"[18441, 10705, 12270]"
18441,12352,47.04388133034816,"[18441, 11209, 12352]"
18441,12352,4.006765310240658,"[18441, 17282, 12352]"
18441,12352,68.16298447165762,"[18441, 13417, 12352]"
18441,12352,34.840472560301556,"[18441, 19300, 12352]"
18441,12352,59.999999999999346,"[18441, 18542, 12352]"
18441,12352,53.585033163092625,"[18441, 10705, 12352]"
18441,12352,32.36086316436004,"[18441, 18812, 12352]"
18441,12355,28.0,"[18441, 13636, 12355]"
18441,12355,49.02294127358675,"[18441, 11181, 12355]"
18441,12355,19.000000000000007,"[18441, 15891, 12355]"
18441,12355,23.999999999999996,"[18441, 16325, 12355]"
18441,12355,56.97705872641325,"[18441, 13582, 12355]"
18441,12355,22.0,"[18441, 12652, 12355]"
18441,12369,0.34945285854635555,"[18441, 11112, 12369]"
18441,12369,58.63633595815054,"[18441, 13509, 12369]"
18441,12369,24.615384615384603,"[18441, 17282, 12369]"
18441,12369,99.65818235949766,"[18441, 17789, 12369]"
18441,12369,51.85714285714284,"[18441, 10748, 12369]"
18441,12369,19.65116340949885,"[18441, 15948, 12369]"
18441,12369,45.23233794177916,"[18441, 12940, 12369]"
18441,12562,1.0,"[18441, 16117, 12562]"
18441,12633,1.0,"[18441, 15378, 12633]"
18441,12746,1.0,"[18441, 12746]"
18441,12868,1.0,"[18441, 13489, 12868]"
18441,12940,133.0,"[18441, 12940]"
18441,13073,201.0,"[18441, 13073]"
18441,13088,1.000000000000017,"[18441, 11209, 13088]"
18441,13088,13.83701552834242,"[18441, 13417, 13088]"
18441,13088,17.162984471657563,"[18441, 10748, 13088]"
18441,13100,1.0,"[18441, 16117, 13100]"
18441,13165,1.0,"[18441, 12652, 13165]"
18441,13170,1.0,"[18441, 13170]"
18441,13237,1.0,"[18441, 13237]"
18441,13454,1.634663422891002,"[18441, 11112, 13454]"
18441,13454,26.204164527713317,"[18441, 13509, 13454]"
18441,13454,32.18307469672369,"[18441, 17282, 13454]"
18441,13454,38.561250953117565,"[18441, 13417, 13454]"
18441,13454,4.392850128621571,"[18441, 18542, 13454]"
18441,13454,60.0,"[18441, 16236, 13454]"
18441,13454,60.0,"[18441, 14519, 13454]"
18441,13454,19.02399627093285,"[18441, 13460, 13454]"
18441,13460,34.0,"[18441, 13460]"
18441,13563,1.0,"[18441, 14053, 13563]"
18441,13582,300.0,"[18441, 13582]"
18441,13665,90.0,"[18441, 13489, 13665]"
18441,13665,29.354893049919415,"[18441, 17282, 13665]"
18441,13665,9.433668453082532,"[18441, 11209, 13665]"
18441,13665,7.211438496998056,"[18441, 10748, 13665]"
18441,13694,1.0,"[18441, 14519, 13694]"
18441,13917,31.999999999999996,"[18441, 13636, 13917]"
18441,13917,7.000000000000002,"[18441, 15008, 13917]"
18441,14053,1.0,"[18441, 14053]"
18441,14234,90.53410948562384,"[18441, 19300, 14234]"
18441,14234,26.317286730762618,"[18441, 15891, 14234]"
18441,14234,13.044145915511068,"[18441, 11112, 14234]"
18441,14234,5.391569354817207,"[18441, 17282, 14234]"
18441,14234,11.712888513285248,"[18441, 19502, 14234]"
18441,14278,300.0,"[18441, 14278]"
18441,14358,121.46660655765194,"[18441, 13170, 14358]"
18441,14358,69.53339344234806,"[18441, 11022, 14358]"
18441,14704,1.0,"[18441, 16236, 14704]"
18441,14736,13.0,"[18441, 10748, 14736]"
18441,15008,300.0,"[18441, 15008]"
18441,15183,30.99999999999999,"[18441, 16325, 15183]"
18441,15183,60.0,"[18441, 13509, 15183]"
18441,15183,60.0,"[18441, 13417, 15183]"
18441,15183,29.000000000000014,"[18441, 17789, 15183]"
18441,15183,60.0,"[18441, 19300, 15183]"
18441,15183,60.0,"[18441, 15008, 15183]"
18441,15185,60.0,"[18441, 13636, 15185]"
18441,15185,60.0,"[18441, 15891, 15185]"
18441,15185,56.0,"[18441, 16325, 15185]"
18441,15185,49.00000000000001,"[18441, 11209, 15185]"
18441,15185,60.0,"[18441, 15008, 15185]"
18441,15241,54.0,"[18441, 13417, 15241]"
18441,15241,154.23233794177915,"[18441, 13237, 15241]"
18441,15241,26.0,"[18441, 10748, 15241]"
18441,15241,1.7676620582208429,"[18441, 12940, 15241]"
18441,15264,1.0,"[18441, 15008, 15264]"
18441,15270,60.0,"[18441, 16325, 15270]"
18441,15270,50.0,"[18441, 15891, 15270]"
18441,15270,64.85613417769866,"[18441, 17789, 15270]"
18441,15270,36.0,"[18441, 12652, 15270]"
18441,15270,30.0,"[18441, 18542, 15270]"
18441,15270,59.14386582230134,"[18441, 10748, 15270]"
18441,15378,300.0,"[18441, 15378]"
18441,15483,56.0,"[18441, 15483]"
18441,15601,206.0,"[18441, 15601]"
18441,15651,38.758587840179636,"[18441, 14053, 15651]"
18441,15651,44.0,"[18441, 11200, 15651]"
18441,15651,201.92150240386397,"[18441, 10657, 15651]"
18441,15651,5.947938193124681,"[18441, 13509, 15651]"
18441,15651,9.37197156282774,"[18441, 11209, 15651]"
18441,15724,234.0,"[18441, 15724]"
18441,15848,1.0,"[18441, 11200, 15848]"
18441,15891,121.0,"[18441, 15891]"
18441,15948,0.33233243937449974,"[18441, 15948]"
18441,15948,0.6676675606255003,"[18441, 10748, 15948]"
18441,16028,5.137217997909373,"[18441, 11112, 16028]"
18441,16028,14.640385202441593,"[18441, 15891, 16028]"
18441,16028,104.67898303242254,"[18441, 12746, 16028]"
18441,16028,175.5434137672265,"[18441, 18219, 16028]"
18441,16108,1.0,"[18441, 15483, 16108]"
18441,16117,300.0,"[18441, 16117]"
18441,16339,23.986502877913296,"[18441, 14053, 16339]"
18441,16339,31.013497122086704,"[18441, 11112, 16339]"
18441,16683,300.0,"[18441, 16683]"
18441,16855,10.844152222627573,"[18441, 19300, 16855]"
18441,16855,14.817317944099065,"[18441, 16236, 16855]"
18441,16855,0.33852983327336306,"[18441, 12652, 16855]"
18441,16887,180.0,"[18441, 13073, 16887]"
18441,16887,0.6538251970817793,"[18441, 15891, 16887]"
18441,16887,10.244203787343352,"[18441, 17282, 16887]"
18441,16887,33.10197101557487,"[18441, 13509, 16887]"
18441,16962,270.0,"[18441, 16962]"
18441,16962,2.9241052016779037,"[18441, 18812, 16962]"
18441,16962,27.075894798322096,"[18441, 16117, 16962]"
18441,17223,1.0,"[18441, 11209, 17223]"
18441,17282,1.0,"[18441, 17282]"
18441,17464,56.517027162707166,"[18441, 16683, 17464]"
18441,17464,160.97705872641325,"[18441, 11181, 17464]"
18441,17464,18.505914110879587,"[18441, 11022, 17464]"
18441,17504,1.0,"[18441, 11200, 17504]"
18441,17522,16.0,"[18441, 11112, 17522]"
18441,17522,46.889573747043436,"[18441, 17282, 17522]"
18441,17522,48.2128921328552,"[18441, 13509, 17522]"
18441,17522,60.0,"[18441, 18542, 17522]"
18441,17522,83.89753412010135,"[18441, 12746, 17522]"
18441,17522,45.0,"[18441, 18812, 17522]"
18441,17738,300.0,"[18441, 17738]"
18441,17752,90.0,"[18441, 13170, 17752]"
18441,17752,60.0,"[18441, 15891, 17752]"
18441,17752,39.96059042899083,"[18441, 11112, 17752]"
18441,17752,64.01646829742242,"[18441, 11200, 17752]"
18441,17752,43.0,"[18441, 11455, 17752]"
18441,17752,3.0229412735867527,"[18441, 13582, 17752]"
18441,17781,270.0,"[18441, 17781]"
18441,17781,0.45818442896822376,"[18441, 13417, 17781]"
18441,17781,18.009041257706876,"[18441, 19300, 17781]"
18441,17781,1.058790178938298,"[18441, 16236, 17781]"
18441,17781,10.4739841343866,"[18441, 10748, 17781]"
18441,18110,269.99999999999994,"[18441, 18110]"
18441,18110,30.00000000000004,"[18441, 16117, 18110]"
18441,18219,9.0,"[18441, 18219]"
18441,18411,180.0,"[18441, 18411]"
18441,18411,12.552216702301632,"[18441, 10705, 18411]"
18441,18411,4.897364192798939,"[18441, 16117, 18411]"
18441,18411,3.550419104899426,"[18441, 10748, 18411]"
18441,18448,90.0,"[18441, 11181, 18448]"
18441,18448,130.0,"[18441, 14053, 18448]"
18441,18448,49.0,"[18441, 11200, 18448]"
18441,18542,1.0,"[18441, 18542]"
18441,18799,59.30337078651685,"[18441, 16325, 18799]"
18441,18799,19.792580280939443,"[18441, 18542, 18799]"
18441,18799,113.51389863884951,"[18441, 13237, 18799]"
18441,18799,47.39015029369422,"[18441, 12746, 18799]"
18441,18799,60.0,"[18441, 18812, 18799]"
18441,18812,1.0,"[18441, 18812]"
18441,18827,269.99999999999955,"[18441, 18827]"
18441,18827,15.71540518278566,"[18441, 12652, 18827]"
18441,18827,8.156533700068406,"[18441, 18812, 18827]"
18441,18827,6.128061117146359,"[18441, 16117, 18827]"
18441,18941,180.0,"[18441, 13489, 18941]"
18441,18941,12.336169017900932,"[18441, 11112, 18941]"
18441,18941,23.39536344021959,"[18441, 18812, 18941]"
18441,18941,34.82112097967412,"[18441, 18542, 18941]"
18441,18941,19.602969768577704,"[18441, 13237, 18941]"
18441,18941,29.84437679362763,"[18441, 12652, 18941]"
18441,19134,80.00000000000007,"[18441, 13073, 19134]"
18441,19134,90.0,"[18441, 14053, 19134]"
18441,19134,45.373542806016395,"[18441, 15891, 19134]"
18441,19134,41.52426323612376,"[18441, 11112, 19134]"
18441,19134,43.10219395785984,"[18441, 11200, 19134]"
18441,19143,42.023996270932855,"[18441, 19300, 19143]"
18441,19143,48.0,"[18441, 15008, 19143]"
18441,19143,60.0,"[18441, 10748, 19143]"
18441,19143,60.0,"[18441, 16117, 19143]"
18441,19143,36.976003729067145,"[18441, 13460, 19143]"
18441,19143,18.0,"[18441, 18812, 19143]"
18441,19143,34.99999999999998,"[18441, 15724, 19143]"
18441,19147,1.0,"[18441, 15724, 19147]"
18441,19239,270.0,"[18441, 19239]"
18441,19239,8.044051098806264,"[18441, 13417, 19239]"
18441,19239,11.35868772869025,"[18441, 18812, 19239]"
18441,19239,10.597261172503487,"[18441, 16236, 19239]"
18441,19273,1.0,"[18441, 16117, 19273]"
18441,19300,300.0,"[18441, 19300]"
18441,19333,1.0,"[18441, 16117, 19333]"
18441,19430,30.98177748837858,"[18441, 11209, 19430]"
18441,19430,33.66700703569945,"[18441, 18812, 19430]"
18441,19430,3.42479178109034,"[18441, 18542, 19430]"
18441,19430,9.926423694831628,"[18441, 15948, 19430]"
18441,19500,1.0,"[18441, 18542, 19500]"
18441,19502,24.195497493026767,"[18441, 19502]"
18441,19502,24.1693739758794,"[18441, 18812, 19502]"
18441,19502,10.635128531093828,"[18441, 10705, 19502]"
18441,19785,1.0,"[18441, 18812, 19785]"
18441,19846,88.53339344234806,"[18441, 13170, 19846]"
18441,19846,11.338489475460875,"[18441, 15891, 19846]"
18441,19846,57.0,"[18441, 11112, 19846]"
18441,19846,57.12811708219107,"[18441, 11200, 19846]"
18441,19915,1.4862833558450141,"[18441, 18542, 19915]"
18441,19915,41.015180040266515,"[18441, 10748, 19915]"
18441,19915,20.498536603888468,"[18441, 14519, 19915]"
18441,19971,60.0,"[18441, 11112, 19971]"
18441,19971,60.0,"[18441, 16325, 19971]"
18441,19971,2.000000000000007,"[18441, 10657, 19971]"
18441,19971,60.0,"[18441, 16236, 19971]"
18441,19971,49.00000000000001,"[18441, 17282, 19971]"
18441,19971,55.0,"[18441, 15008, 19971]"
18441,19971,13.999999999999993,"[18441, 16117, 19971]"
18448,10177,0.6292134831460674,"[18448, 16339, 10177]"
18448,10177,0.3707865168539326,"[18448, 17464, 10177]"
18448,10916,300.0,"[18448, 10916]"
18448,11209,25.0,"[18448, 10916, 11209]"
18448,12205,233.0,"[18448, 12205]"
18448,12633,47.753203553341216,"[18448, 16339, 12633]"
18448,12633,236.62921348314606,"[18448, 17464, 12633]"
18448,12633,15.617582963512717,"[18448, 17752, 12633]"
18448,12652,1.0,"[18448, 17752, 12652]"
18448,12868,1.0,"[18448, 10916, 12868]"
18448,14519,0.9608048079435589,"[18448, 10916, 14519]"
18448,14519,0.03919519205644109,"[18448, 15686, 14519]"
18448,16855,1.0,"[18448, 17464, 16855]"
18448,17464,300.0,"[18448, 17464]"
18448,17504,90.51162790697674,"[18448, 17504]"
18448,17504,3.488372093023257,"[18448, 15686, 17504]"
18448,17752,300.0,"[18448, 17752]"
18448,18827,1.0,"[18448, 10916, 18827]"
18542,10044,225.0,"[18542, 10044]"
18542,10177,60.0,"[18542, 18110, 10177]"
18542,10177,37.141586508504304,"[18542, 11455, 10177]"
18542,10177,42.32909174426412,"[18542, 13454, 10177]"
18542,10177,30.999999999999993,"[18542, 18799, 10177]"
18542,10177,63.16960845630271,"[18542, 12216, 10177]"
18542,10177,1.359713290928866,"[18542, 15264, 10177]"
18542,10177,27.0,"[18542, 15483, 10177]"
18542,10177,27.0,"[18542, 16108, 10177]"
18542,10269,270.0,"[18542, 10269]"
18542,10269,30.0,"[18542, 13088, 10269]"
18542,10301,300.0,"[18542, 10301]"
18542,10316,300.0,"[18542, 10316]"
18542,10326,60.0,"[18542, 17223, 10326]"
18542,10326,60.0,"[18542, 10316, 10326]"
18542,10326,60.0,"[18542, 16683, 10326]"
18542,10326,38.99999999999999,"[18542, 10955, 10326]"
18542,10326,45.050101142045264,"[18542, 13665, 10326]"
18542,10326,13.278058127113354,"[18542, 13454, 10326]"
18542,10326,22.67184073084138,"[18542, 10867, 10326]"
18542,10568,47.0,"[18542, 10568]"
18542,10657,0.0050459171745943126,"[18542, 14060, 10657]"
18542,10657,0.9949540828254057,"[18542, 19785, 10657]"
18542,10705,300.0,"[18542, 10705]"
18542,10748,86.0,"[18542, 10748]"
18542,10796,0.011627906976744186,"[18542, 19785, 10796]"
18542,10796,0.9883720930232558,"[18542, 19915, 10796]"
18542,10867,227.0,"[18542, 10867]"
18542,10901,52.0,"[18542, 10901]"
18542,10955,141.0,"[18542, 10955]"
18542,10963,1.0,"[18542, 13694, 10963]"
18542,10985,0.02917158956370761,"[18542, 15948, 10985]"
18542,10985,0.9708284104362924,"[18542, 13694, 10985]"
18542,11022,0.9631242740998839,"[18542, 10705, 11022]"
18542,11022,0.0011614401858304286,"[18542, 13460, 11022]"
18542,11022,0.03571428571428572,"[18542, 14519, 11022]"
18542,11147,90.0,"[18542, 11147]"
18542,11147,8.999999999999996,"[18542, 10901, 11147]"
18542,11163,270.0,"[18542, 11163]"
18542,11163,30.0,"[18542, 10044, 11163]"
18542,11181,102.0,"[18542, 11181]"
18542,11189,1.0,"[18542, 19915, 11189]"
18542,11200,100.0,"[18542, 11200]"
18542,11209,0.015137751523782939,"[18542, 14060, 11209]"
18542,11209,0.7938820631258658,"[18542, 13582, 11209]"
18542,11209,0.19098018534723835,"[18542, 15948, 11209]"
18542,11261,269.99999999999994,"[18542, 11261]"
18542,11261,17.47465544886847,"[18542, 18827, 11261]"
18542,11261,12.525344551131568,"[18542, 19915, 11261]"
18542,11455,49.0,"[18542, 11455]"
18542,11466,180.0,"[18542, 11466]"
18542,11466,40.896355211508684,"[18542, 10568, 11466]"
18542,11466,0.5539621279580413,"[18542, 13694, 11466]"
18542,11466,2.5496826605332776,"[18542, 10044, 11466]"
18542,11561,300.0,"[18542, 11561]"
18542,11853,1.0,"[18542, 19785, 11853]"
18542,12216,294.0,"[18542, 12216]"
18542,12270,1.0,"[18542, 10705, 12270]"
18542,12352,300.0000000000006,"[18542, 12352]"
18542,12355,269.99999999999994,"[18542, 12355]"
18542,12355,26.488129677374868,"[18542, 13582, 12355]"
18542,12355,3.511870322625171,"[18542, 19785, 12355]"
18542,12369,270.0,"[18542, 12369]"
18542,12369,30.0,"[18542, 19915, 12369]"
18542,12562,1.0,"[18542, 19785, 12562]"
18542,12633,1.0,"[18542, 19430, 12633]"
18542,12652,19.0,"[18542, 12652]"
18542,12746,300.0,"[18542, 12746]"
18542,12868,0.9976771196283392,"[18542, 13582, 12868]"
18542,12868,0.0023228803716608573,"[18542, 13460, 12868]"
18542,12940,1.0,"[18542, 10901, 12940]"
18542,13073,300.0,"[18542, 13073]"
18542,13088,24.799999999999997,"[18542, 13088]"
18542,13088,15.200000000000005,"[18542, 10301, 13088]"
18542,13100,258.0,"[18542, 13100]"
18542,13165,43.0,"[18542, 13165]"
18542,13170,300.0,"[18542, 13170]"
18542,13237,1.0,"[18542, 14519, 13237]"
18542,13417,1.0,"[18542, 18411, 13417]"
18542,13454,300.0,"[18542, 13454]"
18542,13460,0.0034843205574912857,"[18542, 13460]"
18542,13460,0.9965156794425087,"[18542, 10705, 13460]"
18542,13563,0.8443767936276325,"[18542, 15601, 13563]"
18542,13563,0.1556232063723675,"[18542, 18941, 13563]"
18542,13582,215.0,"[18542, 13582]"
18542,13665,292.5250505710228,"[18542, 13665]"
18542,13665,7.474949428977205,"[18542, 10044, 13665]"
18542,13694,300.0,"[18542, 13694]"
18542,13917,180.0,"[18542, 13917]"
18542,13917,21.0,"[18542, 17781, 13917]"
18542,14053,296.0,"[18542, 14053]"
18542,14234,0.10364478849131192,"[18542, 10568, 14234]"
18542,14234,0.8963552115086881,"[18542, 15483, 14234]"
18542,14278,1.0,"[18542, 18411, 14278]"
18542,14358,270.0,"[18542, 14358]"
18542,14358,9.999999999999822,"[18542, 11561, 14358]"
18542,14358,0.2276548717551394,"[18542, 15483, 14358]"
18542,14358,19.77234512824504,"[18542, 13694, 14358]"
18542,14704,270.0,"[18542, 14704]"
18542,14704,15.00000000000001,"[18542, 15948, 14704]"
18542,14736,1.0,"[18542, 10705, 14736]"
18542,15008,0.010091834349188589,"[18542, 14060, 15008]"
18542,15008,0.9899081656508114,"[18542, 15948, 15008]"
18542,15183,1.0,"[18542, 13088, 15183]"
18542,15185,1.0,"[18542, 10044, 15185]"
18542,15241,270.0,"[18542, 15241]"
18542,15241,30.0,"[18542, 19500, 15241]"
18542,15264,300.0,"[18542, 15264]"
18542,15270,150.0,"[18542, 15270]"
18542,15378,0.023255813953488528,"[18542, 15948, 15378]"
18542,15378,0.9767441860465115,"[18542, 18411, 15378]"
18542,15483,300.0,"[18542, 15483]"
18542,15601,300.0,"[18542, 15601]"
18542,15651,1.0,"[18542, 10044, 15651]"
18542,15724,0.097560975609756,"[18542, 13460, 15724]"
18542,15724,0.03571428571428571,"[18542, 14519, 15724]"
18542,15724,0.8667247386759583,"[18542, 18827, 15724]"
18542,15848,1.0,"[18542, 10568, 15848]"
18542,15891,198.0,"[18542, 15891]"
18542,15948,0.3819603706944767,"[18542, 15948]"
18542,15948,0.6180396293055233,"[18542, 19785, 15948]"
18542,16028,0.9321854579888795,"[18542, 13582, 16028]"
18542,16028,0.023255813953488372,"[18542, 18941, 16028]"
18542,16028,0.025712556698545247,"[18542, 19785, 16028]"
18542,16028,0.01884617135908679,"[18542, 10044, 16028]"
18542,16108,63.0,"[18542, 16108]"
18542,16117,0.572940556041715,"[18542, 15948, 16117]"
18542,16117,0.4238570426659223,"[18542, 14060, 16117]"
18542,16117,0.0032024012923627136,"[18542, 19785, 16117]"
18542,16339,270.0,"[18542, 16339]"
18542,16683,300.0,"[18542, 16683]"
18542,16855,90.0,"[18542, 16855]"
18542,16855,21.000000000000007,"[18542, 18827, 16855]"
18542,16887,270.0,"[18542, 16887]"
18542,16887,12.35083844696517,"[18542, 13165, 16887]"
18542,16887,6.649161553034812,"[18542, 15601, 16887]"
18542,16962,8.53534667416991,"[18542, 10301, 16962]"
18542,16962,2.4646533258300902,"[18542, 10901, 16962]"
18542,17223,120.0,"[18542, 17223]"
18542,17282,300.0,"[18542, 17282]"
18542,17464,16.101830131426237,"[18542, 15264, 17464]"
18542,17464,50.89816986857377,"[18542, 19273, 17464]"
18542,17504,180.0,"[18542, 17504]"
18542,17504,9.207419719060564,"[18542, 18799, 17504]"
18542,17504,42.47557488070871,"[18542, 15264, 17504]"
18542,17504,31.87598991673617,"[18542, 15483, 17504]"
18542,17504,22.56934335027374,"[18542, 15601, 17504]"
18542,17504,13.871672133220844,"[18542, 19430, 17504]"
18542,17522,300.0,"[18542, 17522]"
18542,17738,1.0,"[18542, 19785, 17738]"
18542,17752,269.99999999999994,"[18542, 17752]"
18542,17752,30.00000000000004,"[18542, 11561, 17752]"
18542,17781,282.1379310344828,"[18542, 17781]"
18542,17781,17.862068965517203,"[18542, 18411, 17781]"
18542,18110,300.0,"[18542, 18110]"
18542,18219,174.0,"[18542, 18219]"
18542,18411,208.0,"[18542, 18411]"
18542,18448,270.0,"[18542, 18448]"
18542,18448,0.06288169693618514,"[18542, 15264, 18448]"
18542,18448,29.937118303063816,"[18542, 15601, 18448]"
18542,18799,300.0,"[18542, 18799]"
18542,18812,172.0,"[18542, 18812]"
18542,18827,300.0,"[18542, 18827]"
18542,18941,234.0,"[18542, 18941]"
18542,19134,270.0,"[18542, 19134]"
18542,19134,28.779596335643525,"[18542, 13165, 19134]"
18542,19134,1.2204036643564748,"[18542, 18827, 19134]"
18542,19143,1.0,"[18542, 10044, 19143]"
18542,19147,1.0,"[18542, 13694, 19147]"
18542,19239,180.0,"[18542, 19239]"
18542,19239,23.000000000000014,"[18542, 18411, 19239]"
18542,19273,214.0,"[18542, 19273]"
18542,19300,1.0,"[18542, 19300]"
18542,19333,1.0,"[18542, 10705, 19333]"
18542,19430,161.0,"[18542, 19430]"
18542,19500,120.0,"[18542, 19500]"
18542,19502,1.0,"[18542, 17781, 19502]"
18542,19785,216.0,"[18542, 19785]"
18542,19846,1.0,"[18542, 18941, 19846]"
18542,19915,224.00000000000014,"[18542, 19915]"
18542,19971,0.2789012124958321,"[18542, 18827, 19971]"
18542,19971,0.7210987875041679,"[18542, 11561, 19971]"
18799,10916,170.0,"[18799, 10916]"
18799,12205,1.0,"[18799, 10916, 12205]"
18799,12216,55.0,"[18799, 12216]"
18799,12652,300.0,"[18799, 12652]"
18799,12868,157.0,"[18799, 12868]"
18799,13417,1.0,"[18799, 14519, 13417]"
18799,13555,1.0,"[18799, 10916, 13555]"
18799,14519,225.0,"[18799, 14519]"
18799,15008,148.0,"[18799, 15008]"
18799,16855,300.0,"[18799, 16855]"
18799,18827,1.0,"[18799, 12652, 18827]"
18812,10044,1.0,"[18812, 17516, 10044]"
18812,10177,1.0,"[18812, 16962, 10177]"
18812,10269,1.0,"[18812, 13694, 10269]"
18812,10301,1.0,"[18812, 19785, 10301]"
18812,10316,300.0,"[18812, 10316]"
18812,10326,60.0,"[18812, 11853, 10326]"
18812,10326,60.0,"[18812, 10316, 10326]"
18812,10326,54.49293894322141,"[18812, 19239, 10326]"
18812,10326,46.50706105677859,"[18812, 18110, 10326]"
18812,10568,0.6999944593332953,"[18812, 10568]"
18812,10568,0.30000554066670465,"[18812, 13694, 10568]"
18812,10657,300.0,"[18812, 10657]"
18812,10705,152.0,"[18812, 10705]"
18812,10748,0.9536170996963595,"[18812, 13460, 10748]"
18812,10748,0.04638290030379724,"[18812, 18441, 10748]"
18812,10796,1.0,"[18812, 12868, 10796]"
18812,10867,77.0,"[18812, 10867]"
18812,10901,0.34732238788435077,"[18812, 10901]"
18812,10901,0.6526776121156492,"[18812, 19785, 10901]"
18812,10955,83.0,"[18812, 10955]"
18812,10963,1.0,"[18812, 13694, 10963]"
18812,10985,300.0,"[18812, 10985]"
18812,11022,0.9948117790677397,"[18812, 10705, 11022]"
18812,11022,0.0051882209322603925,"[18812, 14519, 11022]"
18812,11147,0.34732238788435077,"[18812, 10901, 11147]"
18812,11147,0.6526776121156492,"[18812, 10705, 11147]"
18812,11163,1.0,"[18812, 18941, 11163]"
18812,11181,300.0,"[18812, 11181]"
18812,11189,0.48087748948431613,"[18812, 19785, 11189]"
18812,11189,0.519122510515686,"[18812, 12868, 11189]"
18812,11200,1.0,"[18812, 13460, 11200]"
18812,11209,300.0,"[18812, 11209]"
18812,11261,269.99999999999994,"[18812, 11261]"
18812,11261,5.223025830974744,"[18812, 18827, 11261]"
18812,11261,2.227306027901174,"[18812, 13555, 11261]"
18812,11261,22.549668141124123,"[18812, 13694, 11261]"
18812,11455,300.0,"[18812, 11455]"
18812,11466,65.0,"[18812, 17516, 11466]"
18812,11561,269.99999999999994,"[18812, 11561]"
18812,11561,8.704185611128695,"[18812, 17516, 11561]"
18812,11561,3.620440468956849,"[18812, 18827, 11561]"
18812,11561,16.000000000000007,"[18812, 13694, 11561]"
18812,11561,1.6753739199144881,"[18812, 12868, 11561]"
18812,11853,300.0,"[18812, 11853]"
18812,12216,1.0,"[18812, 13694, 12216]"
18812,12270,257.0,"[18812, 12270]"
18812,12352,146.0,"[18812, 12352]"
18812,12355,90.0,"[18812, 12355]"
18812,12355,50.55653122317543,"[18812, 16962, 12355]"
18812,12355,55.0,"[18812, 13917, 12355]"
18812,12355,7.463022812455613,"[18812, 13694, 12355]"
18812,12355,4.98044596436899,"[18812, 19785, 12355]"
18812,12369,270.0,"[18812, 12369]"
18812,12369,30.0,"[18812, 19785, 12369]"
18812,12562,1.0,"[18812, 13694, 12562]"
18812,12633,1.0,"[18812, 16962, 12633]"
18812,12746,273.0,"[18812, 12746]"
18812,12868,300.0,"[18812, 12868]"
18812,12940,168.0,"[18812, 12940]"
18812,13073,300.0,"[18812, 13073]"
18812,13088,1.0,"[18812, 19785, 13088]"
18812,13100,1.0,"[18812, 13694, 13100]"
18812,13165,1.0,"[18812, 13694, 13165]"
18812,13170,300.0,"[18812, 13170]"
18812,13237,270.0,"[18812, 13237]"
18812,13454,0.7197729797604946,"[18812, 13460, 13454]"
18812,13454,0.2802270202395054,"[18812, 12270, 13454]"
18812,13460,300.0,"[18812, 13460]"
18812,13563,270.0,"[18812, 13563]"
18812,13563,30.000000000000004,"[18812, 15601, 13563]"
18812,13582,0.032802955427739075,"[18812, 15948, 13582]"
18812,13582,0.9460937661485678,"[18812, 10705, 13582]"
18812,13582,0.021103278423693157,"[18812, 13460, 13582]"
18812,13665,0.7997562106649896,"[18812, 10568, 13665]"
18812,13665,0.20024378933501033,"[18812, 17516, 13665]"
18812,13694,300.0,"[18812, 13694]"
18812,13917,35.0,"[18812, 13917]"
18812,14053,300.0,"[18812, 14053]"
18812,14234,1.0,"[18812, 17516, 14234]"
18812,14278,0.5566301222105178,"[18812, 19785, 14278]"
18812,14278,0.4433698777894777,"[18812, 12868, 14278]"
18812,14358,1.0,"[18812, 13694, 14358]"
18812,14519,0.0051882209322603925,"[18812, 14519]"
18812,14519,0.9948117790677395,"[18812, 18441, 14519]"
18812,14704,1.0,"[18812, 15948, 14704]"
18812,14736,1.0,"[18812, 10705, 14736]"
18812,15008,297.0,"[18812, 15008]"
18812,15183,1.0,"[18812, 13694, 15183]"
18812,15185,1.0,"[18812, 10985, 15185]"
18812,15241,269.99999999999994,"[18812, 15241]"
18812,15241,0.1302746419458717,"[18812, 19785, 15241]"
18812,15241,29.86972535805417,"[18812, 10901, 15241]"
18812,15264,1.0,"[18812, 13460, 15264]"
18812,15378,1.0,"[18812, 18441, 15378]"
18812,15483,264.0,"[18812, 15483]"
18812,15601,300.0,"[18812, 15601]"
18812,15651,0.2772200390934044,"[18812, 18941, 15651]"
18812,15651,0.7227799609065956,"[18812, 10657, 15651]"
18812,15724,0.3483146067415735,"[18812, 15724]"
18812,15724,0.195121951219512,"[18812, 13460, 15724]"
18812,15724,0.4565634420389145,"[18812, 14519, 15724]"
18812,15848,270.0,"[18812, 15848]"
18812,15848,30.000000000000004,"[18812, 10568, 15848]"
18812,15891,0.04638290030379724,"[18812, 18441, 15891]"
18812,15891,0.9536170996962028,"[18812, 12868, 15891]"
18812,15948,300.0,"[18812, 15948]"
18812,16028,269.99999999999994,"[18812, 16028]"
18812,16028,30.00000000000004,"[18812, 19502, 16028]"
18812,16108,1.0,"[18812, 15483, 16108]"
18812,16117,0.9536170996962028,"[18812, 15948, 16117]"
18812,16117,0.04638290030379724,"[18812, 18441, 16117]"
18812,16236,0.005882352941176349,"[18812, 14060, 16236]"
18812,16236,0.9941176470588233,"[18812, 18441, 16236]"
18812,16339,1.0,"[18812, 13694, 16339]"
18812,16683,1.0,"[18812, 15724, 16683]"
18812,16855,1.0,"[18812, 19502, 16855]"
18812,16887,1.0,"[18812, 15601, 16887]"
18812,16962,300.0,"[18812, 16962]"
18812,17223,0.011108273748723188,"[18812, 17223]"
18812,17223,0.5904684756926422,"[18812, 10705, 17223]"
18812,17223,0.05110086267363472,"[18812, 19785, 17223]"
18812,17223,0.34732238788435077,"[18812, 10901, 17223]"
18812,17282,0.04638290030379724,"[18812, 18441, 17282]"
18812,17282,0.08235294117647061,"[18812, 14060, 17282]"
18812,17282,0.8712641585197322,"[18812, 12868, 17282]"
18812,17464,1.0,"[18812, 16962, 17464]"
18812,17504,1.0,"[18812, 16962, 17504]"
18812,17522,45.0,"[18812, 17522]"
18812,17738,1.0,"[18812, 19785, 17738]"
18812,17752,180.0,"[18812, 17752]"
18812,17752,47.0,"[18812, 11455, 17752]"
18812,17752,27.999999999999996,"[18812, 15601, 17752]"
18812,17752,45.0,"[18812, 10985, 17752]"
18812,17781,0.9749740895741441,"[18812, 19502, 17781]"
18812,17781,0.025025910425855887,"[18812, 13555, 17781]"
18812,18110,300.0,"[18812, 18110]"
18812,18219,1.0,"[18812, 12868, 18219]"
18812,18411,0.9707192326318196,"[18812, 10705, 18411]"
18812,18411,0.02928076736818045,"[18812, 19785, 18411]"
18812,18448,1.0,"[18812, 16962, 18448]"
18812,18542,250.0,"[18812, 18542]"
18812,18799,300.0,"[18812, 18799]"
18812,18827,127.0,"[18812, 18827]"
18812,18941,0.2772200390934044,"[18812, 18941]"
18812,18941,0.7227799609065956,"[18812, 17516, 18941]"
18812,19134,5.0,"[18812, 18827, 19134]"
18812,19143,72.0,"[18812, 19143]"
18812,19147,269.99999999999994,"[18812, 19147]"
18812,19147,30.00000000000004,"[18812, 15724, 19147]"
18812,19239,204.0,"[18812, 19239]"
18812,19273,0.03614457831325301,"[18812, 15948, 19273]"
18812,19273,0.963855421686747,"[18812, 18542, 19273]"
18812,19300,1.0,"[18812, 18441, 19300]"
18812,19333,0.6508955993063479,"[18812, 13460, 19333]"
18812,19333,0.3491044006936521,"[18812, 12868, 19333]"
18812,19430,235.0,"[18812, 19430]"
18812,19500,0.013540776475309742,"[18812, 19785, 19500]"
18812,19500,0.34732238788434855,"[18812, 10901, 19500]"
18812,19500,0.6391368356403389,"[18812, 12352, 19500]"
18812,19502,300.0,"[18812, 19502]"
18812,19785,49.0,"[18812, 19785]"
18812,19846,1.0,"[18812, 13694, 19846]"
18812,19915,1.0,"[18812, 12352, 19915]"
18812,19971,30.0,"[18812, 18827, 19971]"
18827,10044,0.9213483146067395,"[18827, 18941, 10044]"
18827,10044,0.07865168539326052,"[18827, 17516, 10044]"
18827,10177,3.2854721555356114,"[18827, 12216, 10177]"
18827,10177,22.71452784446439,"[18827, 19971, 10177]"
18827,10269,300.0,"[18827, 10269]"
18827,10301,1.0,"[18827, 17282, 10301]"
18827,10316,38.0,"[18827, 10316]"
18827,10326,155.00000000000006,"[18827, 13989, 10326]"
18827,10326,25.901768763150486,"[18827, 10316, 10326]"
18827,10326,47.5965654121331,"[18827, 19239, 10326]"
18827,10326,60.0,"[18827, 13100, 10326]"
18827,10326,11.501665824716355,"[18827, 10955, 10326]"
18827,10568,300.0,"[18827, 10568]"
18827,10657,0.6506024096385551,"[18827, 15724, 10657]"
18827,10657,0.3493975903614449,"[18827, 12940, 10657]"
18827,10705,270.0,"[18827, 10705]"
18827,10705,1.0,"[18827, 19915, 10705]"
18827,10748,300.0,"[18827, 10748]"
18827,10796,269.0,"[18827, 10796]"
18827,10867,269.99999999999994,"[18827, 10867]"
18827,10867,30.00000000000004,"[18827, 19915, 10867]"
18827,10901,1.0,"[18827, 10748, 10901]"
18827,10955,275.7508329123582,"[18827, 10955]"
18827,10955,24.249167087641823,"[18827, 10269, 10955]"
18827,10963,0.5638029368706067,"[18827, 13165, 10963]"
18827,10963,1.6239390108643184,"[18827, 18941, 10963]"
18827,10963,5.81225805226509,"[18827, 13555, 10963]"
18827,10985,1.0,"[18827, 18812, 10985]"
18827,11022,57.0,"[18827, 11022]"
18827,11163,1.0,"[18827, 18941, 11163]"
18827,11181,270.2962664739013,"[18827, 11181]"
18827,11181,29.703733526098677,"[18827, 18441, 11181]"
18827,11189,1.0,"[18827, 19915, 11189]"
18827,11200,300.0,"[18827, 11200]"
18827,11209,0.3414222244379158,"[18827, 18441, 11209]"
18827,11209,0.6585777755620842,"[18827, 13237, 11209]"
18827,11261,300.0,"[18827, 11261]"
18827,11455,270.33566036267814,"[18827, 11455]"
18827,11455,11.335856389704102,"[18827, 12746, 11455]"
18827,11455,13.0,"[18827, 18812, 11455]"
18827,11455,5.328483247617721,"[18827, 12940, 11455]"
18827,11466,90.0,"[18827, 11466]"
18827,11466,7.000000000000005,"[18827, 17516, 11466]"
18827,11561,300.0,"[18827, 11561]"
18827,11853,1.0,"[18827, 12352, 11853]"
18827,12216,300.0,"[18827, 12216]"
18827,12270,1.0,"[18827, 16855, 12270]"
18827,12352,300.0,"[18827, 12352]"
18827,12355,300.0,"[18827, 12355]"
18827,12369,0.6697994360742078,"[18827, 12940, 12369]"
18827,12369,0.3302005639257922,"[18827, 12352, 12369]"
18827,12562,34.0,"[18827, 10269, 12562]"
18827,12633,1.0,"[18827, 13989, 12633]"
18827,12652,67.0,"[18827, 12652]"
18827,12746,300.0,"[18827, 12746]"
18827,12868,1.0,"[18827, 12746, 12868]"
18827,12940,300.0,"[18827, 12940]"
18827,13073,0.5479486337836956,"[18827, 13555, 13073]"
18827,13073,0.40659682076175896,"[18827, 14060, 13073]"
18827,13073,0.045454545454545456,"[18827, 15724, 13073]"
18827,13088,1.0,"[18827, 19915, 13088]"
18827,13100,300.0,"[18827, 13100]"
18827,13165,254.0,"[18827, 13165]"
18827,13170,300.0,"[18827, 13170]"
18827,13237,300.0,"[18827, 13237]"
18827,13417,300.0,"[18827, 13417]"
18827,13454,1.0000000000000062,"[18827, 18941, 13454]"
18827,13460,1.0,"[18827, 15724, 13460]"
18827,13563,1.0,"[18827, 13165, 13563]"
18827,13582,257.0,"[18827, 13582]"
18827,13665,1.0,"[18827, 16855, 13665]"
18827,13694,90.0,"[18827, 13694]"
18827,13694,0.9999999999999976,"[18827, 12940, 13694]"
18827,13917,300.0,"[18827, 13917]"
18827,14053,300.0,"[18827, 14053]"
18827,14234,1.0,"[18827, 12355, 14234]"
18827,14278,300.0,"[18827, 14278]"
18827,14358,17.0,"[18827, 11561, 14358]"
18827,14704,270.0,"[18827, 14704]"
18827,14704,21.0,"[18827, 12652, 14704]"
18827,14704,9.0,"[18827, 15948, 14704]"
18827,14736,270.0,"[18827, 14736]"
18827,14736,9.72951258394514,"[18827, 12940, 14736]"
18827,14736,0.27048741605485854,"[18827, 19915, 14736]"
18827,15008,90.71963511762524,"[18827, 15008]"
18827,15008,17.280364882374755,"[18827, 14060, 15008]"
18827,15183,1.0,"[18827, 12352, 15183]"
18827,15185,259.0,"[18827, 15185]"
18827,15241,269.99999999999994,"[18827, 15241]"
18827,15241,6.907583673747773,"[18827, 12940, 15241]"
18827,15241,23.092416326252266,"[18827, 12352, 15241]"
18827,15264,300.0,"[18827, 15264]"
18827,15270,172.0,"[18827, 15270]"
18827,15378,300.0,"[18827, 15378]"
18827,15483,269.99999999999994,"[18827, 15483]"
18827,15483,30.00000000000004,"[18827, 15724, 15483]"
18827,15601,0.7950258357560958,"[18827, 13555, 15601]"
18827,15601,0.20497416424390424,"[18827, 10796, 15601]"
18827,15651,1.0,"[18827, 10568, 15651]"
18827,15724,297.0,"[18827, 15724]"
18827,15848,1.0,"[18827, 19134, 15848]"
18827,15891,300.0,"[18827, 15891]"
18827,15948,171.0,"[18827, 15948]"
18827,15976,1.0,"[18827, 10568, 15976]"
18827,16028,1.0,"[18827, 18941, 16028]"
18827,16108,171.0,"[18827, 16108]"
18827,16117,95.47826086956523,"[18827, 16117]"
18827,16117,15.521739130434778,"[18827, 19915, 16117]"
18827,16339,75.0,"[18827, 19134, 16339]"
18827,16683,300.0,"[18827, 16683]"
18827,16855,204.0,"[18827, 16855]"
18827,16887,1.0,"[18827, 13165, 16887]"
18827,16962,270.0,"[18827, 16962]"
18827,16962,30.0,"[18827, 12352, 16962]"
18827,17223,1.0,"[18827, 12352, 17223]"
18827,17282,255.0,"[18827, 17282]"
18827,17464,1.0,"[18827, 12216, 17464]"
18827,17504,49.544919388161674,"[18827, 12216, 17504]"
18827,17504,43.0,"[18827, 18799, 17504]"
18827,17504,59.204629670094,"[18827, 13917, 17504]"
18827,17504,90.0,"[18827, 19134, 17504]"
18827,17504,58.25045094174431,"[18827, 12355, 17504]"
18827,17522,1.0,"[18827, 18941, 17522]"
18827,17738,270.0,"[18827, 17738]"
18827,17738,13.0,"[18827, 14278, 17738]"
18827,17752,1.0,"[18827, 19134, 17752]"
18827,17781,1.0,"[18827, 19915, 17781]"
18827,18110,0.7950258357560958,"[18827, 10796, 18110]"
18827,18110,4.204974164243904,"[18827, 12940, 18110]"
18827,18219,0.20329841038087948,"[18827, 14060, 18219]"
18827,18219,0.022727272727272728,"[18827, 15724, 18219]"
18827,18219,0.7739743168918479,"[18827, 19915, 18219]"
18827,18411,1.0,"[18827, 12940, 18411]"
18827,18448,1.0,"[18827, 19134, 18448]"
18827,18542,0.3414222244379158,"[18827, 18441, 18542]"
18827,18542,0.40659682076175896,"[18827, 14060, 18542]"
18827,18542,0.2519809548003253,"[18827, 19915, 18542]"
18827,18799,46.0,"[18827, 18799]"
18827,18812,300.0,"[18827, 18812]"
18827,18941,1.0,"[18827, 18941]"
18827,19134,1.0,"[18827, 19134]"
18827,19143,1.0,"[18827, 18941, 19143]"
18827,19147,180.0,"[18827, 19147]"
18827,19147,6.000000000000005,"[18827, 15724, 19147]"
18827,19239,300.0,"[18827, 19239]"
18827,19273,18.0,"[18827, 16117, 19273]"
18827,19300,0.6133570584338528,"[18827, 13237, 19300]"
18827,19300,0.3414222244379158,"[18827, 18441, 19300]"
18827,19300,0.04522071712823134,"[18827, 15724, 19300]"
18827,19333,1.0,"[18827, 19915, 19333]"
18827,19430,1.0,"[18827, 18812, 19430]"
18827,19500,1.0,"[18827, 10568, 19500]"
18827,19502,216.0,"[18827, 19502]"
18827,19785,1.0,"[18827, 14278, 19785]"
18827,19846,0.25045094174431515,"[18827, 18941, 19846]"
18827,19846,0.7495490582556849,"[18827, 12355, 19846]"
18827,19915,300.0,"[18827, 19915]"
18827,19971,300.0,"[18827, 19971]"
18941,10916,1.0,"[18941, 19846, 10916]"
18941,12205,167.0,"[18941, 12205]"
18941,12652,259.0,"[18941, 12652]"
18941,12868,271.0,"[18941, 12868]"
18941,12868,27.857434650066445,"[18941, 14519, 12868]"
18941,12868,1.1425653499335553,"[18941, 10044, 12868]"
18941,13417,1.0,"[18941, 13555, 13417]"
18941,13555,300.0,"[18941, 13555]"
18941,14519,300.0,"[18941, 14519]"
18941,15008,1.0,"[18941, 13555, 15008]"
18941,16855,1.0,"[18941, 13555, 16855]"
18941,18827,47.0,"[18941, 18827]"
19134,12652,92.0,"[19134, 12652]"
19134,12652,59.0,"[19134, 17752, 12652]"
19134,13563,1.0,"[19134, 16339, 13563]"
19134,15848,188.0,"[19134, 15848]"
19143,10044,300.0,"[19143, 10044]"
19143,11209,0.9888902916298448,"[19143, 16855, 11209]"
19143,11209,0.011109708370155236,"[19143, 11561, 11209]"
19143,12652,1.0,"[19143, 11561, 12652]"
19147,12652,300.0,"[19147, 12652]"
19147,18812,300.0,"[19147, 18812]"
19239,10568,0.29102433027890634,"[19239, 13555, 10568]"
19239,10568,0.7089756697210936,"[19239, 13840, 10568]"
19239,13555,1.0,"[19239, 13555]"
19273,12205,0.9143967183588441,"[19273, 19785, 12205]"
19273,12205,0.08560328164115594,"[19273, 18411, 12205]"
19273,12652,1.0,"[19273, 12868, 12652]"
19273,12868,72.0,"[19273, 12868]"
19273,13417,300.0,"[19273, 13417]"
19273,15008,217.0,"[19273, 15008]"
19273,16117,80.0,"[19273, 16117]"
19273,16236,0.9990381653748185,"[19273, 12868, 16236]"
19300,10044,295.5366425154215,"[19300, 10044]"
19300,10044,4.463357484578495,"[19300, 17781, 10044]"
19300,10177,7.452362816188149,"[19300, 10955, 10177]"
19300,10177,47.889573747043436,"[19300, 17522, 10177]"
19300,10177,4.000000000000007,"[19300, 12216, 10177]"
19300,10177,17.25177179725549,"[19300, 10867, 10177]"
19300,10177,30.0,"[19300, 16028, 10177]"
19300,10177,1.4062916395128902,"[19300, 11455, 10177]"
19300,10177,52.00000000000002,"[19300, 11163, 10177]"
19300,10269,1.0,"[19300, 11147, 10269]"
19300,10301,166.0,"[19300, 10301]"
19300,10316,300.0,"[19300, 10316]"
19300,10326,60.00000000000051,"[19300, 14278, 10326]"
19300,10326,22.999999999999993,"[19300, 17223, 10326]"
19300,10326,60.0,"[19300, 10316, 10326]"
19300,10326,19.334122798879257,"[19300, 16683, 10326]"
19300,10326,47.66587720112023,"[19300, 10955, 10326]"
19300,10326,90.0,"[19300, 11466, 10326]"
19300,10568,282.0840228934684,"[19300, 10568]"
19300,10568,17.915977106531617,"[19300, 17781, 10568]"
19300,10657,24.0,"[19300, 10657]"
19300,10705,0.9893027262524009,"[19300, 13237, 10705]"
19300,10705,0.0106972737475991,"[19300, 15724, 10705]"
19300,10748,1.0,"[19300, 13460, 10748]"
19300,10796,1.0,"[19300, 12940, 10796]"
19300,10867,300.0,"[19300, 10867]"
19300,10901,0.3920712703615848,"[19300, 10901]"
19300,10901,0.6079287296384153,"[19300, 19500, 10901]"
19300,10955,300.0,"[19300, 10955]"
19300,10963,0.0373319312842372,"[19300, 18941, 10963]"
19300,10963,0.32227097729353044,"[19300, 11261, 10963]"
19300,10963,0.6403970914222323,"[19300, 14234, 10963]"
19300,10985,0.9880952380952381,"[19300, 18812, 10985]"
19300,10985,0.011904761904761904,"[19300, 14736, 10985]"
19300,11022,1.0,"[19300, 14736, 11022]"
19300,11147,282.7488641040903,"[19300, 11147]"
19300,11147,17.25113589590973,"[19300, 10901, 11147]"
19300,11163,300.0,"[19300, 11163]"
19300,11181,300.0,"[19300, 11181]"
19300,11189,270.0,"[19300, 11189]"
19300,11189,16.0,"[19300, 12352, 11189]"
19300,11200,300.0,"[19300, 11200]"
19300,11209,300.0,"[19300, 11209]"
19300,11261,300.0,"[19300, 11261]"
19300,11455,45.0,"[19300, 11455]"
19300,11466,1.0,"[19300, 11466]"
19300,11561,1.0,"[19300, 16855, 11561]"
19300,11853,0.9770114942528736,"[19300, 13582, 11853]"
19300,11853,0.02298850574712644,"[19300, 15948, 11853]"
19300,12216,300.0,"[19300, 12216]"
19300,12270,0.022585918678401144,"[19300, 13460, 12270]"
19300,12270,0.9774140813215989,"[19300, 12940, 12270]"
19300,12352,300.0,"[19300, 12352]"
19300,12355,1.0,"[19300, 11147, 12355]"
19300,12369,270.0,"[19300, 12369]"
19300,12369,3.7532883769155334,"[19300, 11147, 12369]"
19300,12369,8.246711623084467,"[19300, 12940, 12369]"
19300,12562,1.0,"[19300, 11147, 12562]"
19300,12633,29.0,"[19300, 16683, 12633]"
19300,12633,4.881759982691744,"[19300, 10955, 12633]"
19300,12633,201.03181003534735,"[19300, 11466, 12633]"
19300,12633,17.97600372906715,"[19300, 19143, 12633]"
19300,12633,17.110426252956564,"[19300, 17522, 12633]"
19300,12633,30.0,"[19300, 16028, 12633]"
19300,12652,222.0,"[19300, 12652]"
19300,12746,300.0,"[19300, 12746]"
19300,12868,1.0,"[19300, 13460, 12868]"
19300,12940,300.0,"[19300, 12940]"
19300,13073,83.0,"[19300, 13073]"
19300,13088,1.0,"[19300, 12940, 13088]"
19300,13100,11.0,"[19300, 15724, 13100]"
19300,13165,61.0,"[19300, 13165]"
19300,13170,300.0,"[19300, 13170]"
19300,13237,300.0,"[19300, 13237]"
19300,13454,1.0,"[19300, 13509, 13454]"
19300,13460,114.0,"[19300, 13460]"
19300,13563,13.69484216076834,"[19300, 18941, 13563]"
19300,13563,8.30515783923166,"[19300, 14234, 13563]"
19300,13582,209.0,"[19300, 13582]"
19300,13665,1.0,"[19300, 16855, 13665]"
19300,13694,1.0,"[19300, 13460, 13694]"
19300,13917,1.0,"[19300, 17781, 13917]"
19300,14053,1.0,"[19300, 18219, 14053]"
19300,14234,300.0,"[19300, 14234]"
19300,14278,300.0,"[19300, 14278]"
19300,14358,270.0,"[19300, 14358]"
19300,14358,30.0,"[19300, 14234, 14358]"
19300,14704,270.0,"[19300, 14704]"
19300,14704,27.0,"[19300, 15948, 14704]"
19300,14736,0.059523809523809465,"[19300, 14736]"
19300,14736,0.9404761904761906,"[19300, 13582, 14736]"
19300,15008,300.0,"[19300, 15008]"
19300,15183,300.0,"[19300, 15183]"
19300,15185,90.0,"[19300, 15185]"
19300,15185,37.96495967980724,"[19300, 10044, 15185]"
19300,15185,6.035040320192749,"[19300, 16855, 15185]"
19300,15241,270.0,"[19300, 15241]"
19300,15241,30.0,"[19300, 19500, 15241]"
19300,15264,1.0,"[19300, 15008, 15264]"
19300,15270,1.0,"[19300, 12352, 15270]"
19300,15378,1.0,"[19300, 13582, 15378]"
19300,15483,1.0,"[19300, 18219, 15483]"
19300,15601,1.0,"[19300, 12940, 15601]"
19300,15651,270.0,"[19300, 15651]"
19300,15651,22.4522117879216,"[19300, 10568, 15651]"
19300,15651,7.5477882120784,"[19300, 10044, 15651]"
19300,15724,300.0,"[19300, 15724]"
19300,15848,1.0,"[19300, 10568, 15848]"
19300,15891,300.0,"[19300, 15891]"
19300,15948,300.0,"[19300, 15948]"
19300,16028,300.0,"[19300, 16028]"
19300,16108,269.99999999999994,"[19300, 16108]"
19300,16108,10.479664416277782,"[19300, 13165, 16108]"
19300,16108,19.520335583722257,"[19300, 14234, 16108]"
19300,16117,1.0,"[19300, 15948, 16117]"
19300,16339,269.99999999999994,"[19300, 16339]"
19300,16339,26.91075084640601,"[19300, 19333, 16339]"
19300,16339,3.089249153594028,"[19300, 10044, 16339]"
19300,16683,300.0,"[19300, 16683]"
19300,16855,279.93959627141015,"[19300, 16855]"
19300,16855,20.06040372858984,"[19300, 17781, 16855]"
19300,16887,1.0,"[19300, 14234, 16887]"
19300,16962,90.0,"[19300, 16962]"
19300,16962,18.0,"[19300, 11147, 16962]"
19300,17223,67.0,"[19300, 17223]"
19300,17282,299.0,"[19300, 17282]"
19300,17464,55.99999999999999,"[19300, 12216, 17464]"
19300,17464,11.787920235865545,"[19300, 11455, 17464]"
19300,17464,60.0,"[19300, 19273, 17464]"
19300,17464,1.9479381931246529,"[19300, 11163, 17464]"
19300,17464,29.2641415710098,"[19300, 11261, 17464]"
19300,17504,12.66222390741039,"[19300, 19333, 17504]"
19300,17504,6.052061806875326,"[19300, 11163, 17504]"
19300,17504,0.2857142857142857,"[19300, 19846, 17504]"
19300,17522,115.0,"[19300, 17522]"
19300,17738,0.9901685393258427,"[19300, 13460, 17738]"
19300,17738,0.009831460674157303,"[19300, 15948, 17738]"
19300,17752,1.0,"[19300, 16855, 17752]"
19300,17781,118.0,"[19300, 17781]"
19300,18110,0.9870829973866586,"[19300, 18812, 18110]"
19300,18110,0.012917002613341368,"[19300, 15948, 18110]"
19300,18219,300.0,"[19300, 18219]"
19300,18411,1.0,"[19300, 12746, 18411]"
19300,18448,0.7586206896551724,"[19300, 19333, 18448]"
19300,18448,0.2413793103448276,"[19300, 19846, 18448]"
19300,18542,300.0,"[19300, 18542]"
19300,18799,0.715833999015163,"[19300, 10568, 18799]"
19300,18799,0.284166000984837,"[19300, 17781, 18799]"
19300,18812,300.0,"[19300, 18812]"
19300,18827,0.25556016873499426,"[19300, 17781, 18827]"
19300,18827,0.7444398312650058,"[19300, 11147, 18827]"
19300,18941,300.0,"[19300, 18941]"
19300,19134,180.0,"[19300, 19134]"
19300,19134,13.156267377947577,"[19300, 11200, 19134]"
19300,19134,18.520335583722222,"[19300, 13165, 19134]"
19300,19134,21.23176926987852,"[19300, 11261, 19134]"
19300,19134,3.0916277684516844,"[19300, 19846, 19134]"
19300,19143,300.0,"[19300, 19143]"
19300,19147,1.0,"[19300, 11200, 19147]"
19300,19239,1.0000000000002274,"[19300, 12940, 19239]"
19300,19273,300.0,"[19300, 19273]"
19300,19333,47.0,"[19300, 19333]"
19300,19430,270.0,"[19300, 19430]"
19300,19430,12.000000000000025,"[19300, 15948, 19430]"
19300,19500,300.0,"[19300, 19500]"
19300,19502,0.43326711380039373,"[19300, 13460, 19502]"
19300,19502,0.5552386333260431,"[19300, 18219, 19502]"
19300,19502,0.011494252873563218,"[19300, 17781, 19502]"
19300,19785,1.0000000000005094,"[19300, 12940, 19785]"
19300,19846,4.732174092052581,"[19300, 19846]"
19300,19846,46.26782590794742,"[19300, 18941, 19846]"
19300,19915,270.0,"[19300, 19915]"
19300,19915,13.999999999999986,"[19300, 10301, 19915]"
19300,19915,8.159527439698445,"[19300, 12352, 19915]"
19300,19915,7.840472560301569,"[19300, 12940, 19915]"
19300,19971,1.0,"[19300, 11261, 19971]"
19333,10705,0.04668814484189174,"[19333, 13460, 10705]"
19333,10705,0.0106972737475991,"[19333, 15724, 10705]"
19333,10705,0.9426145814105091,"[19333, 13417, 10705]"
19333,11209,102.0,"[19333, 11209]"
19333,12652,300.0,"[19333, 12652]"
19333,12868,270.0,"[19333, 12868]"
19333,12868,8.999999999999982,"[19333, 13460, 12868]"
19333,13417,300.0,"[19333, 13417]"
19333,13509,0.9917190533057483,"[19333, 11200, 13509]"
19333,13509,0.008280946694251707,"[19333, 14519, 13509]"
19333,15008,0.011764705882352941,"[19333, 14519, 15008]"
19333,15008,0.988235294117647,"[19333, 18219, 15008]"
19333,16236,0.011103767349636483,"[19333, 18219, 16236]"
19333,16236,0.2636566827443146,"[19333, 13460, 16236]"
19333,16236,0.725239549906049,"[19333, 14519, 16236]"
19430,11209,90.0,"[19430, 11209]"
19430,11209,8.999999999999996,"[19430, 14736, 11209]"
19430,11455,300.0,"[19430, 11455]"
19430,12868,1.0,"[19430, 14736, 12868]"
19430,14704,1.0,"[19430, 14736, 14704]"
19430,14736,300.0,"[19430, 14736]"
19500,11209,270.00000000000006,"[19500, 11209]"
19500,11209,29.999999999999943,"[19500, 11147, 11209]"
19500,12205,16.29791299430907,"[19500, 12205]"
19500,12205,24.70208700569093,"[19500, 10901, 12205]"
19500,12868,136.0,"[19500, 15241, 12868]"
19500,13417,269.99999999999994,"[19500, 13417]"
19500,13417,30.00000000000004,"[19500, 15241, 13417]"
19500,14519,83.4391449058817,"[19500, 15241, 14519]"
19500,14519,18.5608550941183,"[19500, 13840, 14519]"
19500,15008,260.5623250306049,"[19500, 15008]"
19500,15008,39.437674969395104,"[19500, 15241, 15008]"
19500,15241,273.0,"[19500, 15241]"
19500,16236,260.337054231248,"[19500, 16236]"
19500,16236,9.834836496891077,"[19500, 15241, 16236]"
19500,16236,16.82810927186093,"[19500, 10867, 16236]"
19502,15077,300.0,"[19502, 15077]"
19502,19880,270.0,"[19502, 19880]"
19502,19880,10.000000000000002,"[19502, 12973, 19880]"
19785,11209,1.0,"[19785, 13582, 11209]"
19785,16117,0.00480360193854407,"[19785, 16117]"
19785,16117,0.995196398061456,"[19785, 15948, 16117]"
19846,10916,116.0,"[19846, 10916]"
19846,11209,1.0,"[19846, 11209]"
19846,12205,1.0,"[19846, 18448, 12205]"
19846,12868,270.0,"[19846, 12868]"
19846,12868,30.0,"[19846, 15686, 12868]"
19846,14519,180.0,"[19846, 14519]"
19846,14519,29.0,"[19846, 15686, 14519]"
19846,16236,280.0,"[19846, 16236]"
19846,16236,20.0,"[19846, 18448, 16236]"
19846,16855,0.02265694716204965,"[19846, 14358, 16855]"
19846,16855,0.17300577805488027,"[19846, 10963, 16855]"
19846,16855,0.8043372747830702,"[19846, 18827, 16855]"
19846,16887,135.0,"[19846, 16887]"
19846,18827,300.0,"[19846, 18827]"
19880,12355,1.0,"[19880, 15976, 12355]"
19915,10044,0.4142474662789368,"[19915, 19502, 10044]"
19915,10044,0.1090899995370731,"[19915, 17781, 10044]"
19915,10044,0.3878701889153595,"[19915, 12616, 10044]"
19915,10044,0.08879234526928835,"[19915, 11261, 10044]"
19915,10177,1.0,"[19915, 10867, 10177]"
19915,10269,271.5,"[19915, 10269]"
19915,10269,28.5,"[19915, 13088, 10269]"
19915,10301,300.0,"[19915, 10301]"
19915,10316,269.99999999999994,"[19915, 10316]"
19915,10316,17.8964422915164,"[19915, 18411, 10316]"
19915,10316,12.103557708483637,"[19915, 17781, 10316]"
19915,10326,8.138870423779348,"[19915, 11189, 10326]"
19915,10326,18.86112957622065,"[19915, 13665, 10326]"
19915,10568,300.0,"[19915, 10568]"
19915,10657,1.0,"[19915, 12868, 10657]"
19915,10705,300.0,"[19915, 10705]"
19915,10748,1.0,"[19915, 12352, 10748]"
19915,10796,71.0,"[19915, 10796]"
19915,10867,300.0,"[19915, 10867]"
19915,10901,0.022727272727272728,"[19915, 10901]"
19915,10901,0.9772727272727273,"[19915, 13088, 10901]"
19915,10955,1.0,"[19915, 10269, 10955]"
19915,10963,267.0,"[19915, 10963]"
19915,10985,0.7975924110694379,"[19915, 16117, 10985]"
19915,10985,0.20240758893056052,"[19915, 14736, 10985]"
19915,11022,1.0,"[19915, 12868, 11022]"
19915,11147,0.011695238285576615,"[19915, 11147]"
19915,11147,0.022727272727272728,"[19915, 10901, 11147]"
19915,11147,0.9655774889871506,"[19915, 13088, 11147]"
19915,11163,270.64316375327917,"[19915, 11163]"
19915,11163,29.356836246720825,"[19915, 12616, 11163]"
19915,11181,1.0,"[19915, 12868, 11181]"
19915,11189,300.0,"[19915, 11189]"
19915,11200,270.0,"[19915, 11200]"
19915,11200,9.50644132505232,"[19915, 18219, 11200]"
19915,11200,0.4935586749476801,"[19915, 14736, 11200]"
19915,11209,1.0,"[19915, 14736, 11209]"
19915,11261,67.0,"[19915, 11261]"
19915,11455,1.0,"[19915, 12868, 11455]"
19915,11466,270.0,"[19915, 11466]"
19915,11466,26.689397322212383,"[19915, 19502, 11466]"
19915,11466,3.3106026777876174,"[19915, 10568, 11466]"
19915,11561,0.42455857520561713,"[19915, 12616, 11561]"
19915,11561,0.5754414247943829,"[19915, 13555, 11561]"
19915,11853,269.99999999999994,"[19915, 11853]"
19915,11853,30.00000000000004,"[19915, 12352, 11853]"
19915,12270,300.0,"[19915, 12270]"
19915,12352,252.0,"[19915, 12352]"
19915,12355,239.99999999999994,"[19915, 12355]"
19915,12355,30.000000000000057,"[19915, 17010, 12355]"
19915,12355,30.00000000000003,"[19915, 15976, 12355]"
19915,12369,1.0,"[19915, 12369]"
19915,12562,1.0,"[19915, 12369, 12562]"
19915,12633,3.025359036816898,"[19915, 11189, 12633]"
19915,12633,57.17659233119139,"[19915, 10867, 12633]"
19915,12633,0.9695536994340266,"[19915, 13665, 12633]"
19915,12633,5.828494932557689,"[19915, 15848, 12633]"
19915,12652,270.00000000000017,"[19915, 12652]"
19915,12652,29.9999999999998,"[19915, 14060, 12652]"
19915,12746,1.0,"[19915, 12352, 12746]"
19915,12868,286.1618031423221,"[19915, 12868]"
19915,12868,1.9538680243927788,"[19915, 13582, 12868]"
19915,12868,11.884328833285137,"[19915, 14736, 12868]"
19915,12940,269.99999999999994,"[19915, 12940]"
19915,12940,14.932056972276165,"[19915, 13582, 12940]"
19915,12940,15.067943027723874,"[19915, 12352, 12940]"
19915,13073,270.0,"[19915, 13073]"
19915,13073,30.0,"[19915, 14060, 13073]"
19915,13088,195.0,"[19915, 13088]"
19915,13165,270.0000000000001,"[19915, 13165]"
19915,13165,29.999999999999883,"[19915, 17781, 13165]"
19915,13170,20.794976487792546,"[19915, 14060, 13170]"
19915,13170,3.205023512207454,"[19915, 18219, 13170]"
19915,13237,300.0,"[19915, 13237]"
19915,13417,299.99999999999994,"[19915, 13417]"
19915,13454,170.0,"[19915, 13454]"
19915,13460,174.0,"[19915, 13460]"
19915,13563,270.0,"[19915, 13563]"
19915,13563,30.0,"[19915, 13840, 13563]"
19915,13582,300.0,"[19915, 13582]"
19915,13665,236.0,"[19915, 13665]"
19915,13694,285.4303852935673,"[19915, 13694]"
19915,13694,7.243710071233831,"[19915, 12352, 13694]"
19915,13694,4.621047335018874,"[19915, 18542, 13694]"
19915,13694,2.704857300179959,"[19915, 12868, 13694]"
19915,13840,215.0,"[19915, 13840]"
19915,13917,265.0,"[19915, 13917]"
19915,14053,1.0,"[19915, 18219, 14053]"
19915,14234,0.8963552115086881,"[19915, 19502, 14234]"
19915,14234,0.10364478849131192,"[19915, 10568, 14234]"
19915,14278,0.705266983800007,"[19915, 18411, 14278]"
19915,14278,0.2947330161999931,"[19915, 14736, 14278]"
19915,14358,270.0,"[19915, 14358]"
19915,14358,5.0,"[19915, 16108, 14358]"
19915,14358,25.0,"[19915, 13840, 14358]"
19915,14704,1.0,"[19915, 14736, 14704]"
19915,14736,279.45959477485144,"[19915, 14736]"
19915,14736,1.8609638145000393,"[19915, 10705, 14736]"
19915,14736,18.679441410648526,"[19915, 12868, 14736]"
19915,15008,1.0,"[19915, 12352, 15008]"
19915,15183,0.021643044629800608,"[19915, 15183]"
19915,15183,0.05764962546971369,"[19915, 12369, 15183]"
19915,15183,0.9207073299004858,"[19915, 13088, 15183]"
19915,15185,270.0,"[19915, 15185]"
19915,15185,30.0,"[19915, 10568, 15185]"
19915,15241,1.0,"[19915, 10901, 15241]"
19915,15264,33.000000000000014,"[19915, 12270, 15264]"
19915,15270,0.09099212554837449,"[19915, 12369, 15270]"
19915,15270,0.9090078744516256,"[19915, 15183, 15270]"
19915,15378,269.99999999999994,"[19915, 15378]"
19915,15378,30.00000000000004,"[19915, 13582, 15378]"
19915,15483,1.0,"[19915, 18219, 15483]"
19915,15601,1.0,"[19915, 12352, 15601]"
19915,15651,156.0,"[19915, 15651]"
19915,15848,274.4142474662788,"[19915, 15848]"
19915,15848,25.585752533721156,"[19915, 10568, 15848]"
19915,15891,218.0,"[19915, 15891]"
19915,15948,0.045454545454545456,"[19915, 13582, 15948]"
19915,15948,0.9545454545454546,"[19915, 10705, 15948]"
19915,16028,0.12499999999999994,"[19915, 17781, 16028]"
19915,16028,0.8750000000000001,"[19915, 13555, 16028]"
19915,16108,277.9956612986252,"[19915, 16108]"
19915,16108,0.3476222834942896,"[19915, 11261, 16108]"
19915,16108,21.656716417880535,"[19915, 15651, 16108]"
19915,16117,35.0,"[19915, 16117]"
19915,16339,1.0,"[19915, 16108, 16339]"
19915,16683,0.22103212882820641,"[19915, 18411, 16683]"
19915,16683,0.005847619142788307,"[19915, 11147, 16683]"
19915,16683,0.7731202520290053,"[19915, 18219, 16683]"
19915,16855,270.0,"[19915, 16855]"
19915,16855,30.0,"[19915, 12369, 16855]"
19915,16887,155.0,"[19915, 16887]"
19915,16962,39.4029984333731,"[19915, 10301, 16962]"
19915,16962,2.5970015666269006,"[19915, 12352, 16962]"
19915,17223,1.0,"[19915, 10901, 17223]"
19915,17282,236.0,"[19915, 17282]"
19915,17464,1.0,"[19915, 15848, 17464]"
19915,17504,1.0,"[19915, 15651, 17504]"
19915,17522,0.2560013049103465,"[19915, 13555, 17522]"
19915,17522,0.004946703549192219,"[19915, 17781, 17522]"
19915,17522,0.7390519915404612,"[19915, 12616, 17522]"
19915,17738,1.0,"[19915, 14736, 17738]"
19915,17752,0.9363128643152389,"[19915, 11261, 17752]"
19915,17752,0.06368713568476117,"[19915, 16108, 17752]"
19915,17781,199.15088193843425,"[19915, 17781]"
19915,17781,0.8491180615657586,"[19915, 18411, 17781]"
19915,18110,270.0,"[19915, 18110]"
19915,18110,18.011627906976745,"[19915, 10796, 18110]"
19915,18110,2.174756101762391,"[19915, 16117, 18110]"
19915,18110,9.813615991260864,"[19915, 13555, 18110]"
19915,18219,278.6239914628922,"[19915, 18219]"
19915,18219,21.37600853710778,"[19915, 10705, 18219]"
19915,18411,0.22103212882820641,"[19915, 18411]"
19915,18411,0.7789678711717936,"[19915, 12352, 18411]"
19915,18448,0.043286089259601215,"[19915, 15183, 18448]"
19915,18448,0.9567139107105014,"[19915, 16108, 18448]"
19915,18542,182.78675476423925,"[19915, 18542]"
19915,18542,1.7337541666329699,"[19915, 13237, 18542]"
19915,18542,23.47949106912779,"[19915, 14060, 18542]"
19915,18799,90.0,"[19915, 18799]"
19915,18799,0.9999999999999976,"[19915, 17781, 18799]"
19915,18812,1.0,"[19915, 12352, 18812]"
19915,18827,269.99999999999983,"[19915, 18827]"
19915,18827,15.687622536756603,"[19915, 17781, 18827]"
19915,18827,14.312377463243557,"[19915, 12352, 18827]"
19915,18941,1.0,"[19915, 11261, 18941]"
19915,19134,0.4912571345774173,"[19915, 16108, 19134]"
19915,19134,0.5087428654225827,"[19915, 11147, 19134]"
19915,19143,270.0,"[19915, 19143]"
19915,19143,4.000000000000092,"[19915, 12616, 19143]"
19915,19143,25.999999999999908,"[19915, 12270, 19143]"
19915,19147,90.0,"[19915, 19147]"
19915,19147,20.0,"[19915, 13694, 19147]"
19915,19239,240.0,"[19915, 19239]"
19915,19273,1.0,"[19915, 13582, 19273]"
19915,19300,270.0,"[19915, 19300]"
19915,19300,30.0,"[19915, 14060, 19300]"
19915,19333,224.0,"[19915, 19333]"
19915,19430,1.0,"[19915, 14736, 19430]"
19915,19500,1.0,"[19915, 12352, 19500]"
19915,19502,242.0,"[19915, 19502]"
19915,19785,270.0,"[19915, 19785]"
19915,19785,30.0,"[19915, 12352, 19785]"
19915,19846,270.0,"[19915, 19846]"
19915,19846,5.0,"[19915, 11261, 19846]"
19915,19846,25.0,"[19915, 16887, 19846]"
19915,19971,169.0,"[19915, 19971]"
19971,11561,300.0,"[19971, 11561]"
