src,dst,volume,path_nodes
10044,10178,300.0,"[10044, 10178]"
10044,10270,1.0,"[10044, 10303, 10270]"
10044,10327,1.0,"[10044, 17784, 10327]"
10044,10376,270.000000000002,"[10044, 10376]"
10044,10376,29.999999999998025,"[10044, 10659, 10376]"
10044,10570,270.0,"[10044, 10570]"
10044,10570,30.0,"[10044, 19185, 10570]"
10044,10659,74.0,"[10044, 10659]"
10044,10708,269.99999999999994,"[10044, 10708]"
10044,10708,30.000000000000032,"[10044, 15286, 10708]"
10044,10751,1.0,"[10044, 16262, 10751]"
10044,10904,21.0,"[10044, 10904]"
10044,11117,1.0,"[10044, 18863, 11117]"
10044,11168,270.0,"[10044, 11168]"
10044,11168,30.0,"[10044, 11214, 11168]"
10044,11214,300.0,"[10044, 11214]"
10044,11472,1.0,"[10044, 13578, 11472]"
10044,11568,158.0,"[10044, 11568]"
10044,11861,300.0,"[10044, 11861]"
10044,12214,89.99999999999999,"[10044, 12214]"
10044,12214,30.000000000000014,"[10044, 15916, 12214]"
10044,12280,1.0,"[10044, 14444, 12280]"
10044,12627,76.0,"[10044, 12627]"
10044,12663,148.0,"[10044, 12663]"
10044,12952,1.0,"[10044, 19539, 12952]"
10044,12985,112.0,"[10044, 12985]"
10044,13101,1.0,"[10044, 18863, 13101]"
10044,13179,300.0,"[10044, 13179]"
10044,13183,300.0,"[10044, 13183]"
10044,13250,1.0,"[10044, 11861, 13250]"
10044,13431,9.0,"[10044, 13431]"
10044,13474,300.0000000000074,"[10044, 13474]"
10044,13503,1.0,"[10044, 13503]"
10044,13523,22.466915191035447,"[10044, 12663, 13523]"
10044,13523,9.533084808964551,"[10044, 18863, 13523]"
10044,13570,300.0,"[10044, 13570]"
10044,13578,300.0000000000037,"[10044, 13578]"
10044,13651,1.0,"[10044, 19185, 13651]"
10044,13856,1.0000000000176588,"[10044, 13474, 13856]"
10044,14005,262.0,"[10044, 14005]"
10044,14070,2.6063841421337184,"[10044, 12663, 14070]"
10044,14070,5.393615857866282,"[10044, 17784, 14070]"
10044,14076,1.0,"[10044, 10303, 14076]"
10044,14252,1.0,"[10044, 17784, 14252]"
10044,14376,270.0,"[10044, 14376]"
10044,14376,16.486204744142164,"[10044, 11861, 14376]"
10044,14376,13.513795255857836,"[10044, 11214, 14376]"
10044,14444,300.0,"[10044, 14444]"
10044,14724,0.0171157318586674,"[10044, 14724]"
10044,14724,0.9828842681413326,"[10044, 13570, 14724]"
10044,15028,1.0,"[10044, 13179, 15028]"
10044,15204,90.0,"[10044, 15204]"
10044,15204,30.010012944430724,"[10044, 19539, 15204]"
10044,15204,5.0,"[10044, 19180, 15204]"
10044,15204,85.9899870555672,"[10044, 10178, 15204]"
10044,15204,12.999999999999979,"[10044, 18863, 15204]"
10044,15204,76.00000000000198,"[10044, 10659, 15204]"
10044,15206,1.0,"[10044, 13570, 15206]"
10044,15262,1.0,"[10044, 13179, 15262]"
10044,15286,285.50000000003365,"[10044, 15286]"
10044,15286,14.499999999966345,"[10044, 13570, 15286]"
10044,15401,1.0,"[10044, 18863, 15401]"
10044,15506,300.0,"[10044, 15506]"
10044,15747,1.0,"[10044, 19185, 15747]"
10044,15916,300.0,"[10044, 15916]"
10044,15973,1.0,"[10044, 10303, 15973]"
10044,16133,90.0,"[10044, 16133]"
10044,16133,3.9626207234833917,"[10044, 13474, 16133]"
10044,16133,3.5511745323744606,"[10044, 11461, 16133]"
10044,16133,15.486204744142164,"[10044, 11214, 16133]"
10044,16219,124.0,"[10044, 16219]"
10044,16262,300.00000000001586,"[10044, 16262]"
10044,16366,72.0,"[10044, 16366]"
10044,16916,270.0,"[10044, 16916]"
10044,16916,29.999999999999986,"[10044, 15916, 16916]"
10044,16991,1.0,"[10044, 14444, 16991]"
10044,17312,28.0,"[10044, 19185, 17312]"
10044,17495,1.0,"[10044, 15286, 17495]"
10044,17535,1.0,"[10044, 13431, 17535]"
10044,17770,1.0,"[10044, 11861, 17770]"
10044,17784,42.0,"[10044, 17784]"
10044,17822,300.0,"[10044, 17822]"
10044,18144,1.0,"[10044, 10303, 18144]"
10044,18182,180.0,"[10044, 18182]"
10044,18182,55.0,"[10044, 13578, 18182]"
10044,18446,0.9475901504942736,"[10044, 14005, 18446]"
10044,18446,0.0171157318586674,"[10044, 14724, 18446]"
10044,18446,0.03529411764705881,"[10044, 13570, 18446]"
10044,18476,0.01202886928628709,"[10044, 12663, 18476]"
10044,18476,0.9879711307137129,"[10044, 17784, 18476]"
10044,18577,1.5061844035627312,"[10044, 14724, 18577]"
10044,18577,6.914671797543097,"[10044, 12663, 18577]"
10044,18577,32.57914379889417,"[10044, 18863, 18577]"
10044,18849,0.11222860784180566,"[10044, 15506, 18849]"
10044,18849,0.8877713921581943,"[10044, 18863, 18849]"
10044,18863,300.0,"[10044, 18863]"
10044,18978,180.0,"[10044, 18978]"
10044,18978,33.99999999999999,"[10044, 13474, 18978]"
10044,19171,4.0,"[10044, 16262, 19171]"
10044,19180,1.0,"[10044, 19180]"
10044,19185,300.00000000001313,"[10044, 19185]"
10044,19311,1.0,"[10044, 18863, 19311]"
10044,19338,1.0,"[10044, 13474, 19338]"
10044,19469,1.0,"[10044, 10303, 19469]"
10044,19539,229.0,"[10044, 19539]"
10044,19542,1.0,"[10044, 10303, 19542]"
10044,19956,1.0,"[10044, 11214, 19956]"
10178,10270,300.0,"[10178, 10270]"
10178,12985,300.0,"[10178, 12985]"
10178,15872,0.011235955056179775,"[10178, 14724, 15872]"
10178,15872,0.9887640449438203,"[10178, 12985, 15872]"
10178,15973,300.0,"[10178, 15973]"
10178,16219,1.0,"[10178, 14724, 16219]"
10178,19921,176.0,"[10178, 19921]"
10270,10044,209.0,"[10270, 10044]"
10270,10178,159.0,"[10270, 10178]"
10270,10327,300.0,"[10270, 10327]"
10270,10376,300.0,"[10270, 10376]"
10270,10570,90.0,"[10270, 10570]"
10270,10570,7.000000000000005,"[10270, 13651, 10570]"
10270,10659,270.99999999998994,"[10270, 10659]"
10270,10659,10.94062438988268,"[10270, 13570, 10659]"
10270,10659,10.02489285150667,"[10270, 11568, 10659]"
10270,10659,8.034482758620703,"[10270, 18863, 10659]"
10270,10708,43.0,"[10270, 13651, 10708]"
10270,10751,16.0,"[10270, 16991, 10751]"
10270,10751,10.0,"[10270, 13101, 10751]"
10270,10904,300.0,"[10270, 10904]"
10270,11117,1.0,"[10270, 18863, 11117]"
10270,11168,1.0,"[10270, 10327, 11168]"
10270,11214,1.0,"[10270, 10659, 11214]"
10270,11472,270.0,"[10270, 11472]"
10270,11472,30.0,"[10270, 10327, 11472]"
10270,11568,300.0,"[10270, 11568]"
10270,11861,299.49999999999994,"[10270, 11861]"
10270,11861,0.5000000000000585,"[10270, 18863, 11861]"
10270,12214,1.0,"[10270, 19311, 12214]"
10270,12280,299.9999999999836,"[10270, 12280]"
10270,12379,1.0,"[10270, 17535, 12379]"
10270,12627,300.0,"[10270, 12627]"
10270,12663,1.0,"[10270, 17784, 12663]"
10270,12952,24.000000000000007,"[10270, 19469, 12952]"
10270,12952,110.10684946769314,"[10270, 18577, 12952]"
10270,12952,37.14087320940065,"[10270, 10376, 12952]"
10270,12952,46.645668159976125,"[10270, 16916, 12952]"
10270,12952,82.10660916293008,"[10270, 18144, 12952]"
10270,12985,300.0,"[10270, 12985]"
10270,13101,260.0,"[10270, 13101]"
10270,13179,8.0,"[10270, 13179]"
10270,13183,270.0,"[10270, 13183]"
10270,13183,16.000000000000007,"[10270, 14252, 13183]"
10270,13183,13.999999999999993,"[10270, 18849, 13183]"
10270,13250,265.7757582550636,"[10270, 13250]"
10270,13250,3.9999999999959783,"[10270, 16991, 13250]"
10270,13250,15.00000000003816,"[10270, 11568, 13250]"
10270,13250,15.22424174490233,"[10270, 15401, 13250]"
10270,13431,1.0,"[10270, 17495, 13431]"
10270,13474,50.0,"[10270, 13474]"
10270,13503,0.9770114942528736,"[10270, 14724, 13503]"
10270,13503,0.022988505747126423,"[10270, 10303, 13503]"
10270,13523,282.5330848089646,"[10270, 13523]"
10270,13523,3.4669151910354357,"[10270, 18863, 13523]"
10270,13570,259.0,"[10270, 13570]"
10270,13578,269.9999999999799,"[10270, 13578]"
10270,13578,30.000000000020147,"[10270, 18863, 13578]"
10270,13651,299.99999999998056,"[10270, 13651]"
10270,13856,90.0,"[10270, 13856]"
10270,13856,7.000000000000005,"[10270, 16991, 13856]"
10270,14005,300.0,"[10270, 14005]"
10270,14070,1.0,"[10270, 17495, 14070]"
10270,14076,1.0,"[10270, 19311, 14076]"
10270,14252,163.0,"[10270, 14252]"
10270,14376,1.0,"[10270, 11861, 14376]"
10270,14444,1.0,"[10270, 13570, 14444]"
10270,14724,300.0,"[10270, 14724]"
10270,15028,114.37536648656463,"[10270, 13179, 15028]"
10270,15028,60.000000000083105,"[10270, 10904, 15028]"
10270,15028,67.65911627189116,"[10270, 18476, 15028]"
10270,15028,57.96551724146111,"[10270, 13523, 15028]"
10270,15204,1.0,"[10270, 10659, 15204]"
10270,15206,98.0,"[10270, 15206]"
10270,15262,1.0,"[10270, 16916, 15262]"
10270,15286,0.5149648253134579,"[10270, 13570, 15286]"
10270,15286,0.4850351746865421,"[10270, 14724, 15286]"
10270,15401,252.0,"[10270, 15401]"
10270,15506,300.0,"[10270, 15506]"
10270,15747,287.0,"[10270, 15747]"
10270,15916,269.99999999999795,"[10270, 15916]"
10270,15916,19.99999999998206,"[10270, 19311, 15916]"
10270,15916,10.000000000019986,"[10270, 13651, 15916]"
10270,15973,300.0,"[10270, 15973]"
10270,16133,1.0,"[10270, 18849, 16133]"
10270,16219,300.0,"[10270, 16219]"
10270,16262,1.0,"[10270, 16991, 16262]"
10270,16366,269.9999999999982,"[10270, 16366]"
10270,16366,17.653695454060056,"[10270, 15206, 16366]"
10270,16366,8.346304545941669,"[10270, 16991, 16366]"
10270,16366,4.000000000000086,"[10270, 18863, 16366]"
10270,16916,300.0,"[10270, 16916]"
10270,16991,300.0,"[10270, 16991]"
10270,17312,1.0,"[10270, 17535, 17312]"
10270,17495,128.99999999998798,"[10270, 17495]"
10270,17535,32.0,"[10270, 17535]"
10270,17770,39.89315053230687,"[10270, 18577, 17770]"
10270,17770,22.859126790599348,"[10270, 10376, 17770]"
10270,17770,58.0,"[10270, 11861, 17770]"
10270,17770,30.88476608434313,"[10270, 15206, 17770]"
10270,17770,51.36435454244762,"[10270, 12280, 17770]"
10270,17770,72.99999999999999,"[10270, 15747, 17770]"
10270,17770,19.99999999999997,"[10270, 16991, 17770]"
10270,17770,3.998602050303068,"[10270, 18863, 17770]"
10270,17784,0.011235955056179775,"[10270, 17784]"
10270,17784,0.011494252873563218,"[10270, 10303, 17784]"
10270,17784,0.977269792070257,"[10270, 19311, 17784]"
10270,17822,300.0,"[10270, 17822]"
10270,18144,1.0,"[10270, 18144]"
10270,18182,1.0,"[10270, 10327, 18182]"
10270,18446,1.0,"[10270, 19311, 18446]"
10270,18476,287.0,"[10270, 18476]"
10270,18577,300.0,"[10270, 18577]"
10270,18849,240.0,"[10270, 18849]"
10270,18863,297.0,"[10270, 18863]"
10270,18978,0.30832986241314586,"[10270, 15401, 18978]"
10270,18978,0.6916701375868541,"[10270, 16991, 18978]"
10270,19171,1.0,"[10270, 14252, 19171]"
10270,19180,300.0,"[10270, 19180]"
10270,19185,1.0,"[10270, 19311, 19185]"
10270,19311,1.0,"[10270, 19311]"
10270,19338,90.00000000000327,"[10270, 19338]"
10270,19338,39.99999999999999,"[10270, 13474, 19338]"
10270,19338,3.5325716073121782,"[10270, 14005, 19338]"
10270,19338,2.467428392684557,"[10270, 15401, 19338]"
10270,19469,66.0,"[10270, 19469]"
10270,19539,1.0,"[10270, 19311, 19539]"
10270,19542,1.0,"[10270, 10303, 19542]"
10270,19956,1.0,"[10270, 19311, 19956]"
10303,10044,300.0,"[10303, 10044]"
10303,10178,1.0,"[10303, 10178]"
10303,10270,225.0,"[10303, 10270]"
10303,10327,1.0,"[10303, 17784, 10327]"
10303,10376,1.0,"[10303, 19180, 10376]"
10303,10570,1.0,"[10303, 16219, 10570]"
10303,10659,28.0,"[10303, 13503, 10659]"
10303,10708,1.0,"[10303, 19921, 10708]"
10303,10751,79.6056164094741,"[10303, 14076, 10751]"
10303,10751,122.92131165672936,"[10303, 19542, 10751]"
10303,10751,35.60972427403917,"[10303, 19921, 10751]"
10303,10751,1.863347659757281,"[10303, 15973, 10751]"
10303,10751,59.99999999999996,"[10303, 19180, 10751]"
10303,10904,1.0,"[10303, 15973, 10904]"
10303,11117,1.0,"[10303, 13503, 11117]"
10303,11168,139.5239884031297,"[10303, 14076, 11168]"
10303,11168,15.956040627766237,"[10303, 18144, 11168]"
10303,11168,61.0,"[10303, 15973, 11168]"
10303,11168,24.519970969104183,"[10303, 19180, 11168]"
10303,11168,58.999999999999886,"[10303, 16219, 11168]"
10303,11214,42.68234200334226,"[10303, 11461, 11214]"
10303,11214,1.3176579966577435,"[10303, 19180, 11214]"
10303,11472,135.95438131908764,"[10303, 15872, 11472]"
10303,11472,72.31146511597603,"[10303, 17822, 11472]"
10303,11472,44.734153564936314,"[10303, 13503, 11472]"
10303,11568,31.220630249302772,"[10303, 15973, 11568]"
10303,11568,15.000000000038185,"[10303, 19921, 11568]"
10303,11568,34.975107148455166,"[10303, 10270, 11568]"
10303,11568,36.694689242139724,"[10303, 14724, 11568]"
10303,11568,21.999999999999993,"[10303, 10044, 11568]"
10303,11568,53.887592733771235,"[10303, 12985, 11568]"
10303,11568,17.22198062629331,"[10303, 14005, 11568]"
10303,11568,88.0,"[10303, 12627, 11568]"
10303,11568,0.9999999999999709,"[10303, 16991, 11568]"
10303,11861,60.000000000033104,"[10303, 11461, 11861]"
10303,11861,41.513795255857836,"[10303, 10044, 11861]"
10303,11861,40.48620474410905,"[10303, 16219, 11861]"
10303,11861,13.999999999999993,"[10303, 14444, 11861]"
10303,12214,8.0,"[10303, 17784, 12214]"
10303,12280,12.477845197774867,"[10303, 14724, 12280]"
10303,12280,6.522154802239081,"[10303, 12985, 12280]"
10303,12280,8.635645457568794,"[10303, 10270, 12280]"
10303,12280,28.00000000000614,"[10303, 12627, 12280]"
10303,12280,8.36435454241112,"[10303, 15872, 12280]"
10303,12627,1.0,"[10303, 12627]"
10303,12663,180.0,"[10303, 12663]"
10303,12663,4.000000000000024,"[10303, 17784, 12663]"
10303,12952,1.0,"[10303, 18144, 12952]"
10303,13101,1.0,"[10303, 12627, 13101]"
10303,13179,1.0,"[10303, 17784, 13179]"
10303,13183,58.00000000000361,"[10303, 11461, 13183]"
10303,13183,71.05132495947461,"[10303, 12985, 13183]"
10303,13183,11.972198162703776,"[10303, 15973, 13183]"
10303,13183,60.00000000003736,"[10303, 10044, 13183]"
10303,13183,60.0,"[10303, 16219, 13183]"
10303,13183,37.9764768778364,"[10303, 17784, 13183]"
10303,13183,0.9999999999442473,"[10303, 19180, 13183]"
10303,13250,28.0,"[10303, 17822, 13250]"
10303,13431,41.0,"[10303, 12985, 13431]"
10303,13431,80.0,"[10303, 10044, 13431]"
10303,13431,179.0,"[10303, 15506, 13431]"
10303,13474,180.0,"[10303, 13474]"
10303,13474,8.537718176831241,"[10303, 12985, 13474]"
10303,13474,30.0,"[10303, 13503, 13474]"
10303,13474,19.48620474412023,"[10303, 10044, 13474]"
10303,13474,35.976077079042454,"[10303, 14724, 13474]"
10303,13474,26.000000000006082,"[10303, 17784, 13474]"
10303,13503,300.0,"[10303, 13503]"
10303,13523,178.99999999999235,"[10303, 13523]"
10303,13523,18.1491170101965,"[10303, 14724, 13523]"
10303,13523,10.850882989811133,"[10303, 12985, 13523]"
10303,13570,1.0,"[10303, 14724, 13570]"
10303,13578,1.0,"[10303, 10044, 13578]"
10303,13651,1.0,"[10303, 13503, 13651]"
10303,13856,1.0,"[10303, 11461, 13856]"
10303,14005,51.0,"[10303, 14005]"
10303,14070,42.12541638518377,"[10303, 15973, 14070]"
10303,14070,48.36025032516628,"[10303, 14005, 14070]"
10303,14070,31.51433328964996,"[10303, 14724, 14070]"
10303,14076,1.0,"[10303, 14076]"
10303,14252,1.0,"[10303, 17784, 14252]"
10303,14376,54.666582502166186,"[10303, 19542, 14376]"
10303,14376,3.3334174978338114,"[10303, 11461, 14376]"
10303,14444,76.0,"[10303, 14444]"
10303,14724,1.0,"[10303, 14724]"
10303,15028,1.0,"[10303, 13523, 15028]"
10303,15204,74.0,"[10303, 14076, 15204]"
10303,15206,1.0,"[10303, 15973, 15206]"
10303,15262,1.0,"[10303, 19469, 15262]"
10303,15286,1.0,"[10303, 14724, 15286]"
10303,15401,1.0,"[10303, 13503, 15401]"
10303,15506,1.0,"[10303, 15506]"
10303,15747,1.0,"[10303, 17784, 15747]"
10303,15916,1.0,"[10303, 12627, 15916]"
10303,15973,1.0,"[10303, 15973]"
10303,16133,1.0,"[10303, 11461, 16133]"
10303,16262,90.0,"[10303, 16262]"
10303,16262,19.000000000000014,"[10303, 11461, 16262]"
10303,16262,53.05633832875982,"[10303, 13503, 16262]"
10303,16262,54.99999999998406,"[10303, 10044, 16262]"
10303,16262,43.94366167125618,"[10303, 16219, 16262]"
10303,16366,210.0,"[10303, 17547, 16366]"
10303,16366,71.99999999999818,"[10303, 10178, 16366]"
10303,16366,18.0,"[10303, 10044, 16366]"
10303,16916,59.999999999999424,"[10303, 11461, 16916]"
10303,16916,43.999999999986876,"[10303, 19921, 16916]"
10303,16916,60.0,"[10303, 15973, 16916]"
10303,16916,25.432204214607932,"[10303, 14005, 16916]"
10303,16916,12.354331840023875,"[10303, 10270, 16916]"
10303,16916,5.213463945381896,"[10303, 12985, 16916]"
10303,16916,59.0,"[10303, 15872, 16916]"
10303,16916,33.99999999999999,"[10303, 12627, 16916]"
10303,16991,177.0,"[10303, 16991]"
10303,17312,33.00000000000939,"[10303, 19921, 17312]"
10303,17312,23.999999999990603,"[10303, 16219, 17312]"
10303,17495,1.0,"[10303, 14724, 17495]"
10303,17535,12.000000000000039,"[10303, 11461, 17535]"
10303,17535,23.126078305616424,"[10303, 19921, 17535]"
10303,17535,56.99999999999958,"[10303, 13503, 17535]"
10303,17535,30.99999999999023,"[10303, 14005, 17535]"
10303,17535,55.99999999998797,"[10303, 10270, 17535]"
10303,17535,20.425605482822256,"[10303, 16219, 17535]"
10303,17535,33.44831621158352,"[10303, 12627, 17535]"
10303,17770,82.00000000000423,"[10303, 19469, 17770]"
10303,17770,90.0,"[10303, 17547, 17770]"
10303,17770,86.85551332764621,"[10303, 17822, 17770]"
10303,17770,41.14448667234955,"[10303, 10178, 17770]"
10303,17784,294.0,"[10303, 17784]"
10303,17822,9.0,"[10303, 17822]"
10303,18144,1.0,"[10303, 18144]"
10303,18182,0.9999999999999991,"[10303, 18144, 18182]"
10303,18446,180.0,"[10303, 18446]"
10303,18446,4.999999999999998,"[10303, 13503, 18446]"
10303,18476,90.0,"[10303, 18476]"
10303,18476,59.99999999990361,"[10303, 14005, 18476]"
10303,18476,5.340883728108835,"[10303, 10270, 18476]"
10303,18476,60.0,"[10303, 12985, 18476]"
10303,18476,26.647087402715137,"[10303, 16219, 18476]"
10303,18476,58.01202886927225,"[10303, 17784, 18476]"
10303,18577,1.0,"[10303, 14724, 18577]"
10303,18849,90.0,"[10303, 19921, 18849]"
10303,18849,30.000000000000004,"[10303, 14005, 18849]"
10303,18849,84.8877713921582,"[10303, 15506, 18849]"
10303,18849,15.000000000008527,"[10303, 10270, 18849]"
10303,18849,18.219441032965705,"[10303, 15872, 18849]"
10303,18849,61.89278757486757,"[10303, 12627, 18849]"
10303,18863,1.0,"[10303, 19921, 18863]"
10303,18978,1.0,"[10303, 14005, 18978]"
10303,19171,1.0,"[10303, 15872, 19171]"
10303,19180,1.0,"[10303, 19180]"
10303,19185,1.2180232558220965,"[10303, 11461, 19185]"
10303,19185,68.01149725632725,"[10303, 15973, 19185]"
10303,19185,57.26419742030996,"[10303, 19921, 19185]"
10303,19185,46.198010849979354,"[10303, 13503, 19185]"
10303,19185,36.99999999999999,"[10303, 12985, 19185]"
10303,19185,47.46182310553552,"[10303, 15872, 19185]"
10303,19185,26.846448112027197,"[10303, 12627, 19185]"
10303,19185,16.000000000011802,"[10303, 17784, 19185]"
10303,19311,90.0,"[10303, 19311]"
10303,19311,150.73200650938531,"[10303, 10270, 19311]"
10303,19311,21.080055309418157,"[10303, 15973, 19311]"
10303,19311,38.18793818119652,"[10303, 14724, 19311]"
10303,19338,34.0,"[10303, 14005, 19338]"
10303,19469,1.0,"[10303, 19469]"
10303,19539,1.0,"[10303, 14724, 19539]"
10303,19542,1.0,"[10303, 19542]"
10303,19956,84.31146511597842,"[10303, 19542, 19956]"
10303,19956,88.68853488401976,"[10303, 17822, 19956]"
10303,19956,48.000000000001826,"[10303, 10178, 19956]"
10327,10270,211.0,"[10327, 10270]"
10327,11267,0.999933666995463,"[10327, 13431, 11267]"
10327,12985,1.0,"[10327, 10270, 12985]"
10327,15401,300.0,"[10327, 15401]"
10327,16053,1.0,"[10327, 11168, 16053]"
10327,16219,300.0,"[10327, 16219]"
10376,15973,1.0,"[10376, 14724, 15973]"
10376,16219,126.0,"[10376, 16219]"
10570,10044,256.0,"[10570, 10044]"
10570,10178,180.0,"[10570, 10178]"
10570,10178,0.9999999999999951,"[10570, 10303, 10178]"
10570,10270,1.0,"[10570, 10303, 10270]"
10570,10327,146.0,"[10570, 10327]"
10570,10376,269.99999999999994,"[10570, 10376]"
10570,10376,30.00000000000004,"[10570, 10659, 10376]"
10570,10659,184.0,"[10570, 10659]"
10570,10708,1.0,"[10570, 10708]"
10570,10751,270.0,"[10570, 10751]"
10570,10751,30.0,"[10570, 11267, 10751]"
10570,10904,72.0,"[10570, 10904]"
10570,11117,270.0,"[10570, 11117]"
10570,11117,30.0,"[10570, 13183, 11117]"
10570,11168,1.0,"[10570, 13183, 11168]"
10570,11214,1.0,"[10570, 10659, 11214]"
10570,11472,1.0,"[10570, 11267, 11472]"
10570,11568,269.99999999999994,"[10570, 11568]"
10570,11568,19.000000000001844,"[10570, 10659, 11568]"
10570,11568,10.999999999998195,"[10570, 17312, 11568]"
10570,11861,269.99999999999136,"[10570, 11861]"
10570,11861,8.999999999999961,"[10570, 10708, 11861]"
10570,11861,21.00000000000291,"[10570, 18863, 11861]"
10570,12214,300.0,"[10570, 12214]"
10570,12280,1.0,"[10570, 18863, 12280]"
10570,12627,90.0,"[10570, 12627]"
10570,12627,6.000000000000003,"[10570, 10303, 12627]"
10570,12663,184.0,"[10570, 12663]"
10570,12952,1.0,"[10570, 16916, 12952]"
10570,12985,1.0,"[10570, 10303, 12985]"
10570,13101,1.0,"[10570, 18863, 13101]"
10570,13179,300.0,"[10570, 13179]"
10570,13183,299.9999999999917,"[10570, 13183]"
10570,13250,1.0,"[10570, 16133, 13250]"
10570,13431,300.0,"[10570, 13431]"
10570,13474,269.99999999999994,"[10570, 13474]"
10570,13474,30.00000000000004,"[10570, 10708, 13474]"
10570,13503,300.0,"[10570, 13503]"
10570,13523,1.0,"[10570, 12663, 13523]"
10570,13570,180.0,"[10570, 13570]"
10570,13570,9.0,"[10570, 13651, 13570]"
10570,13578,1.0,"[10570, 18863, 13578]"
10570,13651,1.0,"[10570, 13651]"
10570,13856,1.0,"[10570, 10708, 13856]"
10570,14005,300.0,"[10570, 14005]"
10570,14070,269.99999999999994,"[10570, 14070]"
10570,14070,2.000000000013795,"[10570, 12663, 14070]"
10570,14070,27.999999999986244,"[10570, 17495, 14070]"
10570,14076,90.0,"[10570, 14076]"
10570,14076,4.999999999999999,"[10570, 10303, 14076]"
10570,14252,270.0,"[10570, 14252]"
10570,14252,10.999999999999982,"[10570, 12663, 14252]"
10570,14376,1.0,"[10570, 13183, 14376]"
10570,14444,90.00000000000861,"[10570, 14444]"
10570,14444,15.007816091954023,"[10570, 14724, 14444]"
10570,14444,22.992183908037372,"[10570, 17784, 14444]"
10570,14724,74.0,"[10570, 14724]"
10570,15028,104.0,"[10570, 12214, 15028]"
10570,15204,48.45356133602499,"[10570, 16916, 15204]"
10570,15204,55.010012944390056,"[10570, 12214, 15204]"
10570,15204,82.53642571958694,"[10570, 11267, 15204]"
10570,15204,4.999999999997996,"[10570, 10659, 15204]"
10570,15206,1.0,"[10570, 15206]"
10570,15262,33.21346394538175,"[10570, 16916, 15262]"
10570,15262,42.118299782335825,"[10570, 12214, 15262]"
10570,15262,18.668236272282428,"[10570, 19171, 15262]"
10570,15286,57.0,"[10570, 15286]"
10570,15401,1.0,"[10570, 10708, 15401]"
10570,15506,8.0,"[10570, 10303, 15506]"
10570,15747,18.0,"[10570, 19185, 15747]"
10570,15916,1.0,"[10570, 13651, 15916]"
10570,15973,1.0,"[10570, 10303, 15973]"
10570,16133,149.0,"[10570, 16133]"
10570,16219,270.0,"[10570, 16219]"
10570,16219,4.9999999999999964,"[10570, 10303, 16219]"
10570,16262,10.738037000736714,"[10570, 12663, 16262]"
10570,16262,2.261962999263287,"[10570, 10708, 16262]"
10570,16366,1.0,"[10570, 15206, 16366]"
10570,16916,43.0,"[10570, 16916]"
10570,16991,1.0,"[10570, 10303, 16991]"
10570,17312,234.0,"[10570, 17312]"
10570,17495,1.0,"[10570, 17495]"
10570,17535,300.0,"[10570, 17535]"
10570,17770,1.0,"[10570, 11267, 17770]"
10570,17784,221.0,"[10570, 17784]"
10570,17822,180.0,"[10570, 17822]"
10570,17822,21.0,"[10570, 10303, 17822]"
10570,18144,90.0,"[10570, 18144]"
10570,18144,23.000000000000007,"[10570, 10303, 18144]"
10570,18182,270.00000000001785,"[10570, 18182]"
10570,18182,25.006117353272018,"[10570, 10327, 18182]"
10570,18182,4.993882646710112,"[10570, 16133, 18182]"
10570,18446,1.0,"[10570, 10708, 18446]"
10570,18476,89.99999999998624,"[10570, 18476]"
10570,18476,33.000000000013756,"[10570, 17495, 18476]"
10570,18577,270.0,"[10570, 18577]"
10570,18577,30.000000000000032,"[10570, 12663, 18577]"
10570,18849,270.0,"[10570, 18849]"
10570,18849,30.0,"[10570, 18863, 18849]"
10570,18863,300.0,"[10570, 18863]"
10570,18978,1.0,"[10570, 10708, 18978]"
10570,19171,268.0,"[10570, 19171]"
10570,19180,90.0,"[10570, 19180]"
10570,19180,14.000000000000007,"[10570, 10708, 19180]"
10570,19185,300.0,"[10570, 19185]"
10570,19311,270.0,"[10570, 19311]"
10570,19311,28.0,"[10570, 17495, 19311]"
10570,19311,1.9999999999999982,"[10570, 13651, 19311]"
10570,19338,1.0,"[10570, 11267, 19338]"
10570,19469,300.0,"[10570, 19469]"
10570,19539,1.0,"[10570, 19185, 19539]"
10570,19542,1.0,"[10570, 10303, 19542]"
10570,19956,180.0,"[10570, 19956]"
10570,19956,32.116512134396004,"[10570, 16916, 19956]"
10570,19956,11.883487865603996,"[10570, 19171, 19956]"
10659,11568,215.0,"[10659, 11568]"
10659,13570,1.0,"[10659, 13570]"
10708,10044,1.0,"[10708, 10570, 10044]"
10708,10178,267.0,"[10708, 10178]"
10708,10270,299.9999999999835,"[10708, 10270]"
10708,10327,1.0,"[10708, 10570, 10327]"
10708,10376,260.0,"[10708, 10376]"
10708,10570,1.0,"[10708, 10570]"
10708,10659,270.0,"[10708, 10659]"
10708,10659,29.999999999999996,"[10708, 10570, 10659]"
10708,10751,270.0,"[10708, 10751]"
10708,10751,26.0,"[10708, 16262, 10751]"
10708,10904,1.0,"[10708, 17495, 10904]"
10708,11117,1.0,"[10708, 19311, 11117]"
10708,11168,90.0,"[10708, 11168]"
10708,11168,23.999999999996962,"[10708, 16262, 11168]"
10708,11168,5.000000000003045,"[10708, 14252, 11168]"
10708,11214,1.0,"[10708, 19180, 11214]"
10708,11472,270.0,"[10708, 11472]"
10708,11568,19.0,"[10708, 17312, 11568]"
10708,11861,121.0,"[10708, 11861]"
10708,12214,0.5603560367794265,"[10708, 12214]"
10708,12214,0.4396439632205735,"[10708, 10570, 12214]"
10708,12280,1.0,"[10708, 12627, 12280]"
10708,12379,235.00026130127844,"[10708, 12379]"
10708,12379,64.99973869872154,"[10708, 17535, 12379]"
10708,12627,300.0,"[10708, 12627]"
10708,12663,300.0,"[10708, 12663]"
10708,12952,70.88170021766416,"[10708, 10989, 12952]"
10708,12952,13.118299782335505,"[10708, 19539, 12952]"
10708,12952,10.0,"[10708, 10376, 12952]"
10708,12985,137.0,"[10708, 12985]"
10708,13101,270.0,"[10708, 13101]"
10708,13101,26.22424174489484,"[10708, 15292, 13101]"
10708,13101,3.775758255105174,"[10708, 15401, 13101]"
10708,13179,1.0,"[10708, 10570, 13179]"
10708,13183,1.0,"[10708, 10570, 13183]"
10708,13250,1.0,"[10708, 15401, 13250]"
10708,13431,34.0,"[10708, 13431]"
10708,13474,300.0,"[10708, 13474]"
10708,13503,180.0,"[10708, 13503]"
10708,13503,27.999999999999993,"[10708, 10570, 13503]"
10708,13523,1.0,"[10708, 12663, 13523]"
10708,13570,270.0,"[10708, 13570]"
10708,13570,30.0,"[10708, 13651, 13570]"
10708,13578,1.0,"[10708, 15401, 13578]"
10708,13651,1.0,"[10708, 13651]"
10708,13856,1.0,"[10708, 13856]"
10708,14005,171.0,"[10708, 14005]"
10708,14070,1.0,"[10708, 17495, 14070]"
10708,14076,1.0,"[10708, 19311, 14076]"
10708,14252,300.0,"[10708, 14252]"
10708,14376,18.0,"[10708, 11861, 14376]"
10708,14724,300.0,"[10708, 14724]"
10708,15028,32.51298134581798,"[10708, 12214, 15028]"
10708,15028,35.2719759435909,"[10708, 19539, 15028]"
10708,15028,68.21504271059112,"[10708, 13856, 15028]"
10708,15204,90.0,"[10708, 15204]"
10708,15204,9.0,"[10708, 18978, 15204]"
10708,15206,269.9999999999714,"[10708, 15206]"
10708,15206,30.0000000000286,"[10708, 10570, 15206]"
10708,15262,19.118299782335832,"[10708, 10989, 15262]"
10708,15262,11.881700217664168,"[10708, 12214, 15262]"
10708,15262,179.0,"[10708, 17312, 15262]"
10708,15262,90.0,"[10708, 16053, 15262]"
10708,15286,269.99999999999994,"[10708, 15286]"
10708,15286,30.00000000000004,"[10708, 10570, 15286]"
10708,15401,300.0,"[10708, 15401]"
10708,15506,300.0,"[10708, 15506]"
10708,15747,270.00000000000017,"[10708, 15747]"
10708,15747,29.999999999999837,"[10708, 19185, 15747]"
10708,15916,18.0,"[10708, 13651, 15916]"
10708,15973,135.0,"[10708, 15973]"
10708,16133,172.0,"[10708, 16133]"
10708,16219,180.0,"[10708, 16219]"
10708,16219,15.999999999999998,"[10708, 19311, 16219]"
10708,16262,300.0,"[10708, 16262]"
10708,16366,1.0,"[10708, 18446, 16366]"
10708,16916,1.0,"[10708, 13651, 16916]"
10708,16991,270.0,"[10708, 16991]"
10708,16991,22.038505890868294,"[10708, 12627, 16991]"
10708,16991,7.961494109131696,"[10708, 14724, 16991]"
10708,17312,300.0,"[10708, 17312]"
10708,17495,300.0000000000274,"[10708, 17495]"
10708,17535,1.0,"[10708, 17535]"
10708,17770,1.0,"[10708, 11861, 17770]"
10708,17784,281.0,"[10708, 17784]"
10708,17822,1.0,"[10708, 14724, 17822]"
10708,18144,269.99999999999994,"[10708, 18144]"
10708,18144,30.00000000000004,"[10708, 14724, 18144]"
10708,18182,269.99999999999994,"[10708, 18182]"
10708,18182,6.7380370007220725,"[10708, 16262, 18182]"
10708,18182,17.261962999277966,"[10708, 18978, 18182]"
10708,18182,6.0,"[10708, 15401, 18182]"
10708,18446,47.0,"[10708, 18446]"
10708,18476,269.99999999997647,"[10708, 18476]"
10708,18476,30.000000000023505,"[10708, 17495, 18476]"
10708,18577,1.0,"[10708, 12663, 18577]"
10708,18849,1.0,"[10708, 15506, 18849]"
10708,18863,270.0,"[10708, 18863]"
10708,18863,1.9999999999999498,"[10708, 10570, 18863]"
10708,18863,28.00000000000006,"[10708, 15506, 18863]"
10708,18978,300.0,"[10708, 18978]"
10708,19180,246.0,"[10708, 19180]"
10708,19185,1.0,"[10708, 19185]"
10708,19311,239.0,"[10708, 19311]"
10708,19338,179.99999999999997,"[10708, 19338]"
10708,19338,35.000000000000014,"[10708, 15401, 19338]"
10708,19469,269.99999999999994,"[10708, 19469]"
10708,19469,30.00000000000004,"[10708, 10570, 19469]"
10708,19539,25.0,"[10708, 19539]"
10708,19542,1.0,"[10708, 19311, 19542]"
10708,19956,269.99999999999994,"[10708, 19956]"
10708,19956,30.00000000000004,"[10708, 15292, 19956]"
10904,10270,300.0,"[10904, 10270]"
10904,11267,159.0,"[10904, 11267]"
10904,12985,174.0,"[10904, 12985]"
10904,13179,1.0,"[10904, 15206, 13179]"
10904,15872,300.0,"[10904, 15872]"
10904,15973,1.0,"[10904, 14724, 15973]"
10989,16133,1.0,"[10989, 16133]"
11027,18978,230.0,"[11027, 18978]"
11117,11267,270.0,"[11117, 11267]"
11117,11267,26.0,"[11117, 19956, 11267]"
11117,15204,269.99999999999994,"[11117, 15204]"
11117,15204,30.00000000000004,"[11117, 14376, 15204]"
11117,15401,1.0,"[11117, 19956, 15401]"
11117,16053,205.0,"[11117, 16366, 16053]"
11117,16219,1.0,"[11117, 14376, 16219]"
11168,11267,300.0,"[11168, 11267]"
11168,15401,0.011729880586896333,"[11168, 19956, 15401]"
11168,15401,0.9770341643569239,"[11168, 15292, 15401]"
11168,15401,0.011235955056179775,"[11168, 12364, 15401]"
11168,15872,63.0,"[11168, 15872]"
11168,16053,225.0,"[11168, 16053]"
11168,16219,300.0,"[11168, 16219]"
11168,18182,1.0,"[11168, 12364, 18182]"
11214,10270,1.0,"[11214, 12663, 10270]"
11214,11267,140.0,"[11214, 11267]"
11214,12985,1.0,"[11214, 12663, 12985]"
11214,15401,1.0,"[11214, 15401]"
11214,16219,1.0,"[11214, 10376, 16219]"
11267,10044,172.0,"[11267, 10044]"
11267,10178,0.26062546300255884,"[11267, 13570, 10178]"
11267,10178,0.7393745369974412,"[11267, 10708, 10178]"
11267,10270,139.0,"[11267, 10270]"
11267,10327,108.0,"[11267, 10327]"
11267,10376,270.0,"[11267, 10376]"
11267,10376,0.5198425129134989,"[11267, 13101, 10376]"
11267,10376,15.480157487086508,"[11267, 12757, 10376]"
11267,10570,175.0,"[11267, 10570]"
11267,10708,300.0,"[11267, 10708]"
11267,10751,299.99999999998164,"[11267, 10751]"
11267,10904,1.0,"[11267, 17495, 10904]"
11267,11117,0.9431818181818182,"[11267, 14376, 11117]"
11267,11117,0.056818181818181816,"[11267, 17770, 11117]"
11267,11168,300.0,"[11267, 11168]"
11267,11214,44.0,"[11267, 11214]"
11267,11472,299.99999999999665,"[11267, 11472]"
11267,11861,90.0,"[11267, 11861]"
11267,11861,18.999999999999993,"[11267, 12379, 11861]"
11267,12214,205.0,"[11267, 12214]"
11267,12280,269.99999999999994,"[11267, 12280]"
11267,12280,3.0000000000023412,"[11267, 18863, 12280]"
11267,12280,26.999999999997698,"[11267, 14444, 12280]"
11267,12379,300.0,"[11267, 12379]"
11267,12627,1.0,"[11267, 10708, 12627]"
11267,12663,180.0,"[11267, 12663]"
11267,12663,12.000000000000016,"[11267, 15286, 12663]"
11267,12952,180.0,"[11267, 12952]"
11267,12952,1.0563383287863601,"[11267, 11472, 12952]"
11267,12952,29.94366167121364,"[11267, 10751, 12952]"
11267,12952,89.0,"[11267, 13680, 12952]"
11267,12985,300.0,"[11267, 12985]"
11267,13101,80.0,"[11267, 13101]"
11267,13179,1.0,"[11267, 10570, 13179]"
11267,13183,300.0,"[11267, 13183]"
11267,13250,90.0000000000011,"[11267, 13250]"
11267,13250,18.723526930669493,"[11267, 14376, 13250]"
11267,13250,1.276473069329421,"[11267, 17770, 13250]"
11267,13431,300.0,"[11267, 13431]"
11267,13474,1.0,"[11267, 10708, 13474]"
11267,13503,300.0,"[11267, 13503]"
11267,13523,300.0,"[11267, 13523]"
11267,13578,1.0,"[11267, 19371, 13578]"
11267,13651,1.0,"[11267, 19185, 13651]"
11267,13856,0.011235955056179692,"[11267, 13856]"
11267,13856,0.9887640449438203,"[11267, 12757, 13856]"
11267,14005,0.02666666666666667,"[11267, 10303, 14005]"
11267,14005,0.9733333333333356,"[11267, 10570, 14005]"
11267,14070,300.0,"[11267, 14070]"
11267,14076,90.0,"[11267, 14076]"
11267,14076,0.3466666666666667,"[11267, 10303, 14076]"
11267,14076,12.653333333333336,"[11267, 19311, 14076]"
11267,14252,300.0,"[11267, 14252]"
11267,14376,1.0,"[11267, 14376]"
11267,14444,211.0,"[11267, 14444]"
11267,14724,0.02666666666666667,"[11267, 10570, 14724]"
11267,14724,0.9733333333333334,"[11267, 10708, 14724]"
11267,15028,1.0,"[11267, 13680, 15028]"
11267,15204,1.0,"[11267, 15204]"
11267,15206,173.0,"[11267, 15206]"
11267,15262,1.0,"[11267, 17770, 15262]"
11267,15286,300.0,"[11267, 15286]"
11267,15401,1.0,"[11267, 19371, 15401]"
11267,15506,300.0,"[11267, 15506]"
11267,15747,300.0,"[11267, 15747]"
11267,15916,300.0,"[11267, 15916]"
11267,15973,0.026666666666666797,"[11267, 10303, 15973]"
11267,15973,0.9733333333333332,"[11267, 13101, 15973]"
11267,16133,270.0,"[11267, 16133]"
11267,16133,15.00000000000001,"[11267, 19371, 16133]"
11267,16219,300.0,"[11267, 16219]"
11267,16262,1.0,"[11267, 12379, 16262]"
11267,16366,270.0,"[11267, 16366]"
11267,16366,29.999999999999986,"[11267, 11027, 16366]"
11267,16916,1.0,"[11267, 15916, 16916]"
11267,16991,1.0,"[11267, 14444, 16991]"
11267,17312,1.0,"[11267, 17535, 17312]"
11267,17495,300.0,"[11267, 17495]"
11267,17535,300.0,"[11267, 17535]"
11267,17770,252.0,"[11267, 17770]"
11267,17784,1.0,"[11267, 10570, 17784]"
11267,17822,1.0,"[11267, 10303, 17822]"
11267,18144,1.0,"[11267, 10303, 18144]"
11267,18182,1.0,"[11267, 17770, 18182]"
11267,18446,1.0,"[11267, 10708, 18446]"
11267,18476,1.0,"[11267, 17495, 18476]"
11267,18577,1.0,"[11267, 12379, 18577]"
11267,18849,0.1238692185559842,"[11267, 12757, 18849]"
11267,18849,0.8761307814440158,"[11267, 18863, 18849]"
11267,18863,300.0,"[11267, 18863]"
11267,18978,270.0,"[11267, 18978]"
11267,18978,29.999999999999954,"[11267, 19371, 18978]"
11267,19171,1.0,"[11267, 10570, 19171]"
11267,19180,300.0,"[11267, 19180]"
11267,19185,300.0,"[11267, 19185]"
11267,19338,257.0,"[11267, 19338]"
11267,19469,1.0,"[11267, 10570, 19469]"
11267,19539,1.0,"[11267, 19539]"
11267,19542,208.0,"[11267, 19542]"
11267,19956,1.0,"[11267, 14376, 19956]"
11461,10044,1.0,"[11461, 13570, 10044]"
11461,10178,1.0,"[11461, 13570, 10178]"
11461,10270,0.09302325581395349,"[11461, 10303, 10270]"
11461,10270,0.9069767441860466,"[11461, 19185, 10270]"
11461,10327,300.0,"[11461, 10327]"
11461,10376,270.0,"[11461, 10376]"
11461,10570,270.0,"[11461, 10570]"
11461,10570,30.0,"[11461, 19185, 10570]"
11461,10659,1.0,"[11461, 13570, 10659]"
11461,10708,1.0,"[11461, 19185, 10708]"
11461,10751,180.0,"[11461, 10751]"
11461,10751,8.999999999999993,"[11461, 16262, 10751]"
11461,10904,0.5166666666666666,"[11461, 17784, 10904]"
11461,10904,0.48333333333333334,"[11461, 15286, 10904]"
11461,11117,269.99999999999994,"[11461, 11117]"
11461,11117,25.00000000000004,"[11461, 17253, 11117]"
11461,11117,5.0,"[11461, 17770, 11117]"
11461,11168,1.0,"[11461, 11214, 11168]"
11461,11214,300.0,"[11461, 11214]"
11461,11472,270.0,"[11461, 11472]"
11461,11472,23.000000000000025,"[11461, 10327, 11472]"
11461,11568,1.0,"[11461, 13570, 11568]"
11461,11861,300.0,"[11461, 11861]"
11461,12214,1.0,"[11461, 15916, 12214]"
11461,12280,300.0,"[11461, 12280]"
11461,12627,300.0,"[11461, 12627]"
11461,12663,1.0,"[11461, 15286, 12663]"
11461,12952,26.000000000000057,"[11461, 16053, 12952]"
11461,12952,153.99999999999994,"[11461, 17253, 12952]"
11461,13101,1.0,"[11461, 12627, 13101]"
11461,13179,163.0,"[11461, 13179]"
11461,13183,122.0,"[11461, 13183]"
11461,13250,243.0,"[11461, 13250]"
11461,13431,1.0,"[11461, 17535, 13431]"
11461,13474,229.0,"[11461, 13474]"
11461,13503,300.0,"[11461, 13503]"
11461,13523,300.0,"[11461, 13523]"
11461,13570,77.0,"[11461, 13570]"
11461,13578,1.0,"[11461, 11214, 13578]"
11461,13651,1.0,"[11461, 19185, 13651]"
11461,13856,1.0,"[11461, 13856]"
11461,14005,213.0,"[11461, 14005]"
11461,14070,1.0,"[11461, 19311, 14070]"
11461,14076,8.0,"[11461, 14076]"
11461,14252,214.0,"[11461, 14252]"
11461,14376,33.0,"[11461, 14376]"
11461,14444,274.0,"[11461, 14444]"
11461,14724,1.0,"[11461, 13570, 14724]"
11461,15028,15.548333961738738,"[11461, 13179, 15028]"
11461,15028,231.78495728940888,"[11461, 13856, 15028]"
11461,15028,20.666708748852386,"[11461, 16053, 15028]"
11461,15204,1.0,"[11461, 17253, 15204]"
11461,15206,1.0,"[11461, 13570, 15206]"
11461,15262,19.333417497833814,"[11461, 16053, 15262]"
11461,15262,53.666582502166186,"[11461, 14376, 15262]"
11461,15286,300.0,"[11461, 15286]"
11461,15401,180.0,"[11461, 15401]"
11461,15401,8.764260998773356,"[11461, 11214, 15401]"
11461,15401,0.23573900122665492,"[11461, 15916, 15401]"
11461,15506,0.011235955056179775,"[11461, 15506]"
11461,15506,0.9887640449438202,"[11461, 13570, 15506]"
11461,15747,90.00000000000007,"[11461, 15747]"
11461,15747,8.999999999999925,"[11461, 19185, 15747]"
11461,15916,157.0,"[11461, 15916]"
11461,15973,255.0,"[11461, 15973]"
11461,16133,300.00000000000045,"[11461, 16133]"
11461,16262,152.0,"[11461, 16262]"
11461,16366,0.9999999999993285,"[11461, 13179, 16366]"
11461,16916,300.00000000000057,"[11461, 16916]"
11461,17312,1.0,"[11461, 17535, 17312]"
11461,17495,1.0,"[11461, 17535, 17495]"
11461,17535,255.0,"[11461, 17535]"
11461,17770,265.0,"[11461, 17770]"
11461,17784,72.0,"[11461, 17784]"
11461,18144,1.0,"[11461, 10303, 18144]"
11461,18182,1.0,"[11461, 13250, 18182]"
11461,18446,0.023529411764705882,"[11461, 13570, 18446]"
11461,18446,0.9764705882352941,"[11461, 19311, 18446]"
11461,18476,90.0,"[11461, 18476]"
11461,18476,10.0,"[11461, 19311, 18476]"
11461,18577,300.0,"[11461, 18577]"
11461,18849,1.0,"[11461, 15506, 18849]"
11461,18863,1.0,"[11461, 13570, 18863]"
11461,18978,180.0,"[11461, 18978]"
11461,18978,4.000000000000067,"[11461, 13474, 18978]"
11461,19185,299.0,"[11461, 19185]"
11461,19311,300.0,"[11461, 19311]"
11461,19338,1.0,"[11461, 13474, 19338]"
11461,19469,117.0,"[11461, 19469]"
11461,19539,1.0,"[11461, 19185, 19539]"
11461,19542,1.0,"[11461, 10303, 19542]"
11461,19956,269.99999999999994,"[11461, 19956]"
11461,19956,4.00000000000004,"[11461, 11214, 19956]"
11461,19956,26.0,"[11461, 13250, 19956]"
11472,15973,1.0,"[11472, 18182, 15973]"
11472,19338,300.0,"[11472, 19338]"
11568,10659,300.0,"[11568, 10659]"
11568,13570,300.0,"[11568, 13570]"
11568,15973,1.0,"[11568, 13651, 15973]"
11861,16133,0.9998737533137392,"[11861, 16262, 16133]"
11861,16219,0.011235955056179773,"[11861, 16133, 16219]"
11861,16219,0.011234536554086957,"[11861, 16262, 16219]"
11861,16219,0.9775295083897305,"[11861, 14724, 16219]"
12214,10270,300.0,"[12214, 10270]"
12214,10570,69.0,"[12214, 10570]"
12214,10708,1.0,"[12214, 10570, 10708]"
12214,11267,300.0,"[12214, 11267]"
12214,12985,242.0,"[12214, 12985]"
12214,15872,300.0,"[12214, 15872]"
12214,16916,259.0,"[12214, 16916]"
12280,15973,1.0,"[12280, 17784, 15973]"
12364,10270,1.0,"[12364, 12985, 10270]"
12364,11267,300.0,"[12364, 11267]"
12364,12985,1.0000000000000024,"[12364, 12985]"
12364,15872,300.0,"[12364, 15872]"
12364,16366,6.0,"[12364, 16366]"
12364,18978,1.0,"[12364, 16366, 18978]"
12379,13431,300.0,"[12379, 13431]"
12573,10270,33.0,"[12573, 10270]"
12573,11267,300.0,"[12573, 11267]"
12573,12985,0.39935790168845975,"[12573, 15286, 12985]"
12573,12985,0.6006107366953172,"[12573, 13431, 12985]"
12573,14005,0.9972088161560947,"[12573, 16262, 14005]"
12573,14005,0.002791183843852263,"[12573, 12663, 14005]"
12573,15401,0.022663836730820338,"[12573, 16262, 15401]"
12573,15401,0.9773361632690878,"[12573, 18863, 15401]"
12573,16053,216.0,"[12573, 16053]"
12573,16219,216.0,"[12573, 16219]"
12627,10044,0.011235955056179775,"[12627, 10044]"
12627,10044,0.9887640449438202,"[12627, 14724, 10044]"
12627,10178,1.0,"[12627, 10303, 10178]"
12627,10270,1.0,"[12627, 19185, 10270]"
12627,10327,0.011166439678112648,"[12627, 10327]"
12627,10327,0.9888335603218874,"[12627, 17784, 10327]"
12627,10376,269.99999999999994,"[12627, 10376]"
12627,10376,17.10721242511842,"[12627, 18849, 10376]"
12627,10376,12.89278757488162,"[12627, 13101, 10376]"
12627,10570,270.0,"[12627, 10570]"
12627,10570,6.000000000000008,"[12627, 15916, 10570]"
12627,10659,1.0,"[12627, 11568, 10659]"
12627,10708,1.0,"[12627, 15286, 10708]"
12627,10751,174.0,"[12627, 10751]"
12627,10904,0.9833333333333333,"[12627, 17784, 10904]"
12627,10904,0.016666666666666666,"[12627, 15286, 10904]"
12627,11117,20.0,"[12627, 12280, 11117]"
12627,11168,270.0,"[12627, 11168]"
12627,11168,4.000000000003051,"[12627, 16133, 11168]"
12627,11168,25.999999999996955,"[12627, 14252, 11168]"
12627,11214,1.0,"[12627, 19180, 11214]"
12627,11472,0.49132334583695647,"[12627, 10327, 11472]"
12627,11472,0.5086766541630382,"[12627, 15872, 11472]"
12627,11568,1.0,"[12627, 11568]"
12627,11861,1.0,"[12627, 14444, 11861]"
12627,12214,180.0,"[12627, 12214]"
12627,12214,22.000000000000007,"[12627, 15916, 12214]"
12627,12280,221.0,"[12627, 12280]"
12627,12663,1.0,"[12627, 15286, 12663]"
12627,12952,1.0,"[12627, 16916, 12952]"
12627,12985,152.0,"[12627, 12985]"
12627,13101,161.0,"[12627, 13101]"
12627,13179,0.011235955056179775,"[12627, 13179]"
12627,13179,0.9887640449438202,"[12627, 17784, 13179]"
12627,13183,180.0,"[12627, 13183]"
12627,13250,21.0,"[12627, 16133, 13250]"
12627,13431,90.0,"[12627, 13431]"
12627,13431,7.000000000000005,"[12627, 17535, 13431]"
12627,13474,1.0,"[12627, 17784, 13474]"
12627,13503,52.0,"[12627, 13503]"
12627,13523,0.9999999999999858,"[12627, 14724, 13523]"
12627,13570,1.0,"[12627, 14724, 13570]"
12627,13578,1.0,"[12627, 10044, 13578]"
12627,13651,270.0,"[12627, 13651]"
12627,13651,27.0,"[12627, 19185, 13651]"
12627,13856,1.0,"[12627, 16991, 13856]"
12627,14005,300.0,"[12627, 14005]"
12627,14070,1.0,"[12627, 16991, 14070]"
12627,14076,1.0,"[12627, 18849, 14076]"
12627,14252,299.999999999999,"[12627, 14252]"
12627,14376,1.0,"[12627, 13101, 14376]"
12627,14444,90.01123595505616,"[12627, 14444]"
12627,14444,0.9887640449438232,"[12627, 14724, 14444]"
12627,14724,300.0,"[12627, 14724]"
12627,15028,1.0,"[12627, 13179, 15028]"
12627,15204,1.0,"[12627, 19180, 15204]"
12627,15206,1.0,"[12627, 16991, 15206]"
12627,15262,42.0,"[12627, 10989, 15262]"
12627,15262,90.0,"[12627, 16053, 15262]"
12627,15262,6.0,"[12627, 10751, 15262]"
12627,15286,300.0,"[12627, 15286]"
12627,15401,1.0,"[12627, 15916, 15401]"
12627,15506,300.0,"[12627, 15506]"
12627,15747,1.0,"[12627, 19185, 15747]"
12627,15916,50.0,"[12627, 15916]"
12627,15973,300.0,"[12627, 15973]"
12627,16133,124.99999999999696,"[12627, 16133]"
12627,16219,0.9058823529411765,"[12627, 14724, 16219]"
12627,16219,0.0941176470588235,"[12627, 10303, 16219]"
12627,16262,180.0,"[12627, 16262]"
12627,16262,2.999999999999988,"[12627, 16991, 16262]"
12627,16366,1.0,"[12627, 16991, 16366]"
12627,16916,55.0,"[12627, 16916]"
12627,16991,300.0,"[12627, 16991]"
12627,17312,1.0,"[12627, 17535, 17312]"
12627,17495,269.99999999999517,"[12627, 17495]"
12627,17495,16.44831621159183,"[12627, 15286, 17495]"
12627,17495,13.551683788413001,"[12627, 17535, 17495]"
12627,17535,125.00000000000347,"[12627, 17535]"
12627,17770,1.0,"[12627, 13101, 17770]"
12627,17784,300.0,"[12627, 17784]"
12627,17822,0.9764705882352941,"[12627, 14724, 17822]"
12627,17822,0.023529411764705882,"[12627, 10303, 17822]"
12627,18144,1.0,"[12627, 10303, 18144]"
12627,18182,270.0,"[12627, 18182]"
12627,18182,30.0,"[12627, 16133, 18182]"
12627,18446,1.0,"[12627, 16991, 18446]"
12627,18476,0.9999999999951986,"[12627, 17784, 18476]"
12627,18577,90.0,"[12627, 18577]"
12627,18577,4.999999999999999,"[12627, 14724, 18577]"
12627,18849,280.00000000001154,"[12627, 18849]"
12627,18863,1.0,"[12627, 15506, 18863]"
12627,18978,1.0,"[12627, 16991, 18978]"
12627,19171,270.0,"[12627, 19171]"
12627,19171,6.0,"[12627, 14252, 19171]"
12627,19180,83.0,"[12627, 19180]"
12627,19185,299.99999999999716,"[12627, 19185]"
12627,19338,1.0,"[12627, 14005, 19338]"
12627,19469,83.0,"[12627, 19469]"
12627,19539,269.99999999999994,"[12627, 19539]"
12627,19539,25.846448112024415,"[12627, 15286, 19539]"
12627,19539,4.153551887975624,"[12627, 19185, 19539]"
12627,19542,300.0,"[12627, 19542]"
12627,19956,270.0,"[12627, 19956]"
12627,19956,0.7672232273119093,"[12627, 19542, 19956]"
12627,19956,28.88170021766416,"[12627, 10989, 19956]"
12627,19956,0.35107655502393087,"[12627, 13101, 19956]"
12663,10270,236.0,"[12663, 10270]"
12663,11267,1.0,"[12663, 14252, 11267]"
12663,12985,300.0,"[12663, 12985]"
12663,14252,1.0,"[12663, 14252]"
12663,15872,68.0,"[12663, 15872]"
12757,10376,300.0,"[12757, 10376]"
12757,11214,300.0,"[12757, 11214]"
12757,11267,1.0,"[12757, 11214, 11267]"
12757,12985,300.0,"[12757, 12985]"
12757,15872,1.0,"[12757, 12985, 15872]"
12757,16053,1.0,"[12757, 11461, 16053]"
12952,13680,300.0,"[12952, 13680]"
12985,10044,28.0,"[12985, 10044]"
12985,10178,180.0,"[12985, 10178]"
12985,10178,1.0,"[12985, 13570, 10178]"
12985,10270,0.011235955056179775,"[12985, 10270]"
12985,10270,0.9887640449438202,"[12985, 10303, 10270]"
12985,10327,1.0,"[12985, 17784, 10327]"
12985,10376,1.0,"[12985, 10659, 10376]"
12985,10570,1.0,"[12985, 19185, 10570]"
12985,10659,173.0,"[12985, 10659]"
12985,10708,42.0,"[12985, 10708]"
12985,10751,0.9436616711953079,"[12985, 16262, 10751]"
12985,10751,0.05633832880469214,"[12985, 11267, 10751]"
12985,10904,1.0,"[12985, 10904]"
12985,11117,84.0,"[12985, 15206, 11117]"
12985,11117,142.68658221740702,"[12985, 13183, 11117]"
12985,11117,53.47784519777613,"[12985, 12280, 11117]"
12985,11117,8.835572584816873,"[12985, 18863, 11117]"
12985,11168,59.05633832880469,"[12985, 16262, 11168]"
12985,11168,36.31341778272137,"[12985, 13183, 11168]"
12985,11168,20.423690702020167,"[12985, 16133, 11168]"
12985,11168,59.0,"[12985, 13578, 11168]"
12985,11168,60.0,"[12985, 11267, 11168]"
12985,11168,44.20655318645376,"[12985, 11214, 11168]"
12985,11168,21.0,"[12985, 17784, 11168]"
12985,11214,188.0,"[12985, 11214]"
12985,11472,270.0,"[12985, 11472]"
12985,11472,23.001223010620397,"[12985, 19539, 11472]"
12985,11472,6.9987769893796035,"[12985, 11267, 11472]"
12985,11568,300.0000000000169,"[12985, 11568]"
12985,11861,270.0,"[12985, 11861]"
12985,11861,30.0,"[12985, 14444, 11861]"
12985,12214,269.99999999998795,"[12985, 12214]"
12985,12214,19.512981345732612,"[12985, 19311, 12214]"
12985,12214,4.477005709886818,"[12985, 10708, 12214]"
12985,12214,6.010012944392624,"[12985, 17784, 12214]"
12985,12280,299.99999999998477,"[12985, 12280]"
12985,12379,1.0,"[12985, 13431, 12379]"
12985,12627,55.0,"[12985, 12627]"
12985,12663,1.0,"[12985, 15286, 12663]"
12985,12952,178.85210600025835,"[12985, 10904, 12952]"
12985,12952,41.00000000017317,"[12985, 19469, 12952]"
12985,12952,49.14911701018887,"[12985, 13523, 12952]"
12985,12952,30.998776989379632,"[12985, 19539, 12952]"
12985,13101,0.24386412990553868,"[12985, 12757, 13101]"
12985,13101,0.7561358700944614,"[12985, 12627, 13101]"
12985,13179,300.0,"[12985, 13179]"
12985,13183,1.0,"[12985, 13183]"
12985,13250,1.0,"[12985, 11568, 13250]"
12985,13431,48.0,"[12985, 13431]"
12985,13474,1.0,"[12985, 13474]"
12985,13503,300.0,"[12985, 13503]"
12985,13523,300.0,"[12985, 13523]"
12985,13570,218.0,"[12985, 13570]"
12985,13578,300.0,"[12985, 13578]"
12985,13651,1.0,"[12985, 10708, 13651]"
12985,13856,15.25858801662578,"[12985, 13856]"
12985,13856,53.476627426931124,"[12985, 13474, 13856]"
12985,13856,66.2647845564431,"[12985, 12757, 13856]"
12985,14005,300.0,"[12985, 14005]"
12985,14070,1.0,"[12985, 17784, 14070]"
12985,14076,1.0,"[12985, 10303, 14076]"
12985,14252,1.0,"[12985, 10708, 14252]"
12985,14376,90.0,"[12985, 12573, 14376]"
12985,14376,108.66823627228243,"[12985, 19171, 14376]"
12985,14376,18.948675040397,"[12985, 13183, 14376]"
12985,14376,22.944884681815743,"[12985, 11267, 14376]"
12985,14376,39.57630929797983,"[12985, 16133, 14376]"
12985,14376,14.749487441312471,"[12985, 11214, 14376]"
12985,14376,5.1124072662118465,"[12985, 11568, 14376]"
12985,14444,1.0,"[12985, 14444]"
12985,14724,0.08988764044943819,"[12985, 14724]"
12985,14724,0.9101123595505618,"[12985, 13570, 14724]"
12985,15028,1.0,"[12985, 13179, 15028]"
12985,15204,90.0,"[12985, 12573, 15204]"
12985,15204,5.999999999999973,"[12985, 19539, 15204]"
12985,15204,6.000000000000027,"[12985, 10659, 15204]"
12985,15206,103.0,"[12985, 15206]"
12985,15262,86.0,"[12985, 13179, 15262]"
12985,15262,88.88170021766416,"[12985, 10989, 15262]"
12985,15262,70.33176372771757,"[12985, 19171, 15262]"
12985,15262,54.78653605461825,"[12985, 16916, 15262]"
12985,15286,172.0,"[12985, 15286]"
12985,15401,1.0,"[12985, 10708, 15401]"
12985,15506,261.0,"[12985, 15506]"
12985,15747,1.0,"[12985, 19185, 15747]"
12985,15916,1.0,"[12985, 17784, 15916]"
12985,15973,0.9883720930230502,"[12985, 10303, 15973]"
12985,15973,0.011627906974904345,"[12985, 13570, 15973]"
12985,16133,210.0,"[12985, 16133]"
12985,16219,300.0,"[12985, 16219]"
12985,16262,300.0,"[12985, 16262]"
12985,16366,32.35365843033516,"[12985, 13179, 16366]"
12985,16366,52.18382343935659,"[12985, 12573, 16366]"
12985,16366,41.461538461538304,"[12985, 15206, 16366]"
12985,16366,174.00097966876996,"[12985, 18446, 16366]"
12985,16916,299.99999999999983,"[12985, 16916]"
12985,16991,180.0,"[12985, 16991]"
12985,16991,18.0,"[12985, 14444, 16991]"
12985,17312,89.99999999999999,"[12985, 17312]"
12985,17312,30.000000000000014,"[12985, 10708, 17312]"
12985,17495,1.0,"[12985, 15286, 17495]"
12985,17535,1.0,"[12985, 10708, 17535]"
12985,17770,1.0,"[12985, 12573, 17770]"
12985,17784,1.0,"[12985, 17784]"
12985,17822,90.0,"[12985, 17822]"
12985,17822,7.999999999999993,"[12985, 10303, 17822]"
12985,18144,1.0,"[12985, 10303, 18144]"
12985,18182,1.0,"[12985, 13578, 18182]"
12985,18446,300.0,"[12985, 18446]"
12985,18476,300.0,"[12985, 18476]"
12985,18577,180.0,"[12985, 18577]"
12985,18577,7.999999999999999,"[12985, 14724, 18577]"
12985,18849,1.0,"[12985, 15506, 18849]"
12985,18863,0.09927609645861657,"[12985, 18863]"
12985,18863,0.9007239035413834,"[12985, 13570, 18863]"
12985,18978,270.0,"[12985, 18978]"
12985,18978,20.47700570988887,"[12985, 13474, 18978]"
12985,18978,9.522994290111129,"[12985, 10708, 18978]"
12985,19171,1.0,"[12985, 19171]"
12985,19180,1.0,"[12985, 10303, 19180]"
12985,19185,51.0,"[12985, 19185]"
12985,19311,300.0,"[12985, 19311]"
12985,19338,270.0,"[12985, 19338]"
12985,19338,6.508648686348636,"[12985, 13474, 19338]"
12985,19338,23.491351313651364,"[12985, 12757, 19338]"
12985,19469,114.0,"[12985, 19469]"
12985,19539,300.0,"[12985, 19539]"
12985,19542,1.0,"[12985, 10303, 19542]"
12985,19956,270.0,"[12985, 19956]"
12985,19956,1.118299782335832,"[12985, 10989, 19956]"
12985,19956,23.043959372233743,"[12985, 11214, 19956]"
12985,19956,5.837740845430424,"[12985, 19311, 19956]"
13101,11214,1.0,"[13101, 14252, 11214]"
13101,15973,45.0,"[13101, 15973]"
13179,10270,1.0,"[13179, 10708, 10270]"
13179,10904,1.0,"[13179, 10904]"
13179,11267,1.0,"[13179, 17312, 11267]"
13179,12985,300.0,"[13179, 12985]"
13179,15872,300.0,"[13179, 15872]"
13183,10270,209.0,"[13183, 10270]"
13183,11267,1.0,"[13183, 13431, 11267]"
13183,12985,43.0,"[13183, 12985]"
13183,15401,1.0,"[13183, 15292, 15401]"
13183,15973,300.0,"[13183, 15973]"
13183,16053,0.9999999998727842,"[13183, 11168, 16053]"
13250,15973,28.977272727287534,"[13250, 18182, 15973]"
13250,15973,59.9999999999852,"[13250, 19956, 15973]"
13250,15973,89.02272727272727,"[13250, 11168, 15973]"
13250,15973,89.0,"[13250, 11027, 15973]"
13431,10270,0.00279118383722141,"[13431, 12663, 10270]"
13431,10270,0.9972088161627735,"[13431, 10708, 10270]"
13431,10708,180.0347863540522,"[13431, 10708]"
13431,10708,1.1689446733505473,"[13431, 10570, 10708]"
13431,10708,1.796268972597261,"[13431, 15286, 10708]"
13431,11267,251.0,"[13431, 11267]"
13431,12379,300.0,"[13431, 12379]"
13431,12985,300.0,"[13431, 12985]"
13431,14005,0.7268549773236371,"[13431, 15973, 14005]"
13431,14005,0.2484153615127055,"[13431, 12663, 14005]"
13431,14005,0.013134209812927497,"[13431, 10570, 14005]"
13431,14005,0.011595451350729924,"[13431, 10708, 14005]"
13431,15872,1.0,"[13431, 15872]"
13431,15973,300.0,"[13431, 15973]"
13431,17535,216.0,"[13431, 17535]"
13474,12573,1.0,"[13474, 12573]"
13474,16142,90.0,"[13474, 16142]"
13474,16142,51.953633136847415,"[13474, 16262, 16142]"
13474,16142,27.046366863152585,"[13474, 18978, 16142]"
13474,16142,131.0,"[13474, 17039, 16142]"
13503,10044,1.0,"[13503, 13570, 10044]"
13503,10178,300.0,"[13503, 10178]"
13503,10270,300.0,"[13503, 10270]"
13503,10327,90.0,"[13503, 10327]"
13503,10327,7.999403185043718,"[13503, 17784, 10327]"
13503,10376,300.00000000000233,"[13503, 10376]"
13503,10570,270.0,"[13503, 10570]"
13503,10570,13.000000000000012,"[13503, 13651, 10570]"
13503,10659,283.0,"[13503, 10659]"
13503,10708,180.00000000000344,"[13503, 10708]"
13503,10708,23.198010849956454,"[13503, 13651, 10708]"
13503,10708,13.801989150040113,"[13503, 19185, 10708]"
13503,10751,1.0,"[13503, 10751]"
13503,10904,300.0,"[13503, 10904]"
13503,11117,300.0,"[13503, 11117]"
13503,11168,90.0,"[13503, 11168]"
13503,11168,6.943661671198349,"[13503, 16262, 11168]"
13503,11168,21.57630929795976,"[13503, 16133, 11168]"
13503,11168,0.48002903089581667,"[13503, 19180, 11168]"
13503,11168,59.99999999999916,"[13503, 11027, 11168]"
13503,11168,5.999999999946912,"[13503, 13250, 11168]"
13503,11214,1.0,"[13503, 10659, 11214]"
13503,11472,300.0,"[13503, 11472]"
13503,11568,1.0,"[13503, 13570, 11568]"
13503,11861,300.0,"[13503, 11861]"
13503,12214,174.0,"[13503, 12214]"
13503,12280,156.0,"[13503, 12280]"
13503,12627,1.0,"[13503, 14724, 12627]"
13503,12663,23.0,"[13503, 12663]"
13503,12952,9.788801153014939,"[13503, 10904, 12952]"
13503,12952,3.2680170288032393,"[13503, 10751, 12952]"
13503,12952,0.9431818181818219,"[13503, 11117, 12952]"
13503,12985,44.0,"[13503, 12985]"
13503,13101,108.0,"[13503, 13101]"
13503,13179,0.09294354992892687,"[13503, 13179]"
13503,13179,0.9070564500710729,"[13503, 12663, 13179]"
13503,13183,1.0,"[13503, 15401, 13183]"
13503,13250,56.0,"[13503, 13250]"
13503,13431,0.9999999999997972,"[13503, 17535, 13431]"
13503,13474,60.0,"[13503, 13474]"
13503,13523,63.0,"[13503, 13523]"
13503,13570,300.0,"[13503, 13570]"
13503,13578,1.0,"[13503, 15401, 13578]"
13503,13651,300.00000000001677,"[13503, 13651]"
13503,13856,270.0,"[13503, 13856]"
13503,14005,0.037974683544751635,"[13503, 10303, 14005]"
13503,14005,0.9620253164552484,"[13503, 19311, 14005]"
13503,14070,1.0,"[13503, 12663, 14070]"
13503,14076,0.012658227848250546,"[13503, 10303, 14076]"
13503,14076,0.9873417721517495,"[13503, 19311, 14076]"
13503,14252,33.0,"[13503, 12663, 14252]"
13503,14376,150.9338338251765,"[13503, 14376]"
13503,14376,23.423690702020203,"[13503, 16133, 14376]"
13503,14376,15.0,"[13503, 13101, 14376]"
13503,14376,5.585657290985132,"[13503, 10659, 14376]"
13503,14376,10.05681818181818,"[13503, 11117, 14376]"
13503,14444,1.0,"[13503, 13570, 14444]"
13503,14724,300.0,"[13503, 14724]"
13503,15028,8.27197594367449,"[13503, 13179, 15028]"
13503,15028,28.999999999916895,"[13503, 10904, 15028]"
13503,15028,27.0,"[13503, 13523, 15028]"
13503,15028,54.7280240564091,"[13503, 19539, 15028]"
13503,15028,5.99999999999951,"[13503, 12214, 15028]"
13503,15028,48.0,"[13503, 11117, 15028]"
13503,15204,1.0,"[13503, 10659, 15204]"
13503,15206,1.0,"[13503, 13570, 15206]"
13503,15262,60.0,"[13503, 18182, 15262]"
13503,15262,29.999999999999517,"[13503, 10751, 15262]"
13503,15286,90.0,"[13503, 15286]"
13503,15286,12.000000000000007,"[13503, 13570, 15286]"
13503,15401,300.00000000001893,"[13503, 15401]"
13503,15506,300.0,"[13503, 15506]"
13503,15747,259.0,"[13503, 15747]"
13503,15916,1.0,"[13503, 13651, 15916]"
13503,15973,300.0,"[13503, 15973]"
13503,16133,224.99999999998002,"[13503, 16133]"
13503,16219,0.012658227848250546,"[13503, 10303, 16219]"
13503,16219,0.9873417721517495,"[13503, 13570, 16219]"
13503,16262,300.0,"[13503, 16262]"
13503,16366,269.99999999999915,"[13503, 16366]"
13503,16366,30.00000000000084,"[13503, 11027, 16366]"
13503,16916,180.0,"[13503, 16916]"
13503,16916,21.80198915002677,"[13503, 13651, 16916]"
13503,16916,1.198010849973219,"[13503, 19311, 16916]"
13503,16991,1.0,"[13503, 18863, 16991]"
13503,17312,1.0,"[13503, 17535, 17312]"
13503,17495,1.0,"[13503, 17535, 17495]"
13503,17535,300.0,"[13503, 17535]"
13503,17770,59.99999999999767,"[13503, 10376, 17770]"
13503,17770,24.000000000000014,"[13503, 12280, 17770]"
13503,17770,60.0,"[13503, 11861, 17770]"
13503,17770,4.245789053574136,"[13503, 10178, 17770]"
13503,17770,11.000000000000018,"[13503, 15747, 17770]"
13503,17770,57.0,"[13503, 13101, 17770]"
13503,17770,15.265846435063686,"[13503, 11472, 17770]"
13503,17770,12.756381540167235,"[13503, 18863, 17770]"
13503,17770,55.731982971197255,"[13503, 10751, 17770]"
13503,17784,300.0,"[13503, 17784]"
13503,17822,300.0,"[13503, 17822]"
13503,18144,1.0,"[13503, 10303, 18144]"
13503,18182,300.0,"[13503, 18182]"
13503,18446,300.0,"[13503, 18446]"
13503,18476,1.0,"[13503, 12663, 18476]"
13503,18577,1.0,"[13503, 12663, 18577]"
13503,18849,1.0,"[13503, 18863, 18849]"
13503,18863,59.0,"[13503, 18863]"
13503,18978,90.0,"[13503, 18978]"
13503,18978,20.0,"[13503, 15401, 18978]"
13503,19171,1.0,"[13503, 15401, 19171]"
13503,19180,247.0,"[13503, 19180]"
13503,19185,299.99999999999727,"[13503, 19185]"
13503,19311,169.0,"[13503, 19311]"
13503,19338,1.0,"[13503, 15401, 19338]"
13503,19469,300.0,"[13503, 19469]"
13503,19539,29.0,"[13503, 19539]"
13503,19542,270.0,"[13503, 19542]"
13503,19542,0.07142857142856737,"[13503, 13570, 19542]"
13503,19542,0.07594936710129636,"[13503, 10303, 19542]"
13503,19542,5.8526220614701385,"[13503, 19311, 19542]"
13503,19956,269.99999999999994,"[13503, 19956]"
13503,19956,28.000000000053088,"[13503, 13250, 19956]"
13503,19956,1.9999999999469509,"[13503, 19311, 19956]"
13523,10270,300.0,"[13523, 10270]"
13523,11267,0.9887640449438202,"[13523, 15206, 11267]"
13523,11267,0.011235955056179775,"[13523, 13431, 11267]"
13523,12985,1.0,"[13523, 13431, 12985]"
13523,15401,300.0,"[13523, 15401]"
13523,16053,1.0,"[13523, 17770, 16053]"
13523,16219,165.0,"[13523, 16219]"
13570,10659,224.0,"[13570, 10659]"
13570,11568,1.0,"[13570, 11568]"
13570,15973,180.03488372093042,"[13570, 15973]"
13570,15973,0.012168739857442865,"[13570, 10303, 15973]"
13570,15973,1.9406106135172962,"[13570, 14724, 15973]"
13570,15973,0.012336925694837304,"[13570, 15286, 15973]"
13578,10376,1.0,"[13578, 19371, 10376]"
13578,11168,300.0,"[13578, 11168]"
13578,11214,1.0,"[13578, 19371, 11214]"
13578,11267,1.0,"[13578, 16262, 11267]"
13578,12985,90.0,"[13578, 12985]"
13578,13856,156.0,"[13578, 13856]"
13578,15401,101.0,"[13578, 15401]"
13578,15872,67.0,"[13578, 15872]"
13578,15973,90.0,"[13578, 15973]"
13578,15973,0.9887640449618584,"[13578, 15401, 15973]"
13578,15973,1.0112359550383996,"[13578, 18182, 15973]"
13578,16053,300.0,"[13578, 16053]"
13578,16133,1.0,"[13578, 19371, 16133]"
13578,17770,300.0,"[13578, 17770]"
13578,18182,1.0,"[13578, 18182]"
13578,19338,1.0,"[13578, 15401, 19338]"
13651,10570,300.0,"[13651, 10570]"
13651,17312,1.0,"[13651, 17535, 17312]"
13651,19311,88.0,"[13651, 19311]"
13680,11267,1.0,"[13680, 19371, 11267]"
13680,12952,1.0,"[13680, 12952]"
13680,15028,300.0,"[13680, 15028]"
13680,15401,47.0,"[13680, 19371, 15401]"
13680,15872,90.0,"[13680, 15872]"
13680,15872,30.0,"[13680, 19371, 15872]"
13680,15872,180.0,"[13680, 12952, 15872]"
13680,16053,236.3332912511476,"[13680, 15028, 16053]"
13680,16053,63.666708748852386,"[13680, 17770, 16053]"
13680,16219,34.0,"[13680, 15028, 16219]"
13680,16219,18.0,"[13680, 17770, 16219]"
13680,17770,300.0,"[13680, 17770]"
13856,10270,1.0,"[13856, 10303, 10270]"
13856,11267,237.0,"[13856, 11267]"
13856,12985,270.0,"[13856, 12985]"
13856,12985,9.0,"[13856, 10303, 12985]"
13856,15401,1.0,"[13856, 15292, 15401]"
13856,15872,1.0,"[13856, 13570, 15872]"
13856,15973,180.0,"[13856, 15973]"
13856,15973,16.0,"[13856, 10303, 15973]"
13856,16219,64.0,"[13856, 10303, 16219]"
13856,16219,49.0,"[13856, 13570, 16219]"
14005,10044,129.0,"[14005, 10044]"
14005,10178,64.0,"[14005, 10178]"
14005,10270,300.0,"[14005, 10270]"
14005,10327,1.0,"[14005, 17784, 10327]"
14005,10376,13.0,"[14005, 10659, 10376]"
14005,10570,0.4666666666666667,"[14005, 10570]"
14005,10570,1.516666666675345,"[14005, 15206, 10570]"
14005,10570,26.01666666665799,"[14005, 19311, 10570]"
14005,10659,299.9999999999833,"[14005, 10659]"
14005,10708,0.9833333333333333,"[14005, 19311, 10708]"
14005,10708,0.01666666666666672,"[14005, 10570, 10708]"
14005,10751,174.52941026258284,"[14005, 10751]"
14005,10751,2.670023920228097,"[14005, 16991, 10751]"
14005,10751,17.800565817189053,"[14005, 18978, 10751]"
14005,10904,300.0,"[14005, 10904]"
14005,11117,1.0,"[14005, 15206, 11117]"
14005,11168,1.0,"[14005, 11214, 11168]"
14005,11214,300.0,"[14005, 11214]"
14005,11472,1.0,"[14005, 15401, 11472]"
14005,11568,65.0,"[14005, 11568]"
14005,11861,0.024586496940226965,"[14005, 11861]"
14005,11861,0.975413503059773,"[14005, 14444, 11861]"
14005,12214,1.0,"[14005, 19311, 12214]"
14005,12280,270.00000000002325,"[14005, 12280]"
14005,12280,29.999999999984244,"[14005, 14444, 12280]"
14005,12627,300.0,"[14005, 12627]"
14005,12663,185.0,"[14005, 12663]"
14005,12952,59.999999999829626,"[14005, 19469, 12952]"
14005,12952,0.43098120423442055,"[14005, 10904, 12952]"
14005,12952,58.999999999915474,"[14005, 13523, 12952]"
14005,12952,19.11829978233584,"[14005, 10989, 12952]"
14005,12952,44.88292322828486,"[14005, 19539, 12952]"
14005,12952,34.56779578539977,"[14005, 16916, 12952]"
14005,12952,82.0,"[14005, 18144, 12952]"
14005,13101,269.99999999999994,"[14005, 13101]"
14005,13101,9.22424174490233,"[14005, 15401, 13101]"
14005,13101,20.77575825509771,"[14005, 15292, 13101]"
14005,13179,180.0,"[14005, 13179]"
14005,13179,4.995742869306062,"[14005, 12663, 13179]"
14005,13179,0.004257130693926422,"[14005, 13570, 13179]"
14005,13183,1.0,"[14005, 10570, 13183]"
14005,13250,7.224241744902329,"[14005, 18978, 13250]"
14005,13250,48.77575825509767,"[14005, 15401, 13250]"
14005,13431,1.0,"[14005, 17535, 13431]"
14005,13474,1.0,"[14005, 12663, 13474]"
14005,13503,0.9740450973650323,"[14005, 14724, 13503]"
14005,13503,0.025954902634967705,"[14005, 10303, 13503]"
14005,13523,300.0,"[14005, 13523]"
14005,13570,300.0,"[14005, 13570]"
14005,13578,1.0,"[14005, 15401, 13578]"
14005,13651,0.016666666666666666,"[14005, 10570, 13651]"
14005,13651,0.9833333333333333,"[14005, 11568, 13651]"
14005,13856,269.99999999999994,"[14005, 13856]"
14005,13856,13.269823971659374,"[14005, 16991, 13856]"
14005,13856,16.730176028340665,"[14005, 18978, 13856]"
14005,14070,300.0,"[14005, 14070]"
14005,14076,300.0,"[14005, 14076]"
14005,14252,5.0,"[14005, 12663, 14252]"
14005,14376,30.0,"[14005, 19338, 14376]"
14005,14376,60.000000000044615,"[14005, 19171, 14376]"
14005,14376,2.188198227680299,"[14005, 11861, 14376]"
14005,14376,86.0,"[14005, 16991, 14376]"
14005,14376,59.0,"[14005, 11214, 14376]"
14005,14376,9.017115731884921,"[14005, 18446, 14376]"
14005,14376,47.00000000001681,"[14005, 10659, 14376]"
14005,14376,6.794686040373353,"[14005, 11568, 14376]"
14005,14444,300.0,"[14005, 14444]"
14005,14724,192.0,"[14005, 14724]"
14005,15028,1.0,"[14005, 13523, 15028]"
14005,15204,1.0,"[14005, 18978, 15204]"
14005,15206,300.0,"[14005, 15206]"
14005,15262,30.0,"[14005, 10989, 15262]"
14005,15262,270.0,"[14005, 19338, 15262]"
14005,15286,1.0,"[14005, 13570, 15286]"
14005,15401,300.0,"[14005, 15401]"
14005,15506,1.0,"[14005, 13570, 15506]"
14005,15747,1.0,"[14005, 19311, 15747]"
14005,15916,269.99999999999994,"[14005, 15916]"
14005,15916,29.999999999999638,"[14005, 19311, 15916]"
14005,15973,77.0,"[14005, 15973]"
14005,16133,1.0,"[14005, 18849, 16133]"
14005,16219,300.0,"[14005, 16219]"
14005,16262,270.0,"[14005, 16262]"
14005,16262,30.0,"[14005, 12663, 16262]"
14005,16366,10.810421047095813,"[14005, 14070, 16366]"
14005,16366,6.190558621674144,"[14005, 16991, 16366]"
14005,16366,3.9990203312300423,"[14005, 18446, 16366]"
14005,16916,299.99999999999227,"[14005, 16916]"
14005,16991,121.0,"[14005, 16991]"
14005,17312,1.0,"[14005, 17535, 17312]"
14005,17495,1.0,"[14005, 17535, 17495]"
14005,17535,236.0,"[14005, 17535]"
14005,17770,0.7549835904320956,"[14005, 14070, 17770]"
14005,17770,0.2450164095679044,"[14005, 18978, 17770]"
14005,17784,300.0,"[14005, 17784]"
14005,17822,300.0,"[14005, 17822]"
14005,18144,278.0,"[14005, 18144]"
14005,18182,270.0,"[14005, 18182]"
14005,18182,30.0,"[14005, 18978, 18182]"
14005,18446,300.0,"[14005, 18446]"
14005,18476,300.0,"[14005, 18476]"
14005,18577,1.0,"[14005, 12663, 18577]"
14005,18849,59.0,"[14005, 18849]"
14005,18863,1.0,"[14005, 13570, 18863]"
14005,18978,300.0,"[14005, 18978]"
14005,19171,300.0,"[14005, 19171]"
14005,19180,0.8579842840614209,"[14005, 13570, 19180]"
14005,19180,0.14201571593857912,"[14005, 10303, 19180]"
14005,19185,1.0,"[14005, 19311, 19185]"
14005,19311,300.0000000000013,"[14005, 19311]"
14005,19338,1.0,"[14005, 19338]"
14005,19469,300.0,"[14005, 19469]"
14005,19539,300.0,"[14005, 19539]"
14005,19542,1.0,"[14005, 10303, 19542]"
14005,19956,76.00000000000004,"[14005, 18978, 19956]"
14005,19956,59.99999999999996,"[14005, 15292, 19956]"
14070,18476,1.0,"[14070, 18476]"
14076,16219,45.0,"[14076, 16219]"
14252,10270,300.0,"[14252, 10270]"
14252,11267,300.0,"[14252, 11267]"
14252,12663,0.037037037037037035,"[14252, 12663]"
14252,12663,0.9629629629629629,"[14252, 15286, 12663]"
14252,12985,86.0,"[14252, 12985]"
14252,15872,1.0,"[14252, 12663, 15872]"
14376,16219,269.0,"[14376, 16219]"
14376,16219,31.0,"[14376, 17770, 16219]"
14376,18182,1.0,"[14376, 13250, 18182]"
14376,19956,54.0,"[14376, 19956]"
14724,10044,1.0,"[14724, 10044]"
14724,10178,1.000000000000004,"[14724, 13570, 10178]"
14724,10270,0.011235955056179775,"[14724, 10270]"
14724,10270,0.05882352941176471,"[14724, 10303, 10270]"
14724,10270,0.9299405155320555,"[14724, 19311, 10270]"
14724,10327,300.0,"[14724, 10327]"
14724,10376,270.000000000012,"[14724, 10376]"
14724,10376,12.140873209389746,"[14724, 12757, 10376]"
14724,10376,17.859126790598268,"[14724, 19311, 10376]"
14724,10570,1.0,"[14724, 15286, 10570]"
14724,10659,1.0,"[14724, 13570, 10659]"
14724,10708,1.0,"[14724, 15286, 10708]"
14724,10751,1.0,"[14724, 16262, 10751]"
14724,10904,269.99999999999994,"[14724, 10904]"
14724,10904,30.00000000000004,"[14724, 17495, 10904]"
14724,11117,1.0,"[14724, 15206, 11117]"
14724,11168,90.0,"[14724, 11168]"
14724,11168,65.0,"[14724, 19180, 11168]"
14724,11168,87.0,"[14724, 10327, 11168]"
14724,11168,58.0,"[14724, 14252, 11168]"
14724,11214,1.0,"[14724, 19180, 11214]"
14724,11472,5.010012944435758,"[14724, 19539, 11472]"
14724,11472,4.5086766541626275,"[14724, 10327, 11472]"
14724,11472,24.48131040140161,"[14724, 11267, 11472]"
14724,11568,1.0,"[14724, 11568]"
14724,11861,270.0,"[14724, 11861]"
14724,11861,30.0,"[14724, 14444, 11861]"
14724,12280,300.0,"[14724, 12280]"
14724,12627,300.0,"[14724, 12627]"
14724,12663,1.0,"[14724, 15286, 12663]"
14724,12952,1.0,"[14724, 18144, 12952]"
14724,13101,1.0,"[14724, 12627, 13101]"
14724,13179,0.033707865168539325,"[14724, 13179]"
14724,13179,0.9654407086926781,"[14724, 17784, 13179]"
14724,13183,1.0,"[14724, 14252, 13183]"
14724,13250,1.0,"[14724, 11568, 13250]"
14724,13431,90.0,"[14724, 13431]"
14724,13431,24.0,"[14724, 17495, 13431]"
14724,13474,45.0,"[14724, 13474]"
14724,13503,1.0,"[14724, 13503]"
14724,13523,294.0,"[14724, 13523]"
14724,13570,163.0,"[14724, 13570]"
14724,13578,1.0,"[14724, 10044, 13578]"
14724,13651,180.0,"[14724, 13651]"
14724,13651,4.0,"[14724, 11568, 13651]"
14724,13856,270.0,"[14724, 13856]"
14724,13856,22.74645139861309,"[14724, 12757, 13856]"
14724,13856,6.215042710518617,"[14724, 11461, 13856]"
14724,13856,1.0385058908683042,"[14724, 16991, 13856]"
14724,14005,300.0,"[14724, 14005]"
14724,14070,1.0,"[14724, 14070]"
14724,14076,0.07719545154377774,"[14724, 14076]"
14724,14076,0.9228045484562223,"[14724, 17784, 14076]"
14724,14252,300.0,"[14724, 14252]"
14724,14376,27.535802469135806,"[14724, 19542, 14376]"
14724,14376,45.38840656933295,"[14724, 11267, 14376]"
14724,14376,168.0929066934148,"[14724, 11568, 14376]"
14724,14376,26.999999999999964,"[14724, 16133, 14376]"
14724,14376,31.98288426811653,"[14724, 18446, 14376]"
14724,14444,300.0,"[14724, 14444]"
14724,15028,1.0,"[14724, 13523, 15028]"
14724,15204,53.9899870555693,"[14724, 19539, 15204]"
14724,15204,84.0,"[14724, 19180, 15204]"
14724,15204,6.87039518739622,"[14724, 14076, 15204]"
14724,15204,6.463574280413052,"[14724, 11267, 15204]"
14724,15204,148.67604347662143,"[14724, 15747, 15204]"
14724,15206,300.0,"[14724, 15206]"
14724,15262,3.0,"[14724, 13179, 15262]"
14724,15262,90.0,"[14724, 18577, 15262]"
14724,15262,90.0,"[14724, 12280, 15262]"
14724,15262,50.0,"[14724, 16991, 15262]"
14724,15286,57.0,"[14724, 15286]"
14724,15401,269.99999999999994,"[14724, 15401]"
14724,15401,30.00000000000004,"[14724, 13503, 15401]"
14724,15506,130.0,"[14724, 15506]"
14724,15747,300.0,"[14724, 15747]"
14724,15872,1.0,"[14724, 15872]"
14724,15916,1.0,"[14724, 17784, 15916]"
14724,15973,300.0,"[14724, 15973]"
14724,16133,243.0,"[14724, 16133]"
14724,16262,1.0,"[14724, 16262]"
14724,16366,1.0,"[14724, 18446, 16366]"
14724,16916,269.99999999999994,"[14724, 16916]"
14724,16916,30.00000000000004,"[14724, 19311, 16916]"
14724,16991,300.0,"[14724, 16991]"
14724,17312,1.0,"[14724, 16991, 17312]"
14724,17495,1.0,"[14724, 17495]"
14724,17535,0.0229945126731121,"[14724, 19311, 17535]"
14724,17535,0.9770054873268879,"[14724, 17495, 17535]"
14724,17770,43.88536574842423,"[14724, 13523, 17770]"
14724,17770,28.49381559642762,"[14724, 18577, 17770]"
14724,17770,147.48566671035005,"[14724, 14070, 17770]"
14724,17770,13.666708748852397,"[14724, 11267, 17770]"
14724,17770,59.00000000005852,"[14724, 15206, 17770]"
14724,17770,4.323956523533386,"[14724, 15747, 17770]"
14724,17770,3.1444866723537896,"[14724, 17822, 17770]"
14724,17784,38.0,"[14724, 17784]"
14724,17822,300.0,"[14724, 17822]"
14724,18144,1.0,"[14724, 18144]"
14724,18182,83.26196299927793,"[14724, 16262, 18182]"
14724,18182,21.724558852660813,"[14724, 18144, 18182]"
14724,18182,58.49132334583737,"[14724, 10327, 18182]"
14724,18182,46.52215480222389,"[14724, 12280, 18182]"
14724,18182,90.0,"[14724, 14444, 18182]"
14724,18446,146.0,"[14724, 18446]"
14724,18476,0.010791802825536045,"[14724, 18476]"
14724,18476,0.989208197174464,"[14724, 17495, 18476]"
14724,18577,45.0,"[14724, 18577]"
14724,18849,270.0,"[14724, 18849]"
14724,18863,82.0,"[14724, 18863]"
14724,18978,1.0,"[14724, 13474, 18978]"
14724,19171,1.0,"[14724, 14252, 19171]"
14724,19180,300.0,"[14724, 19180]"
14724,19185,1.0,"[14724, 19311, 19185]"
14724,19311,1.0,"[14724, 19311]"
14724,19338,8.023922920957546,"[14724, 13474, 19338]"
14724,19338,155.50864868635463,"[14724, 12757, 19338]"
14724,19338,18.46742839268782,"[14724, 14005, 19338]"
14724,19469,1.0,"[14724, 10303, 19469]"
14724,19539,299.99999999999494,"[14724, 19539]"
14724,19542,64.0,"[14724, 19542]"
14724,19956,1.0,"[14724, 19311, 19956]"
15028,12952,1.0,"[15028, 13680, 12952]"
15028,13680,1.0,"[15028, 13680]"
15028,16053,0.9999999999985544,"[15028, 16053]"
15028,16219,146.0,"[15028, 16219]"
15028,17770,14.666708748852386,"[15028, 14376, 17770]"
15028,17770,158.3332912511476,"[15028, 13680, 17770]"
15028,19956,270.0,"[15028, 19956]"
15028,19956,30.0,"[15028, 14376, 19956]"
15204,16053,1.0,"[15204, 17770, 16053]"
15206,10270,15.0,"[15206, 10270]"
15206,11267,0.011109708370155283,"[15206, 11267]"
15206,11267,0.017041198501970167,"[15206, 10570, 11267]"
15206,11267,0.9718490931278746,"[15206, 16262, 11267]"
15206,12985,0.004487167434710348,"[15206, 12663, 12985]"
15206,12985,0.9955128325652897,"[15206, 14444, 12985]"
15206,15872,300.0,"[15206, 15872]"
15206,16219,1.0,"[15206, 14444, 16219]"
15262,16219,118.0,"[15262, 17770, 16219]"
15262,17770,300.0,"[15262, 17770]"
15286,15973,0.9998581962563813,"[15286, 10708, 15973]"
15292,12379,1.0,"[15292, 10327, 12379]"
15292,18978,1.0,"[15292, 15401, 18978]"
15401,10376,105.0,"[15401, 10376]"
15401,10751,90.0,"[15401, 10751]"
15401,10751,6.999999999999993,"[15401, 13101, 10751]"
15401,11117,1.0,"[15401, 18978, 11117]"
15401,11168,180.0,"[15401, 11168]"
15401,11168,23.0,"[15401, 13250, 11168]"
15401,11214,1.0,"[15401, 19371, 11214]"
15401,11472,49.0,"[15401, 11472]"
15401,11861,0.011235955056179775,"[15401, 11861]"
15401,11861,0.9887640449438202,"[15401, 19371, 11861]"
15401,12952,240.14087320940064,"[15401, 11472, 12952]"
15401,12952,41.85912679059935,"[15401, 10376, 12952]"
15401,13101,1.0,"[15401, 13101]"
15401,13250,1.0,"[15401, 13250]"
15401,13578,300.0,"[15401, 13578]"
15401,13856,1.0,"[15401, 18978, 13856]"
15401,14376,1.0,"[15401, 11861, 14376]"
15401,15028,1.0,"[15401, 18476, 15028]"
15401,15204,1.0,"[15401, 18978, 15204]"
15401,15262,19.0,"[15401, 18182, 15262]"
15401,16053,1.0,"[15401, 18978, 16053]"
15401,16133,1.0,"[15401, 19371, 16133]"
15401,16366,1.0,"[15401, 14070, 16366]"
15401,17039,1.0,"[15401, 13474, 17039]"
15401,17770,1.0,"[15401, 11472, 17770]"
15401,18182,155.0,"[15401, 18182]"
15401,18978,1.0,"[15401, 18978]"
15401,19338,1.0,"[15401, 19338]"
15401,19371,1.0,"[15401, 19371]"
15401,19956,1.0,"[15401, 13250, 19956]"
15506,11267,1.0,"[15506, 13431, 11267]"
15506,12985,108.0,"[15506, 12985]"
15506,14724,27.0,"[15506, 14724]"
15506,15872,300.0,"[15506, 15872]"
15506,15973,300.0,"[15506, 15973]"
15506,16219,148.0,"[15506, 16219]"
15747,10570,300.0,"[15747, 10570]"
15747,11267,213.0,"[15747, 11267]"
15747,19311,1.0,"[15747, 10708, 19311]"
15872,10044,1.0,"[15872, 14724, 10044]"
15872,10178,300.0,"[15872, 10178]"
15872,10270,300.0,"[15872, 10270]"
15872,10327,50.0,"[15872, 10327]"
15872,10376,300.0,"[15872, 10376]"
15872,10570,1.0,"[15872, 19185, 10570]"
15872,10659,1.0,"[15872, 13503, 10659]"
15872,10708,269.99999999999994,"[15872, 10708]"
15872,10708,30.00000000000004,"[15872, 15286, 10708]"
15872,10751,300.0,"[15872, 10751]"
15872,10904,1.0,"[15872, 15286, 10904]"
15872,11117,1.0,"[15872, 15206, 11117]"
15872,11168,1.0,"[15872, 10327, 11168]"
15872,11214,300.0,"[15872, 11214]"
15872,11472,1.0,"[15872, 11472]"
15872,11568,1.0,"[15872, 13474, 11568]"
15872,11861,300.0,"[15872, 11861]"
15872,12214,1.0,"[15872, 19311, 12214]"
15872,12280,242.0,"[15872, 12280]"
15872,12627,300.0,"[15872, 12627]"
15872,12663,1.0,"[15872, 15286, 12663]"
15872,12952,1.0,"[15872, 16916, 12952]"
15872,12985,300.0,"[15872, 12985]"
15872,13101,142.96052631578948,"[15872, 13101]"
15872,13101,2.0394736842105137,"[15872, 18849, 13101]"
15872,13179,0.011235955056179775,"[15872, 13179]"
15872,13179,0.9887640449438202,"[15872, 19311, 13179]"
15872,13183,269.9999999999851,"[15872, 13183]"
15872,13183,22.25891471719113,"[15872, 14252, 13183]"
15872,13183,7.741085282823743,"[15872, 18849, 13183]"
15872,13250,1.0,"[15872, 11861, 13250]"
15872,13431,269.99999999999994,"[15872, 13431]"
15872,13431,30.00000000000004,"[15872, 17535, 13431]"
15872,13474,1.0,"[15872, 13474]"
15872,13503,0.011235955056179775,"[15872, 13503]"
15872,13503,0.9887640449438202,"[15872, 15286, 13503]"
15872,13523,1.0,"[15872, 14724, 13523]"
15872,13570,1.0,"[15872, 14724, 13570]"
15872,13578,1.0,"[15872, 13578]"
15872,13651,247.0,"[15872, 13651]"
15872,13856,1.0,"[15872, 13474, 13856]"
15872,14005,300.0,"[15872, 14005]"
15872,14070,270.0,"[15872, 14070]"
15872,14070,2.0,"[15872, 17495, 14070]"
15872,14076,1.0,"[15872, 18849, 14076]"
15872,14252,112.0,"[15872, 14252]"
15872,14376,1.0,"[15872, 13101, 14376]"
15872,14444,1.0,"[15872, 14724, 14444]"
15872,14724,1.0,"[15872, 14724]"
15872,15028,1.0,"[15872, 13179, 15028]"
15872,15204,1.0,"[15872, 10178, 15204]"
15872,15206,57.0,"[15872, 15206]"
15872,15262,1.0,"[15872, 19171, 15262]"
15872,15286,300.0,"[15872, 15286]"
15872,15401,269.99999999999994,"[15872, 15401]"
15872,15401,30.00000000000004,"[15872, 10327, 15401]"
15872,15506,0.01123595505617966,"[15872, 15506]"
15872,15506,0.9887640449438203,"[15872, 14724, 15506]"
15872,15747,1.0,"[15872, 19185, 15747]"
15872,15916,269.9999999999928,"[15872, 15916]"
15872,15916,5.235739001245864,"[15872, 19311, 15916]"
15872,15916,1.7642609987613334,"[15872, 19185, 15916]"
15872,15916,22.999999999999975,"[15872, 13651, 15916]"
15872,15973,300.0,"[15872, 15973]"
15872,16133,269.99999999999994,"[15872, 16133]"
15872,16133,30.00000000000004,"[15872, 18849, 16133]"
15872,16219,0.07407407407407518,"[15872, 10303, 16219]"
15872,16219,0.9259259259259248,"[15872, 19311, 16219]"
15872,16262,1.0,"[15872, 14252, 16262]"
15872,16366,90.0,"[15872, 16366]"
15872,16366,78.0,"[15872, 17039, 16366]"
15872,16916,300.0,"[15872, 16916]"
15872,16991,90.0,"[15872, 16991]"
15872,16991,1.0000000000000142,"[15872, 10303, 16991]"
15872,17312,269.99999999999994,"[15872, 17312]"
15872,17312,7.773915895703144,"[15872, 19185, 17312]"
15872,17312,22.226084104296895,"[15872, 17535, 17312]"
15872,17495,271.50000000000364,"[15872, 17495]"
15872,17495,20.726084104293314,"[15872, 15286, 17495]"
15872,17495,7.773915895703066,"[15872, 17535, 17495]"
15872,17535,300.0,"[15872, 17535]"
15872,17770,66.81617656064341,"[15872, 12573, 17770]"
15872,17770,32.000000000001236,"[15872, 10376, 17770]"
15872,17770,53.01123595505364,"[15872, 13578, 17770]"
15872,17770,14.635645457552364,"[15872, 12280, 17770]"
15872,17770,59.0,"[15872, 11861, 17770]"
15872,17770,42.53694202674933,"[15872, 11472, 17770]"
15872,17770,32.0,"[15872, 13101, 17770]"
15872,17784,1.0,"[15872, 14724, 17784]"
15872,17822,300.0,"[15872, 17822]"
15872,18144,0.9876543209876542,"[15872, 14724, 18144]"
15872,18144,0.012345679012345862,"[15872, 10303, 18144]"
15872,18182,90.0,"[15872, 18182]"
15872,18182,8.497440699109388,"[15872, 13578, 18182]"
15872,18182,5.502559300890612,"[15872, 10327, 18182]"
15872,18446,1.0,"[15872, 19311, 18446]"
15872,18476,1.0,"[15872, 17495, 18476]"
15872,18577,1.0,"[15872, 14724, 18577]"
15872,18849,300.0,"[15872, 18849]"
15872,18863,1.0,"[15872, 15506, 18863]"
15872,18978,1.0,"[15872, 13474, 18978]"
15872,19171,237.0,"[15872, 19171]"
15872,19180,139.0,"[15872, 19180]"
15872,19185,300.0,"[15872, 19185]"
15872,19311,161.0,"[15872, 19311]"
15872,19338,270.0,"[15872, 19338]"
15872,19338,27.0,"[15872, 13474, 19338]"
15872,19469,300.0,"[15872, 19469]"
15872,19539,1.0,"[15872, 19185, 19539]"
15872,19542,0.9753086419753078,"[15872, 14724, 19542]"
15872,19542,0.024691358024692273,"[15872, 10303, 19542]"
15872,19956,29.448275862068964,"[15872, 19171, 19956]"
15872,19956,27.999999999998764,"[15872, 10376, 19956]"
15872,19956,60.0,"[15872, 11214, 19956]"
15872,19956,0.7021531100478617,"[15872, 13101, 19956]"
15872,19956,9.849571027884403,"[15872, 19311, 19956]"
15916,10570,300.0,"[15916, 10570]"
15916,10708,1.0,"[15916, 10570, 10708]"
15916,15401,236.0,"[15916, 15401]"
15916,15872,270.0,"[15916, 15872]"
15916,15872,11.999999999999986,"[15916, 13431, 15872]"
15916,16916,1.0,"[15916, 16916]"
15973,10044,300.0,"[15973, 10044]"
15973,10178,1.0,"[15973, 13570, 10178]"
15973,10270,1.0,"[15973, 10270]"
15973,10327,180.0,"[15973, 10327]"
15973,10327,21.0,"[15973, 14252, 10327]"
15973,10376,300.0,"[15973, 10376]"
15973,10570,270.0,"[15973, 10570]"
15973,10570,18.0,"[15973, 19185, 10570]"
15973,10659,300.0,"[15973, 10659]"
15973,10708,243.0,"[15973, 10708]"
15973,10751,16.0,"[15973, 10751]"
15973,10904,40.0,"[15973, 10904]"
15973,11117,1.0,"[15973, 15206, 11117]"
15973,11168,29.0,"[15973, 11168]"
15973,11214,270.0,"[15973, 11214]"
15973,11214,8.414342708998056,"[15973, 19180, 11214]"
15973,11214,21.585657291001944,"[15973, 10659, 11214]"
15973,11472,0.9887640449438209,"[15973, 19539, 11472]"
15973,11472,0.011235955056179775,"[15973, 13578, 11472]"
15973,11568,190.7193222497878,"[15973, 11568]"
15973,11568,10.280677750212186,"[15973, 13570, 11568]"
15973,11861,1.0,"[15973, 10708, 11861]"
15973,12214,269.9999999999985,"[15973, 12214]"
15973,12214,30.000000000001503,"[15973, 15916, 12214]"
15973,12280,1.0,"[15973, 14724, 12280]"
15973,12627,1.0,"[15973, 10303, 12627]"
15973,12663,300.0,"[15973, 12663]"
15973,12952,1.0,"[15973, 10904, 12952]"
15973,12985,1.0,"[15973, 10303, 12985]"
15973,13101,107.0,"[15973, 13101]"
15973,13179,0.0017028522775652496,"[15973, 13570, 13179]"
15973,13179,0.06632358785817005,"[15973, 12663, 13179]"
15973,13179,0.9319735598642647,"[15973, 19311, 13179]"
15973,13183,300.0,"[15973, 13183]"
15973,13250,4.0,"[15973, 11568, 13250]"
15973,13431,1.0,"[15973, 10708, 13431]"
15973,13474,145.0,"[15973, 13474]"
15973,13503,300.0,"[15973, 13503]"
15973,13523,90.00000000003243,"[15973, 13523]"
15973,13523,4.999999999967563,"[15973, 12663, 13523]"
15973,13570,300.0,"[15973, 13570]"
15973,13578,299.9999999999985,"[15973, 13578]"
15973,13651,1.0,"[15973, 19185, 13651]"
15973,13856,180.0,"[15973, 13856]"
15973,13856,33.52337257305122,"[15973, 13474, 13856]"
15973,13856,30.000000000072475,"[15973, 11461, 13856]"
15973,13856,37.691670137467426,"[15973, 16991, 13856]"
15973,13856,18.784957289408876,"[15973, 10708, 13856]"
15973,14005,300.0,"[15973, 14005]"
15973,14070,16.0,"[15973, 14070]"
15973,14076,295.0,"[15973, 14076]"
15973,14252,300.0,"[15973, 14252]"
15973,14376,90.0,"[15973, 14376]"
15973,14376,2.557855453707171,"[15973, 19542, 14376]"
15973,14376,48.99999999999855,"[15973, 18446, 14376]"
15973,14376,48.027801837296224,"[15973, 13183, 14376]"
15973,14376,37.414342708998056,"[15973, 10659, 14376]"
15973,14376,73.0,"[15973, 13101, 14376]"
15973,14444,1.0,"[15973, 13570, 14444]"
15973,14724,237.0,"[15973, 14724]"
15973,15028,1.0,"[15973, 10904, 15028]"
15973,15204,1.0,"[15973, 10659, 15204]"
15973,15206,63.0,"[15973, 15206]"
15973,15262,1.0,"[15973, 10751, 15262]"
15973,15286,300.0,"[15973, 15286]"
15973,15401,0.011497256324914717,"[15973, 13503, 15401]"
15973,15401,0.9885027436750853,"[15973, 15916, 15401]"
15973,15506,227.0,"[15973, 15506]"
15973,15747,1.0,"[15973, 19311, 15747]"
15973,15872,1.0,"[15973, 13570, 15872]"
15973,15916,299.99999999999613,"[15973, 15916]"
15973,16133,1.0,"[15973, 11461, 16133]"
15973,16219,292.0,"[15973, 16219]"
15973,16262,1.0,"[15973, 12663, 16262]"
15973,16366,90.0,"[15973, 16366]"
15973,16366,0.11523391559835972,"[15973, 14070, 16366]"
15973,16366,24.88476608440164,"[15973, 15206, 16366]"
15973,16366,90.0,"[15973, 11027, 16366]"
15973,16916,300.0,"[15973, 16916]"
15973,16991,300.0,"[15973, 16991]"
15973,17312,269.99999999999994,"[15973, 17312]"
15973,17312,1.9885027436727618,"[15973, 19185, 17312]"
15973,17312,28.011497256327278,"[15973, 15916, 17312]"
15973,17495,1.0,"[15973, 15286, 17495]"
15973,17535,1.0,"[15973, 15916, 17535]"
15973,17770,7.99999999999576,"[15973, 19469, 17770]"
15973,17770,121.75934969921786,"[15973, 14070, 17770]"
15973,17770,60.0,"[15973, 10376, 17770]"
15973,17770,38.988764044945285,"[15973, 13578, 17770]"
15973,17770,0.11523391559834906,"[15973, 15206, 17770]"
15973,17770,71.13665234024272,"[15973, 10751, 17770]"
15973,17784,1.0,"[15973, 10303, 17784]"
15973,17822,300.0,"[15973, 17822]"
15973,18144,300.0,"[15973, 18144]"
15973,18182,21.0,"[15973, 13578, 18182]"
15973,18446,131.0,"[15973, 18446]"
15973,18476,0.01202886928628709,"[15973, 12663, 18476]"
15973,18476,0.9879711307137129,"[15973, 19311, 18476]"
15973,18577,269.99999999999767,"[15973, 18577]"
15973,18577,30.00000000000234,"[15973, 12663, 18577]"
15973,18849,1.0,"[15973, 15506, 18849]"
15973,18863,1.0,"[15973, 13570, 18863]"
15973,18978,270.00000000001376,"[15973, 18978]"
15973,18978,1.4766274269572697,"[15973, 13474, 18978]"
15973,18978,22.308329862418027,"[15973, 16991, 18978]"
15973,18978,6.21504271061092,"[15973, 10708, 18978]"
15973,19171,1.0,"[15973, 14252, 19171]"
15973,19180,41.0,"[15973, 19180]"
15973,19185,1.0,"[15973, 19185]"
15973,19311,155.0,"[15973, 19311]"
15973,19338,1.0,"[15973, 14005, 19338]"
15973,19469,232.0,"[15973, 19469]"
15973,19539,270.4943820224719,"[15973, 19539]"
15973,19539,29.50561797752809,"[15973, 15286, 19539]"
15973,19542,1.0,"[15973, 19542]"
15973,19956,1.0,"[15973, 19311, 19956]"
16053,10044,270.0,"[16053, 10044]"
16053,10044,30.0,"[16053, 13570, 10044]"
16053,10178,269.99999999999994,"[16053, 10178]"
16053,10178,30.00000000000004,"[16053, 13570, 10178]"
16053,10270,270.125,"[16053, 10270]"
16053,10270,9.875,"[16053, 19185, 10270]"
16053,10327,90.0,"[16053, 10327]"
16053,10327,35.97703416435691,"[16053, 14252, 10327]"
16053,10327,10.022965835643092,"[16053, 15292, 10327]"
16053,10376,72.0,"[16053, 18849, 10376]"
16053,10570,256.0,"[16053, 10570]"
16053,10708,1.0,"[16053, 19185, 10708]"
16053,10751,121.30361046458445,"[16053, 10751]"
16053,10751,88.69638953541555,"[16053, 11168, 10751]"
16053,10751,90.0,"[16053, 15262, 10751]"
16053,10904,0.9999999999999929,"[16053, 12379, 10904]"
16053,10904,26.000000000000007,"[16053, 13651, 10904]"
16053,11117,191.0,"[16053, 11117]"
16053,11168,1.0,"[16053, 11168]"
16053,11214,1.0,"[16053, 14252, 11214]"
16053,11267,300.0,"[16053, 11267]"
16053,11472,269.9999999999712,"[16053, 11472]"
16053,11472,30.00000000002884,"[16053, 13250, 11472]"
16053,11861,71.0,"[16053, 12379, 11861]"
16053,12379,68.0,"[16053, 12379]"
16053,12627,270.0,"[16053, 12627]"
16053,12627,0.9999999999999927,"[16053, 14724, 12627]"
16053,12663,0.03448275862068967,"[16053, 12663]"
16053,12663,0.9655172413793103,"[16053, 15286, 12663]"
16053,12952,42.0,"[16053, 12952]"
16053,13101,269.99999999999255,"[16053, 13101]"
16053,13101,30.000000000007457,"[16053, 15292, 13101]"
16053,13179,1.0000000000024887,"[16053, 10570, 13179]"
16053,13183,42.983333333357876,"[16053, 18849, 13183]"
16053,13183,3.016666666642122,"[16053, 10570, 13183]"
16053,13250,1.0,"[16053, 13250]"
16053,13431,269.9999999999767,"[16053, 13431]"
16053,13431,30.000000000023324,"[16053, 17535, 13431]"
16053,13474,1.0000000000000704,"[16053, 16262, 13474]"
16053,13503,90.00000000001154,"[16053, 13503]"
16053,13503,31.999999999988468,"[16053, 15286, 13503]"
16053,13523,0.03448275862068962,"[16053, 12663, 13523]"
16053,13523,0.9655172413793104,"[16053, 14724, 13523]"
16053,13578,180.0,"[16053, 13578]"
16053,13578,32.99999999998594,"[16053, 11117, 13578]"
16053,13651,153.0,"[16053, 13651]"
16053,13856,1.0,"[16053, 11267, 13856]"
16053,14005,1.0,"[16053, 14724, 14005]"
16053,14070,270.0,"[16053, 14070]"
16053,14070,2.999999999999997,"[16053, 12663, 14070]"
16053,14076,89.99999999999999,"[16053, 14076]"
16053,14076,24.000000000000007,"[16053, 18849, 14076]"
16053,14252,108.0,"[16053, 14252]"
16053,14376,300.0,"[16053, 14376]"
16053,14724,41.0,"[16053, 14724]"
16053,15028,249.3332912511476,"[16053, 15028]"
16053,15028,50.666708748852386,"[16053, 13680, 15028]"
16053,15204,90.0,"[16053, 15204]"
16053,15204,210.0,"[16053, 15262, 15204]"
16053,15206,163.0,"[16053, 15206]"
16053,15262,160.0,"[16053, 15262]"
16053,15286,110.01477832509391,"[16053, 15286]"
16053,15286,13.985221674906079,"[16053, 13570, 15286]"
16053,15401,268.3244180073137,"[16053, 15401]"
16053,15401,31.67558199268634,"[16053, 19956, 15401]"
16053,15506,1.0,"[16053, 13570, 15506]"
16053,15747,1.0,"[16053, 19185, 15747]"
16053,15872,270.0,"[16053, 15872]"
16053,15872,14.022664489802915,"[16053, 12379, 15872]"
16053,15872,14.014778325093879,"[16053, 13570, 15872]"
16053,15872,1.9625571851032078,"[16053, 11168, 15872]"
16053,15916,0.999999999999968,"[16053, 13651, 15916]"
16053,15973,71.0,"[16053, 15973]"
16053,16133,270.0,"[16053, 16133]"
16053,16133,2.0000000000230074,"[16053, 12379, 16133]"
16053,16133,27.999999999976975,"[16053, 18849, 16133]"
16053,16262,214.0,"[16053, 16262]"
16053,16366,269.0,"[16053, 16366]"
16053,16366,30.999999999999975,"[16053, 11117, 16366]"
16053,16916,90.0,"[16053, 16916]"
16053,16916,1.977335510174154,"[16053, 12379, 16916]"
16053,16916,21.022664489825853,"[16053, 17312, 16916]"
16053,17312,146.0,"[16053, 17312]"
16053,17495,270.0,"[16053, 17495]"
16053,17495,30.0,"[16053, 17535, 17495]"
16053,17535,300.00000000001165,"[16053, 17535]"
16053,17770,1.0,"[16053, 14376, 17770]"
16053,17784,1.0,"[16053, 14724, 17784]"
16053,18144,1.0,"[16053, 14724, 18144]"
16053,18182,300.0,"[16053, 18182]"
16053,18446,1.0,"[16053, 13570, 18446]"
16053,18476,0.03448275862068962,"[16053, 12663, 18476]"
16053,18476,0.005046789892843709,"[16053, 15206, 18476]"
16053,18476,0.960470451472715,"[16053, 14724, 18476]"
16053,18577,270.0,"[16053, 18577]"
16053,18577,20.999999999999996,"[16053, 12379, 18577]"
16053,18978,1.0,"[16053, 16366, 18978]"
16053,19171,270.0,"[16053, 19171]"
16053,19171,20.01666666665841,"[16053, 14252, 19171]"
16053,19171,9.983333333341617,"[16053, 10570, 19171]"
16053,19185,300.0,"[16053, 19185]"
16053,19311,1.0,"[16053, 12379, 19311]"
16053,19338,54.99999999999404,"[16053, 19956, 19338]"
16053,19469,76.0,"[16053, 19469]"
16053,19539,1.0,"[16053, 19185, 19539]"
16053,19542,1.0,"[16053, 14724, 19542]"
16053,19956,300.0,"[16053, 19956]"
16133,10270,1.0,"[16133, 14724, 10270]"
16133,10570,0.011235955056179775,"[16133, 12379, 10570]"
16133,10570,0.9887640449438201,"[16133, 16219, 10570]"
16133,10989,186.0,"[16133, 10989]"
16133,11267,0.9998737533139774,"[16133, 11168, 11267]"
16133,11861,300.0,"[16133, 11861]"
16133,12985,300.0,"[16133, 12985]"
16133,15401,1.0,"[16133, 13503, 15401]"
16133,15872,103.0,"[16133, 15872]"
16133,15973,47.0,"[16133, 15973]"
16133,16219,0.011235955056179773,"[16133, 16219]"
16133,16219,0.9887640449438202,"[16133, 11168, 16219]"
16142,16366,1.0,"[16142, 17039, 16366]"
16219,10044,300.0,"[16219, 10044]"
16219,10178,300.0,"[16219, 10178]"
16219,10270,264.0,"[16219, 10270]"
16219,10327,7.0,"[16219, 10570, 10327]"
16219,10376,1.0,"[16219, 10659, 10376]"
16219,10570,299.9999999999866,"[16219, 10570]"
16219,10659,0.6209252004090864,"[16219, 10659]"
16219,10659,26.379074799590914,"[16219, 13570, 10659]"
16219,10708,270.0,"[16219, 10708]"
16219,10708,15.788656017569139,"[16219, 10570, 10708]"
16219,10708,14.211343982430872,"[16219, 15286, 10708]"
16219,10751,90.0,"[16219, 10751]"
16219,10751,11.0,"[16219, 16262, 10751]"
16219,10904,300.0,"[16219, 10904]"
16219,11117,1.0,"[16219, 15206, 11117]"
16219,11168,300.0,"[16219, 11168]"
16219,11214,0.5511745323787949,"[16219, 13474, 11214]"
16219,11214,0.4488254676212051,"[16219, 10659, 11214]"
16219,11472,0.9999999999999947,"[16219, 15401, 11472]"
16219,11568,1.0,"[16219, 13570, 11568]"
16219,11861,299.99999999999915,"[16219, 11861]"
16219,12214,9.999999999998085,"[16219, 10570, 12214]"
16219,12280,269.9999999999959,"[16219, 12280]"
16219,12280,30.000000000002842,"[16219, 14444, 12280]"
16219,12627,1.0,"[16219, 14724, 12627]"
16219,12663,1.0,"[16219, 15286, 12663]"
16219,12952,59.999999999997186,"[16219, 19469, 12952]"
16219,12952,19.928111642492382,"[16219, 10904, 12952]"
16219,12952,60.00000000001032,"[16219, 13523, 12952]"
16219,12952,33.35291259728486,"[16219, 18476, 12952]"
16219,12952,31.506184403572377,"[16219, 18577, 12952]"
16219,12952,95.21279135664287,"[16219, 18144, 12952]"
16219,12985,42.0,"[16219, 12985]"
16219,13101,1.0,"[16219, 15401, 13101]"
16219,13179,300.0,"[16219, 13179]"
16219,13183,300.0,"[16219, 13183]"
16219,13250,270.0,"[16219, 13250]"
16219,13250,12.486204744108228,"[16219, 16133, 13250]"
16219,13250,17.51379525589177,"[16219, 11861, 13250]"
16219,13431,90.0000000000173,"[16219, 13431]"
16219,13431,47.574394517175186,"[16219, 17535, 13431]"
16219,13431,3.4256054828075193,"[16219, 17495, 13431]"
16219,13474,300.0,"[16219, 13474]"
16219,13503,300.0,"[16219, 13503]"
16219,13523,300.0,"[16219, 13523]"
16219,13570,300.0,"[16219, 13570]"
16219,13578,300.0,"[16219, 13578]"
16219,13651,1.0,"[16219, 10570, 13651]"
16219,13856,1.0,"[16219, 13578, 13856]"
16219,14005,300.0,"[16219, 14005]"
16219,14070,180.0,"[16219, 14070]"
16219,14070,15.0,"[16219, 17495, 14070]"
16219,14076,300.0,"[16219, 14076]"
16219,14252,1.0,"[16219, 19311, 14252]"
16219,14376,1.0,"[16219, 11861, 14376]"
16219,14444,1.0,"[16219, 14444]"
16219,14724,300.0,"[16219, 14724]"
16219,15028,1.0,"[16219, 13179, 15028]"
16219,15204,1.0000000000001137,"[16219, 11168, 15204]"
16219,15206,300.00000000002296,"[16219, 15206]"
16219,15262,1.0,"[16219, 17312, 15262]"
16219,15286,300.0,"[16219, 15286]"
16219,15401,268.0,"[16219, 15401]"
16219,15506,1.0,"[16219, 13570, 15506]"
16219,15747,1.0,"[16219, 17312, 15747]"
16219,15916,1.0,"[16219, 19311, 15916]"
16219,15973,0.999289930755048,"[16219, 19311, 15973]"
16219,16133,138.99388264669489,"[16219, 16133]"
16219,16133,0.006117353305107542,"[16219, 10570, 16133]"
16219,16262,123.3586517290049,"[16219, 16262]"
16219,16262,0.6413482709951003,"[16219, 16991, 16262]"
16219,16366,1.0,"[16219, 16991, 16366]"
16219,16916,269.99999999999994,"[16219, 16916]"
16219,16916,7.78353741580278,"[16219, 19311, 16916]"
16219,16916,22.21646258419726,"[16219, 10570, 16916]"
16219,16991,299.99999999997607,"[16219, 16991]"
16219,17312,135.99999999999744,"[16219, 17312]"
16219,17495,43.0,"[16219, 17495]"
16219,17535,22.0,"[16219, 17535]"
16219,17770,1.0,"[16219, 11861, 17770]"
16219,17784,300.0,"[16219, 17784]"
16219,17822,0.9997633102516826,"[16219, 14724, 17822]"
16219,18144,300.0,"[16219, 18144]"
16219,18182,270.0,"[16219, 18182]"
16219,18182,1.4913233458532869,"[16219, 13578, 18182]"
16219,18182,28.50867665414671,"[16219, 16133, 18182]"
16219,18446,1.0,"[16219, 19311, 18446]"
16219,18476,300.0,"[16219, 18476]"
16219,18577,299.9999999999904,"[16219, 18577]"
16219,18849,1.0,"[16219, 16991, 18849]"
16219,18863,1.0,"[16219, 13570, 18863]"
16219,18978,270.0,"[16219, 18978]"
16219,18978,1.0,"[16219, 13474, 18978]"
16219,19171,1.0,"[16219, 10570, 19171]"
16219,19180,0.9700044087900883,"[16219, 14444, 19180]"
16219,19180,0.009640272854622706,"[16219, 13570, 19180]"
16219,19180,0.020355318355289052,"[16219, 10303, 19180]"
16219,19185,1.0,"[16219, 10570, 19185]"
16219,19311,300.0,"[16219, 19311]"
16219,19338,1.0,"[16219, 13474, 19338]"
16219,19469,300.0,"[16219, 19469]"
16219,19539,269.9999999999845,"[16219, 19539]"
16219,19539,20.257658184486836,"[16219, 15286, 19539]"
16219,19539,9.742341815528697,"[16219, 19311, 19539]"
16219,19542,158.0,"[16219, 19542]"
16219,19956,1.0,"[16219, 19311, 19956]"
16262,10044,0.9887640449438202,"[16262, 14724, 10044]"
16262,10044,0.011235955056179775,"[16262, 13570, 10044]"
16262,10270,300.0,"[16262, 10270]"
16262,11267,300.0,"[16262, 11267]"
16262,12379,1.0,"[16262, 17535, 12379]"
16262,12627,300.0,"[16262, 12627]"
16262,12663,300.0,"[16262, 12663]"
16262,12985,1.0,"[16262, 12663, 12985]"
16262,13431,180.0,"[16262, 13431]"
16262,13431,8.0,"[16262, 17535, 13431]"
16262,13503,1.0,"[16262, 14724, 13503]"
16262,14005,300.0,"[16262, 14005]"
16262,14070,1.0,"[16262, 12663, 14070]"
16262,14076,227.0,"[16262, 14076]"
16262,14252,300.0,"[16262, 14252]"
16262,14724,300.0,"[16262, 14724]"
16262,15292,1.0,"[16262, 10708, 15292]"
16262,15401,154.0,"[16262, 15401]"
16262,15506,1.0,"[16262, 13570, 15506]"
16262,15973,1.0,"[16262, 19311, 15973]"
16262,16053,300.0,"[16262, 16053]"
16262,16142,300.0,"[16262, 16142]"
16262,16219,300.0,"[16262, 16219]"
16262,17039,90.0,"[16262, 17039]"
16262,17039,26.000000000000007,"[16262, 13474, 17039]"
16262,17495,1.0,"[16262, 17535, 17495]"
16262,17535,229.0,"[16262, 17535]"
16262,17784,300.0,"[16262, 17784]"
16262,18144,269.0,"[16262, 18144]"
16262,18476,0.01202886928628709,"[16262, 12663, 18476]"
16262,18476,0.9879711307137129,"[16262, 19311, 18476]"
16262,18577,295.0,"[16262, 18577]"
16262,19311,201.0,"[16262, 19311]"
16262,19542,1.0,"[16262, 19311, 19542]"
16366,10270,1.0,"[16366, 16053, 10270]"
16366,11267,90.0,"[16366, 11267]"
16366,11267,0.9998737533140414,"[16366, 16053, 11267]"
16366,11267,149.99999999999994,"[16366, 12364, 11267]"
16366,11267,59.00012624668602,"[16366, 11168, 11267]"
16366,12985,87.0,"[16366, 12364, 12985]"
16366,15872,180.0,"[16366, 15872]"
16366,15872,60.0,"[16366, 12364, 15872]"
16366,15872,58.69167013757307,"[16366, 18978, 15872]"
16366,15872,1.3083298624269304,"[16366, 11168, 15872]"
16366,16142,145.0,"[16366, 16142]"
16366,18978,1.0,"[16366, 18978]"
16916,10570,1.0,"[16916, 15916, 10570]"
16916,10708,1.0,"[16916, 16262, 10708]"
16916,15916,165.0,"[16916, 15916]"
16916,16219,252.0,"[16916, 16219]"
16991,10044,240.0,"[16991, 10044]"
16991,10178,300.0,"[16991, 10178]"
16991,10270,1.0,"[16991, 17312, 10270]"
16991,10327,180.0,"[16991, 10327]"
16991,10327,3.0,"[16991, 17784, 10327]"
16991,10376,0.10721242511842066,"[16991, 15401, 10376]"
16991,10376,0.8927875748815793,"[16991, 18849, 10376]"
16991,10570,0.5888888888976892,"[16991, 13651, 10570]"
16991,10570,0.4111111111023108,"[16991, 17312, 10570]"
16991,10659,1.0,"[16991, 11568, 10659]"
16991,10708,1.0,"[16991, 15286, 10708]"
16991,10751,67.0,"[16991, 10751]"
16991,10904,33.0,"[16991, 17495, 10904]"
16991,11117,1.0,"[16991, 18863, 11117]"
16991,11168,269.99999999999596,"[16991, 11168]"
16991,11168,30.00000000000402,"[16991, 13250, 11168]"
16991,11214,1.0,"[16991, 19180, 11214]"
16991,11472,270.0,"[16991, 11472]"
16991,11472,30.000000000000032,"[16991, 15401, 11472]"
16991,11568,300.0,"[16991, 11568]"
16991,11861,1.0,"[16991, 18863, 11861]"
16991,12214,1.0,"[16991, 17784, 12214]"
16991,12280,1.0,"[16991, 14444, 12280]"
16991,12627,300.0,"[16991, 12627]"
16991,12663,1.0,"[16991, 15286, 12663]"
16991,12952,270.0,"[16991, 12952]"
16991,12952,2.670023920228103,"[16991, 16916, 12952]"
16991,12952,4.329976079771897,"[16991, 10751, 12952]"
16991,12985,1.0,"[16991, 18446, 12985]"
16991,13101,1.0,"[16991, 18863, 13101]"
16991,13179,67.0,"[16991, 13179]"
16991,13183,90.0,"[16991, 13183]"
16991,13183,20.724418616181634,"[16991, 14252, 13183]"
16991,13183,25.275581383818366,"[16991, 18849, 13183]"
16991,13250,1.0,"[16991, 13250]"
16991,13431,1.0,"[16991, 17495, 13431]"
16991,13474,1.0,"[16991, 17784, 13474]"
16991,13503,300.0,"[16991, 13503]"
16991,13523,1.0,"[16991, 18863, 13523]"
16991,13570,0.3415595181880491,"[16991, 18446, 13570]"
16991,13570,0.6584404818119509,"[16991, 11568, 13570]"
16991,13578,1.0,"[16991, 18863, 13578]"
16991,13651,287.6666666666519,"[16991, 13651]"
16991,13651,12.333333333348094,"[16991, 11568, 13651]"
16991,13856,300.0000000000049,"[16991, 13856]"
16991,14005,8.644736842105292,"[16991, 14724, 14005]"
16991,14005,0.35526315789473684,"[16991, 10303, 14005]"
16991,14070,295.0,"[16991, 14070]"
16991,14076,0.039473684210526314,"[16991, 10303, 14076]"
16991,14076,0.9605263157894737,"[16991, 18849, 14076]"
16991,14252,300.0,"[16991, 14252]"
16991,14376,184.0,"[16991, 14376]"
16991,14444,300.0,"[16991, 14444]"
16991,14724,300.0,"[16991, 14724]"
16991,15028,1.0,"[16991, 13179, 15028]"
16991,15204,1.0,"[16991, 18978, 15204]"
16991,15206,58.0,"[16991, 15206]"
16991,15262,220.0,"[16991, 15262]"
16991,15286,300.0,"[16991, 15286]"
16991,15401,225.0,"[16991, 15401]"
16991,15506,300.0,"[16991, 15506]"
16991,15747,270.0000000000047,"[16991, 15747]"
16991,15747,29.999999999995268,"[16991, 17312, 15747]"
16991,15916,270.0,"[16991, 15916]"
16991,15916,13.0,"[16991, 13651, 15916]"
16991,15973,0.9209108278353292,"[16991, 14724, 15973]"
16991,15973,0.07894736842105246,"[16991, 10303, 15973]"
16991,16133,269.99999999998016,"[16991, 16133]"
16991,16133,30.00000000001995,"[16991, 18849, 16133]"
16991,16219,0.9095583787053841,"[16991, 14724, 16219]"
16991,16219,0.011494252873563218,"[16991, 14444, 16219]"
16991,16219,0.07894736842105263,"[16991, 10303, 16219]"
16991,16262,253.0,"[16991, 16262]"
16991,16366,161.01123595505612,"[16991, 16366]"
16991,16366,1.988764044943884,"[16991, 12364, 16366]"
16991,16916,271.33501196011406,"[16991, 16916]"
16991,16916,6.920543595452905,"[16991, 17312, 16916]"
16991,16916,21.744444444433043,"[16991, 13651, 16916]"
16991,17312,299.9999999999839,"[16991, 17312]"
16991,17495,299.9999999999808,"[16991, 17495]"
16991,17535,0.9999999999998196,"[16991, 16262, 17535]"
16991,17770,250.0,"[16991, 17770]"
16991,17784,300.0,"[16991, 17784]"
16991,17822,1.0,"[16991, 10303, 17822]"
16991,18144,1.0,"[16991, 10303, 18144]"
16991,18182,1.0,"[16991, 13250, 18182]"
16991,18446,300.0,"[16991, 18446]"
16991,18476,1.0,"[16991, 17495, 18476]"
16991,18577,180.0,"[16991, 18577]"
16991,18577,2.999999999999988,"[16991, 18863, 18577]"
16991,18849,300.0,"[16991, 18849]"
16991,18863,1.0,"[16991, 18863]"
16991,18978,155.0,"[16991, 18978]"
16991,19171,90.0,"[16991, 19171]"
16991,19171,15.107212425119714,"[16991, 14252, 19171]"
16991,19171,13.89278757488029,"[16991, 15401, 19171]"
16991,19180,113.0,"[16991, 19180]"
16991,19185,1.0,"[16991, 18863, 19185]"
16991,19311,1.0,"[16991, 17495, 19311]"
16991,19338,1.0,"[16991, 15401, 19338]"
16991,19469,1.0,"[16991, 10303, 19469]"
16991,19539,35.0,"[16991, 19539]"
16991,19542,85.0,"[16991, 19542]"
16991,19956,90.0,"[16991, 19956]"
16991,19956,54.0,"[16991, 13250, 19956]"
17039,16262,90.0,"[17039, 16262]"
17039,16262,30.0,"[17039, 15292, 16262]"
17039,16262,90.0,"[17039, 16366, 16262]"
17039,16262,90.0,"[17039, 12379, 16262]"
17253,11117,1.0,"[17253, 11117]"
17253,11267,300.0,"[17253, 11267]"
17253,15204,10.0,"[17253, 15204]"
17253,15401,300.0,"[17253, 15401]"
17253,16053,300.0,"[17253, 16053]"
17253,18182,300.0,"[17253, 18182]"
17312,10270,300.0,"[17312, 10270]"
17312,10570,300.0,"[17312, 10570]"
17312,10708,300.0,"[17312, 10708]"
17312,11267,1.0,"[17312, 11267]"
17312,12985,300.0,"[17312, 12985]"
17312,15872,270.0,"[17312, 15872]"
17495,19311,1.0,"[17495, 19311]"
17535,10270,0.9999999999999993,"[17535, 17312, 10270]"
17535,11267,270.0,"[17535, 11267]"
17535,11267,3.354319196394272,"[17535, 13431, 11267]"
17535,11267,26.645680803605742,"[17535, 17312, 11267]"
17535,12985,1.0,"[17535, 13431, 12985]"
17535,13431,1.0,"[17535, 13431]"
17535,15872,224.02266448980293,"[17535, 13431, 15872]"
17535,15872,75.97733551019705,"[17535, 12379, 15872]"
17535,15973,52.0,"[17535, 13431, 15973]"
17547,10044,1.0,"[17547, 13570, 10044]"
17547,10178,1.0,"[17547, 10303, 10178]"
17547,10270,1.0,"[17547, 12663, 10270]"
17547,10327,300.0,"[17547, 10327]"
17547,10376,269.9999999999908,"[17547, 10376]"
17547,10376,1.9754135030636348,"[17547, 11214, 10376]"
17547,10376,28.02458649693954,"[17547, 19371, 10376]"
17547,11214,159.0,"[17547, 11214]"
17547,11472,1.0,"[17547, 10327, 11472]"
17547,11861,269.9999999999998,"[17547, 11861]"
17547,11861,15.975413503060828,"[17547, 19371, 11861]"
17547,11861,14.02458649693941,"[17547, 14444, 11861]"
17547,12627,193.0,"[17547, 12627]"
17547,12663,300.0,"[17547, 12663]"
17547,13179,1.0,"[17547, 17784, 13179]"
17547,13183,270.0,"[17547, 13183]"
17547,13183,4.0000000000000355,"[17547, 10570, 13183]"
17547,13474,160.0,"[17547, 13474]"
17547,13503,279.0,"[17547, 13503]"
17547,13523,70.0,"[17547, 13523]"
17547,13856,58.0,"[17547, 13856]"
17547,14005,300.0,"[17547, 14005]"
17547,14070,300.0,"[17547, 14070]"
17547,14076,300.0,"[17547, 14076]"
17547,14252,1.0,"[17547, 12663, 14252]"
17547,14724,1.0,"[17547, 17784, 14724]"
17547,15206,120.0,"[17547, 15206]"
17547,15506,0.8121279657972317,"[17547, 17784, 15506]"
17547,15506,0.18787203420276835,"[17547, 13570, 15506]"
17547,15973,0.058823529411764705,"[17547, 10303, 15973]"
17547,15973,0.9411764705882353,"[17547, 12663, 15973]"
17547,16133,270.00000000000034,"[17547, 16133]"
17547,16133,29.999999999999634,"[17547, 19371, 16133]"
17547,16262,270.0,"[17547, 16262]"
17547,16262,20.00000000000003,"[17547, 12663, 16262]"
17547,16366,300.0,"[17547, 16366]"
17547,16991,300.0,"[17547, 16991]"
17547,17784,111.0,"[17547, 17784]"
17547,17822,300.0,"[17547, 17822]"
17547,18446,300.0,"[17547, 18446]"
17547,18476,0.012028869286287157,"[17547, 12663, 18476]"
17547,18476,0.4491643004630901,"[17547, 15206, 18476]"
17547,18476,0.5388068302506226,"[17547, 19311, 18476]"
17547,18577,41.0,"[17547, 18577]"
17547,18849,1.0,"[17547, 16991, 18849]"
17547,18863,1.0,"[17547, 13570, 18863]"
17547,18978,16.0,"[17547, 19371, 18978]"
17547,19171,300.0,"[17547, 19171]"
17547,19180,1.0,"[17547, 14444, 19180]"
17547,19338,61.000000000006025,"[17547, 19338]"
17547,19469,300.0,"[17547, 19469]"
17547,19542,237.0,"[17547, 19542]"
17547,19921,1.0,"[17547, 19921]"
17770,11267,1.0,"[17770, 16053, 11267]"
17770,12952,0.05681818181818165,"[17770, 11117, 12952]"
17770,12952,0.9431818181818177,"[17770, 16053, 12952]"
17770,15262,300.0,"[17770, 15262]"
17770,15401,1.0,"[17770, 19956, 15401]"
17770,15973,0.022727272727272728,"[17770, 18182, 15973]"
17770,15973,0.9772727272727273,"[17770, 11168, 15973]"
17770,16053,90.0,"[17770, 16053]"
17770,16219,167.0,"[17770, 16219]"
17784,10044,143.0,"[17784, 10044]"
17784,10178,300.0,"[17784, 10178]"
17784,10270,1.0,"[17784, 12663, 10270]"
17784,10327,1.0,"[17784, 10327]"
17784,10376,179.0,"[17784, 10376]"
17784,10570,270.00000000000335,"[17784, 10570]"
17784,10570,2.9999999999946,"[17784, 19185, 10570]"
17784,10570,27.00000000000203,"[17784, 15916, 10570]"
17784,10659,1.0,"[17784, 13503, 10659]"
17784,10708,1.0,"[17784, 15286, 10708]"
17784,10751,269.99999999999994,"[17784, 10751]"
17784,10751,30.00000000000004,"[17784, 19180, 10751]"
17784,10904,180.14634146341464,"[17784, 10904]"
17784,10904,7.853658536585357,"[17784, 17495, 10904]"
17784,11117,1.0,"[17784, 15206, 11117]"
17784,11168,69.0,"[17784, 11168]"
17784,11214,270.83291396173075,"[17784, 11214]"
17784,11214,6.899086743869308,"[17784, 14252, 11214]"
17784,11214,13.267999294399939,"[17784, 19180, 11214]"
17784,11472,270.0,"[17784, 11472]"
17784,11472,30.0,"[17784, 10327, 11472]"
17784,11568,300.0,"[17784, 11568]"
17784,11861,300.0,"[17784, 11861]"
17784,12214,244.0,"[17784, 12214]"
17784,12280,1.0,"[17784, 14444, 12280]"
17784,12627,178.0,"[17784, 12627]"
17784,12663,300.0,"[17784, 12663]"
17784,12952,1.0,"[17784, 10376, 12952]"
17784,12985,0.011904761904761904,"[17784, 10303, 12985]"
17784,12985,0.9880952380952381,"[17784, 12663, 12985]"
17784,13101,1.0,"[17784, 19180, 13101]"
17784,13179,300.0,"[17784, 13179]"
17784,13183,300.0,"[17784, 13183]"
17784,13250,90.0,"[17784, 13250]"
17784,13250,35.999999999994515,"[17784, 16133, 13250]"
17784,13250,21.000000000004206,"[17784, 17822, 13250]"
17784,13250,60.0,"[17784, 11861, 13250]"
17784,13250,60.0,"[17784, 11568, 13250]"
17784,13250,33.00000000000128,"[17784, 18978, 13250]"
17784,13431,1.0,"[17784, 17495, 13431]"
17784,13474,300.0,"[17784, 13474]"
17784,13503,0.011235955056179775,"[17784, 13503]"
17784,13503,0.9887640449438202,"[17784, 15286, 13503]"
17784,13523,1.0,"[17784, 12663, 13523]"
17784,13570,1.0,"[17784, 14724, 13570]"
17784,13578,1.0,"[17784, 10044, 13578]"
17784,13651,1.0,"[17784, 19185, 13651]"
17784,13856,1.0,"[17784, 13474, 13856]"
17784,14005,300.0,"[17784, 14005]"
17784,14070,282.2339804475861,"[17784, 14070]"
17784,14070,17.76601955241395,"[17784, 17495, 14070]"
17784,14076,300.0,"[17784, 14076]"
17784,14252,300.0,"[17784, 14252]"
17784,14376,270.0,"[17784, 14376]"
17784,14376,5.239759574990838,"[17784, 19542, 14376]"
17784,14376,22.02352312217956,"[17784, 13183, 14376]"
17784,14376,2.7367173028296925,"[17784, 11214, 14376]"
17784,14444,236.0,"[17784, 14444]"
17784,14724,1.0,"[17784, 14724]"
17784,15028,1.0,"[17784, 13179, 15028]"
17784,15204,3.0100129444327983,"[17784, 10178, 15204]"
17784,15204,9.989987055607376,"[17784, 12214, 15204]"
17784,15204,4.999999999959822,"[17784, 15747, 15204]"
17784,15206,174.0,"[17784, 15206]"
17784,15262,1.0,"[17784, 12214, 15262]"
17784,15286,300.0,"[17784, 15286]"
17784,15401,1.0,"[17784, 10327, 15401]"
17784,15506,300.0,"[17784, 15506]"
17784,15747,272.9999999999998,"[17784, 15747]"
17784,15747,27.000000000000238,"[17784, 19185, 15747]"
17784,15916,299.9999999999979,"[17784, 15916]"
17784,15973,0.011235955056179775,"[17784, 15973]"
17784,15973,0.9886222412002015,"[17784, 14724, 15973]"
17784,16133,234.0,"[17784, 16133]"
17784,16219,0.9174876847290642,"[17784, 14724, 16219]"
17784,16219,0.059523809523809465,"[17784, 10303, 16219]"
17784,16219,0.022988505747126436,"[17784, 14444, 16219]"
17784,16262,1.0,"[17784, 12663, 16262]"
17784,16366,180.0,"[17784, 16366]"
17784,16366,6.925654962694189,"[17784, 13179, 16366]"
17784,16366,18.074345037305818,"[17784, 14070, 16366]"
17784,16366,4.999999999999995,"[17784, 15206, 16366]"
17784,16366,90.0,"[17784, 17039, 16366]"
17784,16916,269.99999999999994,"[17784, 16916]"
17784,16916,30.00000000000004,"[17784, 15916, 16916]"
17784,16991,1.0,"[17784, 14444, 16991]"
17784,17312,179.99999999999997,"[17784, 17312]"
17784,17312,13.000000000000009,"[17784, 19185, 17312]"
17784,17495,199.0,"[17784, 17495]"
17784,17535,1.0,"[17784, 15916, 17535]"
17784,17770,1.0,"[17784, 10178, 17770]"
17784,17822,300.0,"[17784, 17822]"
17784,18144,300.0,"[17784, 18144]"
17784,18182,270.0,"[17784, 18182]"
17784,18446,1.0,"[17784, 14724, 18446]"
17784,18476,300.0,"[17784, 18476]"
17784,18577,0.999999999999968,"[17784, 12663, 18577]"
17784,18849,1.0,"[17784, 15506, 18849]"
17784,18863,1.0,"[17784, 15506, 18863]"
17784,18978,236.99999999999872,"[17784, 18978]"
17784,19171,1.0,"[17784, 14252, 19171]"
17784,19180,300.0,"[17784, 19180]"
17784,19185,300.0,"[17784, 19185]"
17784,19311,1.0,"[17784, 17495, 19311]"
17784,19338,269.99999999999994,"[17784, 19338]"
17784,19338,30.00000000000004,"[17784, 13474, 19338]"
17784,19469,1.0,"[17784, 10303, 19469]"
17784,19539,1.0,"[17784, 15286, 19539]"
17784,19542,300.0,"[17784, 19542]"
17784,19956,1.0,"[17784, 19542, 19956]"
17822,10270,220.0,"[17822, 10270]"
17822,12985,166.0,"[17822, 12985]"
17822,14724,1.0,"[17822, 17784, 14724]"
17822,15872,0.005846858093828025,"[17822, 12627, 15872]"
17822,15872,0.9941531419061748,"[17822, 12985, 15872]"
17822,15973,33.0,"[17822, 15973]"
17822,16219,300.0,"[17822, 16219]"
17822,19921,300.0,"[17822, 19921]"
18144,10044,1.0,"[18144, 13570, 10044]"
18144,10178,300.0,"[18144, 10178]"
18144,10270,254.0,"[18144, 10270]"
18144,10327,300.0,"[18144, 10327]"
18144,10570,273.33333333333337,"[18144, 10570]"
18144,10570,14.222222222222204,"[18144, 13651, 10570]"
18144,10570,4.111111111111086,"[18144, 16262, 10570]"
18144,10570,8.333333333333307,"[18144, 18863, 10570]"
18144,10904,221.0,"[18144, 10904]"
18144,11117,0.7787544030127772,"[18144, 14376, 11117]"
18144,11117,0.22124559698722276,"[18144, 18863, 11117]"
18144,11168,253.0,"[18144, 11168]"
18144,11214,203.0,"[18144, 11214]"
18144,12280,300.0,"[18144, 12280]"
18144,12627,3.535233176454504,"[18144, 17784, 12627]"
18144,12627,7.464766823545496,"[18144, 16991, 12627]"
18144,12663,1.0,"[18144, 10570, 12663]"
18144,12952,1.0,"[18144, 12952]"
18144,12985,223.0,"[18144, 12985]"
18144,13179,0.930183056619838,"[18144, 17784, 13179]"
18144,13179,0.06981694338016194,"[18144, 13570, 13179]"
18144,13183,180.0,"[18144, 13183]"
18144,13183,4.999999999999998,"[18144, 10570, 13183]"
18144,13431,270.0,"[18144, 13431]"
18144,13431,30.00000000000003,"[18144, 17495, 13431]"
18144,13474,204.0,"[18144, 13474]"
18144,13503,0.15789473684210525,"[18144, 10303, 13503]"
18144,13503,0.7309941520467718,"[18144, 16991, 13503]"
18144,13503,0.11111111111112293,"[18144, 10570, 13503]"
18144,13523,1.0,"[18144, 16262, 13523]"
18144,13651,254.0,"[18144, 13651]"
18144,14005,0.9736842105263158,"[18144, 17784, 14005]"
18144,14005,0.026315789473684213,"[18144, 10303, 14005]"
18144,14070,1.0,"[18144, 17495, 14070]"
18144,14252,37.0,"[18144, 14252]"
18144,14376,1.0,"[18144, 14376]"
18144,14444,180.0,"[18144, 14444]"
18144,14444,8.999999999999993,"[18144, 13570, 14444]"
18144,14724,8.0,"[18144, 13570, 14724]"
18144,15028,1.0,"[18144, 12952, 15028]"
18144,15204,270.0,"[18144, 15204]"
18144,15204,30.0,"[18144, 14376, 15204]"
18144,15206,1.0,"[18144, 13570, 15206]"
18144,15262,1.0,"[18144, 18182, 15262]"
18144,15286,1.0,"[18144, 13570, 15286]"
18144,15506,7.0,"[18144, 13570, 15506]"
18144,15872,176.0,"[18144, 15872]"
18144,15973,300.0,"[18144, 15973]"
18144,16219,1.0,"[18144, 13570, 16219]"
18144,16262,300.0,"[18144, 16262]"
18144,16991,30.0,"[18144, 16991]"
18144,17495,145.0,"[18144, 17495]"
18144,17535,0.5555555555556018,"[18144, 10570, 17535]"
18144,17535,0.44444444444439823,"[18144, 13651, 17535]"
18144,17770,149.77875440301278,"[18144, 17770]"
18144,17770,58.221245596987224,"[18144, 14376, 17770]"
18144,17784,300.0,"[18144, 17784]"
18144,17822,154.0,"[18144, 17822]"
18144,18182,66.0,"[18144, 18182]"
18144,18446,236.0,"[18144, 18446]"
18144,18476,169.0,"[18144, 18476]"
18144,18577,1.0,"[18144, 16262, 18577]"
18144,18849,300.0,"[18144, 18849]"
18144,18863,261.0,"[18144, 18863]"
18144,19171,160.0,"[18144, 19171]"
18144,19180,300.0,"[18144, 19180]"
18144,19311,1.0,"[18144, 17495, 19311]"
18144,19469,1.0,"[18144, 10303, 19469]"
18144,19542,1.0,"[18144, 13570, 19542]"
18144,19921,300.0,"[18144, 19921]"
18144,19956,180.0,"[18144, 19956]"
18144,19956,1.9560406277662143,"[18144, 11214, 19956]"
18144,19956,1.0439593722337737,"[18144, 11168, 19956]"
18182,11168,15.0,"[18182, 11168]"
18182,16053,300.0,"[18182, 16053]"
18182,16219,270.0,"[18182, 16219]"
18182,16219,23.0,"[18182, 11168, 16219]"
18446,10270,1.0,"[18446, 15206, 10270]"
18446,11267,67.0,"[18446, 11267]"
18446,12985,300.0,"[18446, 12985]"
18446,15206,1.0,"[18446, 15206]"
18446,15872,56.0,"[18446, 15872]"
18446,15973,1.0000000000000004,"[18446, 13570, 15973]"
18476,10270,270.0,"[18476, 10270]"
18476,10270,8.999999999969418,"[18476, 10708, 10270]"
18476,11267,1.0,"[18476, 16262, 11267]"
18476,12985,1.0,"[18476, 10708, 12985]"
18476,14070,236.0,"[18476, 14070]"
18476,15872,300.0,"[18476, 15872]"
18577,16262,1.0,"[18577, 16262]"
18863,10044,1.0,"[18863, 13570, 10044]"
18863,10178,300.0,"[18863, 10178]"
18863,10270,1.0,"[18863, 19185, 10270]"
18863,10327,0.006117353301824835,"[18863, 15401, 10327]"
18863,10327,0.9938826466981752,"[18863, 10570, 10327]"
18863,10376,270.0000000000225,"[18863, 10376]"
18863,10376,18.988764044918014,"[18863, 13101, 10376]"
18863,10376,11.011235955059478,"[18863, 19371, 10376]"
18863,10570,72.0,"[18863, 10570]"
18863,10659,261.0,"[18863, 10659]"
18863,10708,1.0,"[18863, 19185, 10708]"
18863,10751,1.0,"[18863, 13101, 10751]"
18863,10904,1.0,"[18863, 10570, 10904]"
18863,11117,300.0,"[18863, 11117]"
18863,11168,269.99999999999994,"[18863, 11168]"
18863,11168,27.000000000000085,"[18863, 13250, 11168]"
18863,11168,2.999999999999954,"[18863, 16366, 11168]"
18863,11214,1.0,"[18863, 19371, 11214]"
18863,11472,34.999999999963954,"[18863, 15401, 11472]"
18863,11568,90.0,"[18863, 11568]"
18863,11861,299.9999999999905,"[18863, 11861]"
18863,12214,1.0,"[18863, 10570, 12214]"
18863,12280,59.0,"[18863, 12280]"
18863,12627,1.0000000000002094,"[18863, 17784, 12627]"
18863,12663,1.0,"[18863, 15286, 12663]"
18863,12952,1.0,"[18863, 11117, 12952]"
18863,13101,199.0,"[18863, 13101]"
18863,13179,0.25825046279447905,"[18863, 19311, 13179]"
18863,13179,0.741749537205521,"[18863, 10570, 13179]"
18863,13183,1.0,"[18863, 10570, 13183]"
18863,13250,1.0,"[18863, 13250]"
18863,13431,58.0,"[18863, 13431]"
18863,13474,1.0,"[18863, 17784, 13474]"
18863,13503,1.0,"[18863, 15286, 13503]"
18863,13523,166.0,"[18863, 13523]"
18863,13570,0.03448275862068961,"[18863, 13570]"
18863,13570,0.96551724137931,"[18863, 10659, 13570]"
18863,13578,300.0000000000041,"[18863, 13578]"
18863,13651,1.0,"[18863, 19185, 13651]"
18863,13856,90.0,"[18863, 13856]"
18863,13856,2.0,"[18863, 13101, 13856]"
18863,13856,60.0,"[18863, 19371, 13856]"
18863,14005,1.0,"[18863, 10570, 14005]"
18863,14070,270.0000000000092,"[18863, 14070]"
18863,14070,29.999999999996938,"[18863, 19311, 14070]"
18863,14076,1.0,"[18863, 18849, 14076]"
18863,14252,1.0,"[18863, 19311, 14252]"
18863,14376,0.811801772286231,"[18863, 11861, 14376]"
18863,14376,0.18819822771376943,"[18863, 11117, 14376]"
18863,14444,300.0,"[18863, 14444]"
18863,14724,0.034482758620689655,"[18863, 13570, 14724]"
18863,14724,0.9655172413793104,"[18863, 10570, 14724]"
18863,15028,1.0,"[18863, 11117, 15028]"
18863,15204,256.0,"[18863, 15204]"
18863,15206,0.034482758620689655,"[18863, 13570, 15206]"
18863,15206,0.9655172413793104,"[18863, 10570, 15206]"
18863,15262,25.754983590432097,"[18863, 11117, 15262]"
18863,15262,13.245016409567905,"[18863, 17770, 15262]"
18863,15286,28.0,"[18863, 15286]"
18863,15401,199.0,"[18863, 15401]"
18863,15506,1.0,"[18863, 13570, 15506]"
18863,15747,248.0,"[18863, 15747]"
18863,15916,300.0,"[18863, 15916]"
18863,15973,80.0,"[18863, 15973]"
18863,16133,1.0,"[18863, 19371, 16133]"
18863,16219,1.0,"[18863, 13570, 16219]"
18863,16262,90.0,"[18863, 16262]"
18863,16262,0.956003665544582,"[18863, 16991, 16262]"
18863,16262,4.043996334455414,"[18863, 13101, 16262]"
18863,16366,263.0,"[18863, 16366]"
18863,16916,269.99999999999994,"[18863, 16916]"
18863,16916,30.00000000000004,"[18863, 15916, 16916]"
18863,16991,48.0,"[18863, 16991]"
18863,17312,1.0,"[18863, 17535, 17312]"
18863,17495,1.0,"[18863, 17535, 17495]"
18863,17535,270.99999999999994,"[18863, 17535]"
18863,17535,2.0000000000001354,"[18863, 10570, 17535]"
18863,17535,26.99999999999992,"[18863, 15916, 17535]"
18863,17770,300.0,"[18863, 17770]"
18863,17784,26.0,"[18863, 17784]"
18863,17822,300.0,"[18863, 17822]"
18863,18144,300.0,"[18863, 18144]"
18863,18182,269.99999999999994,"[18863, 18182]"
18863,18182,30.00000000000004,"[18863, 13250, 18182]"
18863,18446,1.0,"[18863, 19311, 18446]"
18863,18476,0.9999999999938556,"[18863, 19311, 18476]"
18863,18577,49.0,"[18863, 18577]"
18863,18849,1.0,"[18863, 18849]"
18863,18978,269.99999999999994,"[18863, 18978]"
18863,18978,25.00000000000869,"[18863, 15401, 18978]"
18863,18978,4.999999999991349,"[18863, 19371, 18978]"
18863,19171,270.0,"[18863, 19171]"
18863,19171,0.9999999999999927,"[18863, 19371, 19171]"
18863,19180,90.0,"[18863, 19180]"
18863,19180,4.999999999999999,"[18863, 14444, 19180]"
18863,19185,148.0,"[18863, 19185]"
18863,19311,300.0,"[18863, 19311]"
18863,19338,0.9999999999999681,"[18863, 15401, 19338]"
18863,19469,300.0,"[18863, 19469]"
18863,19539,1.0,"[18863, 19185, 19539]"
18863,19542,300.0,"[18863, 19542]"
18863,19956,269.99999999998823,"[18863, 19956]"
18863,19956,10.999999999961712,"[18863, 13250, 19956]"
18863,19956,19.000000000050036,"[18863, 11117, 19956]"
18978,10270,180.0,"[18978, 10270]"
18978,10376,270.0000000000185,"[18978, 10376]"
18978,10376,14.528046534423183,"[18978, 13101, 10376]"
18978,10376,15.47195346555958,"[18978, 15401, 10376]"
18978,10751,27.0,"[18978, 10751]"
18978,11027,299.99999999999807,"[18978, 11027]"
18978,11117,1.0,"[18978, 11117]"
18978,11168,1.0,"[18978, 13250, 11168]"
18978,11267,28.99999999999976,"[18978, 16053, 11267]"
18978,11267,34.0,"[18978, 19956, 11267]"
18978,11267,4.000000000000242,"[18978, 17253, 11267]"
18978,11472,270.0,"[18978, 11472]"
18978,11472,30.0,"[18978, 13250, 11472]"
18978,11861,160.0,"[18978, 11861]"
18978,12952,29.743747635371108,"[18978, 15204, 12952]"
18978,12952,21.056818181818123,"[18978, 16053, 12952]"
18978,12952,115.99999999999976,"[18978, 17253, 12952]"
18978,12952,88.0,"[18978, 11117, 12952]"
18978,12952,45.19943418281095,"[18978, 10751, 12952]"
18978,12985,270.0,"[18978, 12985]"
18978,12985,30.0,"[18978, 16133, 12985]"
18978,13101,277.2640232671873,"[18978, 13101]"
18978,13101,22.73597673279792,"[18978, 15401, 13101]"
18978,13250,259.0,"[18978, 13250]"
18978,13578,1.0,"[18978, 15401, 13578]"
18978,13856,300.0,"[18978, 13856]"
18978,14376,1.0,"[18978, 19956, 14376]"
18978,15028,204.0,"[18978, 15204, 15028]"
18978,15204,300.0,"[18978, 15204]"
18978,15262,188.98876404494678,"[18978, 18182, 15262]"
18978,15262,65.25625236462113,"[18978, 15204, 15262]"
18978,15262,45.7549835904321,"[18978, 17770, 15262]"
18978,15401,299.99999999999136,"[18978, 15401]"
18978,15872,300.0000000000148,"[18978, 15872]"
18978,16133,300.0,"[18978, 16133]"
18978,16366,1.0,"[18978, 11027, 16366]"
18978,17770,224.0,"[18978, 17770]"
18978,18182,13.0,"[18978, 18182]"
18978,19338,300.0,"[18978, 19338]"
18978,19956,34.0,"[18978, 19956]"
19171,10270,1.0,"[19171, 12757, 10270]"
19171,11267,69.0,"[19171, 11267]"
19171,12985,0.011235955056179775,"[19171, 12757, 12985]"
19171,12985,0.5139538094744237,"[19171, 18446, 12985]"
19171,12985,0.4748102354691957,"[19171, 11267, 12985]"
19171,15401,1.0,"[19171, 19956, 15401]"
19171,16053,1.0,"[19171, 19956, 16053]"
19171,16219,300.0,"[19171, 16219]"
19180,10270,43.0,"[19180, 10270]"
19180,12985,300.0,"[19180, 12985]"
19180,15872,0.01169371618765605,"[19180, 12627, 15872]"
19180,15872,0.011494252873563218,"[19180, 14724, 15872]"
19180,15872,0.9768120309387777,"[19180, 12985, 15872]"
19180,15973,300.0,"[19180, 15973]"
19180,16219,1.0,"[19180, 14724, 16219]"
19180,17784,0.011106806147488053,"[19180, 17784]"
19180,17784,0.011494252873563218,"[19180, 14724, 17784]"
19180,17784,0.9771331747019566,"[19180, 12985, 17784]"
19180,19921,0.011494252873563218,"[19180, 14724, 19921]"
19180,19921,0.9885057471264368,"[19180, 17784, 19921]"
19185,10270,300.0,"[19185, 10270]"
19185,10570,1.0,"[19185, 10570]"
19185,11267,1.0,"[19185, 10570, 11267]"
19185,12985,1.0,"[19185, 10708, 12985]"
19185,15872,1.0,"[19185, 10270, 15872]"
19311,10044,1.0,"[19311, 10303, 10044]"
19311,10178,180.00000000001225,"[19311, 10178]"
19311,10178,28.14448667233732,"[19311, 18446, 10178]"
19311,10178,14.855513327650439,"[19311, 10303, 10178]"
19311,10270,300.0,"[19311, 10270]"
19311,10327,179.99999999998906,"[19311, 10327]"
19311,10327,35.000000000010935,"[19311, 17784, 10327]"
19311,10376,156.0,"[19311, 10376]"
19311,10570,201.0,"[19311, 10570]"
19311,10659,1.0,"[19311, 10570, 10659]"
19311,10708,273.0,"[19311, 10708]"
19311,10751,0.9999999999802158,"[19311, 19542, 10751]"
19311,10904,1.0,"[19311, 17495, 10904]"
19311,11117,227.0,"[19311, 11117]"
19311,11168,1.0,"[19311, 14252, 11168]"
19311,11214,90.0,"[19311, 11214]"
19311,11214,8.999999999999996,"[19311, 14252, 11214]"
19311,11472,1.0,"[19311, 19539, 11472]"
19311,11568,1.0,"[19311, 17312, 11568]"
19311,11861,269.99999999999994,"[19311, 11861]"
19311,11861,30.00000000000004,"[19311, 10708, 11861]"
19311,12214,300.0,"[19311, 12214]"
19311,12280,1.0,"[19311, 15872, 12280]"
19311,12627,1.0,"[19311, 10303, 12627]"
19311,12663,300.0,"[19311, 12663]"
19311,12952,1.0,"[19311, 16916, 12952]"
19311,12985,1.0,"[19311, 10303, 12985]"
19311,13101,90.00000000000001,"[19311, 13101]"
19311,13101,12.999999999999991,"[19311, 15292, 13101]"
19311,13179,57.0,"[19311, 13179]"
19311,13183,180.0000000000112,"[19311, 13183]"
19311,13183,27.01666666662291,"[19311, 14252, 13183]"
19311,13183,12.983333333365897,"[19311, 10570, 13183]"
19311,13250,1.0,"[19311, 10376, 13250]"
19311,13431,0.01149725633655605,"[19311, 17535, 13431]"
19311,13431,0.9885027436634439,"[19311, 17495, 13431]"
19311,13474,180.0,"[19311, 13474]"
19311,13474,15.0,"[19311, 10708, 13474]"
19311,13503,13.0,"[19311, 10303, 13503]"
19311,13523,269.99999999999994,"[19311, 13523]"
19311,13523,30.00000000000004,"[19311, 12663, 13523]"
19311,13570,76.0,"[19311, 13570]"
19311,13578,180.0,"[19311, 13578]"
19311,13578,23.508676654163025,"[19311, 16219, 13578]"
19311,13578,27.491323345836967,"[19311, 15872, 13578]"
19311,13651,1.0,"[19311, 19185, 13651]"
19311,13856,1.0,"[19311, 10708, 13856]"
19311,14005,61.0,"[19311, 14005]"
19311,14070,121.0,"[19311, 14070]"
19311,14076,224.0,"[19311, 14076]"
19311,14252,300.0,"[19311, 14252]"
19311,14376,270.0,"[19311, 14376]"
19311,14376,1.0,"[19311, 11117, 14376]"
19311,14444,269.999999999998,"[19311, 14444]"
19311,14444,25.04035819802329,"[19311, 15206, 14444]"
19311,14444,4.959641801978691,"[19311, 17784, 14444]"
19311,14724,1.0,"[19311, 10303, 14724]"
19311,15028,197.98797113082398,"[19311, 18476, 15028]"
19311,15028,23.525010214993504,"[19311, 13179, 15028]"
19311,15028,37.48701865418251,"[19311, 12214, 15028]"
19311,15028,41.0,"[19311, 11117, 15028]"
19311,15204,41.54643866397501,"[19311, 16916, 15204]"
19311,15204,26.323956523418417,"[19311, 15747, 15204]"
19311,15204,4.129604812606573,"[19311, 19956, 15204]"
19311,15206,300.0,"[19311, 15206]"
19311,15262,1.0,"[19311, 16916, 15262]"
19311,15286,1.0,"[19311, 17784, 15286]"
19311,15401,180.0,"[19311, 15401]"
19311,15401,77.00000000000001,"[19311, 15292, 15401]"
19311,15401,11.224241744894863,"[19311, 10708, 15401]"
19311,15401,31.77575825510513,"[19311, 15916, 15401]"
19311,15506,270.0000000000084,"[19311, 15506]"
19311,15506,1.0630884059078198,"[19311, 17784, 15506]"
19311,15506,26.14448667234952,"[19311, 10303, 15506]"
19311,15506,2.792424921734245,"[19311, 10708, 15506]"
19311,15747,300.0,"[19311, 15747]"
19311,15916,1.0,"[19311, 15916]"
19311,15973,122.0,"[19311, 15973]"
19311,16133,90.0,"[19311, 16133]"
19311,16133,8.000000000019847,"[19311, 10708, 16133]"
19311,16133,24.999999999980155,"[19311, 10570, 16133]"
19311,16219,300.0,"[19311, 16219]"
19311,16262,269.9999999999802,"[19311, 16262]"
19311,16262,29.000000000002107,"[19311, 12663, 16262]"
19311,16262,1.0000000000176783,"[19311, 10708, 16262]"
19311,16366,270.0000000000007,"[19311, 16366]"
19311,16366,29.999999999999318,"[19311, 15747, 16366]"
19311,16916,1.0,"[19311, 16916]"
19311,16991,269.99999999999994,"[19311, 16991]"
19311,16991,27.037974683544494,"[19311, 14005, 16991]"
19311,16991,2.9620253164555463,"[19311, 10270, 16991]"
19311,17312,0.011235955056179775,"[19311, 17312]"
19311,17312,0.9887640449438202,"[19311, 17535, 17312]"
19311,17495,1.0,"[19311, 17495]"
19311,17535,0.011497256336556108,"[19311, 17535]"
19311,17535,0.9885027436634439,"[19311, 15916, 17535]"
19311,17770,270.0,"[19311, 17770]"
19311,17770,1.6760434764666101,"[19311, 15747, 17770]"
19311,17770,23.183083314131643,"[19311, 19956, 17770]"
19311,17770,5.140873209401747,"[19311, 10376, 17770]"
19311,17784,131.0,"[19311, 17784]"
19311,17822,269.99999999999994,"[19311, 17822]"
19311,17822,30.00000000000004,"[19311, 10303, 17822]"
19311,18144,1.0,"[19311, 10303, 18144]"
19311,18182,1.0,"[19311, 19956, 18182]"
19311,18446,300.0,"[19311, 18446]"
19311,18476,1.0,"[19311, 18476]"
19311,18577,1.0,"[19311, 12663, 18577]"
19311,18849,1.0,"[19311, 15872, 18849]"
19311,18863,269.99999999999994,"[19311, 18863]"
19311,18863,12.000000000004102,"[19311, 10270, 18863]"
19311,18863,3.999999999995944,"[19311, 10570, 18863]"
19311,18863,13.999999999999993,"[19311, 13570, 18863]"
19311,18978,270.0,"[19311, 18978]"
19311,18978,16.99999999999999,"[19311, 10708, 18978]"
19311,19171,1.0,"[19311, 14252, 19171]"
19311,19180,90.0,"[19311, 19180]"
19311,19180,6.000000000000003,"[19311, 17784, 19180]"
19311,19185,300.0,"[19311, 19185]"
19311,19338,1.0,"[19311, 14005, 19338]"
19311,19469,1.0,"[19311, 10303, 19469]"
19311,19539,168.0,"[19311, 19539]"
19311,19542,300.0,"[19311, 19542]"
19311,19956,130.0,"[19311, 19956]"
19338,11472,1.0,"[19338, 11267, 11472]"
19338,16219,1.0,"[19338, 11267, 16219]"
19371,10376,300.0,"[19371, 10376]"
19371,10751,90.0,"[19371, 10751]"
19371,10751,47.0,"[19371, 13101, 10751]"
19371,11214,1.0,"[19371, 11214]"
19371,11267,180.43243243243245,"[19371, 11267]"
19371,11267,15.567567567567561,"[19371, 11214, 11267]"
19371,11472,1.0,"[19371, 15401, 11472]"
19371,11861,1.0,"[19371, 11861]"
19371,12985,1.0,"[19371, 12757, 12985]"
19371,13101,0.9791666666666667,"[19371, 13101]"
19371,13101,0.02083333333333326,"[19371, 15401, 13101]"
19371,13578,300.0,"[19371, 13578]"
19371,13856,300.0,"[19371, 13856]"
19371,15401,1.0,"[19371, 15401]"
19371,15872,300.0,"[19371, 15872]"
19371,16053,1.0,"[19371, 18978, 16053]"
19371,16133,1.0,"[19371, 16133]"
19371,18978,128.0000000000087,"[19371, 18978]"
19371,19338,1.0,"[19371, 12757, 19338]"
19469,11267,0.9887640449438202,"[19469, 16262, 11267]"
19469,11267,0.011235955056179775,"[19469, 13431, 11267]"
19469,12985,300.0,"[19469, 12985]"
19469,13179,185.0,"[19469, 13179]"
19469,14005,63.0,"[19469, 14005]"
19469,15872,1.0,"[19469, 13431, 15872]"
19539,10570,1.0,"[19539, 12379, 10570]"
19539,11267,1.0,"[19539, 11267]"
19539,19311,0.9887640449438202,"[19539, 11267, 19311]"
19539,19311,0.011235955056179775,"[19539, 12379, 19311]"
19542,15872,1.0,"[19542, 14724, 15872]"
19542,16219,300.0,"[19542, 16219]"
19921,10044,221.0,"[19921, 10044]"
19921,10178,300.0,"[19921, 10178]"
19921,10570,270.0,"[19921, 10570]"
19921,10570,1.7358025796900396,"[19921, 19185, 10570]"
19921,10570,28.26419742030997,"[19921, 10708, 10570]"
19921,10659,1.0,"[19921, 13570, 10659]"
19921,10708,300.0,"[19921, 10708]"
19921,10751,1.0,"[19921, 10751]"
19921,10904,300.0,"[19921, 10904]"
19921,11117,1.0,"[19921, 18863, 11117]"
19921,11168,1.0,"[19921, 13578, 11168]"
19921,11568,246.0,"[19921, 11568]"
19921,12214,1.0,"[19921, 10708, 12214]"
19921,12280,1.0,"[19921, 18863, 12280]"
19921,12663,49.0,"[19921, 12663]"
19921,12952,24.0,"[19921, 19469, 12952]"
19921,12985,76.0,"[19921, 12985]"
19921,13101,269.99999999999994,"[19921, 13101]"
19921,13101,30.00000000000004,"[19921, 18863, 13101]"
19921,13179,170.0,"[19921, 13179]"
19921,13250,270.0,"[19921, 13250]"
19921,13250,21.00000000003816,"[19921, 18863, 13250]"
19921,13250,8.99999999996184,"[19921, 11568, 13250]"
19921,13431,90.0,"[19921, 13431]"
19921,13431,19.87392169438357,"[19921, 17535, 13431]"
19921,13431,12.126078305616431,"[19921, 10708, 13431]"
19921,13503,1.0,"[19921, 10303, 13503]"
19921,13570,300.0,"[19921, 13570]"
19921,13578,300.0,"[19921, 13578]"
19921,13651,71.0,"[19921, 13651]"
19921,14005,300.0,"[19921, 14005]"
19921,14076,1.0,"[19921, 10303, 14076]"
19921,14376,300.0,"[19921, 14376]"
19921,14444,1.0,"[19921, 13570, 14444]"
19921,15028,1.0,"[19921, 13179, 15028]"
19921,15204,1.0,"[19921, 18863, 15204]"
19921,15206,1.0,"[19921, 13570, 15206]"
19921,15262,5.0,"[19921, 10751, 15262]"
19921,15286,300.0,"[19921, 15286]"
19921,15401,1.0,"[19921, 18863, 15401]"
19921,15506,124.0,"[19921, 15506]"
19921,15747,1.0,"[19921, 19185, 15747]"
19921,15916,270.0,"[19921, 15916]"
19921,15916,19.000000000000007,"[19921, 13651, 15916]"
19921,15916,3.000000000000008,"[19921, 18863, 15916]"
19921,15973,300.0,"[19921, 15973]"
19921,16916,136.0,"[19921, 16916]"
19921,16991,1.0,"[19921, 18863, 16991]"
19921,17312,147.0,"[19921, 17312]"
19921,17495,270.00000000002143,"[19921, 17495]"
19921,17495,29.99999999997854,"[19921, 15286, 17495]"
19921,17535,47.0,"[19921, 17535]"
19921,17547,1.0,"[19921, 17547]"
19921,17770,58.00000000000107,"[19921, 13578, 17770]"
19921,17770,43.609724274076314,"[19921, 10178, 17770]"
19921,17770,60.0,"[19921, 19956, 17770]"
19921,17770,29.99999999996179,"[19921, 18863, 17770]"
19921,17770,48.39027572596083,"[19921, 10751, 17770]"
19921,17770,60.0,"[19921, 14376, 17770]"
19921,17784,1.0,"[19921, 10303, 17784]"
19921,18144,300.0,"[19921, 18144]"
19921,18182,0.9999999999989261,"[19921, 13578, 18182]"
19921,18446,1.0,"[19921, 10708, 18446]"
19921,19185,300.0,"[19921, 19185]"
19921,19469,300.0,"[19921, 19469]"
19921,19539,269.9999999999708,"[19921, 19539]"
19921,19539,13.3902757259556,"[19921, 15286, 19539]"
19921,19539,16.6097242740736,"[19921, 10708, 19539]"
19921,19542,0.9999999999999993,"[19921, 10303, 19542]"
19921,19956,300.0,"[19921, 19956]"
19956,11267,300.0,"[19956, 11267]"
19956,14376,161.0,"[19956, 14376]"
19956,15028,1.0,"[19956, 15204, 15028]"
19956,15401,1.0,"[19956, 15401]"
19956,15973,300.0000000000148,"[19956, 15973]"
19956,16053,162.0,"[19956, 16053]"
19956,16219,269.99999999998835,"[19956, 16219]"
19956,16219,30.000000000003865,"[19956, 11168, 16219]"
