src,dst,distance,time,price_per_km,price
16219,16219,0.0,0.0,238.8,0.0
16219,10270,71897.0,3777.0,120.8,8685157.6
16219,11461,75085.0,4714.0,129.0,9685965.0
16219,10303,112927.0,5178.0,49.0,5533423.0
16219,15973,110731.0,5240.0,117.0,12955527.0
16219,14724,131271.0,6331.0,112.59,14779801.89
16219,10708,1473141.0,70708.0,71.7948,105763863.46679999
16219,13503,106371.0,6060.0,104.16,11079603.36
16219,19311,981389.0,49970.0,78.0,76548342.0
16219,10570,1382579.0,67098.0,72.765,100603360.935
16219,13578,1620068.0,78322.0,69.3,112270712.39999999
16219,10044,69660.0,4373.0,55.3,3852198.0
16219,15401,1615826.0,78070.0,85.0,137345210.0
16219,18863,779402.0,32782.0,115.0,89631230.0
16219,11267,1095163.0,51836.0,87.0,95279181.0
16219,12627,74753.0,4482.0,129.0,9643137.0
16219,17784,173273.0,9434.0,119.0,20619487.0
16219,13651,1388501.0,67285.0,73.7352,102381398.9352
16219,13183,1449837.0,72036.0,85.0,123236145.0
16219,15872,23442.0,1805.0,255.0,5977710.0
16219,14076,16066.0,1225.0,238.8,3836560.8000000003
16219,16991,761140.0,32246.0,85.0,64696900.0
16219,12663,621270.0,33180.0,83.0,51565410.0
16219,12214,1826495.0,92775.0,67.914,124044581.43
16219,19921,126989.0,5840.0,53.199999999999996,6755814.8
16219,18144,253648.0,14338.0,30.0762,7628767.9776
16219,19371,1615631.0,77948.0,85.0,137328635.0
16219,16053,3175590.0,157245.0,90.0,285803100.0
16219,18978,2754697.0,130453.0,90.0,247922730.0
16219,17312,1609295.0,77755.0,85.0,136790075.0
16219,19956,3443916.0,170600.0,90.0,309952440.0
16219,12573,783570.0,39768.0,82.32,64503482.39999999
16219,19469,481675.0,22993.0,41.425999999999995,19953868.549999997
16219,11861,1617637.0,82710.0,85.0,137499145.0
16219,10327,991192.0,51110.0,85.0,84251320.0
16219,17547,126500.0,5718.0,53.199999999999996,6729799.999999999
16219,19180,484181.0,26591.0,69.85,33820042.849999994
16219,12985,90648.0,4518.0,124.0,11240352.0
16219,14005,53442.0,3670.0,148.0,7909416.0
16219,16142,3231698.0,150003.0,90.0,290852820.0
16219,15916,1793585.0,86325.0,86.13,154481476.04999998
16219,17770,4997843.0,249666.0,90.0,449805870.0
16219,12364,3936597.0,179806.0,90.0,354293730.0
16219,13179,538199.0,25376.0,66.9438,36029086.2162
16219,19539,1095066.0,51793.0,87.0,95270742.0
16219,17822,258444.0,11826.0,115.0,29721060.0
16219,16262,1060536.0,52976.0,78.0,82721808.0
16219,16133,1693669.0,84647.0,77.616,131455813.104
16219,10178,463837.0,25568.0,21.0,9740577.0
16219,11568,1133782.0,53060.0,81.0,91836342.0
16219,13431,1404952.0,72775.0,82.0,115206064.0
16219,19185,1225119.0,58163.0,73.7352,90334394.4888
16219,16366,3907146.0,179130.0,90.0,351643140.0
16219,13680,8196323.0,399045.0,72.0,590135256.0
16219,11027,3282044.0,157940.0,90.0,295383960.0
16219,10904,549222.0,25862.0,90.7,49814435.4
16219,17535,1417177.0,73751.0,82.0,116208514.0
16219,19171,1275147.0,64355.0,84.0,107112348.0
16219,11214,1415133.0,72793.0,82.0,116040906.0
16219,16916,1790535.0,86441.0,86.13,154218779.54999998
16219,18476,853194.0,45765.0,100.0,85319400.0
16219,11117,3960011.0,196820.0,90.0,356400990.0
16219,14252,747475.0,38961.0,115.0,85959625.0
16219,11472,2950262.0,144692.0,86.3478,254748633.1236
16219,12280,1250490.0,66562.0,85.0,106291650.0
16219,18446,582080.0,30252.0,90.7,52794656.0
16219,12757,1156974.0,59556.0,81.0,93714894.0
16219,17495,980804.0,50268.0,78.0,76502712.0
16219,15506,129026.0,6095.0,46.9,6051319.399999999
16219,10376,1733637.0,84105.0,78.59,136246531.83
16219,15286,661177.0,31903.0,83.0,54877691.0
16219,11168,3182639.0,157888.0,90.0,286437510.0
16219,13856,2537947.0,125219.0,90.0,228415230.0
16219,15292,1330157.0,68533.0,80.0,106412560.0
16219,13523,628280.0,33229.0,83.0,52147240.0
16219,14376,4155737.0,207915.0,85.0,353237645.0
16219,17253,3948778.0,195960.0,90.0,355390020.0
16219,15028,8926580.0,432100.0,72.0,642713760.0
16219,15262,6082008.0,301210.0,90.0,547380720.0
16219,15206,732350.0,38665.0,71.7948,52578921.779999994
16219,12379,1733780.0,93798.0,78.59,136257770.20000002
16219,15747,1095325.0,51826.0,87.0,95293275.0
16219,19542,146074.0,8207.0,112.59,16446471.66
16219,13570,733820.0,38630.0,71.7948,52684460.136
16219,13474,783089.0,39652.0,82.32,64463886.48
16219,10659,1065820.0,50196.0,78.0,83133960.0
16219,14070,852971.0,45726.0,100.0,85297100.0
16219,13101,1951166.0,94480.0,80.0,156093280.0
16219,12952,8194043.0,398945.0,72.0,589971096.0
16219,18182,3186921.0,157359.0,90.0,286822890.0
16219,19338,2743025.0,134496.0,90.0,246872250.0
16219,10989,1688285.0,84402.0,77.62,131044681.7
16219,18577,978420.0,50124.0,78.0,76316760.0
16219,15204,4639227.0,236546.0,90.0,417530430.0
16219,13250,3523230.0,174244.0,90.0,317090700.0
16219,17039,3757395.0,173248.0,90.0,338165550.0
16219,14444,516983.0,29870.0,38.5,19903845.5
16219,18849,1294162.0,66853.0,80.0,103532960.0
16219,10751,3044024.0,150166.0,86.3478,262844775.54720002
10270,16219,64593.0,3976.0,120.8,7802834.399999999
10270,10270,0.0,0.0,225.0,0.0
10270,11461,53491.0,3264.0,139.0,7435249.0
10270,10303,69627.0,3786.0,58.8,4094067.5999999996
10270,15973,67431.0,3847.0,126.0,8496306.0
10270,14724,110452.0,5719.0,42.699999999999996,4716300.399999999
10270,10708,1430509.0,69285.0,85.0,121593265.0
10270,13503,83843.0,4547.0,126.0,10564218.0
10270,19311,957305.0,48627.0,40.0,38292200.0
10270,10570,1339948.0,65674.0,84.0,112555632.0
10270,13578,1683740.0,80549.0,79.56,133958354.4
10270,10044,47132.0,2859.0,79.1,3728141.1999999997
10270,15401,1679498.0,80297.0,79.56,133620860.88000001
10270,18863,758583.0,32170.0,81.4968,61822087.03439999
10270,11267,1052532.0,50412.0,75.6756,79650990.6192
10270,12627,69425.0,3782.0,58.8,4082190.0
10270,17784,143005.0,8154.0,84.0,12012420.0
10270,13651,1345870.0,65861.0,84.0,113053080.0
10270,13183,1425491.0,73176.0,85.0,121166735.0
10270,15872,66069.0,4148.0,113.0,7465797.0
10270,14076,93444.0,4423.0,126.0,11773944.0
10270,16991,740321.0,31633.0,81.4968,60333792.472799994
10270,12663,591002.0,31900.0,79.0,46689158.0
10270,12214,1802411.0,91432.0,79.56,143399819.16
10270,19921,83689.0,4448.0,54.599999999999994,4569419.399999999
10270,18144,317320.0,16565.0,76.0,24116320.0
10270,19371,1679303.0,80175.0,79.56,133605346.68
10270,16053,3239262.0,159472.0,79.56,257715684.72
10270,18978,2818369.0,132680.0,79.56,224229437.64000002
10270,17312,1566663.0,76332.0,82.0,128466366.0
10270,19956,3507589.0,172827.0,79.56,279063780.84000003
10270,12573,847242.0,41995.0,82.32,69744961.44
10270,19469,439044.0,21569.0,76.0,33367344.0
10270,11861,1681309.0,84937.0,79.56,133764944.04
10270,10327,1054864.0,53337.0,85.0,89663440.0
10270,17547,83200.0,4325.0,57.4,4775680.0
10270,19180,500845.0,27650.0,80.0,40067600.0
10270,12985,45008.0,2930.0,231.0,10396848.0
10270,14005,30783.0,1856.0,225.0,6926175.0
10270,16142,3207352.0,151143.0,79.56,255176925.12
10270,15916,1750953.0,84901.0,79.56,139305820.68
10270,17770,5061515.0,251893.0,79.56,402694133.40000004
10270,12364,3912251.0,180946.0,79.56,311258689.56
10270,13179,495568.0,23952.0,74.48,36909904.64
10270,19539,1052435.0,50369.0,75.6756,79643650.08600001
10270,17822,237625.0,11214.0,104.0,24713000.0
10270,16262,1037794.0,53665.0,75.6756,78535683.62640001
10270,16133,1757341.0,86874.0,79.56,139814049.96
10270,10178,452455.0,24143.0,74.48,33698848.4
10270,11568,1122401.0,51634.0,71.0,79690471.0
10270,13431,1380869.0,71433.0,85.0,117373865.0
10270,19185,1182487.0,56739.0,71.0,83956577.0
10270,16366,3882800.0,180271.0,79.56,308915568.0
10270,13680,8259996.0,401272.0,79.56,657165281.76
10270,11027,3345717.0,160167.0,79.56,266185244.52
10270,10904,506591.0,24438.0,80.0,40527280.0
10270,17535,1393093.0,72408.0,85.0,118412905.0
10270,19171,1338820.0,66582.0,84.0,112460880.0
10270,11214,1478806.0,75020.0,82.0,121262092.0
10270,16916,1747903.0,85017.0,79.56,139063162.68
10270,18476,822925.0,44484.0,79.5564,65468950.47
10270,11117,4023683.0,199047.0,79.56,320124219.48
10270,14252,717207.0,37680.0,81.4968,58450075.437599994
10270,11472,3013935.0,146919.0,79.56,239788668.6
10270,12280,1267154.0,67620.0,84.0,106440936.0
10270,18446,538780.0,28859.0,79.0,42563620.0
10270,12757,1220647.0,61783.0,71.0,86665937.0
10270,17495,956720.0,48925.0,81.5,77972680.0
10270,15506,108207.0,5482.0,42.699999999999996,4620438.899999999
10270,10376,1797309.0,86332.0,79.56,142993904.04
10270,15286,618545.0,30479.0,79.0,48865055.0
10270,11168,3246311.0,160115.0,79.56,258276503.16
10270,13856,2601620.0,127446.0,79.56,206984887.20000002
10270,15292,1243836.0,69058.0,71.0,88312356.0
10270,13523,691953.0,35456.0,80.0,55356240.0
10270,14376,4219410.0,210142.0,79.56,335696259.6
10270,17253,4012451.0,198187.0,79.56,319230601.56
10270,15028,8990252.0,434327.0,79.56,715264449.12
10270,15262,6145680.0,303437.0,79.56,488950300.8
10270,15206,689051.0,37273.0,80.0,55124080.0
10270,12379,1703512.0,92518.0,79.56,135531414.72
10270,15747,1052694.0,50402.0,75.6756,79663250.0664
10270,19542,209746.0,10434.0,104.0,21813584.0
10270,13570,690520.0,37237.0,80.0,55241600.0
10270,13474,846761.0,41879.0,82.32,69705365.52
10270,10659,1054438.0,48771.0,85.0,89627230.0
10270,14070,822702.0,44446.0,79.56,65454171.120000005
10270,13101,2014838.0,96707.0,79.56,160300511.28
10270,12952,8257716.0,401172.0,79.56,656983884.96
10270,18182,3250594.0,159586.0,79.56,258617258.64000002
10270,19338,2806697.0,136724.0,79.56,223300813.32
10270,10989,1751957.0,86629.0,79.56,139385698.92000002
10270,18577,1001199.0,51161.0,70.0,70083930.0
10270,15204,4702899.0,238773.0,79.56,374162644.44
10270,13250,3586902.0,176471.0,79.56,285373923.12
10270,17039,3733049.0,174389.0,79.56,297001378.44
10270,14444,533647.0,30929.0,79.0,42158113.0
10270,18849,1357834.0,69080.0,84.0,114058056.0
10270,10751,3107697.0,152394.0,79.56,247248373.32
11461,16219,74607.0,4691.0,57.4,4282441.8
11461,10270,53902.0,3276.0,142.0,7654084.0
11461,11461,0.0,0.0,164.0,0.0
11461,10303,28367.0,1532.0,164.0,4652188.0
11461,15973,29574.0,1551.0,164.0,4850136.0
11461,14724,83780.0,4425.0,57.4,4808972.0
11461,10708,1424502.0,68661.0,57.4,81766414.8
11461,13503,40143.0,2268.0,164.0,6583452.0
11461,19311,951298.0,48004.0,57.4,54604505.199999996
11461,10570,1333941.0,65051.0,57.4,76568213.39999999
11461,13578,1681843.0,80922.0,57.4,96537788.2
11461,10044,10036.0,951.0,164.0,1645904.0
11461,15401,1677601.0,80670.0,57.4,96294297.39999999
11461,18863,731911.0,30876.0,57.4,42011691.4
11461,11267,1046525.0,49789.0,57.4,60070535.0
11461,12627,49096.0,2893.0,142.0,6971632.0
11461,17784,193860.0,10342.0,57.4,11127564.0
11461,13651,1339863.0,65237.0,57.4,76908136.2
11461,13183,1511612.0,74636.0,57.4,86766528.8
11461,15872,55776.0,3564.0,57.4,3201542.4
11461,14076,70089.0,4205.0,57.4,4023108.6
11461,16991,713649.0,30340.0,57.4,40963452.6
11461,12663,641858.0,34088.0,57.4,36842649.199999996
11461,12214,1796405.0,90809.0,57.4,103113647.0
11461,19921,59702.0,2823.0,57.4,3426894.8
11461,18144,315423.0,16938.0,57.4,18105280.2
11461,19371,1677406.0,80548.0,57.4,96283104.39999999
11461,16053,3237365.0,159845.0,57.4,185824751.0
11461,18978,2816472.0,133053.0,57.4,161665492.79999998
11461,17312,1560656.0,75708.0,57.4,89581654.39999999
11461,19956,3505691.0,173200.0,57.4,201226663.4
11461,12573,845345.0,42368.0,57.4,48522803.0
11461,19469,433037.0,20945.0,57.4,24856323.8
11461,11861,1679412.0,85310.0,57.4,96398248.8
11461,10327,1052967.0,53710.0,57.4,60440305.8
11461,17547,59212.0,2701.0,57.4,3398768.8
11461,19180,481867.0,26853.0,57.4,27659165.8
11461,12985,41329.0,2439.0,164.0,6777956.0
11461,14005,25321.0,1718.0,164.0,4152644.0
11461,16142,3293473.0,152603.0,57.4,189045350.2
11461,15916,1744946.0,84278.0,57.4,100159900.39999999
11461,17770,5059618.0,252266.0,57.4,290422073.2
11461,12364,3998372.0,182406.0,57.4,229506552.79999998
11461,13179,489561.0,23329.0,57.4,28100801.4
11461,19539,1046428.0,49746.0,57.4,60064967.199999996
11461,17822,210953.0,9920.0,57.4,12108702.2
11461,16262,1122311.0,55576.0,57.4,64420651.4
11461,16133,1755444.0,87247.0,57.4,100762485.6
11461,10178,408756.0,21865.0,57.4,23462594.4
11461,11568,1078701.0,49356.0,57.4,61917437.4
11461,13431,1374862.0,70809.0,57.4,78917078.8
11461,19185,1176480.0,56116.0,57.4,67529952.0
11461,16366,3968921.0,181730.0,57.4,227816065.4
11461,13680,8258098.0,401645.0,57.4,474014825.2
11461,11027,3343819.0,160540.0,57.4,191935210.6
11461,10904,500584.0,23815.0,57.4,28733521.599999998
11461,17535,1387087.0,71785.0,57.4,79618793.8
11461,19171,1336922.0,66955.0,57.4,76739322.8
11461,11214,1476908.0,75393.0,57.4,84774519.2
11461,16916,1741896.0,84394.0,57.4,99984830.39999999
11461,18476,845804.0,45520.0,57.4,48549149.6
11461,11117,4021786.0,199420.0,57.4,230850516.4
11461,14252,768062.0,39869.0,57.4,44086758.8
11461,11472,3012037.0,147292.0,57.4,172890923.79999998
11461,12280,1248176.0,66823.0,57.4,71645302.39999999
11461,18446,514793.0,27235.0,57.4,29549118.2
11461,12757,1218749.0,62156.0,57.4,69956192.6
11461,17495,950713.0,48301.0,57.4,54570926.199999996
11461,15506,81534.0,4189.0,57.4,4680051.6
11461,10376,1795412.0,86705.0,57.4,103056648.8
11461,15286,612538.0,29856.0,57.4,35159681.199999996
11461,11168,3244414.0,160488.0,57.4,186229363.6
11461,13856,2599722.0,127819.0,57.4,149224042.79999998
11461,15292,1266251.0,70039.0,57.4,72682807.39999999
11461,13523,690055.0,35829.0,57.4,39609157.0
11461,14376,4217512.0,210515.0,57.4,242085188.79999998
11461,17253,4010553.0,198560.0,57.4,230205742.2
11461,15028,8988355.0,434700.0,57.4,515931577.0
11461,15262,6143783.0,303810.0,57.4,352653144.2
11461,15206,665063.0,35649.0,57.4,38174616.199999996
11461,12379,1725927.0,93499.0,57.4,99068209.8
11461,15747,1046687.0,49779.0,57.4,60079833.8
11461,19542,207849.0,10807.0,57.4,11930532.6
11461,13570,666975.0,35643.0,57.4,38284365.0
11461,13474,844864.0,42252.0,57.4,48495193.6
11461,10659,1010738.0,46492.0,57.4,58016361.199999996
11461,14070,845581.0,45481.0,57.4,48536349.4
11461,13101,2012941.0,97080.0,57.4,115542813.39999999
11461,12952,8255818.0,401545.0,57.4,473883953.2
11461,18182,3248696.0,159959.0,57.4,186475150.4
11461,19338,2804800.0,137097.0,57.4,160995520.0
11461,10989,1750060.0,87002.0,57.4,100453444.0
11461,18577,1040195.0,52725.0,57.4,59707193.0
11461,15204,4701001.0,239146.0,57.4,269837457.4
11461,13250,3585005.0,176844.0,57.4,205779287.0
11461,17039,3819170.0,175848.0,57.4,219220358.0
11461,14444,514668.0,30132.0,57.4,29541943.2
11461,18849,1335986.0,69441.0,57.4,76685596.39999999
11461,10751,3105800.0,152767.0,57.4,178272920.0
10303,16219,95710.0,5518.0,285.59999999999997,27334775.999999996
10303,10270,66490.0,3910.0,285.59999999999997,18989543.999999996
10303,11461,30954.0,1723.0,285.59999999999997,8840462.399999999
10303,10303,0.0,0.0,322.7,0.0
10303,15973,6894.0,604.0,285.59999999999997,1968926.3999999997
10303,14724,106280.0,5265.0,285.59999999999997,30353567.999999996
10303,10708,1410299.0,68104.0,285.59999999999997,402781394.4
10303,13503,56188.0,2972.0,285.59999999999997,16047292.799999999
10303,19311,937096.0,47446.0,285.59999999999997,267634617.59999996
10303,10570,1319738.0,64493.0,285.59999999999997,376917172.79999995
10303,13578,1702945.0,81750.0,285.59999999999997,486361091.99999994
10303,10044,29841.0,1725.0,285.59999999999997,8522589.6
10303,15401,1698703.0,81497.0,285.59999999999997,485149576.79999995
10303,18863,754411.0,31716.0,285.59999999999997,215459781.59999996
10303,11267,1032322.0,49231.0,285.59999999999997,294831163.2
10303,12627,77412.0,3941.0,285.59999999999997,22108867.199999996
10303,17784,184724.0,9748.0,285.59999999999997,52757174.39999999
10303,13651,1325660.0,64680.0,285.59999999999997,378608495.99999994
10303,13183,1467209.0,74770.0,285.59999999999997,419034890.4
10303,15872,83967.0,4507.0,285.59999999999997,23980975.199999996
10303,14076,98279.0,5148.0,285.59999999999997,28068482.4
10303,16991,736148.0,31180.0,285.59999999999997,210243868.79999998
10303,12663,632721.0,33494.0,285.59999999999997,180705117.59999996
10303,12214,1782202.0,90251.0,285.59999999999997,508996891.1999999
10303,19921,37022.0,1876.0,285.59999999999997,10573483.2
10303,18144,336525.0,17766.0,285.59999999999997,96111539.99999999
10303,19371,1698508.0,81375.0,285.59999999999997,485093884.79999995
10303,16053,3258467.0,160673.0,285.59999999999997,930618175.1999999
10303,18978,2837574.0,133880.0,285.59999999999997,810411134.3999999
10303,17312,1546453.0,75151.0,285.59999999999997,441666976.79999995
10303,19956,3526794.0,174028.0,285.59999999999997,1007252366.3999999
10303,12573,866447.0,43195.0,285.59999999999997,247457263.19999996
10303,19469,418834.0,20388.0,285.59999999999997,119618990.39999999
10303,11861,1700514.0,86137.0,285.59999999999997,485666798.3999999
10303,10327,1074069.0,54537.0,285.59999999999997,306754106.4
10303,17547,36533.0,1754.0,285.59999999999997,10433824.799999999
10303,19180,513050.0,27970.0,285.59999999999997,146527079.99999997
10303,12985,27126.0,1881.0,285.59999999999997,7747185.599999999
10303,14005,45126.0,2493.0,285.59999999999997,12887985.599999998
10303,16142,3249071.0,152737.0,285.59999999999997,927934677.5999999
10303,15916,1730743.0,83720.0,285.59999999999997,494300200.79999995
10303,17770,5080720.0,253093.0,285.59999999999997,1451053631.9999998
10303,12364,3953969.0,182540.0,285.59999999999997,1129253546.3999999
10303,13179,475358.0,22772.0,285.59999999999997,135762244.79999998
10303,19539,1032225.0,49188.0,285.59999999999997,294803459.99999994
10303,17822,233453.0,10760.0,285.59999999999997,66674176.79999999
10303,16262,1079513.0,55259.0,285.59999999999997,308308912.79999995
10303,16133,1776546.0,88074.0,285.59999999999997,507381537.59999996
10303,10178,418291.0,22084.0,285.59999999999997,119463909.59999998
10303,11568,1088236.0,49575.0,285.59999999999997,310800201.59999996
10303,13431,1360659.0,70252.0,285.59999999999997,388604210.4
10303,19185,1162277.0,55559.0,285.59999999999997,331946311.2
10303,16366,3924518.0,181865.0,285.59999999999997,1120842340.8
10303,13680,8279201.0,402473.0,285.59999999999997,2364539805.6
10303,11027,3364922.0,161368.0,285.59999999999997,961021723.1999999
10303,10904,486381.0,23257.0,285.59999999999997,138910413.6
10303,17535,1372884.0,71227.0,285.59999999999997,392095670.4
10303,19171,1358025.0,67782.0,285.59999999999997,387851939.99999994
10303,11214,1498010.0,76221.0,285.59999999999997,427831655.99999994
10303,16916,1727694.0,83837.0,285.59999999999997,493429406.3999999
10303,18476,831602.0,44963.0,285.59999999999997,237505531.19999996
10303,11117,4042888.0,200247.0,285.59999999999997,1154648812.8
10303,14252,758926.0,39274.0,285.59999999999997,216749265.59999996
10303,11472,3033140.0,148120.0,285.59999999999997,866264783.9999999
10303,12280,1279359.0,67940.0,285.59999999999997,365384930.4
10303,18446,492113.0,26288.0,285.59999999999997,140547472.79999998
10303,12757,1239852.0,62984.0,285.59999999999997,354101731.1999999
10303,17495,936510.0,47744.0,285.59999999999997,267467255.99999997
10303,15506,104034.0,5029.0,285.59999999999997,29712110.399999995
10303,10376,1816514.0,87533.0,285.59999999999997,518796398.3999999
10303,15286,598335.0,29299.0,285.59999999999997,170884475.99999997
10303,11168,3265516.0,161316.0,285.59999999999997,932631369.5999999
10303,13856,2620825.0,128646.0,285.59999999999997,748507619.9999999
10303,15292,1252049.0,69481.0,285.59999999999997,357585194.4
10303,13523,711157.0,36657.0,285.59999999999997,203106439.2
10303,14376,4238615.0,211342.0,285.59999999999997,1210548443.9999998
10303,17253,4031656.0,199387.0,285.59999999999997,1151440953.6
10303,15028,9009457.0,435528.0,285.59999999999997,2573100919.2
10303,15262,6164885.0,304638.0,285.59999999999997,1760691155.9999998
10303,15206,642384.0,34702.0,285.59999999999997,183464870.39999998
10303,12379,1711724.0,92941.0,285.59999999999997,488868374.3999999
10303,15747,1032484.0,49222.0,285.59999999999997,294877430.4
10303,19542,228951.0,11635.0,285.59999999999997,65388405.599999994
10303,13570,634557.0,34584.0,285.59999999999997,181229479.2
10303,13474,865966.0,43080.0,285.59999999999997,247319889.59999996
10303,10659,1020273.0,46711.0,285.59999999999997,291389968.79999995
10303,14070,831379.0,44924.0,285.59999999999997,237441842.39999998
10303,13101,2034043.0,97908.0,285.59999999999997,580922680.8
10303,12952,8276921.0,402373.0,285.59999999999997,2363888637.6
10303,18182,3269799.0,160787.0,285.59999999999997,933854594.3999999
10303,19338,2825902.0,137924.0,285.59999999999997,807077611.1999999
10303,10989,1771162.0,87829.0,285.59999999999997,505843867.1999999
10303,18577,1042917.0,52755.0,285.59999999999997,297857095.2
10303,15204,4722103.0,239974.0,285.59999999999997,1348632616.8
10303,13250,3606107.0,177671.0,285.59999999999997,1029904159.1999999
10303,17039,3774767.0,175983.0,285.59999999999997,1078073455.1999998
10303,14444,545852.0,31249.0,285.59999999999997,155895331.2
10303,18849,1377039.0,70281.0,285.59999999999997,393282338.4
10303,10751,3126902.0,153594.0,285.59999999999997,893043211.1999999
15973,16219,115817.0,5452.0,116.0,13434772.0
15973,10270,63012.0,3715.0,130.0,8191560.0
15973,11461,32003.0,1691.0,74.89999999999999,2397024.6999999997
15973,10303,7880.0,603.0,189.7,1494836.0
15973,15973,0.0,0.0,1715.6999999999998,0.0
15973,14724,107329.0,5233.0,112.0,12020848.0
15973,10708,1406821.0,67909.0,74.7054,105097125.5334
15973,13503,57237.0,2940.0,138.0,7898706.0
15973,19311,933618.0,47251.0,79.56,74278648.08
15973,10570,1316260.0,64299.0,71.79,94494305.4
15973,13578,1703994.0,81717.0,82.0,139727508.0
15973,10044,30890.0,1693.0,100.1,3092089.0
15973,15401,1699752.0,81465.0,82.0,139379664.0
15973,18863,755460.0,31683.0,115.0,86877900.0
15973,11267,1028844.0,49036.0,79.56,81854828.64
15973,12627,78461.0,3908.0,148.0,11612228.0
15973,17784,181248.0,9574.0,118.0,21387264.0
15973,13651,1322182.0,64485.0,81.0,107096742.0
15973,13183,1463733.0,74597.0,81.4968,119289555.5544
15973,15872,85016.0,4474.0,124.0,10541984.0
15973,14076,99328.0,5116.0,57.4,5701427.2
15973,16991,737198.0,31147.0,86.8,63988786.4
15973,12663,629245.0,33320.0,85.0,53485825.0
15973,12214,1778724.0,90056.0,77.616,138057441.984
15973,19921,33547.0,1703.0,74.89999999999999,2512670.3
15973,18144,337574.0,17733.0,56.0,18904144.0
15973,19371,1699557.0,81343.0,82.0,139363674.0
15973,16053,3259516.0,160640.0,75.68,246680170.88000003
15973,18978,2838623.0,133848.0,85.0,241282955.0
15973,17312,1542975.0,74956.0,82.0,126523950.0
15973,19956,3527843.0,173995.0,90.0,317505870.0
15973,12573,867496.0,43163.0,79.56,69017981.76
15973,19469,415356.0,20193.0,41.42754,17207177.30424
15973,11861,1701563.0,86105.0,82.0,139528166.0
15973,10327,1075118.0,54505.0,81.4968,87618676.62239999
15973,17547,33057.0,1580.0,74.89999999999999,2475969.3
15973,19180,514099.0,27937.0,75.0,38557425.0
15973,12985,23648.0,1686.0,88.19999999999999,2085753.5999999996
15973,14005,46175.0,2460.0,137.0,6325975.0
15973,16142,3245595.0,152564.0,75.68,245626629.60000002
15973,15916,1727266.0,83525.0,86.13,148769420.57999998
15973,17770,5081769.0,253061.0,89.15,453039706.35
15973,12364,3950493.0,182367.0,90.0,355544370.0
15973,13179,471880.0,22577.0,77.0,36334760.0
15973,19539,1028747.0,48993.0,79.56,81847111.32000001
15973,17822,234502.0,10727.0,41.3,9684932.6
15973,16262,1076037.0,55085.0,81.4968,87693572.18159999
15973,16133,1777595.0,88042.0,77.616,137969813.52
15973,10178,414815.0,21910.0,35.99442,14931025.3323
15973,11568,1084760.0,49401.0,69.8,75716248.0
15973,13431,1357181.0,70057.0,84.0,114003204.0
15973,19185,1158799.0,55364.0,69.8,80884170.2
15973,16366,3921042.0,181691.0,90.0,352893780.0
15973,13680,8280250.0,402440.0,74.0,612738500.0
15973,11027,3365971.0,161335.0,75.68,254736685.28000003
15973,10904,482903.0,23062.0,84.0,40563852.0
15973,17535,1369406.0,71032.0,84.0,115030104.0
15973,19171,1359074.0,67750.0,84.0,114162216.0
15973,11214,1499060.0,76188.0,82.0,122922920.0
15973,16916,1724216.0,83642.0,86.13,148506724.07999998
15973,18476,828124.0,44768.0,79.56,65885545.440000005
15973,11117,4043937.0,200215.0,90.0,363954330.0
15973,14252,755450.0,39101.0,115.0,86876750.0
15973,11472,3034189.0,148087.0,75.68,229627423.52
15973,12280,1280409.0,67907.0,85.0,108834765.0
15973,18446,488638.0,26114.0,38.709999999999994,18915176.979999997
15973,12757,1240901.0,62951.0,85.0,105476585.0
15973,17495,933032.0,47549.0,79.56,74232025.92
15973,15506,105084.0,4996.0,126.0,13240584.0
15973,10376,1817563.0,87500.0,77.616,141071969.808
15973,15286,594857.0,29104.0,39.390119999999996,23431488.612839997
15973,11168,3266565.0,161283.0,75.68,247213639.20000002
15973,13856,2621874.0,128614.0,85.0,222859290.0
15973,15292,1248571.0,69286.0,85.0,106128535.0
15973,13523,712207.0,36624.0,42.105,29987475.735
15973,14376,4239664.0,211310.0,90.0,381569760.0
15973,17253,4032705.0,199355.0,90.0,362943450.0
15973,15028,9010506.0,435495.0,72.0,648756432.0
15973,15262,6165934.0,304605.0,89.15,549693016.1
15973,15206,638908.0,34528.0,85.0,54307180.0
15973,12379,1708246.0,92747.0,82.0,140076172.0
15973,15747,1029006.0,49027.0,79.56,81867717.36
15973,19542,230000.0,11602.0,41.3,9499000.0
15973,13570,640820.0,34522.0,69.8544,44764096.607999995
15973,13474,867015.0,43047.0,79.56,68979713.4
15973,10659,1016798.0,46538.0,79.56,80896448.88
15973,14070,827901.0,44729.0,79.56,65867803.56
15973,13101,2035092.0,97875.0,85.0,172982820.0
15973,12952,8277970.0,402340.0,74.0,612569780.0
15973,18182,3270848.0,160754.0,75.68,247537776.64000002
15973,19338,2826951.0,137891.0,85.0,240290835.0
15973,10989,1772211.0,87797.0,77.616,137551928.976
15973,18577,1039442.0,52581.0,79.56,82698005.52
15973,15204,4723152.0,239941.0,89.15,421069000.8
15973,13250,3607156.0,177639.0,90.0,324644040.0
15973,17039,3771291.0,175809.0,90.0,339416190.0
15973,14444,546901.0,31216.0,75.0,41017575.0
15973,18849,1378088.0,70248.0,84.0,115759392.0
15973,10751,3127951.0,153561.0,75.68,236723331.68
14724,16219,131265.0,6373.0,114.57,15039031.049999999
14724,10270,113080.0,5796.0,42.699999999999996,4828515.999999999
14724,11461,82912.0,4388.0,56.28,4666287.36
14724,10303,102516.0,5008.0,112.0,11481792.0
14724,15973,103723.0,5027.0,112.0,11616976.0
14724,14724,0.0,0.0,354.9,0.0
14724,10708,1503833.0,72187.0,106.0,159406298.0
14724,13503,85257.0,4486.0,56.28,4798263.96
14724,19311,1030630.0,51529.0,63.76,65712968.8
14724,10570,1413272.0,68577.0,106.0,149806832.0
14724,13578,1713391.0,82005.0,106.0,181619446.0
14724,10044,89055.0,4436.0,55.27199999999999,4922247.959999999
14724,15401,1709149.0,81752.0,106.0,181169794.0
14724,18863,656659.0,27445.0,115.0,75515785.0
14724,11267,1125856.0,53314.0,63.76,71784578.56
14724,12627,46658.0,2607.0,70.69999999999999,3298720.5999999996
14724,17784,250044.0,13238.0,44.8,11201971.2
14724,13651,1419194.0,68763.0,106.0,150434564.0
14724,13183,1543160.0,75719.0,106.0,163574960.0
14724,15872,98271.0,5210.0,45.5,4471330.5
14724,14076,120783.0,5513.0,123.0,14856309.0
14724,16991,638397.0,26909.0,115.0,73415655.0
14724,12663,698041.0,36984.0,115.0,80274715.0
14724,12214,1875736.0,94334.0,106.0,198828016.0
14724,19921,133852.0,6299.0,46.9,6277658.8
14724,18144,346971.0,18021.0,44.8,15544300.799999999
14724,19371,1708955.0,81631.0,106.0,181149230.0
14724,16053,3268913.0,160928.0,106.0,346504778.0
14724,18978,2848021.0,134136.0,106.0,301890226.0
14724,17312,1639987.0,79234.0,106.0,173838622.0
14724,19956,3537240.0,174283.0,106.0,374947440.0
14724,12573,876894.0,43451.0,63.76,55910761.44
14724,19469,512368.0,24471.0,44.8,22954086.4
14724,11861,1710960.0,86392.0,106.0,181361760.0
14724,10327,1084516.0,54792.0,63.76,69148740.16
14724,17547,133362.0,6177.0,46.9,6254677.8
14724,19180,475187.0,26095.0,44.8,21288377.599999998
14724,12985,120660.0,5964.0,123.0,14841180.0
14724,14005,86120.0,4345.0,55.27199999999999,4760024.64
14724,16142,3325022.0,153686.0,106.0,352452332.0
14724,15916,1824278.0,87803.0,106.0,193373468.0
14724,17770,5091166.0,253349.0,106.0,539663596.0
14724,12364,4029920.0,183489.0,106.0,427171520.0
14724,13179,568892.0,26855.0,115.0,65422580.0
14724,19539,1125759.0,53271.0,63.76,71778393.84
14724,17822,135701.0,6489.0,112.0,15198512.0
14724,16262,1153859.0,56659.0,63.76,73570049.84
14724,16133,1786993.0,88330.0,106.0,189421258.0
14724,10178,410823.0,22390.0,44.8,18404870.4
14724,11568,1080768.0,49881.0,63.76,68909767.67999999
14724,13431,1454193.0,74335.0,106.0,154144458.0
14724,19185,1255811.0,59642.0,63.76,80070509.36
14724,16366,4000469.0,182813.0,106.0,424049714.0
14724,13680,8289647.0,402728.0,106.0,878702582.0
14724,11027,3375368.0,161623.0,106.0,357789008.0
14724,10904,579915.0,27340.0,115.0,66690225.0
14724,17535,1466418.0,75310.0,106.0,155440308.0
14724,19171,1368471.0,68037.0,106.0,145057926.0
14724,11214,1508457.0,76476.0,106.0,159896442.0
14724,16916,1821228.0,87920.0,106.0,193050168.0
14724,18476,925136.0,49046.0,63.76,58986671.36
14724,11117,4053334.0,200503.0,106.0,429653404.0
14724,14252,824246.0,42765.0,63.76,52553924.96
14724,11472,3043586.0,148375.0,106.0,322620116.0
14724,12280,1241497.0,66065.0,63.76,79157848.72
14724,18446,588942.0,30711.0,115.0,67728330.0
14724,12757,1250298.0,63239.0,63.76,79719000.48
14724,17495,1030045.0,51827.0,63.76,65675669.199999996
14724,15506,6054.0,661.0,354.9,2148564.6
14724,10376,1826960.0,87788.0,106.0,193657760.0
14724,15286,691870.0,33382.0,115.0,79565050.0
14724,11168,3275963.0,161571.0,106.0,347252078.0
14724,13856,2631271.0,128901.0,106.0,278914726.0
14724,15292,1423481.0,72216.0,106.0,150888986.0
14724,13523,721604.0,36912.0,63.76,46009471.04
14724,14376,4249061.0,211598.0,106.0,450400466.0
14724,17253,4042102.0,199642.0,106.0,428462812.0
14724,15028,9019904.0,435783.0,106.0,956109824.0
14724,15262,6175332.0,304893.0,106.0,654585192.0
14724,15206,739213.0,39125.0,63.76,47132220.879999995
14724,12379,1805258.0,97025.0,106.0,191357348.0
14724,15747,1126018.0,53305.0,63.76,71794907.67999999
14724,19542,239398.0,11890.0,44.8,10725030.399999999
14724,13570,696162.0,37755.0,115.0,80058630.0
14724,13474,876412.0,43335.0,63.76,55880029.12
14724,10659,1012805.0,47018.0,63.76,64576446.8
14724,14070,924913.0,49007.0,63.76,58972452.879999995
14724,13101,2044489.0,98163.0,106.0,216715834.0
14724,12952,8287367.0,402628.0,106.0,878460902.0
14724,18182,3280245.0,161042.0,106.0,347705970.0
14724,19338,2836348.0,138179.0,106.0,300652888.0
14724,10989,1781608.0,88084.0,106.0,188850448.0
14724,18577,1071744.0,53807.0,63.76,68334397.44
14724,15204,4732550.0,240229.0,106.0,501650300.0
14724,13250,3616553.0,177927.0,106.0,383354618.0
14724,17039,3850718.0,176931.0,106.0,408176108.0
14724,14444,521845.0,28019.0,44.8,23378656.0
14724,18849,1329307.0,68683.0,106.0,140906542.0
14724,10751,3137348.0,153849.0,106.0,332558888.0
10708,16219,1480242.0,71168.0,49.0,72531858.0
10708,10270,1423345.0,69432.0,49.0,69743905.0
10708,11461,1427610.0,68872.0,49.0,69952890.0
10708,10303,1416958.0,68237.0,49.0,69430942.0
10708,15973,1414762.0,68299.0,49.0,69323338.0
10708,14724,1508238.0,72498.0,49.0,73903662.0
10708,10708,0.0,0.0,94.1094,0.0
10708,13503,1458146.0,70205.0,49.0,71449154.0
10708,19311,618184.0,33531.0,65.0,40181960.0
10708,10570,295166.0,16053.0,45.0,13282470.0
10708,13578,2294639.0,117384.0,60.0,137678340.0
10708,10044,1420623.0,68408.0,49.0,69610527.0
10708,15401,2290397.0,117131.0,60.0,137423820.0
10708,18863,2156369.0,98949.0,60.0,129382140.0
10708,11267,388327.0,20363.0,236.0,91645172.0
10708,12627,1473089.0,70833.0,49.0,72181361.0
10708,17784,1321603.0,67277.0,21.3444,28208823.0732
10708,13651,307971.0,15918.0,39.390119999999996,12131014.646519998
10708,13183,1794909.0,94020.0,60.0,107694540.0
10708,15872,1475425.0,71239.0,49.0,72295825.0
10708,14076,1496226.0,71490.0,49.0,73315074.0
10708,16991,2138107.0,98413.0,60.0,128286420.0
10708,12663,1203329.0,63433.0,21.3444,25684335.507600002
10708,12214,563569.0,26326.0,85.0,47903365.0
10708,19921,1397462.0,67709.0,49.0,68475638.0
10708,18144,1720102.0,83632.0,60.0,103206120.0
10708,19371,2290202.0,117009.0,60.0,137412120.0
10708,16053,3739178.0,191043.0,60.0,224350680.0
10708,18978,3276125.0,163821.0,60.0,196567500.0
10708,17312,137224.0,7303.0,94.1094,12914068.305599999
10708,19956,4007505.0,204398.0,60.0,240450300.0
10708,12573,1448022.0,77285.0,49.0,70953078.0
10708,19469,1053668.0,51616.0,105.0,110635140.0
10708,11861,2204244.0,115178.0,60.0,132254640.0
10708,10327,1794983.0,94999.0,60.0,107698980.0
10708,17547,1396973.0,67586.0,49.0,68451677.0
10708,19180,1904509.0,94702.0,60.0,114270540.0
10708,12985,1389587.0,67094.0,49.0,68089763.0
10708,14005,1436585.0,69225.0,49.0,70392665.0
10708,16142,3384688.0,163629.0,60.0,203081280.0
10708,15916,321514.0,15873.0,38.115,12254506.110000001
10708,17770,5561432.0,283463.0,60.0,333685920.0
10708,12364,4089586.0,193432.0,60.0,245375160.0
10708,13179,948443.0,46734.0,105.0,99586515.0
10708,19539,388230.0,20320.0,236.0,91622280.0
10708,17822,1635411.0,77993.0,60.0,98124660.0
10708,16262,1392082.0,73494.0,49.0,68212018.0
10708,16133,2270548.0,117178.0,60.0,136232880.0
10708,10178,1667993.0,85414.0,60.0,100079580.0
10708,11568,2284717.0,110456.0,60.0,137083020.0
10708,13431,635378.0,32616.0,70.0,44476460.0
10708,19185,270985.0,13801.0,22.411619999999996,6073212.845699999
10708,16366,4060135.0,192756.0,60.0,243608100.0
10708,13680,8759913.0,432843.0,60.0,525594780.0
10708,11027,3845633.0,191738.0,60.0,230737980.0
10708,10904,928303.0,45322.0,105.0,97471815.0
10708,17535,638802.0,33131.0,70.0,44716140.0
10708,19171,1861755.0,96823.0,60.0,111705300.0
10708,11214,2250616.0,116476.0,60.0,135036960.0
10708,16916,318464.0,15989.0,89.1,28375142.4
10708,18476,999018.0,53978.0,105.0,104896890.0
10708,11117,4523599.0,230617.0,60.0,271415940.0
10708,14252,1219111.0,66200.0,21.3444,26021192.8284
10708,11472,3624834.0,183754.0,60.0,217490040.0
10708,12280,2670818.0,134672.0,60.0,160249080.0
10708,18446,1161463.0,57886.0,21.3444,24790730.8572
10708,12757,2001484.0,105107.0,60.0,120089040.0
10708,17495,621156.0,33824.0,65.0,40375140.0
10708,15506,1505993.0,72262.0,49.0,73793657.0
10708,10376,2408208.0,123167.0,60.0,144492480.0
10708,15286,1048001.0,51652.0,105.0,110040105.0
10708,11168,3746228.0,191686.0,60.0,224773680.0
10708,13856,3101536.0,159016.0,60.0,186092160.0
10708,15292,1409564.0,78849.0,49.0,69068636.0
10708,13523,1638968.0,86689.0,60.0,98338080.0
10708,14376,4719326.0,241712.0,60.0,283159560.0
10708,17253,4512367.0,229757.0,60.0,270742020.0
10708,15028,9490169.0,465898.0,60.0,569410140.0
10708,15262,6645597.0,335008.0,60.0,398735820.0
10708,15206,976268.0,54621.0,105.0,102508140.0
10708,12379,1045053.0,79096.0,105.0,109730565.0
10708,15747,388489.0,20353.0,236.0,91683404.0
10708,19542,1612529.0,77500.0,60.0,96751740.0
10708,13570,1667700.0,84464.0,60.0,100062000.0
10708,13474,1447541.0,77169.0,49.0,70929509.0
10708,10659,2236337.0,108217.0,60.0,134180220.0
10708,14070,998795.0,53940.0,105.0,104873475.0
10708,13101,2625737.0,133541.0,60.0,157544220.0
10708,12952,8757633.0,432743.0,60.0,525457980.0
10708,18182,3750510.0,191157.0,60.0,225030600.0
10708,19338,3417596.0,173558.0,60.0,205055760.0
10708,10989,2265164.0,116933.0,60.0,135909840.0
10708,18577,1433905.0,76147.0,49.0,70261345.0
10708,15204,5202815.0,270344.0,60.0,312168900.0
10708,13250,4086819.0,208041.0,60.0,245209140.0
10708,17039,3910385.0,186874.0,60.0,234623100.0
10708,14444,1937311.0,97981.0,60.0,116238660.0
10708,18849,2440777.0,125027.0,60.0,146446620.0
10708,10751,3718596.0,189228.0,60.0,223115760.0
13503,16219,103771.0,6063.0,104.16,10808787.36
13503,10270,81769.0,4595.0,126.0,10302894.0
13503,11461,33570.0,2398.0,138.0,4632660.0
13503,10303,51364.0,2842.0,138.0,7088232.0
13503,15973,52571.0,2862.0,138.0,7254798.0
13503,14724,84039.0,4470.0,56.28,4729714.92
13503,10708,1452681.0,70021.0,69.8544,101476159.6464
13503,13503,0.0,0.0,1138.0,0.0
13503,19311,979478.0,49364.0,69.8544,68420848.0032
13503,10570,1362120.0,66411.0,69.8544,95150075.328
13503,13578,1711007.0,82295.0,69.8544,119521367.3808
13503,10044,37903.0,2270.0,138.0,5230614.0
13503,15401,1706765.0,82042.0,69.8544,119225045.016
13503,18863,732170.0,30920.0,69.8544,51145296.048
13503,11267,1074704.0,51149.0,69.8544,75072803.0976
13503,12627,55171.0,3145.0,67.704,3735297.3839999996
13503,17784,222040.0,11702.0,90.0,19983600.0
13503,13651,1368042.0,66598.0,69.8544,95563753.0848
13503,13183,1540776.0,76008.0,69.8544,107629983.01439999
13503,15872,92028.0,5051.0,139.0,12791892.0
13503,14076,106341.0,5693.0,104.16,11076478.56
13503,16991,713908.0,30384.0,69.8544,49869614.9952
13503,12663,670037.0,35448.0,69.8544,46805032.6128
13503,12214,1824584.0,92169.0,69.8544,127455220.5696
13503,19921,82699.0,4134.0,53.9,4457476.1
13503,18144,344587.0,18311.0,73.0,25154851.0
13503,19371,1706570.0,81920.0,69.8544,119211423.40799999
13503,16053,3266529.0,161217.0,69.8544,228181423.37759998
13503,18978,2845636.0,134425.0,69.8544,198780195.3984
13503,17312,1588835.0,77068.0,69.8544,110987115.624
13503,19956,3534855.0,174572.0,69.8544,246925175.112
13503,12573,874509.0,43740.0,69.8544,61088301.489599995
13503,19469,461216.0,22306.0,69.8544,32217966.9504
13503,11861,1708576.0,86682.0,69.8544,119351551.3344
13503,10327,1082131.0,55082.0,69.8544,75591611.7264
13503,17547,82210.0,4011.0,126.0,10358460.0
13503,19180,506461.0,27872.0,69.8544,35378529.2784
13503,12985,69508.0,3799.0,127.0,8827516.0
13503,14005,53188.0,3037.0,68.03999999999999,3618911.5199999996
13503,16142,3322637.0,153975.0,69.8544,232100814.0528
13503,15916,1773126.0,85638.0,69.8544,123860652.8544
13503,17770,5088782.0,253638.0,69.8544,355473813.3408
13503,12364,4027536.0,183778.0,69.8544,281341110.75839996
13503,13179,517740.0,24689.0,69.8544,36166417.056
13503,19539,1074607.0,51106.0,69.8544,75066027.2208
13503,17822,211212.0,9964.0,90.0,19009080.0
13503,16262,1151475.0,56949.0,69.8544,80435595.24
13503,16133,1784608.0,88619.0,69.8544,124662721.07519999
13503,10178,370772.0,20120.0,73.0,27066356.0
13503,11568,1040717.0,47611.0,69.8544,72698661.6048
13503,13431,1403041.0,72169.0,69.8544,98008587.2304
13503,19185,1204659.0,57476.0,69.8544,84150731.6496
13503,16366,3998085.0,183103.0,69.8544,279283828.824
13503,13680,8287262.0,403018.0,69.8544,578901714.6528
13503,11027,3372983.0,161912.0,69.8544,235617703.6752
13503,10904,528763.0,25175.0,69.8544,36936422.1072
13503,17535,1415266.0,73145.0,69.8544,98862557.2704
13503,19171,1366086.0,68327.0,69.8544,95427117.8784
13503,11214,1506072.0,76765.0,69.8544,105205755.91679999
13503,16916,1770076.0,85754.0,69.8544,123647596.93439999
13503,18476,873984.0,46880.0,69.8544,61051627.9296
13503,11117,4050950.0,200792.0,69.8544,282976681.68
13503,14252,796242.0,41229.0,69.8544,55621007.164799996
13503,11472,3041201.0,148665.0,69.8544,212441271.13439998
13503,12280,1272770.0,67842.0,69.8544,88908584.688
13503,18446,537790.0,28546.0,69.8544,37566997.776
13503,12757,1247913.0,63529.0,69.8544,87172213.8672
13503,17495,978892.0,49662.0,69.8544,68379913.3248
13503,15506,81794.0,4233.0,126.0,10306044.0
13503,10376,1824576.0,88078.0,69.8544,127454661.7344
13503,15286,640717.0,31216.0,69.8544,44756901.6048
13503,11168,3273578.0,161861.0,69.8544,228673827.0432
13503,13856,2628886.0,129191.0,69.8544,183639254.1984
13503,15292,1294431.0,71399.0,69.8544,90421700.8464
13503,13523,719219.0,37201.0,69.8544,50240611.7136
13503,14376,4246676.0,211887.0,69.8544,296649003.9744
13503,17253,4039717.0,199932.0,69.8544,282192007.2048
13503,15028,9017519.0,436073.0,69.8544,629913379.2336
13503,15262,6172947.0,305182.0,69.8544,431207508.91679996
13503,15206,688061.0,36959.0,69.8544,48064088.318399996
13503,12379,1754106.0,94859.0,69.8544,122532022.1664
13503,15747,1074866.0,51139.0,69.8544,75084119.5104
13503,19542,237013.0,12179.0,90.0,21331170.0
13503,13570,634879.0,34034.0,69.8544,44349091.6176
13503,13474,874028.0,43624.0,69.8544,61054701.5232
13503,10659,972754.0,44747.0,69.8544,67951147.0176
13503,14070,873761.0,46842.0,69.8544,61036050.3984
13503,13101,2042105.0,98452.0,69.8544,142650019.512
13503,12952,8284982.0,402917.0,69.8544,578742446.6208
13503,18182,3277860.0,161332.0,69.8544,228972943.584
13503,19338,2833964.0,138469.0,69.8544,197964854.8416
13503,10989,1779224.0,88374.0,69.8544,124286624.9856
13503,18577,1069359.0,54097.0,69.8544,74699431.32959999
13503,15204,4730165.0,240518.0,69.8544,330422837.976
13503,13250,3614169.0,178216.0,69.8544,252465606.99359998
13503,17039,3848334.0,177221.0,69.8544,268823062.5696
13503,14444,539263.0,31151.0,69.8544,37669893.3072
13503,18849,1360580.0,70460.0,69.8544,95042499.552
13503,10751,3134963.0,154139.0,69.8544,218990959.3872
19311,16219,985089.0,50274.0,52.0,51224628.0
19311,10270,947528.0,48719.0,52.0,49271456.0
19311,11461,951792.0,48158.0,52.0,49493184.0
19311,10303,941141.0,47524.0,52.0,48939332.0
19311,15973,938945.0,47585.0,52.0,48825140.0
19311,14724,1032421.0,51784.0,115.0,118728415.0
19311,10708,616289.0,33377.0,65.0,40058785.0
19311,13503,982329.0,49491.0,52.0,51081108.0
19311,19311,0.0,0.0,80.0,0.0
19311,10570,746872.0,38501.0,80.0,59749760.0
19311,13578,1683581.0,84559.0,115.0,193611815.0
19311,10044,944805.0,47695.0,52.0,49129860.0
19311,15401,1679339.0,84306.0,115.0,193123985.0
19311,18863,1680552.0,78235.0,115.0,193263480.0
19311,11267,459457.0,23239.0,80.0,36756560.0
19311,12627,997271.0,50120.0,52.0,51858092.0
19311,17784,801045.0,41644.0,79.0,63282555.0
19311,13651,752795.0,38688.0,80.0,60223600.0
19311,13183,1183851.0,61196.0,115.0,136142865.0
19311,15872,999608.0,50525.0,52.0,51979616.0
19311,14076,1001074.0,50596.0,52.0,52055848.0
19311,16991,1662290.0,77699.0,115.0,191163350.0
19311,12663,592271.0,30608.0,65.0,38497615.0
19311,12214,848565.0,43226.0,79.0,67036635.0
19311,19921,921645.0,46995.0,90.0,82948050.0
19311,18144,1112191.0,58473.0,115.0,127901965.0
19311,19371,1679144.0,84185.0,115.0,193101560.0
19311,16053,3128120.0,158218.0,75.0,234609000.0
19311,18978,2665067.0,130997.0,75.0,199880025.0
19311,17312,635248.0,36329.0,65.0,41291120.0
19311,19956,3396447.0,171573.0,75.0,254733525.0
19311,12573,836964.0,44461.0,79.0,66120156.0
19311,19469,657281.0,33162.0,65.0,42723265.0
19311,11861,1593186.0,82354.0,115.0,183216390.0
19311,10327,1183925.0,62174.0,115.0,136151375.0
19311,17547,921155.0,46872.0,90.0,82903950.0
19311,19180,1428692.0,73988.0,115.0,164299580.0
19311,12985,913770.0,46380.0,90.0,82239300.0
19311,14005,960768.0,48511.0,52.0,49959936.0
19311,16142,2777664.0,131149.0,75.0,208324800.0
19311,15916,778407.0,43828.0,79.0,61494153.0
19311,17770,4950373.0,250639.0,75.0,371277975.0
19311,12364,3482562.0,160952.0,75.0,261192150.0
19311,13179,589603.0,30977.0,65.0,38324195.0
19311,19539,459360.0,23196.0,80.0,36748800.0
19311,17822,1159594.0,57279.0,115.0,133353310.0
19311,16262,781024.0,40669.0,79.0,61700896.0
19311,16133,1659490.0,84354.0,115.0,190841350.0
19311,10178,1336205.0,68323.0,115.0,153663575.0
19311,11568,1925876.0,94699.0,115.0,221475740.0
19311,13431,427022.0,23227.0,80.0,34161760.0
19311,19185,589412.0,29566.0,65.0,38311780.0
19311,16366,3453111.0,160276.0,75.0,258983325.0
19311,13680,8148854.0,400019.0,75.0,611164050.0
19311,11027,3234575.0,158913.0,75.0,242593125.0
19311,10904,569462.0,29565.0,65.0,37015030.0
19311,17535,439247.0,24202.0,80.0,35139760.0
19311,19171,1250697.0,63999.0,115.0,143830155.0
19311,11214,1639558.0,83651.0,115.0,188549170.0
19311,16916,782636.0,44058.0,79.0,61828244.0
19311,18476,387959.0,21154.0,80.0,31036720.0
19311,11117,3912541.0,197793.0,75.0,293440575.0
19311,14252,608053.0,33376.0,65.0,39523445.0
19311,11472,3013775.0,150929.0,75.0,226033125.0
19311,12280,2195001.0,113958.0,115.0,252425115.0
19311,18446,802552.0,42126.0,79.0,63401608.0
19311,12757,1390426.0,72282.0,115.0,159898990.0
19311,17495,10098.0,1000.0,80.0,807840.0
19311,15506,1030175.0,51548.0,115.0,118470125.0
19311,10376,1797150.0,90342.0,115.0,206672250.0
19311,15286,689090.0,35891.0,65.0,44790850.0
19311,11168,3135170.0,158861.0,75.0,235137750.0
19311,13856,2490478.0,126192.0,75.0,186785850.0
19311,15292,798894.0,46081.0,79.0,63112626.0
19311,13523,1027910.0,53864.0,115.0,118209650.0
19311,14376,4108268.0,208888.0,75.0,308120100.0
19311,17253,3901309.0,196933.0,75.0,292598175.0
19311,15028,8879111.0,433073.0,75.0,665933325.0
19311,15262,6034539.0,302183.0,75.0,452590425.0
19311,15206,824879.0,43196.0,79.0,65165441.0
19311,12379,1055301.0,58734.0,115.0,121359615.0
19311,15747,459619.0,23229.0,80.0,36769520.0
19311,19542,1008388.0,52876.0,52.0,52436176.0
19311,13570,1308789.0,68704.0,115.0,150510735.0
19311,13474,836483.0,44345.0,79.0,66082157.0
19311,10659,1877496.0,92461.0,115.0,215912040.0
19311,14070,387736.0,21115.0,80.0,31018880.0
19311,13101,2014679.0,100717.0,115.0,231688085.0
19311,12952,8146574.0,399918.0,75.0,610993050.0
19311,18182,3139452.0,158332.0,75.0,235458900.0
19311,19338,2806538.0,140733.0,75.0,210490350.0
19311,10989,1654106.0,84109.0,115.0,190222190.0
19311,18577,822847.0,43323.0,79.0,65004913.0
19311,15204,4591757.0,237519.0,75.0,344381775.0
19311,13250,3475760.0,175217.0,75.0,260682000.0
19311,17039,3303361.0,154394.0,75.0,247752075.0
19311,14444,1461493.0,77267.0,115.0,168071695.0
19311,18849,1829718.0,92202.0,115.0,210417570.0
19311,10751,3107537.0,156403.0,75.0,233065275.0
10570,16219,1393829.0,67396.0,33.0,45996357.0
10570,10270,1336933.0,65661.0,33.0,44118789.0
10570,11461,1341197.0,65100.0,33.0,44259501.0
10570,10303,1330545.0,64466.0,25.2252,33563263.734000005
10570,15973,1328349.0,64527.0,25.2252,33507869.1948
10570,14724,1421825.0,68726.0,33.0,46920225.0
10570,10708,291757.0,15863.0,67.0,19547719.0
10570,13503,1371733.0,66433.0,33.0,45267189.0
10570,19311,752970.0,38457.0,42.0,31624740.0
10570,10570,0.0,0.0,155.25,0.0
10570,13578,2431219.0,122388.0,66.0,160460454.0
10570,10044,1334210.0,64637.0,33.0,44028930.0
10570,15401,2426976.0,122135.0,66.0,160180416.0
10570,18863,2069957.0,95177.0,38.808,80330891.256
10570,11267,301914.0,16591.0,72.52,21894803.279999997
10570,12627,1386676.0,67062.0,33.0,45760308.0
10570,17784,1235190.0,63505.0,24.255,29959533.45
10570,13651,19101.0,1863.0,155.25,2965430.25
10570,13183,1931488.0,99024.0,38.808,74957186.304
10570,15872,1389013.0,67467.0,33.0,45837429.0
10570,14076,1409814.0,67718.0,33.0,46523862.0
10570,16991,2051694.0,94641.0,38.808,79622140.752
10570,12663,1219633.0,64433.0,24.255,29582198.415
10570,12214,854257.0,41933.0,42.0,35878794.0
10570,19921,1311049.0,63937.0,25.2252,33071473.2348
10570,18144,1633690.0,79860.0,65.0,106189850.0
10570,19371,2426782.0,122013.0,66.0,160167612.0
10570,16053,3875757.0,196047.0,70.0,271302990.0
10570,18978,3412704.0,168826.0,57.2418,195349319.8272
10570,17312,427911.0,22910.0,63.06,26984067.66
10570,19956,4144084.0,209402.0,70.0,290085880.0
10570,12573,1584602.0,82289.0,65.0,102999130.0
10570,19469,967256.0,47844.0,35.0,33853960.0
10570,11861,2340824.0,120182.0,66.94,156694758.56
10570,10327,1931563.0,100003.0,38.808,74960096.904
10570,17547,1310560.0,63814.0,25.2252,33059138.112
10570,19180,1818096.0,90930.0,65.0,118176240.0
10570,12985,1303174.0,63322.0,33.0,43004742.0
10570,14005,1350172.0,65453.0,33.0,44555676.0
10570,16142,3525301.0,168978.0,70.0,246771070.0
10570,15916,612202.0,31480.0,70.0,42854140.0
10570,17770,5698011.0,288468.0,80.0,455840880.0
10570,12364,4230200.0,198781.0,70.0,296114000.0
10570,13179,862031.0,42962.0,42.0,36205302.0
10570,19539,301817.0,16548.0,72.52,21887768.84
10570,17822,1548998.0,74221.0,65.0,100684870.0
10570,16262,1528662.0,78498.0,65.0,99363030.0
10570,16133,2407128.0,122182.0,66.94,161133148.32
10570,10178,1581581.0,81643.0,65.0,102802765.0
10570,11568,2198304.0,106684.0,66.94,147154469.76
10570,13431,841283.0,44881.0,42.0,35333886.0
10570,19185,184572.0,10030.0,67.914,12535022.808
10570,16366,4200749.0,198105.0,70.0,294052430.0
10570,13680,8896492.0,437847.0,80.0,711719360.0
10570,11027,3982212.0,196742.0,70.0,278754840.0
10570,10904,841890.0,41550.0,42.0,35359380.0
10570,17535,844706.0,45397.0,42.0,35477652.0
10570,19171,1998334.0,101827.0,38.808,77551345.872
10570,11214,2387196.0,121480.0,66.94,159798900.23999998
10570,16916,609152.0,31596.0,70.0,42640640.0
10570,18476,1135597.0,58982.0,65.0,73813805.0
10570,11117,4660178.0,235622.0,70.0,326212460.0
10570,14252,1332287.0,69986.0,33.0,43965471.0
10570,11472,3761413.0,188758.0,70.0,263298910.0
10570,12280,2584405.0,130900.0,66.0,170570730.0
10570,18446,1075050.0,54114.0,35.0,37626750.0
10570,12757,2138063.0,110111.0,38.808,82973948.904
10570,17495,757736.0,38829.0,42.0,31824912.0
10570,15506,1419580.0,68490.0,33.0,46846140.0
10570,10376,2544787.0,128171.0,66.0,167955942.0
10570,15286,961589.0,47880.0,35.0,33655615.0
10570,11168,3882807.0,196690.0,70.0,271796490.0
10570,13856,3238115.0,164020.0,57.2418,185355531.207
10570,15292,1546532.0,83909.0,65.0,100524580.0
10570,13523,1655271.0,87689.0,65.0,107592615.0
10570,14376,4855905.0,246717.0,70.0,339913350.0
10570,17253,4648946.0,234761.0,70.0,325426220.0
10570,15028,9626748.0,470902.0,80.0,770139840.0
10570,15262,6782176.0,340012.0,80.0,542574080.0
10570,15206,889856.0,50849.0,35.0,31144960.0
10570,12379,1250957.0,91362.0,24.255,30341962.035
10570,15747,302076.0,16582.0,72.52,21906551.52
10570,19542,1526116.0,73729.0,65.0,99197540.0
10570,13570,1581287.0,80692.0,65.0,102783655.0
10570,13474,1584120.0,82173.0,65.0,102967800.0
10570,10659,2149924.0,104446.0,38.808,83434250.592
10570,14070,1135374.0,58944.0,65.0,73799310.0
10570,13101,2762316.0,138546.0,66.0,182312856.0
10570,12952,8894212.0,437747.0,80.0,711536960.0
10570,18182,3887089.0,196161.0,70.0,272096230.0
10570,19338,3554175.0,178562.0,70.0,248792250.0
10570,10989,2401743.0,121937.0,66.94,160772676.42
10570,18577,1570485.0,81151.0,65.0,102081525.0
10570,15204,5339395.0,275348.0,80.0,427151600.0
10570,13250,4223398.0,213046.0,70.0,295637860.0
10570,17039,4050998.0,192223.0,70.0,283569860.0
10570,14444,1850898.0,94209.0,65.0,120308370.0
10570,18849,2449059.0,127097.0,66.0,161637894.0
10570,10751,3855175.0,194232.0,70.0,269862250.0
13578,16219,1634794.0,77816.0,20.3742,33307619.914799996
13578,10270,1683900.0,79896.0,31.0464,52279032.96
13578,11461,1683853.0,80395.0,31.0464,52277573.779199995
13578,10303,1704313.0,81154.0,31.0464,52912783.1232
13578,15973,1705520.0,81173.0,31.0464,52950256.128
13578,14724,1713512.0,81396.0,31.0464,53198378.9568
13578,10708,2305155.0,117192.0,31.0464,71566764.192
13578,13503,1715139.0,81741.0,31.0464,53248891.449599996
13578,19311,1695030.0,84424.0,31.0464,52624579.392
13578,10570,2437567.0,122369.0,31.0464,75677680.1088
13578,13578,0.0,0.0,221.2,0.0
13578,10044,1678428.0,80053.0,31.0464,52109147.0592
13578,15401,53203.0,3208.0,63.209999999999994,3362961.63
13578,18863,2361643.0,107847.0,31.0464,73320513.2352
13578,11267,2150151.0,107107.0,31.0464,66754448.0064
13578,12627,1675006.0,80445.0,31.0464,52002906.2784
13578,17784,1631648.0,79170.0,20.3742,33243522.681599997
13578,13651,2443489.0,122556.0,31.0464,75861536.8896
13578,13183,928568.0,45524.0,20.3742,18918830.1456
13578,15872,1623695.0,77768.0,20.3742,33081486.668999996
13578,14076,1611199.0,76966.0,20.3742,32826890.665799998
13578,16991,2343380.0,107311.0,31.0464,72753512.832
13578,12663,1268944.0,60377.0,20.3742,25853718.8448
13578,12214,2537431.0,127041.0,31.0464,78778097.7984
13578,19921,1738992.0,81959.0,31.0464,53989441.2288
13578,18144,1524958.0,75445.0,20.3742,31069799.2836
13578,19371,9796.0,836.0,221.2,2166875.1999999997
13578,16053,1572504.0,80200.0,20.3742,32038510.996799998
13578,18978,1151612.0,53407.0,20.3742,23463173.210399996
13578,17312,2324114.0,120144.0,31.0464,72155372.8896
13578,19956,1840831.0,93555.0,31.0464,57151175.5584
13578,12573,999242.0,49020.0,20.3742,20358756.356399998
13578,19469,1701963.0,83033.0,31.0464,52839824.0832
13578,11861,478962.0,24220.0,20.3742,9758467.5804
13578,10327,638369.0,28871.0,20.3742,13006257.679799998
13578,17547,1738503.0,81837.0,31.0464,53974259.5392
13578,19180,1592295.0,83797.0,20.3742,32441736.788999997
13578,12985,1702651.0,80637.0,31.0464,52861184.0064
13578,14005,1662210.0,79350.0,31.0464,51605636.544
13578,16142,2334015.0,109232.0,31.0464,72462763.296
13578,15916,2467273.0,127643.0,31.0464,76599944.4672
13578,17770,3394758.0,172620.0,31.0464,105395014.7712
13578,12364,2770245.0,128623.0,31.0464,86006134.368
13578,13179,1786013.0,87786.0,31.0464,55449274.003199995
13578,19539,2150054.0,107064.0,31.0464,66751436.5056
13578,17822,1840685.0,86891.0,31.0464,57146642.783999994
13578,16262,910032.0,44232.0,20.3742,18541173.9744
13578,16133,203375.0,10992.0,63.209999999999994,12855333.749999998
13578,10178,2072605.0,101249.0,31.0464,64346923.871999994
13578,11568,2742551.0,128740.0,31.0464,85146335.36639999
13578,13431,2115888.0,107042.0,31.0464,65690705.2032
13578,19185,2280106.0,113434.0,31.0464,70789082.91839999
13578,16366,2797223.0,130146.0,31.0464,86843704.14719999
13578,13680,6593238.0,322000.0,31.0464,204696304.2432
13578,11027,1678959.0,80895.0,31.0464,52125632.6976
13578,10904,1765873.0,86374.0,31.0464,54823999.507199995
13578,17535,2128113.0,108017.0,31.0464,66070247.4432
13578,19171,570653.0,27238.0,20.3742,11626598.352599999
13578,11214,373505.0,17449.0,20.3742,7609865.5709999995
13578,16916,2471502.0,127873.0,31.0464,76731239.6928
13578,18476,1306836.0,63976.0,20.3742,26625738.0312
13578,11117,2356925.0,119774.0,31.0464,73174036.32
13578,14252,1145917.0,54845.0,20.3742,23347142.1414
13578,11472,1347177.0,67647.0,20.3742,27447653.633399997
13578,12280,1898988.0,104867.0,31.0464,58956741.04319999
13578,18446,2003362.0,99199.0,31.0464,62197177.9968
13578,12757,523495.0,26065.0,20.3742,10665791.829
13578,17495,1687356.0,83900.0,31.0464,52386329.318399996
13578,15506,1711266.0,81160.0,31.0464,53128648.7424
13578,10376,171014.0,9244.0,63.209999999999994,10809794.94
13578,15286,1889900.0,92965.0,31.0464,58674591.36
13578,11168,1579554.0,80843.0,20.3742,32182149.106799997
13578,13856,934862.0,48173.0,20.3742,19047065.3604
13578,15292,1060819.0,54117.0,20.3742,21613338.4698
13578,13523,1040611.0,48389.0,20.3742,21201616.6362
13578,14376,2552652.0,130869.0,31.0464,79250655.0528
13578,17253,2345693.0,118914.0,31.0464,72825323.15519999
13578,15028,7323495.0,355055.0,31.0464,227368155.16799998
13578,15262,4478923.0,224165.0,31.0464,139054435.02719998
13578,15206,2025689.0,100269.0,31.0464,62890350.9696
13578,12379,1577050.0,80920.0,20.3742,32131132.109999996
13578,15747,2150313.0,107098.0,31.0464,66759477.5232
13578,19542,1490349.0,70719.0,20.3742,30364668.595799997
13578,13570,2345824.0,114749.0,31.0464,72829390.23359999
13578,13474,998761.0,48904.0,20.3742,20348956.3662
13578,10659,2674588.0,125876.0,31.0464,83036328.88319999
13578,14070,1306613.0,63937.0,20.3742,26621194.584599998
13578,13101,388543.0,19619.0,20.3742,7916252.790599999
13578,12952,6590958.0,321900.0,31.0464,204625518.45119998
13578,18182,1583836.0,80314.0,20.3742,32269391.431199998
13578,19338,1139940.0,57451.0,20.3742,23225365.547999997
13578,10989,205117.0,11319.0,63.209999999999994,12965445.569999998
13578,18577,863509.0,41250.0,20.3742,17593305.0678
13578,15204,3036141.0,159501.0,31.0464,94261247.9424
13578,13250,1920145.0,97198.0,31.0464,59613589.728
13578,17039,2859712.0,132478.0,31.0464,88783762.63679999
13578,14444,1721467.0,90342.0,31.0464,53445353.068799995
13578,18849,1271379.0,62818.0,20.3742,25903330.021799996
13578,10751,1440939.0,73121.0,20.3742,29357979.3738
10044,16219,67655.0,4112.0,55.3,3741321.5
10044,10270,45653.0,2644.0,80.5,3675066.5
10044,11461,8877.0,859.0,100.1,888587.7
10044,10303,29823.0,1700.0,100.1,2985282.3
10044,15973,31029.0,1719.0,100.1,3106002.9
10044,14724,90741.0,4579.0,55.3,5017977.3
10044,10708,1419567.0,68331.0,87.0,123502329.0
10044,13503,40649.0,2286.0,93.1,3784421.9
10044,19311,946363.0,47674.0,87.0,82333581.0
10044,10570,1329006.0,64721.0,87.0,115623522.0
10044,13578,1674891.0,80343.0,87.0,145715517.0
10044,10044,0.0,0.0,100.1,0.0
10044,15401,1670648.0,80090.0,87.0,145346376.0
10044,18863,738872.0,31030.0,87.0,64281864.0
10044,11267,1041590.0,49459.0,87.0,90618330.0
10044,12627,53575.0,2695.0,63.16799999999999,3384225.5999999996
10044,17784,188925.0,10012.0,45.5,8596087.5
10044,13651,1334928.0,64907.0,87.0,116138736.0
10044,13183,1504660.0,74057.0,87.0,130905420.0
10044,15872,55912.0,3100.0,63.16799999999999,3531849.2159999995
10044,14076,70225.0,3742.0,55.3,3883442.5
10044,16991,720610.0,30494.0,87.0,62693070.0
10044,12663,636923.0,33758.0,87.0,55412301.0
10044,12214,1791470.0,90478.0,87.0,155857890.0
10044,19921,61158.0,2991.0,63.16799999999999,3863228.5439999993
10044,18144,308470.0,16359.0,45.5,14035385.0
10044,19371,1670454.0,79969.0,87.0,145329498.0
10044,16053,3230412.0,159266.0,87.0,281045844.0
10044,18978,2809520.0,132474.0,87.0,244428240.0
10044,17312,1555721.0,75378.0,87.0,135347727.0
10044,19956,3498739.0,172621.0,87.0,304390293.0
10044,12573,838393.0,41789.0,87.0,72940191.0
10044,19469,428102.0,20615.0,45.5,19478641.0
10044,11861,1672460.0,84730.0,87.0,145504020.0
10044,10327,1046015.0,53130.0,87.0,91003305.0
10044,17547,60668.0,2869.0,63.16799999999999,3832276.2239999995
10044,19180,484996.0,26563.0,45.5,22067318.0
10044,12985,36394.0,2108.0,93.1,3388281.4
10044,14005,17072.0,1086.0,100.1,1708907.2
10044,16142,3286521.0,152024.0,87.0,285927327.0
10044,15916,1740011.0,83948.0,87.0,151380957.0
10044,17770,5052666.0,251687.0,87.0,439581942.0
10044,12364,3991420.0,181827.0,87.0,347253540.0
10044,13179,484626.0,22999.0,45.5,22050483.0
10044,19539,1041493.0,49415.0,87.0,90609891.0
10044,17822,217914.0,10074.0,45.5,9915087.0
10044,16262,1115359.0,54997.0,87.0,97036233.0
10044,16133,1748492.0,86668.0,87.0,152118804.0
10044,10178,409261.0,21883.0,45.5,18621375.5
10044,11568,1079207.0,49374.0,87.0,93891009.0
10044,13431,1369927.0,70479.0,87.0,119183649.0
10044,19185,1171545.0,55786.0,87.0,101924415.0
10044,16366,3961969.0,181151.0,87.0,344691303.0
10044,13680,8251146.0,401066.0,87.0,717849702.0
10044,11027,3336867.0,159961.0,87.0,290307429.0
10044,10904,495649.0,23484.0,45.5,22552029.5
10044,17535,1382152.0,71454.0,87.0,120247224.0
10044,19171,1329970.0,66375.0,87.0,115707390.0
10044,11214,1469956.0,74814.0,87.0,127886172.0
10044,16916,1736961.0,84064.0,87.0,151115607.0
10044,18476,840869.0,45190.0,87.0,73155603.0
10044,11117,4014833.0,198841.0,87.0,349290471.0
10044,14252,763127.0,39539.0,87.0,66392049.0
10044,11472,3005085.0,146713.0,87.0,261442395.0
10044,12280,1251305.0,66533.0,87.0,108863535.0
10044,18446,516249.0,27403.0,45.5,23489329.5
10044,12757,1211797.0,61577.0,87.0,105426339.0
10044,17495,945778.0,47971.0,87.0,82282686.0
10044,15506,88496.0,4343.0,55.3,4893828.8
10044,10376,1788459.0,86126.0,87.0,155595933.0
10044,15286,607603.0,29526.0,87.0,52861461.0
10044,11168,3237462.0,159909.0,87.0,281659194.0
10044,13856,2592770.0,127239.0,87.0,225570990.0
10044,15292,1261316.0,69709.0,87.0,109734492.0
10044,13523,683103.0,35250.0,87.0,59429961.0
10044,14376,4210560.0,209936.0,87.0,366318720.0
10044,17253,4003601.0,197980.0,87.0,348313287.0
10044,15028,8981403.0,434121.0,87.0,781382061.0
10044,15262,6136831.0,303231.0,87.0,533904297.0
10044,15206,666519.0,35816.0,87.0,57987153.0
10044,12379,1720992.0,93169.0,87.0,149726304.0
10044,15747,1041752.0,49449.0,87.0,90632424.0
10044,19542,200897.0,10228.0,45.5,9140813.5
10044,13570,668430.0,35810.0,87.0,58153410.0
10044,13474,837912.0,41673.0,87.0,72898344.0
10044,10659,1011244.0,46510.0,87.0,87978228.0
10044,14070,840646.0,45151.0,87.0,73136202.0
10044,13101,2005988.0,96501.0,87.0,174520956.0
10044,12952,8248866.0,400966.0,87.0,717651342.0
10044,18182,3241744.0,159380.0,87.0,282031728.0
10044,19338,2797848.0,136517.0,87.0,243412776.0
10044,10989,1743108.0,86422.0,87.0,151650396.0
10044,18577,1033243.0,52145.0,87.0,89892141.0
10044,15204,4694049.0,238567.0,87.0,408382263.0
10044,13250,3578053.0,176265.0,87.0,311290611.0
10044,17039,3812218.0,175269.0,87.0,331662966.0
10044,14444,517797.0,29842.0,45.5,23559763.5
10044,18849,1348985.0,68874.0,87.0,117361695.0
10044,10751,3098847.0,152187.0,87.0,269599689.0
15401,16219,1630976.0,77659.0,21.3444,34812204.1344
15401,10270,1680081.0,79740.0,21.3444,35860320.8964
15401,11461,1680034.0,80238.0,21.3444,35859317.7096
15401,10303,1700494.0,80998.0,21.3444,36296024.133600004
15401,15973,1701701.0,81017.0,21.3444,36321786.8244
15401,14724,1709693.0,81240.0,21.3444,36492371.2692
15401,10708,2301337.0,117035.0,68.44999999999999,157526517.64999998
15401,13503,1711320.0,81585.0,21.3444,36527098.608
15401,19311,1691211.0,84268.0,21.3444,36097884.0684
15401,10570,2433748.0,122213.0,68.44999999999999,166590050.59999996
15401,13578,32346.0,2742.0,152.0,4916592.0
15401,10044,1674610.0,79897.0,21.3444,35743545.684
15401,15401,0.0,0.0,107.1,0.0
15401,18863,2357824.0,107691.0,68.44999999999999,161393052.79999998
15401,11267,2146332.0,106951.0,68.44999999999999,146916425.39999998
15401,12627,1671187.0,80289.0,21.3444,35670483.8028
15401,17784,1627829.0,79014.0,21.3444,34745033.3076
15401,13651,2439671.0,122400.0,68.44999999999999,166995479.94999996
15401,13183,924749.0,45367.0,31.0464,28710127.3536
15401,15872,1619876.0,77611.0,21.3444,34575281.2944
15401,14076,1607380.0,76810.0,21.3444,34308561.672
15401,16991,2339562.0,107155.0,68.44999999999999,160143018.89999998
15401,12663,1265125.0,60221.0,19.404,24548485.5
15401,12214,2533612.0,126884.0,68.44999999999999,173425741.39999998
15401,19921,1735173.0,81803.0,21.3444,37036226.5812
15401,18144,1521139.0,75288.0,95.0,144508205.0
15401,19371,24055.0,2176.0,107.1,2576290.5
15401,16053,1571456.0,80702.0,95.0,149288320.0
15401,18978,1150563.0,53910.0,19.404,22325524.452
15401,17312,2320296.0,119988.0,68.44999999999999,158824261.2
15401,19956,1839783.0,94057.0,68.44999999999999,125933146.34999998
15401,12573,995423.0,48864.0,31.0464,30904300.6272
15401,19469,1698145.0,82877.0,21.3444,36245886.138000004
15401,11861,498060.0,25924.0,12.224519999999998,6088544.4311999995
15401,10327,634551.0,28715.0,12.224519999999998,7757081.390519999
15401,17547,1734684.0,81681.0,21.3444,37025789.1696
15401,19180,1588476.0,83641.0,95.0,150905220.0
15401,12985,1698832.0,80481.0,21.3444,36260549.7408
15401,14005,1658392.0,79194.0,21.3444,35397382.2048
15401,16142,2353113.0,110936.0,68.44999999999999,161070584.84999996
15401,15916,2463455.0,127487.0,68.44999999999999,168623494.74999997
15401,17770,3393709.0,173123.0,68.44999999999999,232299381.04999995
15401,12364,2769197.0,129126.0,68.44999999999999,189551534.64999998
15401,13179,1782194.0,87629.0,68.44999999999999,121991179.29999998
15401,19539,2146235.0,106908.0,68.44999999999999,146909785.74999997
15401,17822,1836866.0,86735.0,68.44999999999999,125733477.69999997
15401,16262,906214.0,44075.0,31.0464,28134682.3296
15401,16133,222474.0,12695.0,90.0,20022660.0
15401,10178,2068786.0,101093.0,68.44999999999999,141608401.7
15401,11568,2738732.0,128584.0,68.44999999999999,187466205.39999998
15401,13431,2112069.0,106885.0,68.44999999999999,144571123.04999998
15401,19185,2276288.0,113278.0,68.44999999999999,155811913.59999996
15401,16366,2796175.0,130649.0,68.44999999999999,191398178.74999997
15401,13680,6592190.0,322503.0,68.44999999999999,451235405.49999994
15401,11027,1677911.0,81397.0,21.3444,35814003.5484
15401,10904,1762054.0,86218.0,68.44999999999999,120612596.29999998
15401,17535,2124294.0,107861.0,68.44999999999999,145407924.29999998
15401,19171,566834.0,27082.0,12.224519999999998,6929273.569679999
15401,11214,369686.0,17293.0,12.224519999999998,4519233.900719999
15401,16916,2467684.0,127716.0,68.44999999999999,168912969.79999998
15401,18476,1303017.0,63820.0,19.404,25283741.868
15401,11117,2355877.0,120277.0,68.44999999999999,161259780.64999998
15401,14252,1142098.0,54688.0,19.404,22161269.592
15401,11472,1346129.0,68149.0,19.404,26120287.116
15401,12280,1895169.0,104711.0,68.44999999999999,129724318.04999998
15401,18446,1999543.0,99043.0,68.44999999999999,136868718.34999996
15401,12757,519676.0,25909.0,12.224519999999998,6352789.65552
15401,17495,1683538.0,83744.0,21.3444,35934108.4872
15401,15506,1707448.0,81004.0,21.3444,36444453.0912
15401,10376,131955.0,7263.0,90.0,11875950.0
15401,15286,1886082.0,92808.0,68.44999999999999,129102312.89999998
15401,11168,1578505.0,81345.0,95.0,149957975.0
15401,13856,933814.0,48676.0,31.0464,28991562.9696
15401,15292,1057001.0,53961.0,31.0464,32816075.8464
15401,13523,1036793.0,48232.0,31.0464,32188690.1952
15401,14376,2551604.0,131372.0,68.44999999999999,174657293.79999998
15401,17253,2344645.0,119417.0,68.44999999999999,160490950.24999997
15401,15028,7322446.0,355557.0,68.44999999999999,501221428.6999999
15401,15262,4477874.0,224667.0,68.44999999999999,306510475.29999995
15401,15206,2021871.0,100113.0,68.44999999999999,138397069.95
15401,12379,1573232.0,80764.0,95.0,149457040.0
15401,15747,2146494.0,106941.0,68.44999999999999,146927514.29999998
15401,19542,1486530.0,70563.0,95.0,141220350.0
15401,13570,2342005.0,114593.0,68.44999999999999,160310242.24999997
15401,13474,994942.0,48748.0,31.0464,30889367.308799997
15401,10659,2670769.0,125720.0,68.44999999999999,182814138.04999998
15401,14070,1302794.0,63781.0,19.404,25279414.776
15401,13101,349483.0,17637.0,12.224519999999998,4272261.92316
15401,12952,6589910.0,322402.0,68.44999999999999,451079339.49999994
15401,18182,1582787.0,80816.0,95.0,150364765.0
15401,19338,1138891.0,57954.0,19.404,22099040.964
15401,10989,224216.0,13023.0,90.0,20179440.0
15401,18577,859690.0,41094.0,31.499999999999996,27080234.999999996
15401,15204,3035093.0,160003.0,68.44999999999999,207752115.84999996
15401,13250,1919096.0,97701.0,68.44999999999999,131362121.19999997
15401,17039,2878810.0,134181.0,68.44999999999999,197054544.49999997
15401,14444,1717648.0,90186.0,21.3444,36662165.9712
15401,18849,1267561.0,62662.0,19.404,24595753.644
15401,10751,1439891.0,73624.0,95.0,136789645.0
18863,16219,780645.0,32885.0,53.0,41374185.0
18863,10270,762460.0,32308.0,53.0,40410380.0
18863,11461,732293.0,30900.0,53.0,38811529.0
18863,10303,751897.0,31520.0,53.0,39850541.0
18863,15973,753104.0,31539.0,53.0,39914512.0
18863,14724,656361.0,27436.0,53.0,34787133.0
18863,10708,2153214.0,98699.0,39.78,85654852.92
18863,13503,734638.0,30998.0,53.0,38935814.0
18863,19311,1680010.0,78041.0,39.78,66830797.800000004
18863,10570,2062652.0,95088.0,39.78,82052296.56
18863,13578,2362772.0,108517.0,39.78,93991070.16
18863,10044,738435.0,30947.0,53.0,39137055.0
18863,15401,2358530.0,108264.0,39.78,93822323.4
18863,18863,0.0,0.0,222.7,0.0
18863,11267,1775236.0,79826.0,39.78,70618888.08
18863,12627,696039.0,29119.0,53.0,36890067.0
18863,17784,899424.0,39750.0,39.78,35779086.72
18863,13651,2068575.0,95275.0,39.78,82287913.5
18863,13183,2192541.0,102231.0,39.78,87219280.98
18863,15872,747651.0,31722.0,53.0,39625503.0
18863,14076,770163.0,32025.0,53.0,40818639.0
18863,16991,16846.0,1198.0,222.7,3751604.1999999997
18863,12663,1347422.0,63496.0,39.78,53600447.160000004
18863,12214,2525116.0,120846.0,39.78,100449114.48
18863,19921,783232.0,32811.0,53.0,41511296.0
18863,18144,942957.0,44000.0,39.78,37510829.46
18863,19371,2358335.0,108142.0,39.78,93814566.3
18863,16053,3918293.0,187440.0,39.78,155869695.54
18863,18978,3497401.0,160647.0,39.78,139126611.78
18863,17312,2289368.0,105746.0,39.78,91071059.04
18863,19956,4186620.0,200795.0,39.78,166543743.6
18863,12573,1526274.0,69962.0,39.78,60715179.72
18863,19469,1161748.0,50983.0,39.78,46214335.44
18863,11861,2360341.0,112904.0,39.78,93894364.98
18863,10327,1733896.0,81304.0,39.78,68974382.88
18863,17547,782743.0,32689.0,53.0,41485379.0
18863,19180,643953.0,33728.0,53.0,34129509.0
18863,12985,770041.0,32476.0,53.0,40812173.0
18863,14005,735500.0,30857.0,53.0,38981500.0
18863,16142,3974402.0,180198.0,39.78,158101711.56
18863,15916,2473658.0,114315.0,39.78,98402115.24000001
18863,17770,5740547.0,279860.0,39.78,228358959.66
18863,12364,4679300.0,210001.0,39.78,186142554.0
18863,13179,1218273.0,53367.0,39.78,48462899.940000005
18863,19539,1775139.0,79783.0,39.78,70615029.42
18863,17822,527638.0,22778.0,53.0,27964814.0
18863,16262,1803240.0,83171.0,39.78,71732887.2
18863,16133,2436373.0,114841.0,39.78,96918917.94
18863,10178,709086.0,38801.0,53.0,37581558.0
18863,11568,1090683.0,59097.0,39.78,43387369.74
18863,13431,2103574.0,100847.0,39.78,83680173.72
18863,19185,1905192.0,86153.0,39.78,75788537.76
18863,16366,4649850.0,209325.0,39.78,184971033.0
18863,13680,8939028.0,429240.0,39.78,355594533.84000003
18863,11027,4024748.0,188135.0,39.78,160104475.44
18863,10904,1229296.0,53852.0,39.78,48901394.88
18863,17535,2115798.0,101822.0,39.78,84166444.44
18863,19171,2017851.0,94549.0,39.78,80270112.78
18863,11214,1866915.0,100154.0,39.78,74265878.7
18863,16916,2470608.0,114431.0,39.78,98280786.24000001
18863,18476,1574516.0,75557.0,39.78,62634246.480000004
18863,11117,4702714.0,227014.0,39.78,187073962.92000002
18863,14252,1473626.0,69277.0,39.78,58620842.28
18863,11472,3692966.0,174887.0,39.78,146906187.48000002
18863,12280,1141997.0,63380.0,39.78,45428640.660000004
18863,18446,1238323.0,57223.0,39.78,49260488.940000005
18863,12757,1899678.0,89751.0,39.78,75569190.84
18863,17495,1679425.0,78339.0,39.78,66807526.5
18863,15506,655792.0,27275.0,53.0,34756976.0
18863,10376,2476340.0,114300.0,39.78,98508805.2
18863,15286,1341250.0,59893.0,39.78,53354925.0
18863,11168,3925343.0,188083.0,39.78,156150144.54
18863,13856,3280651.0,155413.0,39.78,130504296.78
18863,15292,2072861.0,98728.0,39.78,82458410.58
18863,13523,1370984.0,63424.0,39.78,54537743.52
18863,14376,4898441.0,238109.0,39.78,194859982.98000002
18863,17253,4691482.0,226154.0,39.78,186627153.96
18863,15028,9669284.0,462295.0,39.78,384644117.52000004
18863,15262,6824712.0,331405.0,39.78,271487043.36
18863,15206,1388594.0,65636.0,39.78,55238269.32
18863,12379,2454639.0,123536.0,39.78,97645539.42
18863,15747,1775399.0,79817.0,39.78,70625372.22
18863,19542,888778.0,38402.0,39.78,35355588.84
18863,13570,959888.0,51090.0,39.78,38184344.64
18863,13474,1525793.0,69847.0,39.78,60696045.54
18863,10659,939673.0,49964.0,39.78,37380191.94
18863,14070,1574293.0,75519.0,39.78,62625375.54
18863,13101,2294334.0,121928.0,39.78,91268606.52
18863,12952,8936748.0,429140.0,39.78,355503835.44
18863,18182,3929625.0,187554.0,39.78,156320482.5
18863,19338,3485729.0,164691.0,39.78,138662299.62
18863,10989,2430989.0,114596.0,39.78,96704742.42
18863,18577,1721124.0,80319.0,39.78,68466312.72
18863,15204,5381930.0,266741.0,39.78,214093175.4
18863,13250,4265934.0,204438.0,39.78,169698854.52
18863,17039,4500098.0,203443.0,39.78,179013898.44
18863,14444,527367.0,27740.0,53.0,27950451.0
18863,18849,1499666.0,79445.0,39.78,59656713.480000004
18863,10751,3786728.0,180361.0,39.78,150636039.84
11267,16219,1101184.0,52292.0,35.0,38541440.0
11267,10270,1044287.0,50557.0,35.0,36550045.0
11267,11461,1048551.0,49996.0,35.0,36699285.0
11267,10303,1037900.0,49362.0,35.0,36326500.0
11267,15973,1035704.0,49423.0,35.0,36249640.0
11267,14724,1129180.0,53622.0,35.0,39521300.0
11267,10708,385834.0,20257.0,25.128179999999997,9695306.202119999
11267,13503,1079088.0,51329.0,35.0,37768080.0
11267,19311,460324.0,23353.0,40.0,18412960.0
11267,10570,295272.0,16647.0,67.48,19924954.560000002
11267,13578,2138573.0,107284.0,31.0464,66394992.7872
11267,10044,1041565.0,49533.0,35.0,36454775.0
11267,15401,2134331.0,107031.0,31.0464,66263293.958399996
11267,18863,1777311.0,80073.0,22.3146,39659984.040599994
11267,11267,0.0,0.0,777.8050000000001,0.0
11267,12627,1094030.0,51958.0,35.0,38291050.0
11267,17784,942545.0,48401.0,32.0,30161440.0
11267,13651,301195.0,16833.0,77.62,23378755.900000002
11267,13183,1638843.0,83920.0,22.3146,36570126.0078
11267,15872,1096367.0,52363.0,35.0,38372845.0
11267,14076,1117168.0,52614.0,35.0,39100880.0
11267,16991,1759049.0,79537.0,22.3146,39252474.8154
11267,12663,926987.0,49329.0,47.0,43568389.0
11267,12214,948333.0,46327.0,32.0,30346656.0
11267,19921,1018404.0,48833.0,35.0,35644140.0
11267,18144,1341044.0,64756.0,22.3146,29924860.442399997
11267,19371,2134136.0,106909.0,31.0464,66257239.910399996
11267,16053,3583112.0,180943.0,31.0464,111242728.3968
11267,18978,3120059.0,153722.0,31.0464,96866599.7376
11267,17312,521988.0,27304.0,74.7054,38995322.3352
11267,19956,3851439.0,194298.0,31.0464,119573315.76959999
11267,12573,1291956.0,67185.0,22.3146,28829481.3576
11267,19469,674610.0,32740.0,74.7054,50397009.894
11267,11861,2048178.0,105078.0,31.0464,63588553.459199995
11267,10327,1638917.0,84899.0,22.3146,36571777.2882
11267,17547,1017914.0,48710.0,35.0,35626990.0
11267,19180,1525451.0,75826.0,22.3146,34039828.8846
11267,12985,1010529.0,48218.0,39.0,39410631.0
11267,14005,1057527.0,50349.0,35.0,37013445.0
11267,16142,3232656.0,153874.0,31.0464,100362331.2384
11267,15916,706278.0,35873.0,74.7054,52762780.5012
11267,17770,5405365.0,273364.0,31.0464,167817123.936
11267,12364,3937554.0,183677.0,31.0464,122246876.50559999
11267,13179,569385.0,27858.0,13.579999999999998,7732248.299999999
11267,19539,335.0,75.0,777.8050000000001,260564.67500000002
11267,17822,1256353.0,59117.0,22.3146,28035014.6538
11267,16262,1236016.0,63394.0,22.3146,27581202.633599997
11267,16133,2114482.0,107078.0,31.0464,65647053.9648
11267,10178,1288935.0,66539.0,22.3146,28762068.950999998
11267,11568,1905659.0,91580.0,22.3146,42524018.321399994
11267,13431,778601.0,39970.0,33.0,25693833.0
11267,19185,137812.0,7712.0,119.0,16399628.0
11267,16366,3908103.0,183001.0,31.0464,121332528.97919999
11267,13680,8603846.0,422743.0,31.0464,267118444.45439997
11267,11027,3689566.0,181638.0,31.0464,114547741.8624
11267,10904,549245.0,26446.0,13.579999999999998,7458747.099999999
11267,17535,782024.0,40486.0,33.0,25806792.0
11267,19171,1705688.0,86723.0,22.3146,38061745.4448
11267,11214,2094550.0,106376.0,31.0464,65028237.12
11267,16916,703228.0,35990.0,74.7054,52534929.0312
11267,18476,842951.0,43878.0,33.0,27817383.0
11267,11117,4367533.0,220518.0,31.0464,135596176.5312
11267,14252,1039641.0,54882.0,35.0,36387435.0
11267,11472,3468767.0,173654.0,31.0464,107692727.7888
11267,12280,2291760.0,115796.0,31.0464,71150897.66399999
11267,18446,782405.0,39010.0,33.0,25819365.0
11267,12757,1845418.0,95007.0,22.3146,41179764.502799995
11267,17495,465090.0,23725.0,40.0,18603600.0
11267,15506,1126935.0,53386.0,35.0,39442725.0
11267,10376,2252142.0,113067.0,31.0464,69920901.3888
11267,15286,668943.0,32776.0,74.7054,49973654.3922
11267,11168,3590161.0,181586.0,31.0464,111461574.47039999
11267,13856,2945469.0,148916.0,31.0464,91446208.7616
11267,15292,1253886.0,68805.0,22.3146,27979964.5356
11267,13523,1362626.0,72585.0,22.3146,30406454.139599998
11267,14376,4563260.0,231613.0,31.0464,141672795.264
11267,17253,4356301.0,219657.0,31.0464,135247463.3664
11267,15028,9334102.0,455798.0,31.0464,289790264.3328
11267,15262,6489530.0,324908.0,31.0464,201476544.192
11267,15206,597210.0,35745.0,74.7054,44614811.934
11267,12379,1509064.0,81355.0,22.3146,33674159.5344
11267,15747,410.0,93.0,683.655,280298.55
11267,19542,1233470.0,58625.0,22.3146,27524389.661999997
11267,13570,1288642.0,65588.0,22.3146,28755530.773199998
11267,13474,1291475.0,67069.0,22.3146,28818748.034999996
11267,10659,1857278.0,89342.0,22.3146,41444415.6588
11267,14070,842728.0,43840.0,33.0,27810024.0
11267,13101,2469670.0,123442.0,31.0464,76674362.688
11267,12952,8601566.0,422643.0,31.0464,267047658.66239998
11267,18182,3594444.0,181057.0,31.0464,111594546.2016
11267,19338,3261529.0,163458.0,31.0464,101258733.94559999
11267,10989,2109098.0,106833.0,31.0464,65479900.147199996
11267,18577,1277839.0,66047.0,22.3146,28514466.1494
11267,15204,5046749.0,260244.0,31.0464,156683388.15359998
11267,13250,3930752.0,197942.0,31.0464,122035698.89279999
11267,17039,3758352.0,177119.0,31.0464,116683299.53279999
11267,14444,1558252.0,79105.0,22.3146,34771770.0792
11267,18849,2156414.0,111993.0,31.0464,66948891.6096
11267,10751,3562529.0,179128.0,31.0464,110603700.3456
12627,16219,76640.0,4553.0,130.0,9963200.0
12627,10270,72833.0,3919.0,57.4,4180614.1999999997
12627,11461,47990.0,2946.0,73.416,3523233.84
12627,10303,72887.0,3621.0,57.4,4183713.8
12627,15973,74093.0,3641.0,151.0,11188043.0
12627,14724,43614.0,2474.0,70.69999999999999,3083509.7999999993
12627,10708,1472814.0,70732.0,87.0,128134818.0
12627,13503,55627.0,3099.0,68.03999999999999,3784861.0799999996
12627,19311,999610.0,50075.0,87.0,86966070.0
12627,10570,1382252.0,67122.0,87.0,120255924.0
12627,13578,1676339.0,81072.0,87.0,145841493.0
12627,10044,56955.0,2955.0,47.663,2714646.165
12627,15401,1672096.0,80819.0,87.0,145472352.0
12627,18863,691746.0,28925.0,100.0,69174600.0
12627,11267,1094836.0,51860.0,87.0,95250732.0
12627,12627,0.0,0.0,91.392,0.0
12627,17784,209797.0,11361.0,45.5,9545763.5
12627,13651,1388175.0,67309.0,87.0,120771225.0
12627,13183,1506107.0,74786.0,87.0,131031309.0
12627,15872,58024.0,3333.0,47.663,2765597.912
12627,14076,72337.0,3974.0,57.4,4152143.8
12627,16991,673483.0,28389.0,100.0,67348300.0
12627,12663,657794.0,35107.0,100.0,65779400.0
12627,12214,1844716.0,92880.0,87.0,160490292.0
12627,19921,104222.0,4913.0,42.699999999999996,4450279.399999999
12627,18144,309918.0,17088.0,40.068,12417794.423999999
12627,19371,1671902.0,80697.0,87.0,145455474.0
12627,16053,3231860.0,159995.0,87.0,281171820.0
12627,18978,2810968.0,133203.0,87.0,244554216.0
12627,17312,1608968.0,77779.0,87.0,139980216.0
12627,19956,3500187.0,173350.0,87.0,304516269.0
12627,12573,839841.0,42518.0,87.0,73066167.0
12627,19469,481348.0,23017.0,100.0,48134800.0
12627,11861,1673908.0,85459.0,87.0,145629996.0
12627,10327,1047463.0,53859.0,87.0,91129281.0
12627,17547,103732.0,4790.0,42.699999999999996,4429356.399999999
12627,19180,457702.0,25457.0,100.0,45770200.0
12627,12985,89641.0,4510.0,53.199999999999996,4768901.199999999
12627,14005,45873.0,2468.0,73.416,3367812.168
12627,16142,3287969.0,152753.0,87.0,286053303.0
12627,15916,1793258.0,86349.0,87.0,156013446.0
12627,17770,5054114.0,252415.0,87.0,439707918.0
12627,12364,3992867.0,182556.0,87.0,347379429.0
12627,13179,537873.0,25400.0,100.0,53787300.0
12627,19539,1094740.0,51817.0,87.0,95242380.0
12627,17822,170787.0,7969.0,116.0,19811292.0
12627,16262,1116806.0,55726.0,87.0,97162122.0
12627,16133,1749940.0,87396.0,87.0,152244780.0
12627,10178,410014.0,21809.0,100.0,41001400.0
12627,11568,1079960.0,49300.0,87.0,93956520.0
12627,13431,1423174.0,72881.0,87.0,123816138.0
12627,19185,1224792.0,58187.0,87.0,106556904.0
12627,16366,3963416.0,181880.0,87.0,344817192.0
12627,13680,8252594.0,401795.0,87.0,717975678.0
12627,11027,3338315.0,160690.0,87.0,290433405.0
12627,10904,548896.0,25886.0,100.0,54889600.0
12627,17535,1435398.0,73856.0,87.0,124879626.0
12627,19171,1331418.0,67104.0,87.0,115833366.0
12627,11214,1471404.0,75543.0,87.0,128012148.0
12627,16916,1790208.0,86465.0,87.0,155748096.0
12627,18476,894116.0,47591.0,87.0,77788092.0
12627,11117,4016281.0,199569.0,87.0,349416447.0
12627,14252,783999.0,40888.0,87.0,68207913.0
12627,11472,3006533.0,147442.0,87.0,261568371.0
12627,12280,1224011.0,65427.0,87.0,106488957.0
12627,18446,559313.0,29324.0,100.0,55931300.0
12627,12757,1213245.0,62306.0,87.0,105552315.0
12627,17495,999025.0,50373.0,87.0,86915175.0
12627,15506,41369.0,2238.0,70.69999999999999,2924788.2999999993
12627,10376,1789907.0,86855.0,87.0,155721909.0
12627,15286,660850.0,31927.0,100.0,66085000.0
12627,11168,3238910.0,160638.0,87.0,281785170.0
12627,13856,2594218.0,127968.0,87.0,225696966.0
12627,15292,1386428.0,71283.0,87.0,120619236.0
12627,13523,684551.0,35979.0,100.0,68455100.0
12627,14376,4212008.0,210664.0,87.0,366444696.0
12627,17253,4005049.0,198709.0,87.0,348439263.0
12627,15028,8982851.0,434850.0,87.0,781508037.0
12627,15262,6138279.0,303960.0,87.0,534030273.0
12627,15206,709583.0,37738.0,100.0,70958300.0
12627,12379,1774239.0,95570.0,87.0,154358793.0
12627,15747,1094999.0,51850.0,87.0,95264913.0
12627,19542,202345.0,10957.0,45.5,9206697.5
12627,13570,688153.0,36705.0,100.0,68815300.0
12627,13474,839359.0,42402.0,87.0,73024233.0
12627,10659,1011997.0,46437.0,87.0,88043739.0
12627,14070,893893.0,47553.0,87.0,77768691.0
12627,13101,2007436.0,97230.0,87.0,174646932.0
12627,12952,8250314.0,401695.0,87.0,717777318.0
12627,18182,3243192.0,160109.0,87.0,282157704.0
12627,19338,2799296.0,137246.0,87.0,243538752.0
12627,10989,1744555.0,87151.0,87.0,151776285.0
12627,18577,1034691.0,52874.0,87.0,90018117.0
12627,15204,4695498.0,239296.0,87.0,408508326.0
12627,13250,3579500.0,176993.0,87.0,311416500.0
12627,17039,3813665.0,175998.0,87.0,331788855.0
12627,14444,490503.0,28736.0,100.0,49050300.0
12627,18849,1311821.0,68045.0,87.0,114128427.0
12627,10751,3100295.0,152916.0,87.0,269725665.0
17784,16219,175247.0,9504.0,119.0,20854393.0
17784,10270,140372.0,7959.0,124.0,17406128.0
17784,11461,192264.0,10190.0,102.0,19610928.0
17784,10303,181262.0,9423.0,117.0,21207654.0
17784,15973,179066.0,9484.0,117.0,20950722.0
17784,14724,246682.0,13070.0,44.8,11051353.6
17784,10708,1329023.0,67174.0,87.0,115625001.0
17784,13503,222800.0,11523.0,112.0,24953600.0
17784,19311,800415.0,41589.0,91.0,72837765.0
17784,10570,1238462.0,63564.0,93.0,115176966.0
17784,13578,1630241.0,79859.0,86.0,140200726.0
17784,10044,185277.0,9726.0,102.0,18898254.0
17784,15401,1625998.0,79607.0,86.0,139835828.0
17784,18863,894813.0,39521.0,115.0,102903495.0
17784,11267,951046.0,48302.0,107.0,101761922.0
17784,12627,205654.0,11133.0,66.91999999999999,13762365.679999998
17784,17784,0.0,0.0,124.0,0.0
17784,13651,1244384.0,63750.0,93.0,115727712.0
17784,13183,1286198.0,65767.0,87.0,111899226.0
17784,15872,188611.0,10583.0,102.0,19238322.0
17784,14076,191231.0,9826.0,102.0,19505562.0
17784,16991,876551.0,38985.0,115.0,100803365.0
17784,12663,451709.0,24490.0,46.9,21185152.099999998
17784,12214,1645521.0,84393.0,86.0,141514806.0
17784,19921,195324.0,10084.0,102.0,19923048.0
17784,18144,359415.0,20079.0,39.199999999999996,14089067.999999998
17784,19371,1625804.0,79485.0,86.0,139819144.0
17784,16053,3164615.0,158635.0,87.0,275321505.0
17784,18978,2701561.0,131414.0,87.0,235035807.0
17784,17312,1465177.0,74221.0,87.0,127470399.0
17784,19956,3432942.0,171990.0,87.0,298665954.0
17784,12573,709911.0,37530.0,91.0,64601901.0
17784,19469,286125.0,16326.0,80.0,22890000.0
17784,11861,1629681.0,82771.0,86.0,140152566.0
17784,10327,1001365.0,52647.0,107.0,107146055.0
17784,17547,194835.0,9962.0,102.0,19873170.0
17784,19180,646153.0,34487.0,91.0,58799923.0
17784,12985,158983.0,8762.0,119.0,18918977.0
17784,14005,167013.0,9208.0,119.0,19874547.0
17784,16142,3068059.0,143734.0,87.0,266921133.0
17784,15916,1649468.0,82791.0,86.0,141854248.0
17784,17770,4986868.0,251056.0,90.0,448818120.0
17784,12364,3772958.0,173537.0,87.0,328247346.0
17784,13179,394082.0,21842.0,39.199999999999996,15448014.399999999
17784,19539,950949.0,48258.0,107.0,101751543.0
17784,17822,373855.0,18565.0,39.199999999999996,14655115.999999998
17784,16262,898501.0,46255.0,115.0,103327615.0
17784,16133,1695985.0,84771.0,82.0,139070770.0
17784,10178,576326.0,30222.0,46.9,27029689.4
17784,11568,1246272.0,57713.0,93.0,115903296.0
17784,13431,1223978.0,64394.0,93.0,113829954.0
17784,19185,1081001.0,54629.0,95.0,102695095.0
17784,16366,3743507.0,172861.0,87.0,325685109.0
17784,13680,8185349.0,400436.0,90.0,736681410.0
17784,11027,3271069.0,159330.0,87.0,284583003.0
17784,10904,405105.0,22328.0,39.199999999999996,15880115.999999998
17784,17535,1236203.0,65369.0,93.0,114966879.0
17784,19171,1287191.0,64416.0,87.0,111985617.0
17784,11214,1425306.0,74330.0,87.0,124001622.0
17784,16916,1646418.0,82907.0,86.0,141591948.0
17784,18476,683632.0,37075.0,91.0,62210512.0
17784,11117,3949036.0,198210.0,87.0,343566132.0
17784,14252,577914.0,30271.0,46.9,27104166.599999998
17784,11472,2960435.0,146229.0,87.0,257557845.0
17784,12280,1412462.0,74457.0,87.0,122884194.0
17784,18446,504654.0,29963.0,46.9,23668272.599999998
17784,12757,1167147.0,61093.0,95.0,110878965.0
17784,17495,799830.0,41886.0,91.0,72784530.0
17784,15506,244437.0,12834.0,44.8,10950777.6
17784,10376,1743809.0,85642.0,82.0,142992338.0
17784,15286,517060.0,28369.0,46.9,24250114.0
17784,11168,3171664.0,159279.0,87.0,275934768.0
17784,13856,2526972.0,126609.0,87.0,219846564.0
17784,15292,1104543.0,61648.0,95.0,104931585.0
17784,13523,681707.0,36446.0,91.0,62035337.0
17784,14376,4144763.0,209305.0,87.0,360594381.0
17784,17253,3937804.0,197350.0,87.0,342588948.0
17784,15028,8915605.0,433491.0,90.0,802404450.0
17784,15262,6071033.0,302600.0,90.0,546392970.0
17784,15206,652848.0,35673.0,91.0,59409168.0
17784,12379,1564219.0,85108.0,86.0,134522834.0
17784,15747,951208.0,48292.0,107.0,101779256.0
17784,19542,255612.0,14482.0,51.099999999999994,13061773.2
17784,13570,802156.0,42874.0,91.0,72996196.0
17784,13474,709430.0,37414.0,91.0,64558130.0
17784,10659,1178309.0,54850.0,95.0,111939355.0
17784,14070,683409.0,37036.0,91.0,62190219.0
17784,13101,1961338.0,96017.0,82.0,160829716.0
17784,12952,8183069.0,400335.0,90.0,736476210.0
17784,18182,3175947.0,158750.0,87.0,276307389.0
17784,19338,2753198.0,136033.0,87.0,239528226.0
17784,10989,1690600.0,84526.0,82.0,138629200.0
17784,18577,861906.0,43751.0,95.0,81881070.0
17784,15204,4628252.0,237936.0,90.0,416542680.0
17784,13250,3512255.0,175634.0,87.0,305566185.0
17784,17039,3593755.0,166979.0,87.0,312656685.0
17784,14444,678954.0,37766.0,91.0,61784814.0
17784,18849,1399929.0,72594.0,87.0,121793823.0
17784,10751,3054197.0,151703.0,87.0,265715139.0
13651,16219,1394567.0,67589.0,46.0,64150082.0
13651,10270,1337670.0,65853.0,46.0,61532820.0
13651,11461,1341934.0,65293.0,46.0,61728964.0
13651,10303,1331283.0,64658.0,46.0,61239018.0
13651,15973,1329087.0,64720.0,46.0,61138002.0
13651,14724,1422563.0,68919.0,46.0,65437898.0
13651,10708,293545.0,15885.0,12.224519999999998,3588446.7233999996
13651,13503,1372471.0,66626.0,46.0,63133666.0
13651,19311,753707.0,38650.0,52.0,39192764.0
13651,10570,19328.0,1915.0,155.25,3000672.0
13651,13578,2431956.0,122580.0,65.0,158077140.0
13651,10044,1334948.0,64829.0,46.0,61407608.0
13651,15401,2427714.0,122327.0,65.0,157801410.0
13651,18863,2070694.0,95370.0,65.0,134595110.0
13651,11267,302652.0,16784.0,62.38,18879431.76
13651,12627,1387413.0,67254.0,46.0,63820998.0
13651,17784,1235928.0,63698.0,41.41,51179778.48
13651,13651,0.0,0.0,155.25,0.0
13651,13183,1932226.0,99217.0,65.0,125594690.0
13651,15872,1389750.0,67659.0,46.0,63928500.0
13651,14076,1410551.0,67910.0,46.0,64885346.0
13651,16991,2052432.0,94833.0,65.0,133408080.0
13651,12663,1220371.0,64626.0,41.41,50535563.11
13651,12214,856044.0,41955.0,52.0,44514288.0
13651,19921,1311787.0,64129.0,46.0,60342202.0
13651,18144,1634427.0,80052.0,46.0,75183642.0
13651,19371,2427519.0,122206.0,65.0,157788735.0
13651,16053,3876495.0,196239.0,65.0,251972175.0
13651,18978,3413442.0,169018.0,65.0,221873730.0
13651,17312,429699.0,22932.0,62.38,26804623.62
13651,19956,4144822.0,209594.0,65.0,269413430.0
13651,12573,1585339.0,82482.0,46.0,72925594.0
13651,19469,967993.0,48037.0,52.0,50335636.0
13651,11861,2341561.0,120375.0,65.0,152201465.0
13651,10327,1932300.0,100195.0,65.0,125599500.0
13651,17547,1311297.0,64007.0,46.0,60319662.0
13651,19180,1818834.0,91123.0,46.0,83666364.0
13651,12985,1303912.0,63515.0,46.0,59979952.0
13651,14005,1350910.0,65646.0,46.0,62141860.0
13651,16142,3526039.0,169170.0,65.0,229192535.0
13651,15916,613989.0,31501.0,52.0,31927428.0
13651,17770,5698748.0,288660.0,65.0,370418620.0
13651,12364,4230937.0,198973.0,65.0,275010905.0
13651,13179,862768.0,43154.0,52.0,44863936.0
13651,19539,302555.0,16740.0,62.38,18873380.900000002
13651,17822,1549736.0,74414.0,46.0,71287856.0
13651,16262,1529399.0,78690.0,46.0,70352354.0
13651,16133,2407865.0,122375.0,65.0,156511225.0
13651,10178,1582318.0,81835.0,46.0,72786628.0
13651,11568,2199042.0,106876.0,65.0,142937730.0
13651,13431,847114.0,45096.0,52.0,44049928.0
13651,19185,185310.0,10222.0,155.25,28769377.5
13651,16366,4201487.0,198298.0,65.0,273096655.0
13651,13680,8897229.0,438040.0,65.0,578319885.0
13651,11027,3982950.0,196934.0,65.0,258891750.0
13651,10904,842628.0,41743.0,52.0,43816656.0
13651,17535,850537.0,45612.0,52.0,44227924.0
13651,19171,1999072.0,102020.0,65.0,129939680.0
13651,11214,2387933.0,121672.0,65.0,155215645.0
13651,16916,610939.0,31618.0,52.0,31768828.0
13651,18476,1136335.0,59175.0,41.41,47055632.349999994
13651,11117,4660916.0,235814.0,65.0,302959540.0
13651,14252,1333024.0,70179.0,46.0,61319104.0
13651,11472,3762150.0,188950.0,65.0,244539750.0
13651,12280,2585143.0,131093.0,65.0,168034295.0
13651,18446,1075788.0,54307.0,41.41,44548381.08
13651,12757,2138801.0,110304.0,65.0,139022065.0
13651,17495,758473.0,39021.0,52.0,39440596.0
13651,15506,1420318.0,68682.0,46.0,65334628.0
13651,10376,2545525.0,128363.0,65.0,165459125.0
13651,15286,962326.0,48072.0,52.0,50040952.0
13651,11168,3883544.0,196883.0,65.0,252430360.0
13651,13856,3238853.0,164213.0,65.0,210525445.0
13651,15292,1547269.0,84102.0,46.0,71174374.0
13651,13523,1656009.0,87882.0,46.0,76176414.0
13651,14376,4856643.0,246909.0,65.0,315681795.0
13651,17253,4649684.0,234954.0,65.0,302229460.0
13651,15028,9627485.0,471095.0,65.0,625786525.0
13651,15262,6782913.0,340204.0,65.0,440889345.0
13651,15206,890593.0,51041.0,52.0,46310836.0
13651,12379,1256788.0,91577.0,46.0,57812248.0
13651,15747,302814.0,16774.0,62.38,18889537.32
13651,19542,1526853.0,73921.0,46.0,70235238.0
13651,13570,1582025.0,80885.0,46.0,72773150.0
13651,13474,1584858.0,82366.0,46.0,72903468.0
13651,10659,2150661.0,104638.0,65.0,139792965.0
13651,14070,1136111.0,59136.0,41.41,47046356.51
13651,13101,2763054.0,138738.0,65.0,179598510.0
13651,12952,8894949.0,437939.0,65.0,578171685.0
13651,18182,3887827.0,196354.0,65.0,252708755.0
13651,19338,3554913.0,178754.0,65.0,231069345.0
13651,10989,2402481.0,122130.0,65.0,156161265.0
13651,18577,1571222.0,81344.0,46.0,72276212.0
13651,15204,5340132.0,275540.0,65.0,347108580.0
13651,13250,4224135.0,213238.0,65.0,274568775.0
13651,17039,4051736.0,192416.0,65.0,263362840.0
13651,14444,1851636.0,94402.0,46.0,85175256.0
13651,18849,2449797.0,127289.0,65.0,159236805.0
13651,10751,3855912.0,194424.0,65.0,250634280.0
13183,16219,1464923.0,72013.0,35.0,51272305.0
13183,10270,1422568.0,73038.0,35.0,49789880.0
13183,11461,1513981.0,74592.0,38.5,58288268.5
13183,10303,1463458.0,74501.0,38.5,56343133.0
13183,15973,1461262.0,74563.0,38.5,56258587.0
13183,14724,1543640.0,75594.0,38.5,59430140.0
13183,10708,1814127.0,94023.0,38.5,69843889.5
13183,13503,1545267.0,75938.0,38.5,59492779.5
13183,19311,1204001.0,61256.0,35.0,42140035.0
13183,10570,1946538.0,99201.0,38.5,74941713.0
13183,13578,929514.0,45702.0,35.0,32532990.0
13183,10044,1508557.0,74250.0,38.5,58079444.5
13183,15401,925272.0,45450.0,35.0,32384520.0
13183,18863,2191771.0,102044.0,38.5,84383183.5
13183,11267,1659122.0,83939.0,38.5,63876197.0
13183,12627,1505134.0,74643.0,38.5,57947659.0
13183,17784,1284533.0,65665.0,35.0,44958655.0
13183,13651,1952460.0,99387.0,38.5,75169710.0
13183,13183,0.0,0.0,77.0,0.0
13183,15872,1453823.0,71965.0,35.0,50883805.0
13183,14076,1441327.0,71163.0,35.0,50446445.0
13183,16991,2173509.0,101508.0,38.5,83680096.5
13183,12663,835039.0,41376.0,58.21,48607620.19
13183,12214,1796962.0,101145.0,38.5,69183037.0
13183,19921,1477520.0,75163.0,38.5,56884520.0
13183,18144,1355086.0,69642.0,35.0,47428010.0
13183,19371,925077.0,45328.0,35.0,32377695.0
13183,16053,2180285.0,110943.0,38.5,83940972.5
13183,18978,1547633.0,75610.0,38.5,59583870.5
13183,17312,1833086.0,96976.0,38.5,70573811.0
13183,19956,2448611.0,124298.0,38.5,94271523.5
13183,12573,635943.0,33630.0,58.21,37018242.03
13183,19469,1268058.0,64033.0,35.0,44382030.0
13183,11861,444249.0,23893.0,25.2,11195074.799999999
13183,10327,567088.0,28776.0,58.21,33010192.48
13183,17547,1477031.0,75040.0,38.5,56865693.5
13183,19180,1623621.0,84512.0,38.5,62509408.5
13183,12985,1441179.0,73841.0,35.0,50441265.0
13183,14005,1492339.0,73547.0,38.5,57455051.5
13183,16142,1786572.0,78424.0,38.5,68783022.0
13183,15916,1976245.0,104475.0,38.5,76085432.5
13183,17770,4002538.0,203364.0,38.5,154097713.0
13183,12364,2491471.0,108227.0,38.5,95921633.5
13183,13179,1348089.0,68679.0,35.0,47183115.0
13183,19539,1659025.0,83895.0,38.5,63872462.5
13183,17822,1670813.0,81088.0,38.5,64326300.5
13183,16262,418672.0,21621.0,25.2,10550534.4
13183,16133,726590.0,37812.0,58.21,42294803.9
13183,10178,1858522.0,95301.0,38.5,71553097.0
13183,11568,2528468.0,122792.0,38.5,97346018.0
13183,13431,1297779.0,77913.0,35.0,45422265.0
13183,19185,1789077.0,90266.0,38.5,68879464.5
13183,16366,2462020.0,107552.0,38.5,94787770.0
13183,13680,7201018.0,352743.0,38.5,277239193.0
13183,11027,2294309.0,103657.0,38.5,88330896.5
13183,10904,1327949.0,67267.0,35.0,46478215.0
13183,17535,1300863.0,78200.0,35.0,45530205.0
13183,19171,367233.0,18778.0,25.2,9254271.6
13183,11214,885491.0,44794.0,58.21,51544431.11
13183,16916,1980474.0,104704.0,38.5,76248249.0
13183,18476,805722.0,40792.0,58.21,46901077.62
13183,11117,2964706.0,150518.0,38.5,114141181.0
13183,14252,712011.0,35844.0,58.21,41446160.31
13183,11472,2132548.0,109910.0,38.5,82103098.0
13183,12280,2158177.0,112573.0,38.5,83089814.5
13183,18446,1561038.0,79827.0,38.5,60099963.0
13183,12757,667862.0,34664.0,58.21,38876247.02
13183,17495,1196328.0,60731.0,35.0,41871480.0
13183,15506,1541395.0,75357.0,38.5,59343707.5
13183,10376,1043083.0,51485.0,35.0,36507905.0
13183,15286,1447577.0,73593.0,35.0,50665195.0
13183,11168,2187334.0,111586.0,38.5,84212359.0
13183,13856,1542642.0,78917.0,38.5,59391717.0
13183,15292,315053.0,17828.0,25.2,7939335.6
13183,13523,870740.0,42586.0,58.21,50685775.4
13183,14376,3160432.0,161613.0,38.5,121676632.0
13183,17253,2953473.0,149658.0,38.5,113708710.5
13183,15028,7931275.0,385798.0,38.5,305354087.5
13183,15262,5086703.0,254908.0,38.5,195838065.5
13183,15206,1583365.0,80897.0,38.5,60959552.5
13183,12379,831283.0,44632.0,58.21,48388983.43
13183,15747,1659284.0,83929.0,38.5,63882434.0
13183,19542,1320477.0,64917.0,35.0,46216695.0
13183,13570,1964363.0,101881.0,38.5,75627975.5
13183,13474,635461.0,33514.0,58.21,36990184.81
13183,10659,2460505.0,119928.0,38.5,94729442.5
13183,14070,805499.0,40753.0,58.21,46888096.79
13183,13101,1260612.0,61860.0,35.0,44121420.0
13183,12952,7198738.0,352643.0,38.5,277151413.0
13183,18182,2191616.0,111057.0,38.5,84377216.0
13183,19338,1925310.0,99714.0,38.5,74124435.0
13183,10989,718821.0,37543.0,58.21,41842570.410000004
13183,18577,434509.0,22583.0,25.2,10949626.799999999
13183,15204,3643922.0,190244.0,38.5,140290997.0
13183,13250,2643589.0,122123.0,38.5,101778176.5
13183,17039,2312269.0,101670.0,38.5,89022356.5
13183,14444,1752793.0,91057.0,38.5,67482530.5
13183,18849,1437235.0,73060.0,35.0,50303225.0
13183,10751,2226310.0,115384.0,38.5,85712935.0
15872,16219,22695.0,1749.0,255.0,5787225.0
15872,10270,67793.0,4226.0,121.0,8202953.0
15872,11461,56849.0,3641.0,60.9,3462104.1
15872,10303,84051.0,4452.0,124.0,10422324.0
15872,15973,85258.0,4472.0,124.0,10571992.0
15872,14724,97203.0,5200.0,51.099999999999994,4967073.3
15872,10708,1474026.0,71129.0,85.0,125292210.0
15872,13503,94877.0,5039.0,139.0,13187903.0
15872,19311,1000822.0,50472.0,78.0,78064116.0
15872,10570,1383464.0,67519.0,85.0,117594440.0
15872,13578,1622393.0,78267.0,85.0,137903405.0
15872,10044,58167.0,3351.0,63.16799999999999,3674293.0559999994
15872,15401,1618151.0,78015.0,85.0,137542835.0
15872,18863,745335.0,31650.0,115.0,85713525.0
15872,11267,1096048.0,52257.0,80.0,87683840.0
15872,12627,56176.0,3262.0,47.663,2677516.6879999996
15872,17784,186649.0,10561.0,118.3644,22092596.895600002
15872,13651,1389387.0,67705.0,85.0,118097895.0
15872,13183,1452162.0,71981.0,85.0,123433770.0
15872,15872,0.0,0.0,332.5,0.0
15872,14076,18392.0,1170.0,127.39999999999999,2343140.8
15872,16991,727072.0,31114.0,115.0,83613280.0
15872,12663,634646.0,34307.0,115.0,72984290.0
15872,12214,1845928.0,93276.0,85.0,156903880.0
15872,19921,115386.0,5744.0,122.0,14077092.0
15872,18144,255973.0,14283.0,40.0,10238920.0
15872,19371,1617956.0,77893.0,85.0,137526260.0
15872,16053,3177915.0,157190.0,67.914,215824919.31
15872,18978,2757023.0,130398.0,85.0,234346955.0
15872,17312,1610180.0,78176.0,85.0,136865300.0
15872,19956,3446242.0,170545.0,90.0,310161780.0
15872,12573,785895.0,39713.0,80.0,62871600.0
15872,19469,482560.0,23413.0,75.6756,36518017.536
15872,11861,1619962.0,82655.0,85.0,137696770.0
15872,10327,993518.0,51055.0,78.0,77494404.0
15872,17547,114896.0,5621.0,122.0,14017312.0
15872,19180,486507.0,26537.0,75.6756,36816709.129200004
15872,12985,90853.0,4906.0,118.0,10720654.0
15872,14005,40832.0,2775.0,194.0,7921408.0
15872,16142,3234024.0,149948.0,90.0,291062160.0
15872,15916,1794470.0,86746.0,85.0,152529950.0
15872,17770,5000168.0,249611.0,90.0,450015120.0
15872,12364,3938922.0,179751.0,90.0,354502980.0
15872,13179,539084.0,25797.0,75.6756,40795505.1504
15872,19539,1095951.0,52213.0,80.0,87676080.0
15872,17822,224377.0,10694.0,41.3,9266770.1
15872,16262,1062861.0,52921.0,80.0,85028880.0
15872,16133,1695994.0,84592.0,85.0,144159490.0
15872,10178,440158.0,24392.0,75.6756,33309220.7448
15872,11568,1110103.0,51883.0,80.0,88808240.0
15872,13431,1424385.0,73277.0,85.0,121072725.0
15872,19185,1226004.0,58584.0,85.0,104210340.0
15872,16366,3909471.0,179075.0,90.0,351852390.0
15872,13680,8198649.0,398990.0,61.38,503233075.62
15872,11027,3284370.0,157885.0,90.0,295593300.0
15872,10904,550107.0,26282.0,115.0,63262305.0
15872,17535,1436610.0,74252.0,85.0,122111850.0
15872,19171,1277473.0,64300.0,85.0,108585205.0
15872,11214,1417459.0,72738.0,85.0,120484015.0
15872,16916,1791420.0,86862.0,85.0,152270700.0
15872,18476,866569.0,46892.0,80.0,69325520.0
15872,11117,3962336.0,196765.0,90.0,356610240.0
15872,14252,760851.0,40088.0,80.0,60868080.0
15872,11472,2952588.0,144637.0,67.914,200522061.432
15872,12280,1252816.0,66507.0,85.0,106489360.0
15872,18446,570477.0,30155.0,115.0,65604855.0
15872,12757,1159300.0,59501.0,80.0,92744000.0
15872,17495,1000237.0,50769.0,78.0,78018486.0
15872,15506,94958.0,4963.0,46.9,4453530.2
15872,10376,1735962.0,84050.0,85.0,147556770.0
15872,15286,662062.0,32324.0,115.0,76137130.0
15872,11168,3184964.0,157833.0,90.0,286646760.0
15872,13856,2540273.0,125164.0,85.0,215923205.0
15872,15292,1332482.0,68478.0,85.0,113260970.0
15872,13523,630606.0,33174.0,115.0,72519690.0
15872,14376,4158063.0,207860.0,85.0,353435355.0
15872,17253,3951104.0,195905.0,90.0,355599360.0
15872,15028,8928905.0,432045.0,61.38,548056188.9
15872,15262,6084333.0,301155.0,90.0,547589970.0
15872,15206,720747.0,38569.0,115.0,82885905.0
15872,12379,1747156.0,94925.0,85.0,148508260.0
15872,15747,1096210.0,52247.0,80.0,87696800.0
15872,19542,148399.0,8152.0,104.5,15507695.5
15872,13570,722659.0,38563.0,115.0,83105785.0
15872,13474,785414.0,39597.0,80.0,62833120.0
15872,10659,1042141.0,49020.0,80.0,83371280.0
15872,14070,866346.0,46853.0,80.0,69307680.0
15872,13101,1953491.0,94425.0,85.0,166046735.0
15872,12952,8196369.0,398890.0,74.0,606531306.0
15872,18182,3189247.0,157304.0,90.0,287032230.0
15872,19338,2745350.0,134442.0,85.0,233354750.0
15872,10989,1690610.0,84347.0,85.0,143701850.0
15872,18577,980746.0,50070.0,78.0,76498188.0
15872,15204,4641552.0,236491.0,90.0,417739680.0
15872,13250,3525555.0,174189.0,90.0,317299950.0
15872,17039,3759720.0,173193.0,90.0,338374800.0
15872,14444,519308.0,29816.0,75.6756,39298944.4848
15872,18849,1296487.0,66798.0,85.0,110201395.0
15872,10751,3046350.0,150112.0,67.914,206889813.9
14076,16219,24404.0,1648.0,238.8,5827675.2
14076,10270,85903.0,4008.0,56.699999999999996,4870700.1
14076,11461,78400.0,4646.0,56.699999999999996,4445280.0
14076,10303,126933.0,5410.0,53.199999999999996,6752835.6
14076,15973,124737.0,5471.0,57.4,7159903.8
14076,14724,115932.0,5190.0,57.4,6654496.8
14076,10708,1487147.0,70940.0,45.5,67665188.5
14076,13503,116429.0,6044.0,57.4,6683024.6
14076,19311,995395.0,50201.0,45.5,45290472.5
14076,10570,1396585.0,67330.0,45.5,63544617.5
14076,13578,1604729.0,77181.0,45.5,73015169.5
14076,10044,79719.0,4356.0,56.699999999999996,4520067.3
14076,15401,1600487.0,76928.0,45.5,72822158.5
14076,18863,764064.0,31641.0,45.5,34764912.0
14076,11267,1109169.0,52067.0,45.5,50467189.5
14076,12627,77728.0,4268.0,56.699999999999996,4407177.6
14076,17784,187279.0,9666.0,45.5,8521194.5
14076,13651,1402508.0,67516.0,45.5,63814114.0
14076,13183,1434498.0,70895.0,45.5,65269659.0
14076,15872,26417.0,1590.0,98.69999999999999,2607357.9
14076,14076,0.0,0.0,238.8,0.0
14076,16991,745801.0,31105.0,45.5,33933945.5
14076,12663,635276.0,33412.0,45.5,28905058.0
14076,12214,1840501.0,93006.0,45.5,83742795.5
14076,19921,140995.0,6071.0,53.199999999999996,7500933.999999999
14076,18144,238309.0,13197.0,45.5,10843059.5
14076,19371,1600293.0,76806.0,45.5,72813331.5
14076,16053,3160251.0,156104.0,45.5,143791420.5
14076,18978,2739359.0,129311.0,45.5,124640834.5
14076,17312,1623301.0,77987.0,45.5,73860195.5
14076,19956,3428578.0,169458.0,45.5,156000299.0
14076,12573,768231.0,38626.0,45.5,34954510.5
14076,19469,495681.0,23224.0,45.5,22553485.5
14076,11861,1602298.0,81568.0,45.5,72904559.0
14076,10327,975854.0,49968.0,45.5,44401357.0
14076,17547,140506.0,5949.0,53.199999999999996,7474919.199999999
14076,19180,468843.0,25450.0,45.5,21332356.5
14076,12985,104654.0,4749.0,56.699999999999996,5933881.8
14076,14005,66848.0,3724.0,56.699999999999996,3790281.5999999996
14076,16142,3216360.0,148861.0,45.5,146344380.0
14076,15916,1807591.0,86556.0,45.5,82245390.5
14076,17770,4982504.0,248524.0,45.5,226703932.0
14076,12364,3921258.0,178664.0,45.5,178417239.0
14076,13179,552205.0,25608.0,45.5,25125327.5
14076,19539,1109072.0,52024.0,45.5,50462776.0
14076,17822,243105.0,10685.0,45.5,11061277.5
14076,16262,1045197.0,51835.0,45.5,47556463.5
14076,16133,1678331.0,83505.0,45.5,76364060.5
14076,10178,461710.0,25398.0,45.5,21007805.0
14076,11568,1131655.0,52889.0,45.5,51490302.5
14076,13431,1418959.0,73007.0,45.5,64562634.5
14076,19185,1239125.0,58395.0,45.5,56380187.5
14076,16366,3891807.0,177989.0,45.5,177077218.5
14076,13680,8180985.0,397904.0,45.5,372234817.5
14076,11027,3266706.0,156798.0,45.5,148635123.0
14076,10904,563228.0,26093.0,45.5,25626874.0
14076,17535,1431183.0,73982.0,45.5,65118826.5
14076,19171,1259809.0,63213.0,45.5,57321309.5
14076,11214,1399795.0,71652.0,45.5,63690672.5
14076,16916,1804541.0,86673.0,45.5,82106615.5
14076,18476,867200.0,45996.0,45.5,39457600.0
14076,11117,3944672.0,195678.0,45.5,179482576.0
14076,14252,761481.0,39192.0,45.5,34647385.5
14076,11472,2934924.0,143551.0,45.5,133539042.0
14076,12280,1235152.0,65420.0,45.5,56199416.0
14076,18446,596086.0,30483.0,45.5,27121913.0
14076,12757,1141636.0,58415.0,45.5,51944438.0
14076,17495,994810.0,50499.0,45.5,45263855.0
14076,15506,113687.0,4954.0,57.4,6525633.8
14076,10376,1718298.0,82964.0,45.5,78182559.0
14076,15286,675183.0,32135.0,45.5,30720826.5
14076,11168,3167301.0,156747.0,45.5,144112195.5
14076,13856,2522609.0,124077.0,45.5,114778709.5
14076,15292,1314818.0,67392.0,45.5,59824219.0
14076,13523,612942.0,32087.0,45.5,27888861.0
14076,14376,4140399.0,206773.0,45.5,188388154.5
14076,17253,3933440.0,194818.0,45.5,178971520.0
14076,15028,8911242.0,430959.0,45.5,405461511.0
14076,15262,6066670.0,300068.0,45.5,276033485.0
14076,15206,746357.0,38897.0,45.5,33959243.5
14076,12379,1747786.0,94030.0,45.5,79524263.0
14076,15747,1109331.0,52058.0,45.5,50474560.5
14076,19542,130735.0,7065.0,53.199999999999996,6955101.999999999
14076,13570,747826.0,38861.0,45.5,34026083.0
14076,13474,767750.0,38511.0,45.5,34932625.0
14076,10659,1063693.0,50025.0,45.5,48398031.5
14076,14070,866977.0,45958.0,45.5,39447453.5
14076,13101,1935827.0,93339.0,45.5,88080128.5
14076,12952,8178705.0,397803.0,45.5,372131077.5
14076,18182,3171583.0,156218.0,45.5,144307026.5
14076,19338,2727686.0,133355.0,45.5,124109713.0
14076,10989,1672946.0,83260.0,45.5,76119043.0
14076,18577,963082.0,48983.0,45.5,43820231.0
14076,15204,4623888.0,235404.0,45.5,210386904.0
14076,13250,3507891.0,173102.0,45.5,159609040.5
14076,17039,3742056.0,172107.0,45.5,170263548.0
14076,14444,501644.0,28729.0,45.5,22824802.0
14076,18849,1278823.0,65712.0,45.5,58186446.5
14076,10751,3028686.0,149025.0,45.5,137805213.0
16991,16219,764011.0,32487.0,42.2,32241264.200000003
16991,10270,745826.0,31910.0,45.96,34278162.96
16991,11461,715659.0,30502.0,45.96,32891687.64
16991,10303,735263.0,31122.0,45.96,33792687.480000004
16991,15973,736470.0,31141.0,45.96,33848161.2
16991,14724,639727.0,27038.0,35.0,22390445.0
16991,10708,2136580.0,98301.0,36.8676,78770576.80800001
16991,13503,718004.0,30600.0,45.96,32999463.84
16991,19311,1663376.0,77644.0,36.8676,61324681.01760001
16991,10570,2046018.0,94691.0,36.8676,75431773.2168
16991,13578,2346138.0,108119.0,36.8676,86496477.32880001
16991,10044,721801.0,30550.0,45.96,33173973.96
16991,15401,2341896.0,107866.0,36.8676,86340084.9696
16991,18863,20692.0,1335.0,233.12,4823719.04
16991,11267,1758602.0,79429.0,36.8676,64835435.0952
16991,12627,679405.0,28721.0,45.96,31225453.8
16991,17784,882790.0,39352.0,46.53,41076218.7
16991,13651,2051941.0,94877.0,36.8676,75650140.0116
16991,13183,2175907.0,101833.0,36.8676,80220468.9132
16991,15872,731017.0,31324.0,45.96,33597541.32
16991,14076,753529.0,31627.0,33.32,25107586.28
16991,16991,0.0,0.0,202.29999999999998,0.0
16991,12663,1330788.0,63098.0,36.8676,49062959.668800004
16991,12214,2508482.0,120448.0,36.8676,92481710.98320001
16991,19921,766598.0,32414.0,42.2,32350435.6
16991,18144,926323.0,43603.0,36.8676,34151305.834800005
16991,19371,2341701.0,107745.0,36.8676,86332895.78760001
16991,16053,3901659.0,187042.0,36.8676,143844803.34840003
16991,18978,3480767.0,160250.0,36.8676,128327525.4492
16991,17312,2272734.0,105348.0,36.8676,83790248.01840001
16991,19956,4169986.0,200397.0,36.8676,153737375.85360003
16991,12573,1509640.0,69565.0,36.8676,55656803.664000005
16991,19469,1145114.0,50585.0,36.8676,42217604.9064
16991,11861,2343707.0,112506.0,36.8676,86406852.1932
16991,10327,1717262.0,80906.0,36.8676,63311328.5112
16991,17547,766109.0,32291.0,42.2,32329799.8
16991,19180,657973.0,34312.0,45.96,30240439.080000002
16991,12985,753407.0,32078.0,33.32,25103521.24
16991,14005,718866.0,30459.0,45.96,33039081.36
16991,16142,3957768.0,179800.0,36.8676,145913407.51680002
16991,15916,2457024.0,113918.0,36.8676,90584578.0224
16991,17770,5723913.0,279463.0,36.8676,211026934.91880003
16991,12364,4662666.0,209603.0,36.8676,171901305.0216
16991,13179,1201639.0,52969.0,36.8676,44301545.996400006
16991,19539,1758505.0,79385.0,36.8676,64831858.93800001
16991,17822,511004.0,22381.0,47.0,24017188.0
16991,16262,1786606.0,82773.0,36.8676,65867875.365600005
16991,16133,2419739.0,114444.0,36.8676,89209969.5564
16991,10178,703002.0,38671.0,45.96,32309971.92
16991,11568,1084598.0,58967.0,36.8676,39986525.224800006
16991,13431,2086940.0,100449.0,36.8676,76940469.14400001
16991,19185,1888558.0,85756.0,36.8676,69626600.9208
16991,16366,4633216.0,208927.0,36.8676,170815554.20160002
16991,13680,8922394.0,428842.0,36.8676,328947253.03440005
16991,11027,4008114.0,187737.0,36.8676,147769543.7064
16991,10904,1212662.0,53454.0,36.8676,44707937.5512
16991,17535,2099164.0,101424.0,36.8676,77391138.68640001
16991,19171,2001217.0,94151.0,36.8676,73780067.8692
16991,11214,2007006.0,100408.0,36.8676,73993494.40560001
16991,16916,2453974.0,114034.0,36.8676,90472131.84240001
16991,18476,1557882.0,75160.0,36.8676,57435370.423200004
16991,11117,4686080.0,226617.0,36.8676,172764523.00800002
16991,14252,1456992.0,68879.0,36.8676,53715798.25920001
16991,11472,3676332.0,174489.0,36.8676,135537537.6432
16991,12280,1156017.0,63964.0,36.8676,42619572.3492
16991,18446,1221689.0,56825.0,36.8676,45040741.3764
16991,12757,1883044.0,89353.0,36.8676,69423312.9744
16991,17495,1662791.0,77941.0,36.8676,61303113.4716
16991,15506,639158.0,26877.0,47.0,30040426.0
16991,10376,2459706.0,113902.0,36.8676,90683456.9256
16991,15286,1324616.0,59496.0,36.8676,48835412.8416
16991,11168,3908709.0,187685.0,36.8676,144104719.9284
16991,13856,3264017.0,155016.0,36.8676,120336473.1492
16991,15292,2056227.0,98330.0,36.8676,75808154.5452
16991,13523,1354350.0,63026.0,36.8676,49931634.06
16991,14376,4881807.0,237712.0,36.8676,179980507.75320002
16991,17253,4674848.0,225757.0,36.8676,172350426.12480003
16991,15028,9652650.0,461897.0,36.8676,355870039.14000005
16991,15262,6808078.0,331007.0,36.8676,250997496.47280002
16991,15206,1371960.0,65239.0,36.8676,50580872.49600001
16991,12379,2438005.0,123139.0,36.8676,89883393.13800001
16991,15747,1758765.0,79419.0,36.8676,64841444.514000006
16991,19542,872144.0,38004.0,46.53,40580860.32
16991,13570,953804.0,50960.0,36.8676,35164464.3504
16991,13474,1509159.0,69449.0,36.8676,55639070.348400004
16991,10659,933588.0,49834.0,36.8676,34419148.948800005
16991,14070,1557659.0,75121.0,36.8676,57427148.948400006
16991,13101,2434426.0,122181.0,36.8676,89751443.9976
16991,12952,8920114.0,428742.0,36.8676,328863194.9064
16991,18182,3912991.0,187156.0,36.8676,144262586.9916
16991,19338,3469095.0,164293.0,36.8676,127897206.82200001
16991,10989,2414355.0,114198.0,36.8676,89011474.398
16991,18577,1704490.0,79921.0,36.8676,62840455.524000004
16991,15204,5365296.0,266343.0,36.8676,197805586.80960003
16991,13250,4249300.0,204041.0,36.8676,156661492.68
16991,17039,4483464.0,203045.0,36.8676,165294557.3664
16991,14444,541387.0,28324.0,47.0,25445189.0
16991,18849,1513686.0,80029.0,36.8676,55805969.97360001
16991,10751,3770094.0,179963.0,36.8676,138994317.5544
12663,16219,622663.0,33294.0,50.3,31319948.9
12663,10270,587789.0,31749.0,48.21,28337307.69
12663,11461,639680.0,33980.0,50.3,32175904.0
12663,10303,628679.0,33213.0,50.3,31622553.7
12663,15973,626483.0,33274.0,50.3,31512094.9
12663,14724,694098.0,36860.0,50.3,34913129.4
12663,10708,1201501.0,63298.0,79.0,94918579.0
12663,13503,670217.0,35313.0,50.3,33711915.1
12663,19311,591375.0,30531.0,48.21,28510188.75
12663,10570,1215621.0,64673.0,79.0,96034059.0
12663,13578,1268658.0,60566.0,79.0,100223982.0
12663,10044,632693.0,33516.0,50.3,31824457.9
12663,15401,1264416.0,60313.0,79.0,99888864.0
12663,18863,1342229.0,63311.0,79.0,106036091.0
12663,11267,928205.0,49411.0,79.0,73328195.0
12663,12627,653071.0,34923.0,50.3,32849471.299999997
12663,17784,449754.0,24376.0,48.21,21682640.34
12663,13651,1221543.0,64860.0,79.0,96501897.0
12663,13183,834780.0,41356.0,79.0,65947620.0
12663,15872,636028.0,34373.0,50.3,31992208.4
12663,14076,638647.0,33616.0,50.3,32123944.099999998
12663,16991,1323967.0,62775.0,79.0,104593393.0
12663,12663,0.0,0.0,50.256359999999994,0.0
12663,12214,1433776.0,73147.0,79.0,113268304.0
12663,19921,642741.0,33874.0,50.3,32329872.299999997
12663,18144,678976.0,35395.0,50.3,34152492.8
12663,19371,1264221.0,60191.0,79.0,99873459.0
12663,16053,2713197.0,134225.0,79.0,214342563.0
12663,18978,2250144.0,107004.0,79.0,177761376.0
12663,17312,1220460.0,66251.0,79.0,96416340.0
12663,19956,2981524.0,147580.0,79.0,235540396.0
12663,12573,409395.0,20294.0,48.21,19736932.95
12663,19469,445772.0,22933.0,48.21,21490668.12
12663,11861,1178263.0,58360.0,79.0,93082777.0
12663,10327,769002.0,38181.0,79.0,60751158.0
12663,17547,642251.0,33752.0,50.3,32305225.299999997
12663,19180,993666.0,52860.0,79.0,78499614.0
12663,12985,606399.0,32552.0,50.3,30501869.7
12663,14005,614429.0,32998.0,50.3,30905778.7
12663,16142,2616641.0,119323.0,79.0,206714639.0
12663,15916,1363619.0,73750.0,79.0,107725901.0
12663,17770,4535451.0,226646.0,79.0,358300629.0
12663,12364,3321540.0,149126.0,79.0,262401660.0
12663,13179,529822.0,27685.0,48.21,25542718.62
12663,19539,928108.0,49368.0,79.0,73320532.0
12663,17822,821271.0,42355.0,79.0,64880409.0
12663,16262,447084.0,21845.0,48.21,21553919.64
12663,16133,1244567.0,60360.0,79.0,98320793.0
12663,10178,1023743.0,54012.0,79.0,80875697.0
12663,11568,1693688.0,81503.0,79.0,133801352.0
12663,13431,1012233.0,53148.0,79.0,79966407.0
12663,19185,1058160.0,55738.0,79.0,83594640.0
12663,16366,3292089.0,148451.0,79.0,260075031.0
12663,13680,7733931.0,376025.0,79.0,610980549.0
12663,11027,2819652.0,134920.0,79.0,222752508.0
12663,10904,509682.0,26274.0,48.21,24571769.22
12663,17535,1024458.0,54123.0,79.0,80932182.0
12663,19171,835774.0,40005.0,79.0,66026146.0
12663,11214,1224635.0,59658.0,79.0,96746165.0
12663,16916,1367848.0,73979.0,79.0,108059992.0
12663,18476,250801.0,13480.0,50.256359999999994,12604345.344359998
12663,11117,3497618.0,173800.0,79.0,276311822.0
12663,14252,126496.0,5860.0,50.256359999999994,6357228.514559999
12663,11472,2598853.0,126936.0,79.0,205309387.0
12663,12280,1685644.0,92440.0,79.0,133165876.0
12663,18446,747171.0,39099.0,79.0,59026509.0
12663,12757,975503.0,48289.0,79.0,77064737.0
12663,17495,583702.0,30006.0,48.21,28140273.42
12663,15506,691853.0,36624.0,50.3,34800205.9
12663,10376,1382227.0,66349.0,79.0,109195933.0
12663,15286,633709.0,32865.0,50.3,31875562.7
12663,11168,2720247.0,134868.0,79.0,214899513.0
12663,13856,2075555.0,102199.0,79.0,163968845.0
12663,15292,716705.0,37402.0,50.3,36050261.5
12663,13523,453586.0,24089.0,48.21,21867381.06
12663,14376,3693345.0,184895.0,79.0,291774255.0
12663,17253,3486386.0,172940.0,79.0,275424494.0
12663,15028,8464188.0,409080.0,79.0,668670852.0
12663,15262,5619616.0,278190.0,79.0,443949664.0
12663,15206,769498.0,40169.0,79.0,60790342.0
12663,12379,1131387.0,61513.0,79.0,89379573.0
12663,15747,928367.0,49401.0,79.0,73340993.0
12663,19542,575172.0,29798.0,48.21,27729042.12
12663,13570,1142077.0,60781.0,79.0,90224083.0
12663,13474,408914.0,20178.0,48.21,19713743.94
12663,10659,1625725.0,78640.0,79.0,128432275.0
12663,14070,250577.0,13441.0,50.256359999999994,12593087.919719998
12663,13101,1599756.0,76724.0,79.0,126380724.0
12663,12952,7731651.0,375925.0,79.0,610800429.0
12663,18182,2724529.0,134339.0,79.0,215237791.0
12663,19338,2391615.0,116740.0,79.0,188937585.0
12663,10989,1239183.0,60115.0,79.0,97895457.0
12663,18577,410488.0,19341.0,48.21,19789626.48
12663,15204,4176834.0,213526.0,79.0,329969886.0
12663,13250,3060837.0,151224.0,79.0,241806123.0
12663,17039,3142338.0,142569.0,79.0,248244702.0
12663,14444,1064802.0,58567.0,79.0,84119358.0
12663,18849,1247374.0,63496.0,79.0,98542546.0
12663,10751,2692615.0,132410.0,79.0,212716585.0
12214,16219,1829850.0,93048.0,23.799999999999997,43550429.99999999
12214,10270,1792289.0,91492.0,23.799999999999997,42656478.199999996
12214,11461,1796553.0,90932.0,23.799999999999997,42757961.4
12214,10303,1785901.0,90297.0,23.799999999999997,42504443.8
12214,15973,1783705.0,90359.0,23.799999999999997,42452178.99999999
12214,14724,1877181.0,94558.0,23.799999999999997,44676907.8
12214,10708,564641.0,26498.0,55.0,31055255.0
12214,13503,1827089.0,92265.0,23.799999999999997,43484718.199999996
12214,19311,848581.0,43258.0,23.799999999999997,20196227.799999997
12214,10570,855828.0,42129.0,23.799999999999997,20368706.4
12214,13578,2525037.0,127111.0,23.799999999999997,60095880.599999994
12214,10044,1789566.0,90468.0,23.799999999999997,42591670.8
12214,15401,2520794.0,126858.0,23.799999999999997,59994897.199999996
12214,18863,2525313.0,121009.0,23.799999999999997,60102449.39999999
12214,11267,948989.0,46438.0,23.799999999999997,22585938.199999996
12214,12627,1842032.0,92893.0,23.799999999999997,43840361.599999994
12214,17784,1645806.0,84417.0,23.799999999999997,39170182.8
12214,13651,868633.0,41993.0,23.799999999999997,20673465.4
12214,13183,1796143.0,101058.0,23.799999999999997,42748203.4
12214,15872,1844369.0,93298.0,23.799999999999997,43895982.199999996
12214,14076,1845834.0,93370.0,23.799999999999997,43930849.199999996
12214,16991,2507050.0,120472.0,23.799999999999997,59667789.99999999
12214,12663,1433727.0,73160.0,23.799999999999997,34122702.599999994
12214,12214,0.0,0.0,132.93,0.0
12214,19921,1766405.0,89768.0,23.799999999999997,42040438.99999999
12214,18144,1956952.0,101247.0,23.799999999999997,46575457.599999994
12214,19371,2520600.0,126736.0,23.799999999999997,59990279.99999999
12214,16053,3969575.0,200770.0,23.799999999999997,94475884.99999999
12214,18978,3436509.0,172652.0,23.799999999999997,81788914.19999999
12214,17312,429695.0,19594.0,55.0,23633225.0
12214,19956,4237902.0,214125.0,23.799999999999997,100862067.6
12214,12573,1678420.0,87012.0,23.799999999999997,39946395.99999999
12214,19469,1508345.0,75821.0,23.799999999999997,35898610.99999999
12214,11861,2229125.0,124079.0,23.799999999999997,53053174.99999999
12214,10327,2025381.0,104726.0,23.799999999999997,48204067.8
12214,17547,1765916.0,89646.0,23.799999999999997,42028800.8
12214,19180,2273452.0,116762.0,23.799999999999997,54108157.599999994
12214,12985,1758530.0,89154.0,23.799999999999997,41853013.99999999
12214,14005,1805528.0,91285.0,23.799999999999997,42971566.4
12214,16142,3457391.0,168190.0,23.799999999999997,82285905.8
12214,15916,261312.0,11965.0,37.422,9778817.663999999
12214,17770,5791829.0,293191.0,23.799999999999997,137845530.2
12214,12364,4162289.0,197993.0,23.799999999999997,99062478.19999999
12214,13179,1403120.0,70939.0,23.799999999999997,33394255.999999996
12214,19539,948892.0,46395.0,23.799999999999997,22583629.599999998
12214,17822,2004354.0,100053.0,23.799999999999997,47703625.199999996
12214,16262,1622480.0,83221.0,23.799999999999997,38615023.99999999
12214,16133,2500946.0,126905.0,23.799999999999997,59522514.79999999
12214,10178,2122670.0,109619.0,23.799999999999997,50519545.99999999
12214,11568,2739394.0,134660.0,23.799999999999997,65197577.199999996
12214,13431,504278.0,23361.0,55.0,27735290.0
12214,19185,831647.0,39877.0,23.799999999999997,19793198.599999998
12214,16366,4132838.0,197318.0,23.799999999999997,98361544.39999999
12214,13680,8990310.0,442570.0,23.799999999999997,213969377.99999997
12214,11027,4183185.0,200699.0,23.799999999999997,99559802.99999999
12214,10904,1382980.0,69527.0,23.799999999999997,32914923.999999996
12214,17535,505272.0,23803.0,55.0,27789960.0
12214,19171,2092152.0,106550.0,23.799999999999997,49793217.599999994
12214,11214,2481014.0,126203.0,23.799999999999997,59048133.199999996
12214,16916,271510.0,12256.0,37.422,10160447.219999999
12214,18476,1229415.0,63706.0,23.799999999999997,29260076.999999996
12214,11117,4753996.0,240345.0,23.799999999999997,113145104.79999998
12214,14252,1449509.0,75927.0,23.799999999999997,34498314.199999996
12214,11472,3855231.0,193481.0,23.799999999999997,91754497.79999998
12214,12280,3039761.0,156732.0,23.799999999999997,72346311.8
12214,18446,1616140.0,82091.0,23.799999999999997,38464131.99999999
12214,12757,2231882.0,114834.0,23.799999999999997,53118791.599999994
12214,17495,851554.0,43552.0,23.799999999999997,20266985.2
12214,15506,1874936.0,94321.0,23.799999999999997,44623476.8
12214,10376,2638605.0,132894.0,23.799999999999997,62798798.99999999
12214,15286,1502678.0,75856.0,23.799999999999997,35763736.4
12214,11168,3976625.0,201413.0,23.799999999999997,94643674.99999999
12214,13856,3331933.0,168744.0,23.799999999999997,79300005.39999999
12214,15292,1482267.0,83410.0,23.799999999999997,35277954.599999994
12214,13523,1869365.0,96416.0,23.799999999999997,44490886.99999999
12214,14376,4949723.0,251440.0,23.799999999999997,117803407.39999999
12214,17253,4742764.0,239485.0,23.799999999999997,112877783.19999999
12214,15028,9720566.0,475625.0,23.799999999999997,231349470.79999998
12214,15262,6875994.0,344735.0,23.799999999999997,163648657.2
12214,15206,1522609.0,79400.0,23.799999999999997,36238094.199999996
12214,12379,911523.0,69768.0,23.799999999999997,21694247.4
12214,15747,949152.0,46428.0,23.799999999999997,22589817.599999998
12214,19542,1853148.0,95650.0,23.799999999999997,44104922.39999999
12214,13570,2122377.0,108669.0,23.799999999999997,50512572.599999994
12214,13474,1677939.0,86897.0,23.799999999999997,39934948.199999996
12214,10659,2691013.0,132422.0,23.799999999999997,64046109.39999999
12214,14070,1229192.0,63667.0,23.799999999999997,29254769.599999998
12214,13101,2856134.0,143269.0,23.799999999999997,67975989.19999999
12214,12952,8988030.0,442470.0,23.799999999999997,213915113.99999997
12214,18182,3980907.0,200884.0,23.799999999999997,94745586.6
12214,19338,3647993.0,183285.0,23.799999999999997,86822233.39999999
12214,10989,2495561.0,126660.0,23.799999999999997,59394351.79999999
12214,18577,1664303.0,85874.0,23.799999999999997,39610411.4
12214,15204,5433213.0,280071.0,23.799999999999997,129310469.39999999
12214,13250,4317216.0,217769.0,23.799999999999997,102749740.79999998
12214,17039,3983088.0,191436.0,23.799999999999997,94797494.39999999
12214,14444,2306254.0,120041.0,23.799999999999997,54888845.199999996
12214,18849,2671174.0,134754.0,23.799999999999997,63573941.199999996
12214,10751,3948993.0,198955.0,23.799999999999997,93986033.39999999
19921,16219,131202.0,6129.0,53.199999999999996,6979946.399999999
19921,10270,83040.0,4490.0,88.19999999999999,7324127.999999999
19921,11461,60682.0,2880.0,88.19999999999999,5352152.399999999
19921,10303,36559.0,1793.0,72.1,2635903.9
19921,15973,34363.0,1854.0,72.1,2477572.3
19921,14724,136008.0,6422.0,53.199999999999996,7235625.6
19921,10708,1393608.0,67468.0,72.0,100339776.0
19921,13503,85916.0,4129.0,53.9,4630872.399999999
19921,19311,920404.0,46810.0,87.0,80075148.0
19921,10570,1303047.0,63857.0,72.0,93819384.0
19921,13578,1737483.0,82577.0,72.0,125098776.0
19921,10044,59569.0,2882.0,88.19999999999999,5253985.799999999
19921,15401,1733241.0,82324.0,72.0,124793352.0
19921,18863,784139.0,32873.0,87.0,68220093.0
19921,11267,1015631.0,48595.0,87.0,88359897.0
19921,12627,107140.0,5097.0,121.0,12963940.0
19921,17784,196633.0,10251.0,53.199999999999996,10460875.6
19921,13651,1308969.0,64044.0,72.0,94245768.0
19921,13183,1479119.0,75274.0,72.0,106496568.0
19921,15872,113695.0,5663.0,121.0,13757095.0
19921,14076,128008.0,6305.0,53.199999999999996,6810025.6
19921,16991,765877.0,32337.0,87.0,66631299.0
19921,12663,644630.0,33997.0,68.8842,44404821.846
19921,12214,1765510.0,89615.0,72.0,127116720.0
19921,19921,0.0,0.0,393.4,0.0
19921,18144,371063.0,18593.0,68.8842,25560377.904600002
19921,19371,1733046.0,82202.0,72.0,124779312.0
19921,16053,3293004.0,161500.0,72.0,237096288.0
19921,18978,2872112.0,134707.0,72.0,206792064.0
19921,17312,1529762.0,74515.0,72.0,110142864.0
19921,19956,3561331.0,174855.0,72.0,256415832.0
19921,12573,900985.0,44022.0,87.0,78385695.0
19921,19469,402143.0,19752.0,68.8842,27701298.840600003
19921,11861,1735052.0,86964.0,72.0,124923744.0
19921,10327,1108607.0,55364.0,72.0,79819704.0
19921,17547,596.0,149.0,393.4,234466.4
19921,19180,542778.0,29127.0,68.8842,37388828.30760001
19921,12985,43677.0,2462.0,81.89999999999999,3577146.3
19921,14005,74854.0,3650.0,88.19999999999999,6602122.799999999
19921,16142,3260981.0,153241.0,72.0,234790632.0
19921,15916,1714052.0,83084.0,72.0,123411744.0
19921,17770,5115258.0,253920.0,72.0,368298576.0
19921,12364,3965879.0,183044.0,72.0,285543288.0
19921,13179,458667.0,22135.0,68.8842,31594909.361400004
19921,19539,1015534.0,48552.0,87.0,88351458.0
19921,17822,263181.0,11917.0,53.199999999999996,14001229.2
19921,16262,1091423.0,55762.0,72.0,78582456.0
19921,16133,1811084.0,88901.0,72.0,130398048.0
19921,10178,431596.0,22644.0,68.8842,29730145.1832
19921,11568,1101541.0,50135.0,72.0,79310952.0
19921,13431,1343968.0,69616.0,72.0,96765696.0
19921,19185,1145586.0,54922.0,72.0,82482192.0
19921,16366,3936428.0,182368.0,72.0,283422816.0
19921,13680,8313738.0,403300.0,72.0,598589136.0
19921,11027,3399459.0,162195.0,72.0,244761048.0
19921,10904,469690.0,22621.0,68.8842,32354219.898000002
19921,17535,1356192.0,70591.0,72.0,97645824.0
19921,19171,1392562.0,68609.0,72.0,100264464.0
19921,11214,1532548.0,77048.0,72.0,110343456.0
19921,16916,1711002.0,83200.0,72.0,123192144.0
19921,18476,814910.0,44326.0,87.0,70897170.0
19921,11117,4077425.0,201074.0,72.0,293574600.0
19921,14252,770835.0,39778.0,87.0,67062645.0
19921,11472,3067677.0,148947.0,72.0,220872744.0
19921,12280,1309088.0,69097.0,72.0,94254336.0
19921,18446,457987.0,24908.0,68.8842,31548068.105400003
19921,12757,1274389.0,63811.0,72.0,91756008.0
19921,17495,919819.0,47108.0,87.0,80024253.0
19921,15506,133763.0,6186.0,53.199999999999996,7116191.6
19921,10376,1851052.0,88360.0,72.0,133275744.0
19921,15286,581644.0,28662.0,68.8842,40066081.624800004
19921,11168,3300054.0,162143.0,72.0,237603888.0
19921,13856,2655362.0,129473.0,72.0,191186064.0
19921,15292,1235357.0,68845.0,72.0,88945704.0
19921,13523,745695.0,37484.0,87.0,64875465.0
19921,14376,4273152.0,212169.0,72.0,307666944.0
19921,17253,4066193.0,200214.0,72.0,292765896.0
19921,15028,9043995.0,436355.0,72.0,651167640.0
19921,15262,6199423.0,305465.0,72.0,446358456.0
19921,15206,608258.0,33322.0,68.8842,41899365.72360001
19921,12379,1695033.0,92305.0,72.0,122042376.0
19921,15747,1015793.0,48585.0,87.0,88373991.0
19921,19542,263489.0,12462.0,53.199999999999996,14017614.799999999
19921,13570,643059.0,34355.0,68.8842,44296604.7678
19921,13474,900504.0,43907.0,87.0,78343848.0
19921,10659,1033578.0,47272.0,72.0,74417616.0
19921,14070,814687.0,44288.0,87.0,70877769.0
19921,13101,2068580.0,98735.0,72.0,148937760.0
19921,12952,8311458.0,403200.0,72.0,598424976.0
19921,18182,3304336.0,161614.0,72.0,237912192.0
19921,19338,2860440.0,138751.0,72.0,205951680.0
19921,10989,1805700.0,88656.0,72.0,130010400.0
19921,18577,1054827.0,53258.0,72.0,75947544.0
19921,15204,4756641.0,240801.0,72.0,342478152.0
19921,13250,3640645.0,178498.0,72.0,262126440.0
19921,17039,3786677.0,176486.0,72.0,272640744.0
19921,14444,575580.0,32406.0,68.8842,39648367.836
19921,18849,1411577.0,71108.0,72.0,101633544.0
19921,10751,3161439.0,154421.0,72.0,227623608.0
18144,16219,270376.0,14593.0,103.8114,28068111.086400002
18144,10270,319482.0,16673.0,90.0,28753380.0
18144,11461,319435.0,17172.0,90.0,28749150.0
18144,10303,339894.0,17931.0,90.0,30590460.0
18144,15973,341101.0,17951.0,90.0,30699090.0
18144,14724,339090.0,18027.0,90.0,30518100.0
18144,10708,1720726.0,83605.0,45.5,78293033.0
18144,13503,350721.0,18518.0,90.0,31564890.0
18144,19311,1116202.0,58634.0,45.5,50787191.0
18144,10570,1630164.0,79995.0,45.5,74172462.0
18144,13578,1523053.0,76416.0,45.5,69298911.5
18144,10044,314010.0,16830.0,90.0,28260900.0
18144,15401,1518811.0,76163.0,45.5,69105900.5
18144,18863,941371.0,43960.0,45.5,42832380.5
18144,11267,1342748.0,64732.0,45.5,61095034.0
18144,12627,310588.0,17222.0,90.0,27952920.0
18144,17784,363512.0,20152.0,45.5,16539796.0
18144,13651,1636087.0,80181.0,45.5,74441958.5
18144,13183,1352822.0,70130.0,45.5,61553401.0
18144,15872,259277.0,14545.0,103.81,26915545.37
18144,14076,246781.0,13743.0,103.81,25618335.61
18144,16991,923108.0,43424.0,45.5,42001414.0
18144,12663,682901.0,35622.0,45.5,31071995.5
18144,12214,1961308.0,101438.0,45.5,89239514.0
18144,19921,374574.0,18736.0,45.5,17043117.0
18144,18144,0.0,0.0,88.2882,0.0
18144,19371,1518616.0,76041.0,45.5,69097028.0
18144,16053,3078574.0,155339.0,45.5,140075117.0
18144,18978,2657682.0,128546.0,45.5,120924531.0
18144,17312,1856880.0,90652.0,45.5,84488040.0
18144,19956,3346901.0,168693.0,45.5,152283995.5
18144,12573,693985.0,38037.0,45.5,31576317.5
18144,19469,618299.0,33874.0,45.5,28132604.5
18144,11861,1520622.0,80803.0,45.5,69188301.0
18144,10327,894177.0,49203.0,45.5,40685053.5
18144,17547,374085.0,18614.0,45.5,17020867.5
18144,19180,313666.0,17485.0,90.0,28229940.0
18144,12985,338233.0,17414.0,90.0,30440970.0
18144,14005,297792.0,16127.0,90.0,26801280.0
18144,16142,3134683.0,148096.0,45.5,142628076.5
18144,15916,2041170.0,99221.0,45.5,92873235.0
18144,17770,4900828.0,247759.0,45.5,222987674.0
18144,12364,3839582.0,177899.0,45.5,174700981.0
18144,13179,785784.0,38273.0,45.5,35753172.0
18144,19539,1342651.0,64689.0,45.5,61090620.5
18144,17822,432884.0,23250.0,45.5,19696222.0
18144,16262,970951.0,51245.0,45.5,44178270.5
18144,16133,1596654.0,82740.0,45.5,72647757.0
18144,10178,708187.0,38026.0,45.5,32222508.5
18144,11568,1378132.0,65517.0,45.5,62705006.0
18144,13431,1539765.0,81439.0,45.5,70059307.5
18144,19185,1472704.0,71060.0,45.5,67008032.0
18144,16366,3810131.0,177224.0,45.5,173360960.5
18144,13680,8099308.0,397139.0,45.5,368518514.0
18144,11027,3185029.0,156033.0,45.5,144918819.5
18144,10904,796807.0,38758.0,45.5,36254718.5
18144,17535,1551990.0,82414.0,45.5,70615545.0
18144,19171,1178132.0,62448.0,45.5,53605006.0
18144,11214,1167795.0,60800.0,45.5,53134672.5
18144,16916,2038120.0,99338.0,45.5,92734460.0
18144,18476,914596.0,48174.0,45.5,41614118.0
18144,11117,3862995.0,194913.0,45.5,175766272.5
18144,14252,809106.0,41403.0,45.5,36814323.0
18144,11472,2853247.0,142786.0,45.5,129822738.5
18144,12280,1079975.0,57455.0,45.5,49138862.5
18144,18446,829665.0,43148.0,45.5,37749757.5
18144,12757,1059959.0,57650.0,45.5,48228134.5
18144,17495,1115617.0,58931.0,45.5,50760573.5
18144,15506,336845.0,17791.0,90.0,30316050.0
18144,10376,1506775.0,78172.0,45.5,68558262.5
18144,15286,908762.0,44800.0,45.5,41348671.0
18144,11168,3085624.0,155982.0,45.5,140395892.0
18144,13856,2440932.0,123312.0,45.5,111062406.0
18144,15292,1240572.0,66802.0,45.5,56446026.0
18144,13523,488218.0,27745.0,45.5,22213919.0
18144,14376,4058722.0,206008.0,45.5,184671851.0
18144,17253,3851763.0,194053.0,45.5,175255216.5
18144,15028,8829565.0,430194.0,45.5,401745207.5
18144,15262,5984993.0,299303.0,45.5,272317181.5
18144,15206,979936.0,51562.0,45.5,44587088.0
18144,12379,1756803.0,93605.0,45.5,79934536.5
18144,15747,1342910.0,64723.0,45.5,61102405.0
18144,19542,122592.0,7031.0,88.2882,10823427.0144
18144,13570,981405.0,51526.0,45.5,44653927.5
18144,13474,693504.0,37921.0,45.5,31554432.0
18144,10659,1310170.0,62654.0,45.5,59612735.0
18144,14070,914373.0,48135.0,45.5,41603971.5
18144,13101,1595214.0,82574.0,45.5,72582237.0
18144,12952,8097028.0,397038.0,45.5,368414774.0
18144,18182,3089906.0,155453.0,45.5,140590723.0
18144,19338,2646010.0,132590.0,45.5,120393455.0
18144,10989,1591269.0,82495.0,45.5,72402739.5
18144,18577,888835.0,48393.0,45.5,40441992.5
18144,15204,4542211.0,234639.0,45.5,206670600.5
18144,13250,3426214.0,172337.0,45.5,155892737.0
18144,17039,3660379.0,171342.0,45.5,166547244.5
18144,14444,384803.0,23193.0,45.5,17508536.5
18144,18849,1046372.0,52910.0,45.5,47609926.0
18144,10751,2947009.0,148260.0,45.5,134088909.5
19371,16219,1628616.0,77401.0,40.0,65144640.0
19371,10270,1677721.0,79481.0,56.0,93952376.0
19371,11461,1677674.0,79979.0,56.0,93949744.0
19371,10303,1698134.0,80739.0,56.0,95095504.0
19371,15973,1699341.0,80758.0,56.0,95163096.0
19371,14724,1707333.0,80981.0,56.0,95610648.0
19371,10708,2298977.0,116776.0,77.0,177021229.0
19371,13503,1708960.0,81326.0,56.0,95701760.0
19371,19311,1688851.0,84009.0,56.0,94575656.0
19371,10570,2431388.0,121954.0,77.0,187216876.0
19371,13578,9792.0,834.0,221.2,2165990.4
19371,10044,1672250.0,79638.0,56.0,93646000.0
19371,15401,47025.0,2793.0,70.0,3291750.0
19371,18863,2355464.0,107432.0,77.0,181370728.0
19371,11267,2143972.0,106692.0,68.88,147676791.35999998
19371,12627,1668827.0,80030.0,56.0,93454312.0
19371,17784,1625469.0,78755.0,40.0,65018760.0
19371,13651,2437310.0,122141.0,77.0,187672870.0
19371,13183,922389.0,45108.0,95.0,87626955.0
19371,15872,1617516.0,77353.0,40.0,64700640.0
19371,14076,1605020.0,76551.0,40.0,64200800.0
19371,16991,2337202.0,106896.0,77.0,179964554.0
19371,12663,1262765.0,59962.0,110.0,138904150.0
19371,12214,2531252.0,126626.0,77.0,194906404.0
19371,19921,1732813.0,81544.0,56.0,97037528.0
19371,18144,1518779.0,75029.0,95.0,144284005.0
19371,19371,0.0,0.0,221.2,0.0
19371,16053,1571243.0,80008.0,95.0,149268085.0
19371,18978,1150351.0,53216.0,110.0,126538610.0
19371,17312,2317935.0,119729.0,77.0,178480995.0
19371,19956,1839570.0,93363.0,95.0,174759150.0
19371,12573,993063.0,48605.0,95.0,94340985.0
19371,19469,1695785.0,82618.0,56.0,94963960.0
19371,11861,485686.0,24534.0,37.8,18358930.799999997
19371,10327,632190.0,28456.0,45.0,28448550.0
19371,17547,1732324.0,81422.0,56.0,97010144.0
19371,19180,1586116.0,83382.0,84.41,133884051.55999999
19371,12985,1696472.0,80222.0,56.0,95002432.0
19371,14005,1656032.0,78935.0,56.0,92737792.0
19371,16142,2340740.0,109547.0,77.0,180236980.0
19371,15916,2461094.0,127228.0,77.0,189504238.0
19371,17770,3393496.0,172428.0,93.0,315595128.0
19371,12364,2768984.0,128431.0,77.0,213211768.0
19371,13179,1779834.0,87370.0,40.0,71193360.0
19371,19539,2143875.0,106649.0,68.88,147670110.0
19371,17822,1834506.0,86476.0,95.0,174278070.0
19371,16262,903854.0,43817.0,95.0,85866130.0
19371,16133,210100.0,11306.0,90.0,18909000.0
19371,10178,2066426.0,100834.0,68.88,142335422.88
19371,11568,2736372.0,128325.0,77.0,210700644.0
19371,13431,2109709.0,106626.0,68.88,145316755.92
19371,19185,2273927.0,113019.0,77.0,175092379.0
19371,16366,2795962.0,129954.0,77.0,215289074.0
19371,13680,6591977.0,321808.0,67.0,441662459.0
19371,11027,1677698.0,80703.0,56.0,93951088.0
19371,10904,1759694.0,85959.0,40.0,70387760.0
19371,17535,2121934.0,107602.0,68.88,146158813.92
19371,19171,564474.0,26823.0,45.0,25401330.0
19371,11214,367326.0,17034.0,38.031,13969775.105999999
19371,16916,2465324.0,127457.0,77.0,189829948.0
19371,18476,1300657.0,63561.0,110.0,143072270.0
19371,11117,2355664.0,119582.0,77.0,181386128.0
19371,14252,1139738.0,54429.0,110.0,125371180.0
19371,11472,1345916.0,67455.0,110.0,148050760.0
19371,12280,1892809.0,104452.0,95.0,179816855.0
19371,18446,1997183.0,98784.0,68.88,137565965.04
19371,12757,517316.0,25650.0,45.0,23279220.0
19371,17495,1681178.0,83485.0,56.0,94145968.0
19371,15506,1705088.0,80745.0,56.0,95484928.0
19371,10376,152968.0,8726.0,90.0,13767120.0
19371,15286,1883722.0,92549.0,95.0,178953590.0
19371,11168,1578293.0,80651.0,84.41,133223712.13
19371,13856,933601.0,47981.0,95.0,88692095.0
19371,15292,1054641.0,53702.0,95.0,100190895.0
19371,13523,1034433.0,47973.0,95.0,98271135.0
19371,14376,2551391.0,130677.0,77.0,196457107.0
19371,17253,2344432.0,118722.0,77.0,180521264.0
19371,15028,7322233.0,354863.0,67.0,490589611.0
19371,15262,4477661.0,223973.0,67.0,300003287.0
19371,15206,2019510.0,99854.0,68.88,139103848.79999998
19371,12379,1570872.0,80505.0,95.0,149232840.0
19371,15747,2144134.0,106682.0,68.88,147687949.92
19371,19542,1484170.0,70304.0,95.0,140996150.0
19371,13570,2339645.0,114334.0,77.0,180152665.0
19371,13474,992582.0,48489.0,95.0,94295290.0
19371,10659,2668409.0,125461.0,77.0,205467493.0
19371,14070,1300434.0,63522.0,110.0,143047740.0
19371,13101,370496.0,19101.0,31.499999999999996,11670623.999999998
19371,12952,6589697.0,321708.0,67.0,441509699.0
19371,18182,1582575.0,80122.0,84.41,133585155.75
19371,19338,1138678.0,57259.0,110.0,125254580.0
19371,10989,211842.0,11634.0,90.0,19065780.0
19371,18577,857330.0,40835.0,95.0,81446350.0
19371,15204,3034880.0,159309.0,77.0,233685760.0
19371,13250,1918883.0,97006.0,95.0,182293885.0
19371,17039,2866437.0,132792.0,77.0,220715649.0
19371,14444,1715288.0,89927.0,56.0,96056128.0
19371,18849,1265201.0,62403.0,110.0,139172110.0
19371,10751,1439678.0,72929.0,95.0,136769410.0
16053,16219,3183841.0,156608.0,40.0,127353640.0
16053,10270,3232947.0,158689.0,23.2848,75278524.3056
16053,11461,3232900.0,159187.0,23.2848,75277429.92
16053,10303,3253359.0,159947.0,23.2848,75753813.6432
16053,15973,3254566.0,159966.0,23.2848,75781918.3968
16053,14724,3262558.0,160189.0,23.2848,75968010.5184
16053,10708,3749028.0,190982.0,23.2848,87295367.1744
16053,13503,3264186.0,160533.0,23.2848,76005918.1728
16053,19311,3138902.0,158214.0,40.0,125556080.0
16053,10570,3881439.0,196160.0,23.2848,90378530.8272
16053,13578,1570489.0,80172.0,112.0,175894768.0
16053,10044,3227475.0,158845.0,23.2848,75151109.88
16053,15401,1585070.0,80745.0,112.0,177527840.0
16053,18863,3910690.0,186640.0,23.2848,91059634.51200001
16053,11267,3594023.0,180897.0,23.2848,83686106.7504
16053,12627,3224053.0,159238.0,23.2848,75071429.2944
16053,17784,3180695.0,157962.0,40.0,127227800.0
16053,13651,3887362.0,196346.0,23.2848,90516446.6976
16053,13183,2181612.0,110806.0,82.0,178892184.0
16053,15872,3172742.0,156560.0,40.0,126909680.0
16053,14076,3160246.0,155759.0,40.0,126409840.0
16053,16991,3892427.0,186104.0,23.2848,90634384.2096
16053,12663,2712817.0,134167.0,14.0,37979438.0
16053,12214,3981303.0,200831.0,23.2848,92703844.0944
16053,19921,3288039.0,160752.0,23.2848,76561330.5072
16053,18144,3074004.0,154237.0,40.0,122960160.0
16053,19371,1568378.0,79932.0,112.0,175658336.0
16053,16053,0.0,0.0,136.0,0.0
16053,18978,1019348.0,47322.0,94.11,95930840.28
16053,17312,3767987.0,193935.0,23.2848,87736823.6976
16053,19956,280486.0,14954.0,101.871,28573389.305999998
16053,12573,2455264.0,124793.0,23.2848,57170331.1872
16053,19469,3145836.0,156824.0,40.0,125833440.0
16053,11861,1741849.0,87533.0,112.0,195087088.0
16053,10327,2187416.0,107664.0,82.0,179368112.0
16053,17547,3287550.0,160629.0,23.2848,76549944.24
16053,19180,3141341.0,162590.0,40.0,125653640.0
16053,12985,3251698.0,159429.0,23.2848,75715137.5904
16053,14005,3211257.0,158143.0,23.2848,74773476.9936
16053,16142,2503085.0,116345.0,23.2848,58283833.608
16053,15916,3911146.0,201433.0,23.2848,91070252.38080001
16053,17770,1841218.0,94590.0,82.0,150979876.0
16053,12364,1792307.0,85909.0,82.0,146969174.0
16053,13179,3229886.0,161576.0,23.2848,75207249.5328
16053,19539,3593926.0,180854.0,23.2848,83683848.1248
16053,17822,3389731.0,165684.0,23.2848,78929208.3888
16053,16262,2353905.0,118022.0,23.2848,54810207.144
16053,16133,1465246.0,74366.0,112.0,164107552.0
16053,10178,3621652.0,180041.0,23.2848,84329442.4896
16053,11568,4291598.0,207532.0,23.2848,99929001.1104
16053,13431,3559760.0,180832.0,23.2848,82888299.648
16053,19185,3723979.0,187225.0,23.2848,86712106.2192
16053,16366,1819286.0,87432.0,82.0,149181452.0
16053,13680,5039699.0,243970.0,23.2848,117348383.27520001
16053,11027,761665.0,41166.0,101.11,77011948.15
16053,10904,3209746.0,160164.0,23.2848,74738293.6608
16053,17535,3571985.0,181807.0,23.2848,83172956.32800001
16053,19171,1898337.0,95515.0,82.0,155663634.0
16053,11214,1922552.0,96241.0,82.0,157649264.0
16053,16916,3915375.0,201663.0,23.2848,91168723.8
16053,18476,2750709.0,137766.0,14.0,38509926.0
16053,11117,803386.0,41744.0,94.11,75606656.46
16053,14252,2589789.0,128635.0,14.0,36257046.0
16053,11472,1228797.0,79871.0,31.0464,38149723.1808
16053,12280,3448034.0,183660.0,23.2848,80286782.08320001
16053,18446,3447235.0,172989.0,23.2848,80268177.528
16053,12757,2072542.0,104858.0,82.0,169948444.0
16053,17495,3131229.0,157690.0,40.0,125249160.0
16053,15506,3260313.0,159953.0,23.2848,75915736.1424
16053,10376,1695443.0,86418.0,112.0,189889616.0
16053,15286,3333773.0,166755.0,23.2848,77626237.5504
16053,11168,19108.0,1494.0,136.0,2598688.0
16053,13856,648071.0,33745.0,31.0464,20120271.4944
16053,15292,2504693.0,127907.0,23.2848,58321275.5664
16053,13523,2589658.0,127181.0,14.0,36255212.0
16053,14376,999113.0,52839.0,94.11,94026524.42999999
16053,17253,792154.0,40884.0,101.11,80094690.94
16053,15028,5769955.0,277024.0,23.2848,134352248.18400002
16053,15262,2925383.0,146134.0,14.0,40955362.0
16053,15206,3469562.0,174059.0,23.2848,80788057.25760001
16053,12379,3020923.0,154710.0,14.0,42292922.0
16053,15747,3594185.0,180888.0,23.2848,83689878.888
16053,19542,3039396.0,149512.0,14.0,42551544.0
16053,13570,3894870.0,193541.0,23.2848,90691268.976
16053,13474,2454783.0,124677.0,23.2848,57159131.1984
16053,10659,4223635.0,204669.0,23.2848,98346496.248
16053,14070,2750486.0,137728.0,14.0,38506804.0
16053,13101,1912972.0,96793.0,82.0,156863704.0
16053,12952,5037419.0,243869.0,23.2848,117295293.9312
16053,18182,31844.0,2290.0,140.0,4458160.0
16053,19338,1437408.0,90010.0,112.0,160989696.0
16053,10989,1467955.0,75006.0,112.0,164410960.0
16053,18577,2307382.0,115041.0,23.2848,53726928.3936
16053,15204,1482602.0,81470.0,112.0,166051424.0
16053,13250,349244.0,17371.0,101.871,35577835.524
16053,17039,2060760.0,98843.0,82.0,168982320.0
16053,14444,3270513.0,169135.0,23.2848,76153241.1024
16053,18849,2820426.0,141611.0,14.0,39485964.0
16053,10751,1694263.0,103193.0,112.0,189757456.0
18978,16219,2763188.0,130022.0,47.5398,131361404.8824
18978,10270,2812294.0,132102.0,56.756699999999995,159616526.86979997
18978,11461,2812247.0,132601.0,56.756699999999995,159613859.3049
18978,10303,2832706.0,133360.0,56.756699999999995,160775044.6302
18978,15973,2833913.0,133379.0,56.756699999999995,160843549.9671
18978,14724,2841905.0,133602.0,56.756699999999995,161297149.51349998
18978,10708,3269855.0,163707.0,67.545,220862355.975
18978,13503,2843533.0,133947.0,56.756699999999995,161389549.4211
18978,19311,2659730.0,130940.0,47.5398,126443032.254
18978,10570,3402267.0,168885.0,67.545,229806124.51500002
18978,13578,1149836.0,53585.0,64.65,74336897.4
18978,10044,2806822.0,132259.0,56.756699999999995,159305954.2074
18978,15401,1164418.0,54158.0,64.65,75279623.7
18978,18863,3490037.0,160053.0,67.545,235734549.165
18978,11267,3114851.0,153623.0,67.545,210392610.79500002
18978,12627,2803400.0,132651.0,56.756699999999995,159111732.77999997
18978,17784,2683139.0,131181.0,47.5398,127555891.4322
18978,13651,3408189.0,169071.0,67.545,230206126.005
18978,13183,1534211.0,75558.0,46.5696,71447592.5856
18978,15872,2752089.0,129974.0,47.5398,130833760.6422
18978,14076,2739593.0,129172.0,47.5398,130239703.3014
18978,16991,3471774.0,159517.0,67.545,234500974.83
18978,12663,2233644.0,106892.0,47.5398,106186989.03119999
18978,12214,3422846.0,172659.0,67.545,231196133.07
18978,19921,2867386.0,134165.0,56.756699999999995,162743366.98619998
18978,18144,2653352.0,127651.0,47.5398,126139823.4096
18978,19371,1147725.0,53346.0,64.65,74200421.25
18978,16053,1021474.0,47498.0,64.65,66038294.10000001
18978,18978,0.0,0.0,66.0,0.0
18978,17312,3288814.0,166660.0,67.545,222142941.63
18978,19956,1371039.0,59038.0,48.0,65809872.0
18978,12573,1976092.0,97518.0,63.7,125877060.4
18978,19469,2666663.0,129549.0,47.5398,126772625.6874
18978,11861,1094448.0,52285.0,64.65,70756063.2
18978,10327,1766763.0,81077.0,63.7,112542803.10000001
18978,17547,2866897.0,134043.0,56.756699999999995,162715612.9599
18978,19180,2720689.0,136003.0,47.5398,129341010.9222
18978,12985,2831045.0,132843.0,56.756699999999995,160680771.75149998
18978,14005,2790604.0,131556.0,56.756699999999995,158385474.0468
18978,16142,1592506.0,90555.0,46.5696,74162367.4176
18978,15916,3431973.0,174159.0,67.545,231812616.285
18978,17770,2950694.0,140576.0,67.545,199304626.23000002
18978,12364,1870449.0,77370.0,46.5696,87106061.7504
18978,13179,2750713.0,134301.0,47.5398,130768345.8774
18978,19539,3114754.0,153579.0,67.545,210386058.93
18978,17822,2969078.0,139097.0,67.545,200546373.51
18978,16262,1874733.0,90747.0,63.7,119420492.10000001
18978,16133,1044593.0,47780.0,64.65,67532937.45
18978,10178,3200999.0,153455.0,67.545,216211477.455
18978,11568,3870945.0,180946.0,67.545,261462980.025
18978,13431,2923662.0,149427.0,67.545,197478749.79
18978,19185,3244806.0,159950.0,67.545,219170421.27
18978,16366,1897428.0,78893.0,48.0,91076544.0
18978,13680,6149175.0,289955.0,67.545,415346025.375
18978,11027,779164.0,29642.0,66.0,51424824.0
18978,10904,2730573.0,132889.0,47.5398,129810894.3054
18978,17535,2926746.0,149713.0,67.545,197687058.57
18978,19171,1419164.0,68241.0,46.5696,66089899.8144
18978,11214,1501899.0,69655.0,46.5696,69942835.67040001
18978,16916,3436202.0,174388.0,67.545,232098264.09
18978,18476,2271536.0,110492.0,47.5398,107988367.1328
18978,11117,1912862.0,87730.0,63.7,121849309.4
18978,14252,2110617.0,101360.0,63.7,134446302.9
18978,11472,1783560.0,84934.0,63.7,113612772.0
18978,12280,3027382.0,157073.0,67.545,204484517.19
18978,18446,2968062.0,145715.0,67.545,200477747.79
18978,12757,1651889.0,78271.0,63.7,105225329.30000001
18978,17495,2652056.0,130416.0,47.5398,126078211.8288
18978,15506,2839660.0,133366.0,56.756699999999995,161169730.72199997
18978,10376,1274791.0,59832.0,64.65,82415238.15
18978,15286,2854600.0,139480.0,56.756699999999995,162017675.82
18978,11168,1034910.0,48367.0,64.65,66906931.50000001
18978,13856,805495.0,34303.0,66.0,53162670.0
18978,15292,1952355.0,90541.0,63.7,124365013.5
18978,13523,2169005.0,100595.0,63.7,138165618.5
18978,14376,2108589.0,98825.0,63.7,134317119.3
18978,17253,1901630.0,86870.0,63.7,121133831.0
18978,15028,6879431.0,323010.0,67.545,464671166.89500004
18978,15262,4034859.0,192120.0,67.545,272534551.15500003
18978,15206,2990389.0,146785.0,67.545,201985825.005
18978,12379,2457167.0,116145.0,47.5398,116813227.7466
18978,15747,3115013.0,153613.0,67.545,210403553.085
18978,19542,2618743.0,122925.0,47.5398,124494518.4714
18978,13570,3474217.0,166955.0,67.545,234665987.26500002
18978,13474,1975610.0,97403.0,63.7,125846357.0
18978,10659,3802982.0,178082.0,67.545,256872419.19
18978,14070,2271313.0,110453.0,47.5398,107977765.7574
18978,13101,1492320.0,70207.0,46.5696,69496745.472
18978,12952,6146895.0,289855.0,67.545,415192022.77500004
18978,18182,1045805.0,49143.0,64.65,67611293.25
18978,19338,1576323.0,74738.0,46.5696,73408731.5808
18978,10989,1047303.0,48419.0,64.65,67708138.95
18978,18577,1828209.0,87766.0,63.7,116456913.30000001
18978,15204,2592078.0,127456.0,47.5398,123226869.7044
18978,13250,1128444.0,48109.0,64.65,72953904.60000001
18978,17039,2138903.0,90304.0,64.65,138280078.95000002
18978,14444,2849861.0,142548.0,56.756699999999995,161748705.8187
18978,18849,2399773.0,115024.0,47.5398,114084728.4654
18978,10751,1877322.0,90408.0,63.7,119585411.4
17312,16219,1614935.0,78069.0,35.29,56991056.15
17312,10270,1558038.0,76333.0,35.29,54983161.019999996
17312,11461,1562302.0,75773.0,35.29,55133637.58
17312,10303,1551651.0,75138.0,35.29,54757763.79
17312,15973,1549455.0,75200.0,35.29,54680266.949999996
17312,14724,1642931.0,79399.0,35.29,57979034.99
17312,10708,138671.0,7324.0,76.6458,10628549.7318
17312,13503,1592839.0,77106.0,35.29,56211288.309999995
17312,19311,635920.0,36407.0,35.29,22441616.8
17312,10570,429859.0,22954.0,42.69,18350680.709999997
17312,13578,2312376.0,120260.0,35.29,81603749.03999999
17312,10044,1555316.0,75309.0,35.29,54887101.64
17312,15401,2308133.0,120007.0,35.29,81454013.57
17312,18863,2291062.0,105850.0,35.29,80851577.98
17312,11267,523020.0,27264.0,35.29,18457375.8
17312,12627,1607781.0,77734.0,35.29,56738591.49
17312,17784,1456296.0,74178.0,35.29,51392685.839999996
17312,13651,442664.0,22819.0,42.69,18897326.16
17312,13183,1812645.0,96897.0,35.29,63968242.05
17312,15872,1610118.0,78139.0,35.29,56821064.22
17312,14076,1630919.0,78390.0,35.29,57555131.51
17312,16991,2272800.0,105313.0,35.29,80207112.0
17312,12663,1221066.0,66309.0,35.29,43091419.14
17312,12214,429283.0,19405.0,42.69,18326091.27
17312,19921,1532155.0,74609.0,35.29,54069749.949999996
17312,18144,1854795.0,90532.0,35.29,65455715.55
17312,19371,2307939.0,119885.0,35.29,81447167.31
17312,16053,3756915.0,193919.0,35.29,132581530.35
17312,18978,3293861.0,166698.0,35.29,116240354.69
17312,17312,0.0,0.0,76.6458,0.0
17312,19956,4025242.0,207274.0,35.29,142050790.18
17312,12573,1465759.0,80161.0,35.29,51726635.11
17312,19469,1188361.0,58517.0,35.29,41937259.69
17312,11861,2221981.0,118055.0,35.29,78413709.49
17312,10327,1812720.0,97875.0,35.29,63970888.8
17312,17547,1531665.0,74487.0,35.29,54052457.85
17312,19180,2039202.0,101603.0,35.29,71963438.58
17312,12985,1524280.0,73995.0,35.29,53791841.199999996
17312,14005,1571278.0,76126.0,35.29,55450400.62
17312,16142,3402424.0,166505.0,35.29,120071542.96
17312,15916,187228.0,8952.0,76.6458,14350239.8424
17312,17770,5579168.0,286340.0,35.29,196888838.72
17312,12364,4107323.0,196308.0,35.29,144947428.67
17312,13179,1083136.0,53634.0,35.29,38223869.44
17312,19539,522923.0,27220.0,35.29,18453952.669999998
17312,17822,1770104.0,84894.0,35.29,62466970.16
17312,16262,1409819.0,76370.0,35.29,49752512.51
17312,16133,2288285.0,120055.0,35.29,80753577.64999999
17312,10178,1802686.0,92315.0,35.29,63616788.94
17312,11568,2419410.0,117356.0,35.29,85380978.89999999
17312,13431,627831.0,29848.0,35.29,22156155.99
17312,19185,405678.0,20702.0,42.69,17318393.82
17312,16366,4077872.0,195632.0,35.29,143908102.88
17312,13680,8777649.0,435719.0,35.29,309763233.21
17312,11027,3863369.0,194614.0,35.29,136338292.01
17312,10904,1062996.0,52223.0,35.29,37513128.839999996
17312,17535,628825.0,30290.0,35.29,22191234.25
17312,19171,1879491.0,99700.0,35.29,66327237.39
17312,11214,2268353.0,119352.0,35.29,80050177.37
17312,16916,184178.0,9068.0,76.6458,14116470.152399998
17312,18476,1016754.0,56855.0,35.29,35881248.66
17312,11117,4541336.0,233494.0,35.29,160263747.44
17312,14252,1236847.0,69076.0,35.29,43648330.629999995
17312,11472,3642570.0,186630.0,35.29,128546295.3
17312,12280,2805511.0,141573.0,35.29,99006483.19
17312,18446,1296156.0,64787.0,35.29,45741345.24
17312,12757,2019220.0,107983.0,35.29,71258273.8
17312,17495,638893.0,36701.0,35.29,22546533.97
17312,15506,1640686.0,79162.0,35.29,57899808.94
17312,10376,2425944.0,126043.0,35.29,85611563.76
17312,15286,1182694.0,58552.0,35.29,41737271.26
17312,11168,3763964.0,194562.0,35.29,132830289.56
17312,13856,3119272.0,161893.0,35.29,110079108.88
17312,15292,1427300.0,81725.0,35.29,50369417.0
17312,13523,1656704.0,89565.0,35.29,58465084.16
17312,14376,4737063.0,244589.0,35.29,167170953.27
17312,17253,4530104.0,232634.0,35.29,159867370.16
17312,15028,9507905.0,468774.0,35.29,335533967.45
17312,15262,6663333.0,337884.0,35.29,235149021.57
17312,15206,1110961.0,61521.0,35.29,39205813.69
17312,12379,1035076.0,76255.0,35.29,36527832.04
17312,15747,523182.0,27254.0,35.29,18463092.78
17312,19542,1747221.0,84401.0,35.29,61659429.089999996
17312,13570,1802393.0,91365.0,35.29,63606448.97
17312,13474,1465277.0,80046.0,35.29,51709625.33
17312,10659,2371029.0,115118.0,35.29,83673613.41
17312,14070,1016531.0,56816.0,35.29,35873378.99
17312,13101,2643473.0,136418.0,35.29,93288162.17
17312,12952,8775369.0,435619.0,35.29,309682772.01
17312,18182,3768247.0,194033.0,35.29,132981436.63
17312,19338,3435332.0,176434.0,35.29,121232866.28
17312,10989,2282900.0,119809.0,35.29,80563541.0
17312,18577,1451642.0,79023.0,35.29,51228446.18
17312,15204,5220552.0,273220.0,35.29,184233280.07999998
17312,13250,4104555.0,210918.0,35.29,144849745.95
17312,17039,3928121.0,189750.0,35.29,138623390.09
17312,14444,2072004.0,104882.0,35.29,73121021.16
17312,18849,2458513.0,127903.0,35.29,86760923.77
17312,10751,3736332.0,192104.0,35.29,131855156.28
19956,16219,3442497.0,170136.0,40.0,137699880.0
19956,10270,3491603.0,172217.0,28.1358,98239043.6874
19956,11461,3491556.0,172715.0,28.1358,98237721.3048
19956,10303,3512015.0,173475.0,28.1358,98813351.637
19956,15973,3513222.0,173494.0,28.1358,98847311.5476
19956,14724,3521214.0,173717.0,28.1358,99072172.8612
19956,10708,4007684.0,204510.0,28.1358,112759395.48719999
19956,13503,3522842.0,174061.0,28.1358,99117977.9436
19956,19311,3397559.0,171742.0,40.0,135902360.0
19956,10570,4140096.0,209688.0,28.1358,116484913.0368
19956,13578,1829145.0,93700.0,23.2848,42591275.496
19956,10044,3486131.0,172373.0,28.1358,98085084.5898
19956,15401,1843727.0,94273.0,23.2848,42930814.4496
19956,18863,4169346.0,200168.0,28.1358,117307885.1868
19956,11267,3852680.0,194425.0,28.1358,108398233.944
19956,12627,3482709.0,172766.0,28.1358,97988803.8822
19956,17784,3439351.0,171490.0,40.0,137574040.0
19956,13651,4146018.0,209874.0,28.1358,116651533.2444
19956,13183,2440268.0,124334.0,23.2848,56821152.326400004
19956,15872,3431398.0,170088.0,40.0,137255920.0
19956,14076,3418902.0,169287.0,40.0,136756080.0
19956,16991,4151083.0,199632.0,28.1358,116794041.0714
19956,12663,2971473.0,147695.0,40.0,118858920.0
19956,12214,4239960.0,214359.0,28.1358,119294666.568
19956,19921,3546695.0,174280.0,28.1358,99789101.181
19956,18144,3332660.0,167765.0,40.0,133306400.0
19956,19371,1827034.0,93460.0,23.2848,42542121.2832
19956,16053,281819.0,15121.0,30.0762,8476044.6078
19956,18978,1364649.0,58837.0,23.2848,31775579.0352
19956,17312,4026643.0,207463.0,28.1358,113292822.1194
19956,19956,0.0,0.0,16.3944,0.0
19956,12573,2713921.0,138321.0,23.2848,63193107.7008
19956,19469,3404492.0,170352.0,40.0,136179680.0
19956,11861,2000506.0,101061.0,23.2848,46581382.1088
19956,10327,2446072.0,121192.0,23.2848,56956297.3056
19956,17547,3546206.0,174157.0,28.1358,99775342.7748
19956,19180,3399998.0,176118.0,40.0,135999920.0
19956,12985,3510354.0,172957.0,28.1358,98766618.0732
19956,14005,3469913.0,171671.0,28.1358,97628778.1854
19956,16142,2681010.0,123134.0,23.2848,62426781.648
19956,15916,4169802.0,214961.0,28.1358,117320715.1116
19956,17770,1580092.0,81657.0,23.2848,36792126.2016
19956,12364,1970232.0,92698.0,23.2848,45876458.0736
19956,13179,3488542.0,175104.0,28.1358,98152920.0036
19956,19539,3852583.0,194382.0,28.1358,108395504.7714
19956,17822,3648387.0,179212.0,28.1358,102650286.9546
19956,16262,2612561.0,131550.0,23.2848,60832960.3728
19956,16133,1723902.0,87894.0,23.2848,40140713.2896
19956,10178,3880308.0,193569.0,28.1358,109175569.8264
19956,11568,4550254.0,221060.0,28.1358,128025036.4932
19956,13431,3818417.0,194360.0,28.1358,107434217.02859999
19956,19185,3982635.0,200753.0,28.1358,112054621.833
19956,16366,1997210.0,94221.0,23.2848,46504635.408
19956,13680,4778573.0,231037.0,28.1358,134448974.2134
19956,11027,939590.0,47956.0,105.0,98656950.0
19956,10904,3468402.0,173692.0,28.1358,97586264.99159999
19956,17535,3830642.0,195335.0,28.1358,107778177.1836
19956,19171,2156993.0,109043.0,23.2848,50225150.6064
19956,11214,2181208.0,109769.0,23.2848,50788992.0384
19956,16916,4174031.0,215191.0,28.1358,117439701.4098
19956,18476,3009365.0,151294.0,40.0,120374600.0
19956,11117,542260.0,28811.0,105.0,56937300.0
19956,14252,2848446.0,142163.0,23.2848,66325495.4208
19956,11472,1487453.0,93399.0,23.2848,34635045.6144
19956,12280,3706691.0,197188.0,28.1358,104290716.6378
19956,18446,3705891.0,186517.0,28.1358,104268207.9978
19956,12757,2331198.0,118386.0,23.2848,54281479.190400004
19956,17495,3389885.0,171218.0,40.0,135595400.0
19956,15506,3518969.0,173481.0,28.1358,99009007.9902
19956,10376,1954100.0,99946.0,23.2848,45500827.68
19956,15286,3592429.0,180283.0,28.1358,101075863.8582
19956,11168,263092.0,13769.0,30.0762,7912807.6104
19956,13856,906728.0,47273.0,105.0,95206440.0
19956,15292,2763349.0,141435.0,23.2848,64344028.795200005
19956,13523,2848314.0,140709.0,23.2848,66322421.8272
19956,14376,737986.0,39906.0,105.0,77488530.0
19956,17253,531027.0,27951.0,105.0,55757835.0
19956,15028,5508829.0,264092.0,69.0,380109201.0
19956,15262,2664257.0,133202.0,23.2848,62036691.3936
19956,15206,3728218.0,187587.0,28.1358,104896396.0044
19956,12379,3279579.0,168238.0,40.0,131183160.0
19956,15747,3852842.0,194416.0,28.1358,108402791.9436
19956,19542,3298052.0,163040.0,40.0,131922080.0
19956,13570,4153526.0,207069.0,28.1358,116862776.8308
19956,13474,2713439.0,138205.0,23.2848,63181884.427200004
19956,10659,4482291.0,218197.0,28.1358,126112843.1178
19956,14070,3009142.0,151256.0,40.0,120365680.0
19956,13101,2171629.0,110321.0,23.2848,50565946.9392
19956,12952,4776293.0,230937.0,28.1358,134384824.5894
19956,18182,251245.0,13933.0,16.3944,4119011.0280000004
19956,19338,1696065.0,103538.0,23.2848,39492534.312
19956,10989,1726612.0,88534.0,23.2848,40203815.0976
19956,18577,2566038.0,128569.0,23.2848,59749681.6224
19956,15204,1221476.0,68538.0,23.2848,28441824.364800002
19956,13250,463602.0,23201.0,105.0,48678210.0
19956,17039,2238685.0,105632.0,23.2848,52127332.488
19956,14444,3529169.0,182663.0,28.1358,99295993.1502
19956,18849,3079082.0,155139.0,40.0,123163280.0
19956,10751,1952919.0,116721.0,23.2848,45473328.3312
12573,16219,797263.0,39955.0,39.92,31826738.96
12573,10270,846368.0,42035.0,27.44,23224337.92
12573,11461,846321.0,42533.0,27.44,23223048.240000002
12573,10303,866781.0,43293.0,27.44,23784470.64
12573,15973,867988.0,43312.0,27.44,23817590.720000003
12573,14724,875980.0,43535.0,27.44,24036891.200000003
12573,10708,1447277.0,77192.0,27.44,39713280.88
12573,13503,877608.0,43880.0,27.44,24081563.52
12573,19311,837152.0,44424.0,27.44,22971450.880000003
12573,10570,1579689.0,82369.0,27.44,43346666.160000004
12573,13578,999529.0,49430.0,27.44,27427075.76
12573,10044,840897.0,42192.0,27.44,23074213.68
12573,15401,995287.0,49178.0,27.44,27310675.28
12573,18863,1524112.0,69986.0,27.44,41821633.28
12573,11267,1292273.0,67107.0,27.44,35459971.120000005
12573,12627,837475.0,42584.0,27.44,22980314.0
12573,17784,712910.0,37587.0,39.92,28459367.200000003
12573,13651,1585611.0,82556.0,27.44,43509165.84
12573,13183,633267.0,33653.0,39.92,25280018.64
12573,15872,786164.0,39907.0,39.92,31383666.880000003
12573,14076,773668.0,39105.0,39.92,30884826.560000002
12573,16991,1505849.0,69450.0,27.44,41320496.56
12573,12663,409952.0,20273.0,39.92,16365283.84
12573,12214,1679553.0,87041.0,27.44,46086934.32
12573,19921,901461.0,44098.0,27.44,24736089.84
12573,18144,693946.0,38124.0,39.92,27702324.32
12573,19371,995092.0,49056.0,27.44,27305324.48
12573,16053,2454540.0,124837.0,27.44,67352577.60000001
12573,18978,1991486.0,97616.0,27.44,54646375.84
12573,17312,1466236.0,80144.0,27.44,40233515.84
12573,19956,2722867.0,138192.0,27.44,74715470.48
12573,12573,0.0,0.0,1715.6999999999998,0.0
12573,19469,798990.0,42268.0,39.92,31895680.8
12573,11861,919606.0,48973.0,27.44,25233988.64
12573,10327,396752.0,23059.0,39.92,15838339.84
12573,17547,900971.0,43976.0,27.44,24722644.240000002
12573,19180,1004498.0,55405.0,27.44,27563425.12
12573,12985,865120.0,42776.0,27.44,23738892.8
12573,14005,824679.0,41489.0,27.44,22629191.76
12573,16142,2415128.0,111620.0,27.44,66271112.32
12573,15916,1609395.0,87643.0,27.44,44161798.800000004
12573,17770,4276793.0,217258.0,27.44,117355199.92
12573,12364,3120027.0,141423.0,27.44,85613540.88000001
12573,13179,883040.0,47020.0,27.44,24230617.6
12573,19539,1292176.0,67064.0,27.44,35457309.440000005
12573,17822,1003153.0,49030.0,27.44,27526518.32
12573,16262,245459.0,14099.0,13.72,3367697.48
12573,16133,985910.0,50973.0,27.44,27053370.400000002
12573,10178,1235074.0,63388.0,27.44,33890430.56
12573,11568,1905019.0,90879.0,27.44,52273721.36
12573,13431,1258010.0,67042.0,27.44,34519794.4
12573,19185,1422228.0,73435.0,27.44,39025936.32
12573,16366,3090576.0,140747.0,27.44,84805405.44
12573,13680,7475274.0,366637.0,27.44,205121518.56
12573,11027,2560994.0,125532.0,27.44,70273675.36
12573,10904,862900.0,45609.0,27.44,23677976.0
12573,17535,1270235.0,68017.0,27.44,34855248.4
12573,19171,577116.0,30618.0,39.92,23038470.720000003
12573,11214,871437.0,45711.0,27.44,23912231.28
12573,16916,1613624.0,87873.0,27.44,44277842.56
12573,18476,462858.0,24672.0,39.92,18477291.36
12573,11117,3238961.0,164412.0,27.44,88877089.84
12573,14252,286925.0,14740.0,13.72,3936611.0
12573,11472,2329723.0,115800.0,27.44,63927599.120000005
12573,12280,1606008.0,86765.0,27.44,44068859.52
12573,18446,1100389.0,58434.0,27.44,30194674.16
12573,12757,613278.0,32475.0,39.92,24482057.76
12573,17495,829478.0,43900.0,27.44,22760876.32
12573,15506,873735.0,43299.0,27.44,23975288.400000002
12573,10376,1113098.0,55213.0,27.44,30543409.12
12573,15286,986927.0,52199.0,27.44,27081276.880000003
12573,11168,2461589.0,125480.0,27.44,67546002.16
12573,13856,1816897.0,92811.0,27.44,49855653.68
12573,15292,515081.0,29656.0,39.92,20562033.52
12573,13523,248697.0,12713.0,13.72,3412122.8400000003
12573,14376,3434688.0,175507.0,27.44,94247838.72
12573,17253,3227729.0,163552.0,27.44,88568883.76
12573,15028,8205530.0,399692.0,27.44,225159743.20000002
12573,15262,5360958.0,268802.0,27.44,147104687.52
12573,15206,1122716.0,59504.0,27.44,30807327.040000003
12573,12379,1031311.0,56459.0,27.44,28299173.84
12573,15747,1292435.0,67098.0,27.44,35464416.4
12573,19542,652818.0,32858.0,39.92,26060494.560000002
12573,13570,1508292.0,76888.0,27.44,41387532.480000004
12573,13474,669.0,164.0,1715.6999999999998,1147803.2999999998
12573,10659,1837057.0,88015.0,27.44,50408844.080000006
12573,14070,462635.0,24634.0,39.92,18468389.2
12573,13101,1330626.0,65588.0,27.44,36512377.440000005
12573,12952,7472994.0,366537.0,27.44,205058955.36
12573,18182,2465872.0,124951.0,27.44,67663527.68
12573,19338,2122486.0,105605.0,27.44,58241015.84
12573,10989,980525.0,50727.0,27.44,26905606.0
12573,18577,198936.0,11117.0,42.0,8355312.0
12573,15204,3918177.0,204138.0,27.44,107514776.88000001
12573,13250,2802180.0,141836.0,27.44,76891819.2
12573,17039,2940825.0,134865.0,27.44,80696238.0
12573,14444,1075634.0,61113.0,27.44,29515396.96
12573,18849,1031681.0,51038.0,27.44,28309326.64
12573,10751,2423485.0,121275.0,27.44,66500428.400000006
19469,16219,486777.0,23309.0,16.296,7932517.992
19469,10270,429881.0,21573.0,16.296,7005340.776
19469,11461,434145.0,21013.0,16.296,7074826.92
19469,10303,423493.0,20378.0,16.29936,6902664.86448
19469,15973,421297.0,20440.0,16.29936,6866871.46992
19469,14724,514773.0,24639.0,16.296,8388740.808
19469,10708,1052966.0,51464.0,16.296,17159133.936
19469,13503,464681.0,22346.0,16.296,7572441.575999999
19469,19311,656664.0,33042.0,16.296,10700996.544
19469,10570,962405.0,47854.0,16.296,15683351.879999999
19469,13578,1701398.0,83204.0,16.296,27725981.808
19469,10044,427158.0,20549.0,16.296,6960966.768
19469,15401,1697156.0,82951.0,16.296,27656854.176
19469,18863,1162905.0,51090.0,16.296,18950699.88
19469,11267,674989.0,32591.0,16.296,10999620.743999999
19469,12627,479624.0,22974.0,16.296,7815952.704
19469,17784,286841.0,16289.0,36.0,10326276.0
19469,13651,968327.0,48040.0,16.296,15779856.792
19469,13183,1267520.0,63995.0,16.296,20655505.919999998
19469,15872,481961.0,23380.0,16.296,7854036.455999999
19469,14076,502762.0,23631.0,16.296,8193009.552
19469,16991,1144642.0,50554.0,16.296,18653086.031999998
19469,12663,446458.0,22944.0,16.296,7275479.568
19469,12214,1510282.0,75773.0,16.296,24611555.472
19469,19921,403997.0,19849.0,16.29936,6584892.54192
19469,18144,615150.0,33786.0,16.296,10024484.4
19469,19371,1696962.0,82830.0,16.296,27653692.752
19469,16053,3145937.0,156863.0,16.296,51266189.352
19469,18978,2682884.0,129642.0,16.296,43720277.664
19469,17312,1189120.0,58511.0,16.296,19377899.52
19469,19956,3414264.0,170218.0,16.296,55638846.144
19469,12573,794730.0,42139.0,16.296,12950920.08
19469,19469,0.0,0.0,25.0,0.0
19469,11861,1611004.0,80999.0,16.296,26252921.184
19469,10327,1201743.0,60819.0,16.296,19583603.928
19469,17547,403508.0,19727.0,16.29936,6576922.15488
19469,19180,911044.0,46843.0,16.296,14846373.024
19469,12985,396122.0,19235.0,16.29936,6456535.08192
19469,14005,443120.0,21366.0,16.296,7221083.52
19469,16142,2950387.0,140145.0,16.296,48079506.552
19469,15916,1373410.0,67080.0,16.296,22381089.36
19469,17770,4968191.0,249284.0,16.296,80961640.536
19469,12364,3655286.0,169948.0,16.296,59566540.655999996
19469,13179,118025.0,6132.0,25.0,2950625.0
19469,19539,674892.0,32548.0,16.296,10998040.032
19469,17822,641947.0,30134.0,16.296,10461168.311999999
19469,16262,879824.0,44483.0,16.296,14337611.904
19469,16133,1677308.0,82999.0,16.296,27333411.167999998
19469,10178,674528.0,37555.0,16.296,10992108.287999999
19469,11568,1291252.0,62596.0,16.296,21042242.592
19469,13431,1080228.0,55847.0,16.296,17603395.487999998
19469,19185,804944.0,38919.0,16.296,13117367.423999999
19469,16366,3625835.0,169272.0,16.296,59086607.16
19469,13680,8166671.0,398664.0,16.296,133084070.616
19469,11027,3252392.0,157558.0,16.296,53000980.032
19469,10904,129048.0,6617.0,25.0,3226200.0
19469,17535,1092452.0,56823.0,16.296,17802597.792
19469,19171,1268514.0,62644.0,16.296,20671704.143999998
19469,11214,1657375.0,82296.0,16.296,27008583.0
19469,16916,1370360.0,67197.0,16.296,22331386.56
19469,18476,551170.0,30558.0,16.296,8981866.32
19469,11117,3930358.0,196438.0,16.296,64049113.967999995
19469,14252,559237.0,28499.0,16.296,9113326.151999999
19469,11472,3031593.0,149574.0,16.296,49402839.528
19469,12280,1677354.0,86813.0,16.296,27334160.783999998
19469,18446,320998.0,18115.0,36.0,11555928.0
19469,12757,1348024.0,70441.0,16.296,21967399.104
19469,17495,656079.0,33339.0,16.296,10691463.384
19469,15506,512528.0,24403.0,16.296,8352156.288
19469,10376,1814967.0,88987.0,16.296,29576702.231999997
19469,15286,241002.0,12659.0,36.0,8676072.0
19469,11168,3152987.0,157507.0,16.296,51381076.151999995
19469,13856,2508295.0,124837.0,16.296,40875175.32
19469,15292,971617.0,55077.0,16.296,15833470.632
19469,13523,862270.0,45754.0,16.296,14051551.92
19469,14376,4126085.0,207533.0,16.296,67238681.16
19469,17253,3919126.0,195578.0,16.296,63866077.296
19469,15028,8896928.0,431719.0,16.296,144984338.688
19469,15262,6052356.0,300828.0,16.296,98629193.376
19469,15206,376791.0,19963.0,16.29936,6141452.15376
19469,12379,1431293.0,78537.0,16.296,23324350.728
19469,15747,675151.0,32582.0,16.296,11002260.696
19469,19542,511346.0,28189.0,16.296,8332894.415999999
19469,13570,697290.0,37999.0,16.296,11363037.84
19469,13474,794249.0,42023.0,16.296,12943081.704
19469,10659,1242872.0,60358.0,16.296,20253842.112
19469,14070,550947.0,30519.0,16.296,8978232.311999999
19469,13101,2032496.0,99362.0,16.296,33121554.816
19469,12952,8164391.0,398563.0,16.296,133046915.736
19469,18182,3157269.0,156978.0,16.296,51450855.624
19469,19338,2824355.0,139378.0,16.296,46025689.08
19469,10989,1671923.0,82754.0,16.296,27245657.208
19469,18577,843228.0,41979.0,16.296,13741243.488
19469,15204,4609574.0,236164.0,16.296,75117617.904
19469,13250,3493578.0,173862.0,16.296,56931347.088
19469,17039,3476084.0,163390.0,16.296,56646264.864
19469,14444,943846.0,50122.0,16.296,15380914.416
19469,18849,1581313.0,82991.0,16.296,25769076.648
19469,10751,3125355.0,155048.0,16.296,50930785.08
11861,16219,1630659.0,82721.0,35.0,57073065.0
11861,10270,1679764.0,84801.0,35.0,58791740.0
11861,11461,1679717.0,85300.0,35.0,58790095.0
11861,10303,1700177.0,86059.0,35.0,59506195.0
11861,15973,1701384.0,86079.0,35.0,59548440.0
11861,14724,1709376.0,86302.0,35.0,59828160.0
11861,10708,2214055.0,115238.0,35.0,77491925.0
11861,13503,1711003.0,86646.0,35.0,59885105.0
11861,19311,1603929.0,82471.0,35.0,56137515.0
11861,10570,2346466.0,120416.0,35.0,82126310.0
11861,13578,482819.0,24515.0,35.0,16898665.0
11861,10044,1674293.0,84958.0,35.0,58600255.0
11861,15401,521943.0,26565.0,35.0,18268005.0
11861,18863,2357507.0,112753.0,35.0,82512745.0
11861,11267,2059050.0,105154.0,35.0,72066750.0
11861,12627,1670870.0,85351.0,35.0,58480450.0
11861,17784,1627338.0,82712.0,35.0,56956830.0
11861,13651,2352389.0,120603.0,35.0,82333615.0
11861,13183,443207.0,23786.0,35.0,15512245.0
11861,15872,1619559.0,82673.0,35.0,56684565.0
11861,14076,1607064.0,81872.0,35.0,56247240.0
11861,16991,2339245.0,112216.0,35.0,81873575.0
11861,12663,1177844.0,58424.0,35.0,41224540.0
11861,12214,2228006.0,124147.0,35.0,77980210.0
11861,19921,1734857.0,86865.0,35.0,60719995.0
11861,18144,1520822.0,80350.0,35.0,53228770.0
11861,19371,488041.0,24839.0,35.0,17081435.0
11861,16053,1742333.0,87721.0,35.0,60981655.0
11861,18978,1109681.0,52387.0,35.0,38838835.0
11861,17312,2233014.0,118191.0,35.0,78155490.0
11861,19956,2010660.0,101075.0,35.0,70373100.0
11861,12573,920291.0,49050.0,35.0,32210185.0
11861,19469,1610863.0,81080.0,35.0,56380205.0
11861,11861,0.0,0.0,48.21,0.0
11861,10327,661411.0,34289.0,35.0,23149385.0
11861,17547,1734367.0,86742.0,35.0,60702845.0
11861,19180,1792553.0,94740.0,35.0,62739355.0
11861,12985,1698515.0,85542.0,35.0,59448025.0
11861,14005,1658075.0,84255.0,35.0,58032625.0
11861,16142,1960913.0,93645.0,35.0,68631955.0
11861,15916,2376173.0,125690.0,35.0,83166055.0
11861,17770,3564586.0,180141.0,35.0,124760510.0
11861,12364,2665811.0,123448.0,35.0,93303385.0
11861,13179,1694912.0,85832.0,35.0,59321920.0
11861,19539,2058953.0,105111.0,35.0,72063355.0
11861,17822,1836549.0,91797.0,35.0,64279215.0
11861,16262,818932.0,42279.0,35.0,28662620.0
11861,16133,288639.0,14589.0,48.21,13915286.19
11861,10178,2068470.0,106154.0,35.0,72396450.0
11861,11568,2738415.0,133645.0,35.0,95844525.0
11861,13431,1728822.0,100915.0,35.0,60508770.0
11861,19185,2189006.0,111481.0,35.0,76615210.0
11861,16366,2636360.0,122772.0,35.0,92272600.0
11861,13680,6763067.0,329521.0,35.0,236707345.0
11861,11027,1856357.0,80434.0,35.0,64972495.0
11861,10904,1674772.0,84421.0,35.0,58617020.0
11861,17535,1731907.0,101201.0,35.0,60616745.0
11861,19171,337330.0,18566.0,48.21,16262679.3
11861,11214,757338.0,38374.0,35.0,26506830.0
11861,16916,2380402.0,125919.0,35.0,83314070.0
11861,18476,1215736.0,62023.0,35.0,42550760.0
11861,11117,2526754.0,127295.0,35.0,88436390.0
11861,14252,1054816.0,52891.0,35.0,36918560.0
11861,11472,1694596.0,86687.0,35.0,59310860.0
11861,12280,2274329.0,121252.0,35.0,79601515.0
11861,18446,1912262.0,97246.0,35.0,66929170.0
11861,12757,649792.0,34790.0,35.0,22742720.0
11861,17495,1596256.0,81947.0,35.0,55868960.0
11861,15506,1707131.0,86065.0,35.0,59749585.0
11861,10376,632316.0,32239.0,35.0,22131060.0
11861,15286,1798800.0,91011.0,35.0,62958000.0
11861,11168,1749383.0,88364.0,35.0,61228405.0
11861,13856,1104691.0,55694.0,35.0,38664185.0
11861,15292,746096.0,40830.0,35.0,26113360.0
11861,13523,1036476.0,53294.0,35.0,36276660.0
11861,14376,2722481.0,138390.0,35.0,95286835.0
11861,17253,2515522.0,126435.0,35.0,88043270.0
11861,15028,7493323.0,362576.0,35.0,262266305.0
11861,15262,4648751.0,231685.0,35.0,162706285.0
11861,15206,1934589.0,98316.0,35.0,67710615.0
11861,12379,1262327.0,67633.0,35.0,44181445.0
11861,15747,2059212.0,105144.0,35.0,72072420.0
11861,19542,1486214.0,75625.0,35.0,52017490.0
11861,13570,2307168.0,118928.0,35.0,80750880.0
11861,13474,919810.0,48934.0,35.0,32193350.0
11861,10659,2670453.0,130782.0,35.0,93465855.0
11861,14070,1215513.0,61984.0,35.0,42542955.0
11861,13101,849845.0,42614.0,35.0,29744575.0
11861,12952,6760787.0,329420.0,35.0,236627545.0
11861,18182,1753665.0,87835.0,35.0,61378275.0
11861,19338,1487359.0,76492.0,35.0,52057565.0
11861,10989,280870.0,14321.0,48.21,13540742.700000001
11861,18577,772408.0,39297.0,35.0,27034280.0
11861,15204,3205970.0,167021.0,35.0,112208950.0
11861,13250,2205638.0,98901.0,35.0,77197330.0
11861,17039,2486610.0,116890.0,35.0,87031350.0
11861,14444,1921725.0,101285.0,35.0,67260375.0
11861,18849,1570992.0,80395.0,35.0,54984720.0
11861,10751,1788359.0,92162.0,35.0,62592565.0
10327,16219,1004404.0,51026.0,44.5,44695978.0
10327,10270,1053510.0,53107.0,35.0,36872850.0
10327,11461,1053463.0,53605.0,35.0,36871205.0
10327,10303,1073922.0,54365.0,54.0,57991788.0
10327,15973,1075129.0,54384.0,46.0,49455934.0
10327,14724,1083122.0,54607.0,46.0,49823612.0
10327,10708,1804274.0,94954.0,47.0,84800878.0
10327,13503,1084749.0,54952.0,46.0,49898454.0
10327,19311,1194148.0,62187.0,60.0,71648880.0
10327,10570,1936685.0,100132.0,47.0,91024195.0
10327,13578,637420.0,29283.0,57.0,36332940.0
10327,10044,1048038.0,53264.0,35.0,36681330.0
10327,15401,633177.0,29030.0,57.0,36091089.0
10327,18863,1731253.0,81058.0,47.0,81368891.0
10327,11267,1649269.0,84870.0,47.0,77515643.0
10327,12627,1044616.0,53656.0,35.0,36561560.0
10327,17784,1001258.0,52381.0,53.0,53066674.0
10327,13651,1942607.0,100318.0,47.0,91302529.0
10327,13183,564634.0,28813.0,57.0,32184138.0
10327,15872,993305.0,50978.0,53.0,52645165.0
10327,14076,980809.0,50177.0,53.0,51982877.0
10327,16991,1712990.0,80522.0,47.0,80510530.0
10327,12663,768062.0,38139.0,57.0,43779534.0
10327,12214,2036549.0,104803.0,47.0,95717803.0
10327,19921,1108602.0,55170.0,54.0,59864508.0
10327,18144,894568.0,48655.0,57.0,50990376.0
10327,19371,632983.0,28909.0,57.0,36080031.0
10327,16053,2192941.0,108206.0,47.0,103068227.0
10327,18978,1772049.0,81414.0,47.0,83286303.0
10327,17312,1823233.0,97907.0,47.0,85691951.0
10327,19956,2461268.0,121561.0,47.0,115679596.0
10327,12573,401842.0,23015.0,32.9,13220601.799999999
10327,19469,1201082.0,60796.0,60.0,72064920.0
10327,11861,660935.0,34323.0,57.0,37673295.0
10327,10327,0.0,0.0,110.0,0.0
10327,17547,1108113.0,55048.0,54.0,59838102.0
10327,19180,1139121.0,62532.0,54.0,61512534.0
10327,12985,1072261.0,53848.0,54.0,57902094.0
10327,14005,1031820.0,52561.0,35.0,36113700.0
10327,16142,2346495.0,106780.0,47.0,110285265.0
10327,15916,1966392.0,105406.0,47.0,92420424.0
10327,17770,4015195.0,200627.0,47.0,188714165.0
10327,12364,3051394.0,136583.0,47.0,143415518.0
10327,13179,1285131.0,65548.0,47.0,60401157.0
10327,19539,1649172.0,84826.0,47.0,77511084.0
10327,17822,1210295.0,60102.0,60.0,72617700.0
10327,16262,409151.0,21994.0,32.9,13461067.899999999
10327,16133,711021.0,35608.0,57.0,40528197.0
10327,10178,1442215.0,74460.0,47.0,67784105.0
10327,11568,2112161.0,101951.0,47.0,99271567.0
10327,13431,1615006.0,84804.0,47.0,75905282.0
10327,19185,1779225.0,91197.0,47.0,83623575.0
10327,16366,3021943.0,135907.0,47.0,142031321.0
10327,13680,7213675.0,350006.0,47.0,339042725.0
10327,11027,2299396.0,108901.0,47.0,108071612.0
10327,10904,1264991.0,64136.0,47.0,59454577.0
10327,17535,1627231.0,85779.0,47.0,76479857.0
10327,19171,318445.0,15968.0,67.53,21504590.85
10327,11214,493323.0,26491.0,57.0,28119411.0
10327,16916,1970621.0,105635.0,47.0,92619187.0
10327,18476,805954.0,41739.0,57.0,45939378.0
10327,11117,2977362.0,147781.0,47.0,139936014.0
10327,14252,645035.0,32607.0,57.0,36766995.0
10327,11472,1967614.0,95653.0,47.0,92477858.0
10327,12280,1620898.0,89044.0,47.0,76182206.0
10327,18446,1502481.0,76962.0,47.0,70616607.0
10327,12757,235165.0,13254.0,110.0,25868150.0
10327,17495,1186475.0,61663.0,60.0,71188500.0
10327,15506,1080876.0,54371.0,46.0,49720296.0
10327,10376,750988.0,35066.0,57.0,42806316.0
10327,15286,1389019.0,70727.0,47.0,65283893.0
10327,11168,2199991.0,108849.0,47.0,103399577.0
10327,13856,1555299.0,76180.0,47.0,73099053.0
10327,15292,585839.0,32938.0,57.0,33392823.0
10327,13523,410221.0,21599.0,32.9,13496270.899999999
10327,14376,3173089.0,158876.0,47.0,149135183.0
10327,17253,2966130.0,146921.0,47.0,139408110.0
10327,15028,7943932.0,383061.0,47.0,373364804.0
10327,15262,5099360.0,252171.0,47.0,239669920.0
10327,15206,1524808.0,78032.0,47.0,71665976.0
10327,12379,1102069.0,59741.0,46.0,50695174.0
10327,15747,1649431.0,84860.0,47.0,77523257.0
10327,19542,859959.0,43930.0,57.0,49017663.0
10327,13570,1715433.0,87960.0,47.0,80625351.0
10327,13474,401361.0,22899.0,32.9,13204776.899999999
10327,10659,2044198.0,99087.0,47.0,96077306.0
10327,14070,805731.0,41700.0,57.0,45926667.0
10327,13101,968517.0,45441.0,53.0,51331401.0
10327,12952,7211395.0,349906.0,47.0,338935565.0
10327,18182,2204273.0,108320.0,47.0,103600831.0
10327,19338,1760377.0,85457.0,47.0,82737719.0
10327,10989,705636.0,35362.0,57.0,40221252.0
10327,18577,362627.0,19013.0,32.9,11930428.299999999
10327,15204,3656578.0,187507.0,47.0,171859166.0
10327,13250,2540581.0,125205.0,47.0,119407307.0
10327,17039,2872192.0,130025.0,47.0,134993024.0
10327,14444,1268293.0,69078.0,47.0,59609771.0
10327,18849,917560.0,48188.0,57.0,52300920.0
10327,10751,2061376.0,101127.0,47.0,96884672.0
17547,16219,130713.0,6010.0,46.9,6130439.7
17547,10270,82551.0,4371.0,54.599999999999994,4507284.6
17547,11461,60193.0,2761.0,53.9,3244402.6999999997
17547,10303,36070.0,1673.0,475.29999999999995,17144071.0
17547,15973,33874.0,1735.0,475.29999999999995,16100312.2
17547,14724,135518.0,6303.0,46.9,6355794.2
17547,10708,1393119.0,67348.0,46.9,65337281.1
17547,13503,85426.0,4010.0,54.599999999999994,4664259.6
17547,19311,919915.0,46691.0,46.9,43144013.5
17547,10570,1302557.0,63738.0,46.9,61089923.3
17547,13578,1736993.0,82457.0,46.9,81464971.7
17547,10044,59080.0,2763.0,53.9,3184412.0
17547,15401,1732751.0,82205.0,46.9,81266021.89999999
17547,18863,783650.0,32753.0,46.9,36753185.0
17547,11267,1015141.0,48476.0,46.9,47610112.9
17547,12627,106651.0,4978.0,43.4,4628653.399999999
17547,17784,196144.0,10132.0,46.9,9199153.6
17547,13651,1308479.0,63924.0,46.9,61367665.1
17547,13183,1478629.0,75155.0,46.9,69347700.1
17547,15872,113205.0,5544.0,43.4,4913097.0
17547,14076,127518.0,6186.0,46.9,5980594.2
17547,16991,765387.0,32217.0,46.9,35896650.3
17547,12663,644141.0,33878.0,46.9,30210212.9
17547,12214,1765021.0,89495.0,46.9,82779484.89999999
17547,19921,596.0,145.0,475.29999999999995,283278.8
17547,18144,370573.0,18473.0,46.9,17379873.7
17547,19371,1732557.0,82083.0,46.9,81256923.3
17547,16053,3292515.0,161380.0,46.9,154418953.5
17547,18978,2871623.0,134588.0,46.9,134679118.7
17547,17312,1529273.0,74395.0,46.9,71722903.7
17547,19956,3560842.0,174735.0,46.9,167003489.79999998
17547,12573,900496.0,43903.0,46.9,42233262.4
17547,19469,401653.0,19632.0,46.9,18837525.7
17547,11861,1734562.0,86845.0,46.9,81350957.8
17547,10327,1108118.0,55245.0,46.9,51970734.199999996
17547,17547,0.0,0.0,475.29999999999995,0.0
17547,19180,542289.0,29007.0,46.9,25433354.099999998
17547,12985,43187.0,2342.0,475.29999999999995,20526781.099999998
17547,14005,74365.0,3530.0,53.9,4008273.5
17547,16142,3260491.0,153121.0,46.9,152917027.9
17547,15916,1713563.0,82965.0,46.9,80366104.7
17547,17770,5114768.0,253801.0,46.9,239882619.2
17547,12364,3965390.0,182924.0,46.9,185976791.0
17547,13179,458177.0,22016.0,46.9,21488501.3
17547,19539,1015044.0,48432.0,46.9,47605563.6
17547,17822,262691.0,11797.0,46.9,12320207.9
17547,16262,1090933.0,55643.0,46.9,51164757.699999996
17547,16133,1810595.0,88782.0,46.9,84916905.5
17547,10178,431106.0,22525.0,46.9,20218871.4
17547,11568,1101051.0,50016.0,46.9,51639291.9
17547,13431,1343478.0,69496.0,46.9,63009118.199999996
17547,19185,1145097.0,54803.0,46.9,53705049.3
17547,16366,3935939.0,182249.0,46.9,184595539.1
17547,13680,8313249.0,403181.0,46.9,389891378.09999996
17547,11027,3398970.0,162075.0,46.9,159411693.0
17547,10904,469200.0,22502.0,46.9,22005480.0
17547,17535,1355703.0,70472.0,46.9,63582470.699999996
17547,19171,1392073.0,68490.0,46.9,65288223.699999996
17547,11214,1532059.0,76928.0,46.9,71853567.1
17547,16916,1710513.0,83081.0,46.9,80223059.7
17547,18476,814421.0,44207.0,46.9,38196344.9
17547,11117,4076936.0,200955.0,46.9,191208298.4
17547,14252,770346.0,39658.0,46.9,36129227.4
17547,11472,3067188.0,148827.0,46.9,143851117.2
17547,12280,1308598.0,68977.0,46.9,61373246.199999996
17547,18446,457498.0,24789.0,46.9,21456656.2
17547,12757,1273900.0,63692.0,46.9,59745910.0
17547,17495,919330.0,46988.0,46.9,43116577.0
17547,15506,133273.0,6066.0,46.9,6250503.7
17547,10376,1850562.0,88241.0,46.9,86791357.8
17547,15286,581155.0,28543.0,46.9,27256169.5
17547,11168,3299565.0,162023.0,46.9,154749598.5
17547,13856,2654873.0,129354.0,46.9,124513543.7
17547,15292,1234868.0,68726.0,46.9,57915309.199999996
17547,13523,745206.0,37364.0,46.9,34950161.4
17547,14376,4272663.0,212050.0,46.9,200387894.7
17547,17253,4065704.0,200095.0,46.9,190681517.6
17547,15028,9043506.0,436235.0,46.9,424140431.4
17547,15262,6198934.0,305345.0,46.9,290730004.59999996
17547,15206,607768.0,33202.0,46.9,28504319.2
17547,12379,1694543.0,92186.0,46.9,79474066.7
17547,15747,1015303.0,48466.0,46.9,47617710.699999996
17547,19542,262999.0,12342.0,46.9,12334653.1
17547,13570,642570.0,34235.0,46.9,30136533.0
17547,13474,900014.0,43787.0,46.9,42210656.6
17547,10659,1033089.0,47152.0,46.9,48451874.1
17547,14070,814198.0,44168.0,46.9,38185886.199999996
17547,13101,2068091.0,98615.0,46.9,96993467.89999999
17547,12952,8310969.0,403080.0,46.9,389784446.09999996
17547,18182,3303847.0,161494.0,46.9,154950424.29999998
17547,19338,2859950.0,138632.0,46.9,134131655.0
17547,10989,1805210.0,88537.0,46.9,84664349.0
17547,18577,1054338.0,53139.0,46.9,49448452.199999996
17547,15204,4756152.0,240681.0,46.9,223063528.79999998
17547,13250,3640155.0,178379.0,46.9,170723269.5
17547,17039,3786187.0,176367.0,46.9,177572170.29999998
17547,14444,575091.0,32286.0,46.9,26971767.9
17547,18849,1411087.0,70988.0,46.9,66179980.3
17547,10751,3160950.0,154302.0,46.9,148248555.0
19180,16219,463248.0,26860.0,40.15,18599407.2
19180,10270,502020.0,27745.0,35.0,17570700.0
19180,11461,481845.0,26842.0,40.15,19346076.75
19180,10303,512025.0,27882.0,35.0,17920875.0
19180,15973,513232.0,27901.0,35.0,17963120.0
19180,14724,473129.0,25951.0,40.15,18996129.349999998
19180,10708,1902000.0,94559.0,42.0,79884000.0
19180,13503,508269.0,27941.0,35.0,17789415.0
19180,19311,1428797.0,73901.0,42.0,60009474.0
19180,10570,1811439.0,90948.0,42.0,76080438.0
19180,13578,1586981.0,83852.0,42.0,66653202.0
19180,10044,486141.0,26781.0,40.15,19518561.15
19180,15401,1582738.0,83599.0,42.0,66474996.0
19180,18863,641017.0,33640.0,42.0,26922714.0
19180,11267,1524023.0,75686.0,42.0,64008966.0
19180,12627,455229.0,25378.0,12.222,5563808.8379999995
19180,17784,656944.0,35121.0,42.0,27591648.0
19180,13651,1817361.0,91135.0,42.0,76329162.0
19180,13183,1622495.0,84561.0,42.0,68144790.0
19180,15872,463221.0,26772.0,40.15,18598323.15
19180,14076,454298.0,25991.0,12.222,5552430.1559999995
19180,16991,654782.0,34339.0,42.0,27500844.0
19180,12663,992495.0,52909.0,42.0,41684790.0
19180,12214,2273903.0,116706.0,42.0,95503926.0
19180,19921,543361.0,29173.0,80.15,43550384.150000006
19180,18144,314869.0,17593.0,12.222,3848328.918
19180,19371,1582544.0,83477.0,42.0,66466848.0
19180,16053,3142502.0,162775.0,42.0,131985084.0
19180,18978,2721610.0,135982.0,42.0,114307620.0
19180,17312,2038154.0,101606.0,42.0,85602468.0
19180,19956,3410829.0,176130.0,42.0,143254818.0
19180,12573,1003804.0,55344.0,42.0,42159768.0
19180,19469,910535.0,46843.0,42.0,38242470.0
19180,11861,1791944.0,94905.0,42.0,75261648.0
19180,10327,1139553.0,62652.0,42.0,47861226.0
19180,17547,542871.0,29051.0,80.15,43511110.650000006
19180,19180,0.0,0.0,35.0,0.0
19180,12985,518827.0,28336.0,80.15,41583984.050000004
19180,14005,475059.0,26294.0,40.15,19073618.849999998
19180,16142,3404357.0,162528.0,42.0,142982994.0
19180,15916,2222444.0,110175.0,42.0,93342648.0
19180,17770,4964755.0,255195.0,42.0,208519710.0
19180,12364,4109255.0,192331.0,42.0,172588710.0
19180,13179,967059.0,49227.0,42.0,40616478.0
19180,19539,1523926.0,75643.0,42.0,64004892.0
19180,17822,523028.0,28329.0,80.15,41920694.2
19180,16262,1280770.0,68552.0,42.0,53792340.0
19180,16133,1786854.0,94209.0,42.0,75047868.0
19180,10178,862656.0,46650.0,42.0,36231552.0
19180,11568,1532601.0,74142.0,42.0,64369242.0
19180,13431,1852360.0,96707.0,42.0,77799120.0
19180,19185,1653978.0,82013.0,42.0,69467076.0
19180,16366,4079804.0,191655.0,42.0,171351768.0
19180,13680,8163236.0,404575.0,42.0,342855912.0
19180,11027,3248957.0,163470.0,42.0,136456194.0
19180,10904,978082.0,49712.0,42.0,41079444.0
19180,17535,1864585.0,97682.0,42.0,78312570.0
19180,19171,1449455.0,76550.0,42.0,60877110.0
19180,11214,1223716.0,66966.0,42.0,51396072.0
19180,16916,2219395.0,110291.0,42.0,93214590.0
19180,18476,1224191.0,65460.0,42.0,51416022.0
19180,11117,3926923.0,202349.0,42.0,164930766.0
19180,14252,1118700.0,58689.0,42.0,46985400.0
19180,11472,2917175.0,150222.0,42.0,122521350.0
19180,12280,773135.0,40697.0,42.0,32471670.0
19180,18446,998451.0,53585.0,42.0,41934942.0
19180,12757,1197028.0,67105.0,42.0,50275176.0
19180,17495,1428212.0,74199.0,42.0,59984904.0
19180,15506,470884.0,25715.0,40.15,18905992.599999998
19180,10376,1562696.0,84338.0,42.0,65633232.0
19180,15286,1090037.0,55753.0,42.0,45781554.0
19180,11168,3149552.0,163418.0,42.0,132281184.0
19180,13856,2504860.0,130748.0,42.0,105204120.0
19180,15292,1550391.0,84109.0,42.0,65116422.0
19180,13523,798037.0,45052.0,42.0,33517554.0
19180,14376,4122650.0,213444.0,42.0,173151300.0
19180,17253,3915691.0,201489.0,42.0,164459022.0
19180,15028,8893493.0,437630.0,42.0,373526706.0
19180,15262,6048921.0,306739.0,42.0,254054682.0
19180,15206,1148722.0,61999.0,42.0,48246324.0
19180,12379,2066622.0,110913.0,42.0,86798124.0
19180,15747,1524185.0,75677.0,42.0,64015770.0
19180,19542,432186.0,24318.0,12.222,5282177.291999999
19180,13570,1140794.0,61546.0,42.0,47913348.0
19180,13474,1003323.0,55228.0,42.0,42139566.0
19180,10659,1464639.0,71278.0,42.0,61514838.0
19180,14070,1223967.0,65422.0,42.0,51406614.0
19180,13101,1651135.0,88739.0,42.0,69347670.0
19180,12952,8160956.0,404475.0,42.0,342760152.0
19180,18182,3153834.0,162889.0,42.0,132461028.0
19180,19338,2709938.0,140026.0,42.0,113817396.0
19180,10989,1788596.0,94537.0,42.0,75121032.0
19180,18577,1198654.0,65701.0,42.0,50343468.0
19180,15204,4606140.0,242076.0,42.0,193457880.0
19180,13250,3490143.0,179773.0,42.0,146586006.0
19180,17039,3930054.0,185773.0,42.0,165062268.0
19180,14444,128844.0,7035.0,35.0,4509540.0
19180,18849,858354.0,46387.0,42.0,36050868.0
19180,10751,3010937.0,155696.0,42.0,126459354.0
12985,16219,93841.0,4614.0,123.0,11542443.0
12985,10270,45901.0,2888.0,146.0,6701546.0
12985,11461,41209.0,2318.0,174.0,7170366.0
12985,10303,30557.0,1683.0,90.3,2759297.1
12985,15973,28361.0,1745.0,244.0,6920084.0
12985,14724,121837.0,5944.0,124.0,15107788.0
12985,10708,1391439.0,67182.0,68.0,94617852.0
12985,13503,71745.0,3651.0,130.0,9326850.0
12985,19311,918236.0,46525.0,40.0,36729440.0
12985,10570,1300878.0,63572.0,81.0,105371118.0
12985,13578,1700121.0,81062.0,95.0,161511495.0
12985,10044,34222.0,1855.0,93.1,3186068.1999999997
12985,15401,1695879.0,80809.0,95.0,161108505.0
12985,18863,769968.0,32395.0,115.0,88546320.0
12985,11267,1013462.0,48310.0,87.0,88171194.0
12985,12627,86688.0,4280.0,53.199999999999996,4611801.6
12985,17784,159272.0,8736.0,102.0,16245744.0
12985,13651,1306800.0,63758.0,81.0,105850800.0
12985,13183,1441758.0,73759.0,68.0,98039544.0
12985,15872,89024.0,4685.0,114.0,10148736.0
12985,14076,109825.0,4936.0,56.699999999999996,6227077.499999999
12985,16991,751706.0,31859.0,115.0,86446190.0
12985,12663,607269.0,32482.0,39.9,24230033.099999998
12985,12214,1763342.0,89329.0,95.0,167517490.0
12985,19921,44619.0,2345.0,81.89999999999999,3654296.0999999996
12985,18144,333701.0,17078.0,80.0,26696080.0
12985,19371,1695685.0,80687.0,95.0,161090075.0
12985,16053,3255643.0,159985.0,95.0,309286085.0
12985,18978,2834751.0,133192.0,95.0,269301345.0
12985,17312,1527593.0,74229.0,77.0,117624661.0
12985,19956,3523970.0,173340.0,95.0,334777150.0
12985,12573,863624.0,42507.0,40.0,34544960.0
12985,19469,399974.0,19466.0,75.6756,30268272.4344
12985,11861,1697691.0,85449.0,95.0,161280645.0
12985,10327,1071246.0,53849.0,87.0,93198402.0
12985,17547,44130.0,2223.0,81.89999999999999,3614246.9999999995
12985,19180,518108.0,28148.0,69.8544,36192123.4752
12985,12985,0.0,0.0,314.0,0.0
12985,14005,50184.0,2671.0,76.3,3829039.1999999997
12985,16142,3223619.0,151726.0,95.0,306243805.0
12985,15916,1711883.0,82799.0,95.0,162628885.0
12985,17770,5077896.0,252405.0,95.0,482400120.0
12985,12364,3928518.0,181529.0,95.0,373209210.0
12985,13179,456498.0,21850.0,36.4,16616527.2
12985,19539,1013365.0,48266.0,87.0,88162755.0
12985,17822,249010.0,11439.0,115.0,28636150.0
12985,16262,1054061.0,54247.0,87.0,91703307.0
12985,16133,1773723.0,87386.0,95.0,168503685.0
12985,10178,425621.0,22483.0,75.6756,32209124.5476
12985,11568,1095567.0,49974.0,87.0,95314329.0
12985,13431,1341799.0,69330.0,76.6458,102843257.79419999
12985,19185,1143417.0,54637.0,81.0,92616777.0
12985,16366,3899067.0,180853.0,95.0,370411365.0
12985,13680,8276377.0,401785.0,95.0,786255815.0
12985,11027,3362098.0,160680.0,95.0,319399310.0
12985,10904,467521.0,22336.0,36.4,17017764.4
12985,17535,1354024.0,70306.0,76.6458,103780252.69919999
12985,19171,1355201.0,67094.0,76.6458,103870464.80579999
12985,11214,1495187.0,75533.0,77.0,115129399.0
12985,16916,1708834.0,82915.0,95.0,162339230.0
12985,18476,812742.0,44041.0,115.0,93465330.0
12985,11117,4040064.0,199559.0,95.0,383806080.0
12985,14252,733474.0,38263.0,115.0,84349510.0
12985,11472,3030316.0,147432.0,95.0,287880020.0
12985,12280,1284417.0,68118.0,81.0,104037777.0
12985,18446,499710.0,26757.0,35.0,17489850.0
12985,12757,1237028.0,62296.0,81.0,100199268.0
12985,17495,917650.0,46822.0,40.0,36706000.0
12985,15506,119592.0,5708.0,54.599999999999994,6529723.199999999
12985,10376,1813690.0,86845.0,95.0,172300550.0
12985,15286,579475.0,28377.0,39.9,23121052.5
12985,11168,3262693.0,160628.0,95.0,309955835.0
12985,13856,2618001.0,127958.0,95.0,248710095.0
12985,15292,1233189.0,68560.0,81.0,99888309.0
12985,13523,708334.0,35968.0,115.0,81458410.0
12985,14376,4235791.0,210654.0,95.0,402400145.0
12985,17253,4028832.0,198699.0,95.0,382739040.0
12985,15028,9006634.0,434840.0,95.0,855630230.0
12985,15262,6162062.0,303949.0,95.0,585395890.0
12985,15206,649981.0,35171.0,38.5,25024268.5
12985,12379,1692864.0,92020.0,95.0,160822080.0
12985,15747,1013624.0,48300.0,87.0,88185288.0
12985,19542,226128.0,10946.0,115.0,26004720.0
12985,13570,651451.0,35135.0,38.5,25080863.5
12985,13474,863142.0,42392.0,40.0,34525680.0
12985,10659,1027604.0,47111.0,87.0,89401548.0
12985,14070,812519.0,44002.0,115.0,93439685.0
12985,13101,2031219.0,97220.0,95.0,192965805.0
12985,12952,8274097.0,401685.0,95.0,786039215.0
12985,18182,3266975.0,160099.0,95.0,310362625.0
12985,19338,2823079.0,137236.0,95.0,268192505.0
12985,10989,1768338.0,87141.0,95.0,167992110.0
12985,18577,1017466.0,51743.0,87.0,88519542.0
12985,15204,4719280.0,239286.0,95.0,448331600.0
12985,13250,3603283.0,176983.0,95.0,342311885.0
12985,17039,3749316.0,174971.0,95.0,356185020.0
12985,14444,550910.0,31427.0,39.9,21981309.0
12985,18849,1374215.0,69593.0,76.6458,105327808.04699999
12985,10751,3124078.0,152906.0,95.0,296787410.0
14005,16219,52526.0,3754.0,148.0,7773848.0
14005,10270,30700.0,1877.0,225.0,6907500.0
14005,11461,24898.0,1800.0,225.0,5602050.0
14005,10303,44423.0,2496.0,76.44,3395694.12
14005,15973,45630.0,2515.0,135.0,6160050.0
14005,14724,86124.0,4432.0,55.27199999999999,4760245.727999999
14005,10708,1434398.0,69172.0,78.59,112729338.82000001
14005,13503,55249.0,3082.0,68.03999999999999,3759141.9599999995
14005,19311,961194.0,48515.0,82.467,79266785.598
14005,10570,1343837.0,65562.0,78.59,105612149.83
14005,13578,1659762.0,79986.0,78.59,130440695.58
14005,10044,18539.0,1394.0,225.0,4171275.0
14005,15401,1655520.0,79733.0,78.59,130107316.80000001
14005,18863,734255.0,30882.0,75.0,55069125.0
14005,11267,1056421.0,50300.0,82.467,87119870.607
14005,12627,45097.0,2494.0,76.44,3447214.6799999997
14005,17784,167664.0,9319.0,107.0,17940048.0
14005,13651,1349759.0,65748.0,78.59,106077559.81
14005,13183,1489531.0,73700.0,78.59,117062241.29
14005,15872,40296.0,2876.0,194.0,7817424.0
14005,14076,61746.0,3541.0,63.699999999999996,3933220.1999999997
14005,16991,715993.0,30346.0,75.0,53699475.0
14005,12663,615661.0,33065.0,75.0,46174575.0
14005,12214,1806300.0,91320.0,78.59,141957117.0
14005,19921,75758.0,3787.0,53.199999999999996,4030325.5999999996
14005,18144,293342.0,16002.0,75.0,22000650.0
14005,19371,1655325.0,79611.0,78.59,130091991.75
14005,16053,3215284.0,158909.0,90.0,289375560.0
14005,18978,2794391.0,132116.0,53.3,148941040.29999998
14005,17312,1570552.0,76219.0,78.59,123429681.68
14005,19956,3483610.0,172264.0,90.0,313524900.0
14005,12573,823264.0,41431.0,75.0,61744800.0
14005,19469,442933.0,21456.0,75.0,33219975.0
14005,11861,1657331.0,84373.0,78.59,130249643.29
14005,10327,1030886.0,52773.0,82.467,85014075.762
14005,17547,75269.0,3665.0,53.199999999999996,4004310.8
14005,19180,476517.0,26363.0,75.0,35738775.0
14005,12985,51225.0,2950.0,76.3,3908467.5
14005,14005,0.0,0.0,225.0,0.0
14005,16142,3271392.0,151666.0,90.0,294425280.0
14005,15916,1754842.0,84789.0,78.59,137913032.78
14005,17770,5037537.0,251329.0,90.0,453378330.0
14005,12364,3976291.0,181469.0,90.0,357866190.0
14005,13179,499457.0,23840.0,75.0,37459275.0
14005,19539,1056324.0,50257.0,82.467,87111871.308
14005,17822,213297.0,9926.0,107.0,22822779.0
14005,16262,1100230.0,54640.0,82.467,90732667.41
14005,16133,1733363.0,86310.0,78.59,136224998.17000002
14005,10178,423862.0,22679.0,75.0,31789650.0
14005,11568,1093807.0,50170.0,82.467,90202981.869
14005,13431,1384758.0,71320.0,78.59,108828131.22
14005,19185,1186376.0,56627.0,82.467,97836869.592
14005,16366,3946840.0,180794.0,90.0,355215600.0
14005,13680,8236017.0,400709.0,90.0,741241530.0
14005,11027,3321738.0,159604.0,90.0,298956420.0
14005,10904,510480.0,24326.0,75.0,38286000.0
14005,17535,1396982.0,72296.0,78.59,109788815.38000001
14005,19171,1314841.0,66018.0,78.59,103333354.19
14005,11214,1454827.0,74457.0,78.59,114334853.93
14005,16916,1751792.0,84905.0,78.59,137673333.28
14005,18476,847585.0,45650.0,75.0,63568875.0
14005,11117,3999705.0,198483.0,90.0,359973450.0
14005,14252,741866.0,38846.0,75.0,55639950.0
14005,11472,2989956.0,146356.0,90.0,269096040.0
14005,12280,1242827.0,66333.0,78.59,97673773.93
14005,18446,530849.0,28199.0,75.0,39813675.0
14005,12757,1196668.0,61220.0,82.467,98685619.956
14005,17495,960609.0,48812.0,82.467,79218542.403
14005,15506,83879.0,4195.0,44.099999999999994,3699063.8999999994
14005,10376,1773331.0,85769.0,78.59,139366083.29
14005,15286,622434.0,30367.0,75.0,46682550.0
14005,11168,3222333.0,159552.0,90.0,290009970.0
14005,13856,2577641.0,126882.0,85.0,219099485.0
14005,15292,1369851.0,70197.0,78.59,107656590.09
14005,13523,667974.0,34892.0,75.0,50098050.0
14005,14376,4195431.0,209578.0,90.0,377588790.0
14005,17253,3988472.0,197623.0,90.0,358962480.0
14005,15028,8966274.0,433764.0,90.0,806964660.0
14005,15262,6121702.0,302873.0,90.0,550953180.0
14005,15206,681120.0,36612.0,75.0,51084000.0
14005,12379,1728171.0,93683.0,78.59,135816958.89000002
14005,15747,1056583.0,50290.0,82.467,87133230.26099999
14005,19542,185768.0,9870.0,107.0,19877176.0
14005,13570,683031.0,36606.0,75.0,51227325.0
14005,13474,822783.0,41316.0,75.0,61708725.0
14005,10659,1025845.0,47306.0,82.467,84598359.615
14005,14070,847362.0,45611.0,75.0,63552150.0
14005,13101,1990860.0,96144.0,78.59,156461687.4
14005,12952,8233737.0,400609.0,90.0,741036330.0
14005,18182,3226615.0,159023.0,90.0,290395350.0
14005,19338,2782719.0,136160.0,53.3,148318922.7
14005,10989,1727979.0,86065.0,78.59,135801869.61
14005,18577,1018114.0,51788.0,82.467,83960807.238
14005,15204,4678920.0,238210.0,90.0,421102800.0
14005,13250,3562924.0,175907.0,90.0,320663160.0
14005,17039,3797089.0,174912.0,90.0,341738010.0
14005,14444,509319.0,29642.0,75.0,38198925.0
14005,18849,1333856.0,68517.0,78.59,104827743.04
14005,10751,3083718.0,151830.0,90.0,277534620.0
16142,16219,3250214.0,149857.0,1715.6999999999998,5576392159.799999
16142,10270,3203437.0,150938.0,1715.6999999999998,5496136860.9
16142,11461,3299273.0,152436.0,1715.6999999999998,5660562686.099999
16142,10303,3244327.0,152401.0,1715.6999999999998,5566291833.9
16142,15973,3242131.0,152463.0,1715.6999999999998,5562524156.7
16142,14724,3328931.0,153437.0,1715.6999999999998,5711446916.7
16142,10708,3382848.0,163521.0,1715.6999999999998,5803952313.599999
16142,13503,3330559.0,153782.0,1715.6999999999998,5714240076.299999
16142,19311,2778074.0,131168.0,1715.6999999999998,4766341561.799999
16142,10570,3518892.0,169056.0,1715.6999999999998,6037363004.4
16142,13578,2336880.0,109361.0,1715.6999999999998,4009385015.9999995
16142,10044,3293848.0,152094.0,1715.6999999999998,5651255013.599999
16142,15401,2376004.0,111411.0,1715.6999999999998,4076510062.7999997
16142,18863,3977063.0,179888.0,1715.6999999999998,6823446989.099999
16142,11267,3231476.0,153794.0,1715.6999999999998,5544243373.2
16142,12627,3290426.0,152486.0,1715.6999999999998,5645383888.2
16142,17784,3065403.0,143565.0,1715.6999999999998,5259311927.099999
16142,13651,3524814.0,169242.0,1715.6999999999998,6047523379.799999
16142,13183,1785534.0,78353.0,1715.6999999999998,3063440683.7999997
16142,15872,3239115.0,149809.0,1715.6999999999998,5557349605.499999
16142,14076,3226619.0,149007.0,1715.6999999999998,5535910218.299999
16142,16991,3958800.0,179352.0,1715.6999999999998,6792113159.999999
16142,12663,2615908.0,119276.0,1715.6999999999998,4488113355.599999
16142,12214,3457488.0,168182.0,1715.6999999999998,5932012161.599999
16142,19921,3258390.0,153063.0,1715.6999999999998,5590419722.999999
16142,18144,3140377.0,147486.0,1715.6999999999998,5387944818.9
16142,19371,2342102.0,109685.0,1715.6999999999998,4018344401.3999996
16142,16053,2501340.0,116173.0,1715.6999999999998,4291549037.9999995
16142,18978,1503489.0,72527.0,1715.6999999999998,2579536077.2999997
16142,17312,3401806.0,166474.0,1715.6999999999998,5836478554.2
16142,19956,2680036.0,122765.0,1715.6999999999998,4598137765.2
16142,12573,2416812.0,111530.0,1715.6999999999998,4146524348.3999996
16142,19469,2948968.0,140084.0,1715.6999999999998,5059544397.599999
16142,11861,1962511.0,93701.0,1715.6999999999998,3367080122.7
16142,10327,2352379.0,106620.0,1715.6999999999998,4035976650.2999997
16142,17547,3257900.0,152941.0,1715.6999999999998,5589579029.999999
16142,19180,3408913.0,162356.0,1715.6999999999998,5848672034.099999
16142,12985,3222048.0,151741.0,1715.6999999999998,5528067753.599999
16142,14005,3277630.0,151391.0,1715.6999999999998,5623429790.999999
16142,16142,0.0,0.0,1715.6999999999998,0.0
16142,15916,3566599.0,173511.0,1715.6999999999998,6119213904.299999
16142,17770,4259691.0,204302.0,1715.6999999999998,7308351848.699999
16142,12364,720426.0,30622.0,1715.6999999999998,1236034888.1999998
16142,13179,2933331.0,138914.0,1715.6999999999998,5032715996.7
16142,19539,3231379.0,153751.0,1715.6999999999998,5544076950.299999
16142,17822,3456104.0,158932.0,1715.6999999999998,5929637632.799999
16142,16262,2199542.0,99522.0,1715.6999999999998,3773754209.3999996
16142,16133,2123668.0,98879.0,1715.6999999999998,3643577187.5999994
16142,10178,3639391.0,173201.0,1715.6999999999998,6244103138.7
16142,11568,4309337.0,200692.0,1715.6999999999998,7393529490.9
16142,13431,2958304.0,144949.0,1715.6999999999998,5075562172.799999
16142,19185,3361431.0,160121.0,1715.6999999999998,5767207166.7
16142,16366,690976.0,29946.0,1715.6999999999998,1185507523.1999998
16142,13680,7458172.0,353682.0,1715.6999999999998,12795985700.399998
16142,11027,1804745.0,77919.0,1715.6999999999998,3096400996.4999995
16142,10904,2913191.0,137503.0,1715.6999999999998,4998161798.7
16142,17535,2961388.0,145236.0,1715.6999999999998,5080853391.599999
16142,19171,2152524.0,96622.0,1715.6999999999998,3693085426.7999997
16142,11214,2670783.0,122638.0,1715.6999999999998,4582262393.099999
16142,16916,3576797.0,173802.0,1715.6999999999998,6136710612.9
16142,18476,2390773.0,110209.0,1715.6999999999998,4101849236.0999994
16142,11117,3221859.0,151456.0,1715.6999999999998,5527743486.299999
16142,14252,2492881.0,113744.0,1715.6999999999998,4277035931.6999993
16142,11472,3281696.0,157014.0,1715.6999999999998,5630405827.2
16142,12280,3943469.0,190417.0,1715.6999999999998,6765809763.299999
16142,18446,3146280.0,150063.0,1715.6999999999998,5398072595.999999
16142,12757,2453154.0,112508.0,1715.6999999999998,4208876317.7999997
16142,17495,2770401.0,130644.0,1715.6999999999998,4753176995.7
16142,15506,3326686.0,153201.0,1715.6999999999998,5707595170.2
16142,10376,2486377.0,117085.0,1715.6999999999998,4265877018.8999996
16142,15286,3032819.0,143829.0,1715.6999999999998,5203407558.299999
16142,11168,2511106.0,116777.0,1715.6999999999998,4308304564.2
16142,13856,2303631.0,106383.0,1715.6999999999998,3952339706.7
16142,15292,1986997.0,86064.0,1715.6999999999998,3409090752.8999996
16142,13523,2656031.0,120430.0,1715.6999999999998,4556952386.7
16142,14376,3417586.0,162551.0,1715.6999999999998,5863552300.2
16142,17253,3210627.0,150596.0,1715.6999999999998,5508472743.9
16142,15028,8188429.0,386737.0,1715.6999999999998,14048887635.3
16142,15262,5343857.0,255846.0,1715.6999999999998,9168455454.9
16142,15206,3168608.0,151133.0,1715.6999999999998,5436380745.599999
16142,12379,2491809.0,111668.0,1715.6999999999998,4275196701.2999997
16142,15747,3231638.0,153784.0,1715.6999999999998,5544521316.599999
16142,19542,3105769.0,142760.0,1715.6999999999998,5328567873.299999
16142,13570,3652517.0,176641.0,1715.6999999999998,6266623416.9
16142,13474,2416331.0,111414.0,1715.6999999999998,4145699096.6999993
16142,10659,4241374.0,197828.0,1715.6999999999998,7276925371.799999
16142,14070,2390838.0,110184.0,1715.6999999999998,4101960756.5999994
16142,13101,2703906.0,127460.0,1715.6999999999998,4639091524.2
16142,12952,7455892.0,353581.0,1715.6999999999998,12792073904.399998
16142,18182,2524548.0,117570.0,1715.6999999999998,4331367003.599999
16142,19338,3074459.0,146819.0,1715.6999999999998,5274849306.299999
16142,10989,2115899.0,98611.0,1715.6999999999998,3630247914.2999997
16142,18577,2215378.0,100483.0,1715.6999999999998,3800924034.5999994
16142,15204,3901075.0,191182.0,1715.6999999999998,6693074377.499999
16142,13250,2299954.0,109692.0,1715.6999999999998,3946031077.7999997
16142,17039,541225.0,24064.0,1715.6999999999998,928579732.4999999
16142,14444,3538085.0,168901.0,1715.6999999999998,6070292434.499999
16142,18849,3222526.0,150904.0,1715.6999999999998,5528887858.2
16142,10751,3375458.0,162489.0,1715.6999999999998,5791273290.599999
15916,16219,1798996.0,86622.0,50.0,89949800.0
15916,10270,1742099.0,84886.0,50.0,87104950.0
15916,11461,1746363.0,84326.0,50.0,87318150.0
15916,10303,1735712.0,83691.0,50.0,86785600.0
15916,15973,1733516.0,83753.0,50.0,86675800.0
15916,14724,1826992.0,87952.0,50.0,91349600.0
15916,10708,322732.0,15877.0,24.884999999999998,8031185.819999999
15916,13503,1776900.0,85659.0,50.0,88845000.0
15916,19311,778032.0,43841.0,50.0,38901600.0
15916,10570,613920.0,31507.0,50.0,30696000.0
15916,13578,2454488.0,127693.0,50.0,122724400.0
15916,10044,1739377.0,83862.0,50.0,86968850.0
15916,15401,2450246.0,127440.0,50.0,122512300.0
15916,18863,2475123.0,114403.0,50.0,123756150.0
15916,11267,707081.0,35817.0,50.0,35354050.0
15916,12627,1791842.0,86287.0,50.0,89592100.0
15916,17784,1640357.0,82731.0,50.0,82017850.0
15916,13651,626725.0,31372.0,50.0,31336250.0
15916,13183,1954758.0,104330.0,50.0,97737900.0
15916,15872,1794179.0,86692.0,50.0,89708950.0
15916,14076,1814980.0,86943.0,50.0,90749000.0
15916,16991,2456861.0,113866.0,50.0,122843050.0
15916,12663,1363178.0,73742.0,50.0,68158900.0
15916,12214,261363.0,11807.0,24.884999999999998,6504018.255
15916,19921,1716216.0,83162.0,50.0,85810800.0
15916,18144,2038856.0,99085.0,50.0,101942800.0
15916,19371,2450051.0,127319.0,50.0,122502550.0
15916,16053,3899027.0,201352.0,50.0,194951350.0
15916,18978,3435973.0,174131.0,50.0,171798650.0
15916,17312,187787.0,8973.0,24.884999999999998,4673079.494999999
15916,19956,4167354.0,214707.0,50.0,208367700.0
15916,12573,1607871.0,87595.0,50.0,80393550.0
15916,19469,1372422.0,67070.0,50.0,68621100.0
15916,11861,2364093.0,125488.0,50.0,118204650.0
15916,10327,1954832.0,105308.0,50.0,97741600.0
15916,17547,1715726.0,83040.0,50.0,85786300.0
15916,19180,2223263.0,110156.0,50.0,111163150.0
15916,12985,1708341.0,82548.0,50.0,85417050.0
15916,14005,1755339.0,84679.0,50.0,87766950.0
15916,16142,3566838.0,173373.0,50.0,178341900.0
15916,15916,0.0,0.0,119.44799999999998,0.0
15916,17770,5721280.0,293773.0,50.0,286064000.0
15916,12364,4271737.0,203176.0,50.0,213586850.0
15916,13179,1267197.0,62187.0,50.0,63359850.0
15916,19539,706984.0,35773.0,50.0,35349200.0
15916,17822,1954165.0,93447.0,50.0,97708250.0
15916,16262,1551931.0,83803.0,50.0,77596550.0
15916,16133,2430397.0,127488.0,50.0,121519850.0
15916,10178,1986747.0,100868.0,50.0,99337350.0
15916,11568,2603471.0,125909.0,50.0,130173550.0
15916,13431,613725.0,28545.0,50.0,30686250.0
15916,19185,589739.0,29255.0,50.0,29486950.0
15916,16366,4242286.0,202501.0,50.0,212114300.0
15916,13680,8919761.0,443153.0,50.0,445988050.0
15916,11027,4005481.0,202047.0,50.0,200274050.0
15916,10904,1247057.0,60776.0,50.0,62352850.0
15916,17535,614720.0,28986.0,50.0,30736000.0
15916,19171,2021603.0,107133.0,50.0,101080150.0
15916,11214,2410465.0,126785.0,50.0,120523250.0
15916,16916,10511.0,950.0,119.44799999999998,1255517.9279999998
15916,18476,1158866.0,64288.0,50.0,57943300.0
15916,11117,4683448.0,240927.0,50.0,234172400.0
15916,14252,1378960.0,76510.0,50.0,68948000.0
15916,11472,3784682.0,194063.0,50.0,189234100.0
15916,12280,2989572.0,150126.0,50.0,149478600.0
15916,18446,1480217.0,73340.0,50.0,74010850.0
15916,12757,2161333.0,115417.0,50.0,108066650.0
15916,17495,781005.0,44134.0,50.0,39050250.0
15916,15506,1824747.0,87715.0,50.0,91237350.0
15916,10376,2568056.0,133476.0,50.0,128402800.0
15916,15286,1366755.0,67105.0,50.0,68337750.0
15916,11168,3906076.0,201996.0,50.0,195303800.0
15916,13856,3261384.0,169326.0,50.0,163069200.0
15916,15292,1591715.0,88594.0,50.0,79585750.0
15916,13523,1798816.0,96998.0,50.0,89940800.0
15916,14376,4879175.0,252022.0,50.0,243958750.0
15916,17253,4672216.0,240067.0,50.0,233610800.0
15916,15028,9650017.0,476208.0,50.0,482500850.0
15916,15262,6805445.0,345317.0,50.0,340272250.0
15916,15206,1295022.0,70074.0,50.0,64751100.0
15916,12379,1020971.0,74951.0,50.0,51048550.0
15916,15747,707243.0,35807.0,50.0,35362150.0
15916,19542,1931282.0,92954.0,50.0,96564100.0
15916,13570,1986454.0,99918.0,50.0,99322700.0
15916,13474,1607390.0,87479.0,50.0,80369500.0
15916,10659,2555090.0,123671.0,50.0,127754500.0
15916,14070,1158643.0,64249.0,50.0,57932150.0
15916,13101,2785585.0,143851.0,50.0,139279250.0
15916,12952,8917481.0,443052.0,50.0,445874050.0
15916,18182,3910359.0,201467.0,50.0,195517950.0
15916,19338,3577445.0,183867.0,50.0,178872250.0
15916,10989,2425013.0,127243.0,50.0,121250650.0
15916,18577,1593754.0,86457.0,50.0,79687700.0
15916,15204,5362664.0,280653.0,50.0,268133200.0
15916,13250,4246667.0,218351.0,50.0,212333350.0
15916,17039,4092535.0,196619.0,50.0,204626750.0
15916,14444,2256065.0,113435.0,50.0,112803250.0
15916,18849,2600625.0,135336.0,50.0,130031250.0
15916,10751,3878444.0,199537.0,50.0,193922200.0
17770,16219,5004907.0,249161.0,30.0,150147210.0
17770,10270,5054012.0,251242.0,30.0,151620360.0
17770,11461,5053965.0,251740.0,30.0,151618950.0
17770,10303,5074425.0,252500.0,30.0,152232750.0
17770,15973,5075632.0,252519.0,30.0,152268960.0
17770,14724,5083625.0,252742.0,30.0,152508750.0
17770,10708,5570094.0,283535.0,30.0,167102820.0
17770,13503,5085252.0,253086.0,30.0,152557560.0
17770,19311,4959968.0,250768.0,20.3742,101055380.02559999
17770,10570,5702505.0,288713.0,30.0,171075150.0
17770,13578,3391555.0,172725.0,36.82,124877055.1
17770,10044,5048541.0,251399.0,30.0,151456230.0
17770,15401,3406137.0,173298.0,36.82,125413964.34
17770,18863,5731756.0,279193.0,30.0,171952680.0
17770,11267,5415089.0,273451.0,30.0,162452670.0
17770,12627,5045119.0,251791.0,30.0,151353570.0
17770,17784,5001761.0,250516.0,30.0,150052830.0
17770,13651,5708427.0,288899.0,30.0,171252810.0
17770,13183,4002678.0,203359.0,36.82,147378603.96
17770,15872,4993808.0,249113.0,20.3742,101744842.95359999
17770,14076,4981312.0,248312.0,20.3742,101490246.9504
17770,16991,5713493.0,278657.0,30.0,171404790.0
17770,12663,4533883.0,226720.0,30.0,136016490.0
17770,12214,5802369.0,293384.0,30.0,174071070.0
17770,19921,5109105.0,253305.0,30.0,153273150.0
17770,18144,4895071.0,246790.0,30.0,146852130.0
17770,19371,3389444.0,172485.0,36.82,124799328.08
17770,16053,1840393.0,94698.0,30.08,55359021.44
17770,18978,2945884.0,140371.0,97.02,285809665.68
17770,17312,5589053.0,286488.0,30.0,167671590.0
17770,19956,1581685.0,81666.0,52.47,82991011.95
17770,12573,4276330.0,217346.0,21.78,93138467.4
17770,19469,4966902.0,249377.0,20.3742,101196654.72839999
17770,11861,3562916.0,180086.0,36.82,131186567.12
17770,10327,4008482.0,200217.0,36.82,147592307.24
17770,17547,5108615.0,253182.0,30.0,153258450.0
17770,19180,4962408.0,255143.0,20.3742,101105093.0736
17770,12985,5072764.0,251982.0,30.0,152182920.0
17770,14005,5032323.0,250696.0,30.0,150969690.0
17770,16142,4262245.0,204668.0,21.78,92831696.10000001
17770,15916,5732212.0,293986.0,30.0,171966360.0
17770,17770,0.0,0.0,76.23,0.0
17770,12364,3551467.0,174233.0,36.82,130765014.94
17770,13179,5050952.0,254129.0,30.0,151528560.0
17770,19539,5414992.0,273407.0,30.0,162449760.0
17770,17822,5210798.0,258237.0,30.0,156323940.0
17770,16262,4174971.0,210575.0,21.78,90930868.38000001
17770,16133,3286312.0,166919.0,75.0,246473400.0
17770,10178,5442718.0,272594.0,30.0,163281540.0
17770,11568,6112664.0,300085.0,30.0,183379920.0
17770,13431,5380826.0,273385.0,30.0,161424780.0
17770,19185,5545044.0,279778.0,30.0,166351320.0
17770,16366,3578445.0,175755.0,36.82,131758344.9
17770,13680,3220589.0,151771.0,75.0,241544175.0
17770,11027,2520825.0,129490.0,68.8842,173645013.465
17770,10904,5030811.0,252717.0,30.0,150924330.0
17770,17535,5393051.0,274360.0,30.0,161791530.0
17770,19171,3719403.0,188068.0,36.82,136948418.46
17770,11214,3743618.0,188794.0,36.82,137840014.76
17770,16916,5736441.0,294216.0,30.0,172093230.0
17770,18476,4571775.0,230319.0,30.0,137153250.0
17770,11117,1041835.0,53985.0,33.957,35377591.095
17770,14252,4410855.0,221188.0,21.78,96068421.9
17770,11472,2674503.0,168378.0,68.8842,184230999.55260003
17770,12280,5269100.0,276213.0,30.0,158073000.0
17770,18446,5268301.0,265543.0,30.0,158049030.0
17770,12757,3893608.0,197411.0,36.82,143362646.56
17770,17495,4952295.0,250243.0,20.3742,100899048.78899999
17770,15506,5081379.0,252506.0,30.0,152441370.0
17770,10376,3516510.0,178972.0,36.82,129477898.2
17770,15286,5154839.0,259308.0,30.0,154645170.0
17770,11168,1827918.0,93792.0,30.08,54983773.44
17770,13856,2469138.0,126298.0,68.8842,170084595.81960002
17770,15292,4325758.0,220460.0,21.78,94215009.24000001
17770,13523,4410724.0,219734.0,21.78,96065568.72
17770,14376,1459456.0,75598.0,52.47,76577656.32
17770,17253,1055714.0,54459.0,33.957,35848880.298
17770,15028,3950845.0,184826.0,36.82,145470112.9
17770,15262,1106273.0,53936.0,52.47,58046144.31
17770,15206,5290628.0,266612.0,30.0,158718840.0
17770,12379,4841989.0,247263.0,30.0,145259670.0
17770,15747,5415251.0,273441.0,30.0,162457530.0
17770,19542,4860462.0,242065.0,30.0,145813860.0
17770,13570,5715937.0,286095.0,30.0,171478110.0
17770,13474,4275849.0,217231.0,21.78,93127991.22
17770,10659,6044701.0,297222.0,30.0,181341030.0
17770,14070,4571552.0,230281.0,30.0,137146560.0
17770,13101,3734038.0,189346.0,36.82,137487279.16
17770,12952,3218309.0,151671.0,75.0,241373175.0
17770,18182,1813655.0,92958.0,30.08,54554742.4
17770,19338,2883115.0,178516.0,97.02,279719817.3
17770,10989,3289022.0,167559.0,75.0,246676650.0
17770,18577,4128448.0,207594.0,21.78,89917597.44
17770,15204,632692.0,32861.0,76.23,48230111.160000004
17770,13250,2044837.0,104735.0,30.08,61508696.95999999
17770,17039,3819920.0,187167.0,36.82,140649454.4
17770,14444,5091580.0,261688.0,30.0,152747400.0
17770,18849,4641492.0,234164.0,30.0,139244760.0
17770,10751,3139969.0,191700.0,97.02,304639792.38
12364,16219,3953720.0,180071.0,55.3014,218646251.208
12364,10270,3906943.0,181152.0,55.3014,216059417.6202
12364,11461,4002778.0,182650.0,55.3014,221359227.2892
12364,10303,3947833.0,182615.0,55.3014,218320691.8662
12364,15973,3945637.0,182677.0,55.3014,218199249.9918
12364,14724,4032437.0,183652.0,55.3014,222999411.5118
12364,10708,4086353.0,193736.0,55.3014,225981041.7942
12364,13503,4034064.0,183996.0,55.3014,223089386.8896
12364,19311,3481580.0,161382.0,65.0,226302700.0
12364,10570,4222398.0,199270.0,55.3014,233504520.7572
12364,13578,2344007.0,115164.0,60.0,140640420.0
12364,10044,3997354.0,182308.0,55.3014,221059272.49560001
12364,15401,2358589.0,115738.0,60.0,141515340.0
12364,18863,4680569.0,210102.0,55.3014,258842018.4966
12364,11267,3934982.0,184008.0,55.3014,217610013.5748
12364,12627,3993932.0,182701.0,55.3014,220870031.10480002
12364,17784,3768908.0,173779.0,65.0,244979020.0
12364,13651,4228320.0,199457.0,55.3014,233832015.648
12364,13183,2489040.0,108567.0,60.0,149342400.0
12364,15872,3942621.0,180023.0,55.3014,218032460.96940002
12364,14076,3930125.0,179221.0,55.3014,217341414.675
12364,16991,4662306.0,209566.0,55.3014,257832049.0284
12364,12663,3319414.0,149491.0,65.0,215761910.0
12364,12214,4160994.0,198396.0,55.3014,230108793.5916
12364,19921,3961895.0,183277.0,55.3014,219098340.153
12364,18144,3843883.0,177700.0,55.3014,212572111.3362
12364,19371,2341896.0,114925.0,60.0,140513760.0
12364,16053,1788634.0,86182.0,60.0,107318040.0
12364,18978,1199525.0,62025.0,73.0027,87568563.7175
12364,17312,4105312.0,196688.0,55.3014,227029501.0368
12364,19956,1967331.0,92774.0,60.0,118039860.0
12364,12573,3120318.0,141744.0,65.0,202820670.0
12364,19469,3652473.0,170298.0,65.0,237410745.0
12364,11861,2304475.0,114040.0,60.0,138268500.0
12364,10327,3055885.0,136834.0,65.0,198632525.0
12364,17547,3961406.0,183155.0,55.3014,219071297.7684
12364,19180,4112419.0,192570.0,55.3014,227422528.0866
12364,12985,3925554.0,181955.0,55.3014,217088631.9756
12364,14005,3981136.0,181605.0,55.3014,220162394.3904
12364,16142,720118.0,31084.0,61.12259999999999,44015484.4668
12364,15916,4270105.0,203725.0,55.3014,236142784.647
12364,17770,3546986.0,174312.0,65.0,230554090.0
12364,12364,0.0,0.0,61.12259999999999,0.0
12364,13179,3636837.0,169129.0,65.0,236394405.0
12364,19539,3934885.0,183965.0,55.3014,217604649.33900002
12364,17822,4159610.0,189146.0,55.3014,230032256.454
12364,16262,2903047.0,129736.0,65.0,188698055.0
12364,16133,2238765.0,109359.0,65.0,145519725.0
12364,10178,4342897.0,203415.0,55.3014,240168284.1558
12364,11568,5012843.0,230906.0,55.3014,277217235.8802
12364,13431,3661810.0,175164.0,65.0,238017650.0
12364,19185,4064937.0,190335.0,55.3014,224796707.0118
12364,16366,36319.0,2172.0,61.12259999999999,2219911.7093999996
12364,13680,6745466.0,323691.0,55.3014,373033713.4524
12364,11027,1092040.0,47929.0,73.0027,79721868.508
12364,10904,3616697.0,167717.0,65.0,235085305.0
12364,17535,3664894.0,175450.0,65.0,238218110.0
12364,19171,2856030.0,126836.0,65.0,185641950.0
12364,11214,2696070.0,131234.0,65.0,175244550.0
12364,16916,4280303.0,204016.0,55.3014,236706748.3242
12364,18476,3094279.0,140424.0,65.0,201128135.0
12364,11117,2509154.0,121466.0,60.0,150549240.0
12364,14252,3196386.0,143958.0,65.0,207765090.0
12364,11472,2977732.0,146513.0,65.0,193552580.0
12364,12280,4221553.0,218653.0,55.3014,233457791.0742
12364,18446,3849786.0,180277.0,55.3014,212898555.5004
12364,12757,2846060.0,139850.0,65.0,184993900.0
12364,17495,3473907.0,160858.0,65.0,225803955.0
12364,15506,4030192.0,183415.0,55.3014,222875259.8688
12364,10376,2468962.0,121411.0,60.0,148137720.0
12364,15286,3736325.0,174043.0,65.0,242861125.0
12364,11168,1798400.0,86787.0,60.0,107904000.0
12364,13856,1858479.0,82972.0,60.0,111508740.0
12364,15292,2690503.0,116278.0,65.0,174882695.0
12364,13523,3359537.0,150644.0,65.0,218369905.0
12364,14376,2704880.0,132561.0,65.0,175817200.0
12364,17253,2497921.0,120606.0,60.0,149875260.0
12364,15028,7475723.0,356746.0,55.3014,413417947.91220003
12364,15262,4631151.0,225856.0,55.3014,256109133.9114
12364,15206,3872114.0,181347.0,55.3014,214133325.1596
12364,12379,3195315.0,141882.0,65.0,207695475.0
12364,15747,3935144.0,183998.0,55.3014,217618972.4016
12364,19542,3809275.0,172975.0,55.3014,210658240.485
12364,13570,4356023.0,206855.0,55.3014,240894170.3322
12364,13474,3119837.0,141628.0,65.0,202789405.0
12364,10659,4944880.0,228042.0,55.3014,273458786.832
12364,14070,3094344.0,140398.0,65.0,201132360.0
12364,13101,2686491.0,131786.0,65.0,174621915.0
12364,12952,6743186.0,323591.0,55.3014,372907626.2604
12364,18182,1811843.0,87580.0,60.0,108710580.0
12364,19338,2770494.0,136317.0,65.0,180082110.0
12364,10989,2241474.0,109999.0,65.0,145695810.0
12364,18577,2918884.0,130697.0,65.0,189727460.0
12364,15204,3188370.0,161192.0,65.0,207244050.0
12364,13250,1587249.0,79702.0,60.0,95234940.0
12364,17039,277794.0,13583.0,61.12259999999999,16979491.5444
12364,14444,4241591.0,199115.0,55.3014,234565920.52740002
12364,18849,3593945.0,176603.0,65.0,233606425.0
12364,10751,3071494.0,151987.0,65.0,199647110.0
13179,16219,538834.0,25433.0,17.46,9408041.64
13179,10270,481937.0,23698.0,17.46,8414620.02
13179,11461,486201.0,23137.0,17.46,8489069.46
13179,10303,475550.0,22503.0,28.14,13381977.0
13179,15973,473354.0,22564.0,28.14,13320181.56
13179,14724,566830.0,26763.0,17.46,9896851.8
13179,10708,951198.0,46344.0,17.46,16607917.08
13179,13503,516738.0,24470.0,17.46,9022245.48
13179,19311,594114.0,30668.0,17.46,10373230.440000001
13179,10570,860636.0,42733.0,17.46,15026704.56
13179,13578,1789226.0,87645.0,17.46,31239885.96
13179,10044,479215.0,22674.0,17.46,8367093.9
13179,15401,1784983.0,87392.0,17.46,31165803.18
13179,18863,1214961.0,53214.0,17.46,21213219.060000002
13179,11267,573220.0,27471.0,17.46,10008421.200000001
13179,12627,531680.0,25099.0,17.46,9283132.8
13179,17784,380195.0,21542.0,90.0,34217550.0
13179,13651,866559.0,42920.0,17.46,15130120.14
13179,13183,1355348.0,68436.0,17.46,23664376.080000002
13179,15872,534017.0,25504.0,17.46,9323936.82
13179,14076,554818.0,25755.0,17.46,9687122.280000001
13179,16991,1196699.0,52678.0,17.46,20894364.540000003
13179,12663,534285.0,27385.0,17.46,9328616.1
13179,12214,1408514.0,70653.0,17.46,24592654.44
13179,19921,456054.0,21974.0,28.14,12833359.56
13179,18144,778694.0,37897.0,17.46,13595997.24
13179,19371,1784789.0,87270.0,17.46,31162415.94
13179,16053,3233765.0,161304.0,17.46,56461536.900000006
13179,18978,2770712.0,134083.0,17.46,48376631.52
13179,17312,1087352.0,53391.0,17.46,18985165.92
13179,19956,3502092.0,174659.0,17.46,61146526.32
13179,12573,882558.0,46580.0,17.46,15409462.680000002
13179,19469,112260.0,5881.0,90.0,10103400.0
13179,11861,1698831.0,85440.0,17.46,29661589.26
13179,10327,1289570.0,65260.0,17.46,22515892.2
13179,17547,455565.0,21851.0,28.14,12819599.1
13179,19180,963101.0,48967.0,17.46,16815743.46
13179,12985,448179.0,21359.0,90.0,40336110.0
13179,14005,495177.0,23490.0,17.46,8645790.42
13179,16142,2938172.0,138723.0,17.46,51300483.120000005
13179,15916,1271642.0,61960.0,17.46,22202869.32
13179,17770,5056018.0,253725.0,17.46,88278074.28
13179,12364,3643071.0,168526.0,17.46,63608019.660000004
13179,13179,0.0,0.0,90.0,0.0
13179,19539,573123.0,27428.0,17.46,10006727.58
13179,17822,694003.0,32258.0,17.46,12117292.38
13179,16262,950809.0,47982.0,17.46,16601125.14
13179,16133,1765135.0,87440.0,17.46,30819257.1
13179,10178,726585.0,39680.0,17.46,12686174.100000001
13179,11568,1343309.0,64721.0,17.46,23454175.14
13179,13431,1017677.0,53473.0,17.46,17768640.42
13179,19185,703176.0,33798.0,17.46,12277452.96
13179,16366,3613620.0,167850.0,17.46,63093805.2
13179,13680,8254499.0,403104.0,17.46,144123552.54000002
13179,11027,3340220.0,161999.0,17.46,58320241.2
13179,10904,27280.0,1497.0,90.0,2455200.0
13179,17535,1029902.0,54448.0,17.46,17982088.92
13179,19171,1356341.0,67085.0,17.46,23681713.86
13179,11214,1745203.0,86737.0,17.46,30471244.380000003
13179,16916,1268592.0,62076.0,17.46,22149616.32
13179,18476,548468.0,28727.0,17.46,9576251.280000001
13179,11117,4018186.0,200879.0,17.46,70157527.56
13179,14252,647064.0,32939.0,17.46,11297737.440000001
13179,11472,3119420.0,154015.0,17.46,54465073.2
13179,12280,1729410.0,88937.0,17.46,30195498.6
13179,18446,244343.0,13319.0,90.0,21990870.0
13179,12757,1435851.0,74881.0,17.46,25069958.46
13179,17495,593529.0,30965.0,17.46,10363016.34
13179,15506,564585.0,26527.0,17.46,9857654.1
13179,10376,1902794.0,93428.0,17.46,33222783.240000002
13179,15286,130881.0,7085.0,90.0,11779290.0
13179,11168,3240814.0,161947.0,17.46,56584612.440000005
13179,13856,2596123.0,129278.0,17.46,45328307.580000006
13179,15292,959403.0,53654.0,17.46,16751176.38
13179,13523,950097.0,50194.0,17.46,16588693.620000001
13179,14376,4213913.0,211974.0,17.46,73574920.98
13179,17253,4006954.0,200019.0,17.46,69961416.84
13179,15028,8984755.0,436159.0,17.46,156873822.3
13179,15262,6140183.0,305269.0,17.46,107207595.18
13179,15206,266670.0,14389.0,90.0,24000300.0
13179,12379,1419078.0,77114.0,17.46,24777101.880000003
13179,15747,573382.0,27461.0,17.46,10011249.72
13179,19542,671120.0,31766.0,17.46,11717755.200000001
13179,13570,750580.0,39897.0,17.46,13105126.8
13179,13474,882076.0,46464.0,17.46,15401046.96
13179,10659,1294928.0,62483.0,17.46,22609442.880000003
13179,14070,548245.0,28689.0,17.46,9572357.700000001
13179,13101,2120323.0,103803.0,17.46,37020839.58
13179,12952,8252219.0,403004.0,17.46,144083743.74
13179,18182,3245097.0,161418.0,17.46,56659393.620000005
13179,19338,2912183.0,143819.0,17.46,50846715.18
13179,10989,1759750.0,87194.0,17.46,30725235.0
13179,18577,931056.0,46420.0,17.46,16256237.760000002
13179,15204,4697401.0,240605.0,17.46,82016621.46000001
13179,13250,3581405.0,178303.0,17.46,62531331.300000004
13179,17039,3463869.0,161968.0,17.46,60479152.74
13179,14444,995903.0,52246.0,17.46,17388466.380000003
13179,18849,1674667.0,88244.0,17.46,29239685.82
13179,10751,3213182.0,159489.0,17.46,56102157.720000006
19539,16219,1101188.0,52240.0,35.0,38541580.0
19539,10270,1044291.0,50505.0,35.0,36550185.0
19539,11461,1048556.0,49944.0,35.0,36699460.0
19539,10303,1037904.0,49309.0,35.0,36326640.0
19539,15973,1035708.0,49371.0,35.0,36249780.0
19539,14724,1129184.0,53570.0,35.0,39521440.0
19539,10708,385838.0,20205.0,25.13,9696108.94
19539,13503,1079092.0,51277.0,35.0,37768220.0
19539,19311,460328.0,23301.0,40.0,18413120.0
19539,10570,295276.0,16594.0,67.48,19925224.48
19539,13578,2138577.0,107231.0,22.3146,47721490.3242
19539,10044,1041569.0,49480.0,35.0,36454915.0
19539,15401,2134335.0,106979.0,22.3146,47626831.79099999
19539,18863,1777315.0,80021.0,22.3146,39660073.298999995
19539,11267,335.0,83.0,507.395,169977.32499999998
19539,12627,1094035.0,51906.0,35.0,38291225.0
19539,17784,942549.0,48349.0,32.0,30161568.0
19539,13651,301199.0,16781.0,67.48,20324908.52
19539,13183,1638847.0,83868.0,22.3146,36570215.2662
19539,15872,1096371.0,52311.0,35.0,38372985.0
19539,14076,1117172.0,52562.0,35.0,39101020.0
19539,16991,1759053.0,79485.0,22.3146,39252564.0738
19539,12663,926992.0,49277.0,42.0,38933664.0
19539,12214,948337.0,46275.0,32.0,30346784.0
19539,19921,1018408.0,48781.0,35.0,35644280.0
19539,18144,1341048.0,64704.0,22.3146,29924949.700799998
19539,19371,2134140.0,106857.0,22.3146,47622480.444
19539,16053,3583116.0,180891.0,22.3146,79955800.2936
19539,18978,3120063.0,153669.0,22.3146,69622957.81979999
19539,17312,521992.0,27252.0,40.0,20879680.0
19539,19956,3851443.0,194246.0,22.3146,85943409.96779999
19539,12573,1291960.0,67133.0,22.3146,28829570.615999997
19539,19469,674614.0,32688.0,40.0,26984560.0
19539,11861,2048182.0,105026.0,22.3146,45704362.0572
19539,10327,1638921.0,84846.0,22.3146,36571866.5466
19539,17547,1017919.0,48658.0,35.0,35627165.0
19539,19180,1525455.0,75774.0,22.3146,34039918.143
19539,12985,1010533.0,48166.0,35.0,35368655.0
19539,14005,1057531.0,50297.0,35.0,37013585.0
19539,16142,3232660.0,153821.0,22.3146,72135514.836
19539,15916,706282.0,35821.0,40.0,28251280.0
19539,17770,5405370.0,273311.0,22.3146,120618669.402
19539,12364,3937558.0,183624.0,22.3146,87865031.74679999
19539,13179,569389.0,27806.0,40.0,22775560.0
19539,19539,0.0,0.0,739.2139999999999,0.0
19539,17822,1256357.0,59065.0,22.3146,28035103.9122
19539,16262,1236020.0,63341.0,22.3146,27581291.891999997
19539,16133,2114486.0,107026.0,22.3146,47183909.2956
19539,10178,1288939.0,66487.0,22.3146,28762158.2094
19539,11568,1905663.0,91528.0,22.3146,42524107.579799995
19539,13431,778605.0,39918.0,42.0,32701410.0
19539,19185,137816.0,7659.0,507.395,69927149.32
19539,16366,3908107.0,182949.0,22.3146,87207844.4622
19539,13680,8603851.0,422691.0,22.3146,191991493.5246
19539,11027,3689571.0,181586.0,22.3146,82331301.0366
19539,10904,549249.0,26394.0,40.0,21969960.0
19539,17535,782029.0,40434.0,42.0,32845218.0
19539,19171,1705693.0,86671.0,22.3146,38061857.017799996
19539,11214,2094554.0,106324.0,22.3146,46739134.6884
19539,16916,703232.0,35937.0,40.0,28129280.0
19539,18476,842956.0,43826.0,42.0,35404152.0
19539,11117,4367537.0,220465.0,22.3146,97459841.14019999
19539,14252,1039645.0,54830.0,35.0,36387575.0
19539,11472,3468771.0,173601.0,22.3146,77404237.3566
19539,12280,2291764.0,115744.0,22.3146,51139796.954399996
19539,18446,782409.0,38958.0,42.0,32861178.0
19539,12757,1845422.0,94955.0,22.3146,41179853.761199996
19539,17495,465094.0,23672.0,40.0,18603760.0
19539,15506,1126939.0,53334.0,35.0,39442865.0
19539,10376,2252146.0,113015.0,22.3146,50255737.1316
19539,15286,668947.0,32724.0,40.0,26757880.0
19539,11168,3590166.0,181534.0,22.3146,80113118.2236
19539,13856,2945474.0,148864.0,22.3146,65727074.1204
19539,15292,1253890.0,68753.0,22.3146,27980053.794
19539,13523,1362630.0,72533.0,22.3146,30406543.398
19539,14376,4563264.0,231560.0,22.3146,101827410.8544
19539,17253,4356305.0,219605.0,22.3146,97209203.55299999
19539,15028,9334107.0,455746.0,22.3146,208286864.06219998
19539,15262,6489535.0,324856.0,22.3146,144811377.711
19539,15206,597214.0,35693.0,40.0,23888560.0
19539,12379,1509068.0,81303.0,22.3146,33674248.792799994
19539,15747,328.0,58.0,739.2139999999999,242462.19199999998
19539,19542,1233475.0,58572.0,22.3146,27524501.235
19539,13570,1288646.0,65536.0,22.3146,28755620.0316
19539,13474,1291479.0,67017.0,22.3146,28818837.293399997
19539,10659,1857283.0,89289.0,22.3146,41444527.2318
19539,14070,842733.0,43788.0,42.0,35394786.0
19539,13101,2469675.0,123389.0,22.3146,55109809.754999995
19539,12952,8601571.0,422591.0,22.3146,191940616.23659998
19539,18182,3594448.0,181005.0,22.3146,80208669.3408
19539,19338,3261534.0,163406.0,22.3146,72779826.5964
19539,10989,2109102.0,106781.0,22.3146,47063767.489199996
19539,18577,1277843.0,65995.0,22.3146,28514555.407799996
19539,15204,5046753.0,260192.0,22.3146,112616274.4938
19539,13250,3930756.0,197889.0,22.3146,87713247.8376
19539,17039,3758357.0,177067.0,22.3146,83866233.11219999
19539,14444,1558257.0,79053.0,22.3146,34771881.6522
19539,18849,2156418.0,111941.0,22.3146,48119605.1028
19539,10751,3562533.0,179076.0,22.3146,79496498.8818
17822,16219,259380.0,11889.0,50.0,12969000.0
17822,10270,241194.0,11312.0,55.0,13265670.0
17822,11461,211027.0,9904.0,55.0,11606485.0
17822,10303,230631.0,10524.0,55.0,12684705.0
17822,15973,231838.0,10543.0,55.0,12751090.0
17822,14724,135095.0,6440.0,111.0,14995545.0
17822,10708,1631948.0,77703.0,50.0,81597400.0
17822,13503,213372.0,10002.0,55.0,11735460.0
17822,19311,1158745.0,57046.0,50.0,57937250.0
17822,10570,1541387.0,74093.0,50.0,77069350.0
17822,13578,1841506.0,87521.0,50.0,92075300.0
17822,10044,217169.0,9952.0,55.0,11944295.0
17822,15401,1837264.0,87268.0,50.0,91863200.0
17822,18863,527555.0,22633.0,50.0,26377750.0
17822,11267,1253971.0,58831.0,50.0,62698550.0
17822,12627,174773.0,8123.0,55.0,9612515.0
17822,17784,378159.0,18754.0,50.0,18907950.0
17822,13651,1547309.0,74279.0,50.0,77365450.0
17822,13183,1671275.0,81235.0,50.0,83563750.0
17822,15872,226386.0,10726.0,55.0,12451230.0
17822,14076,248897.0,11029.0,55.0,13689335.0
17822,16991,509293.0,22097.0,50.0,25464650.0
17822,12663,826156.0,42500.0,50.0,41307800.0
17822,12214,2003851.0,99850.0,50.0,100192550.0
17822,19921,261966.0,11816.0,50.0,13098300.0
17822,18144,433842.0,23311.0,50.0,21692100.0
17822,19371,1837069.0,87147.0,50.0,91853450.0
17822,16053,3397028.0,166444.0,50.0,169851400.0
17822,18978,2976135.0,139652.0,50.0,148806750.0
17822,17312,1768102.0,84750.0,50.0,88405100.0
17822,19956,3665355.0,179799.0,50.0,183267750.0
17822,12573,1005008.0,48967.0,50.0,50250400.0
17822,19469,640483.0,29987.0,50.0,32024150.0
17822,11861,1839075.0,91908.0,50.0,91953750.0
17822,10327,1212630.0,60308.0,50.0,60631500.0
17822,17547,261477.0,11693.0,50.0,13073850.0
17822,19180,523212.0,28327.0,50.0,26160600.0
17822,12985,248775.0,11480.0,55.0,13682625.0
17822,14005,214234.0,9861.0,55.0,11782870.0
17822,16142,3453136.0,159202.0,50.0,172656800.0
17822,15916,1952392.0,93320.0,50.0,97619600.0
17822,17770,5219281.0,258865.0,50.0,260964050.0
17822,12364,4158035.0,189005.0,50.0,207901750.0
17822,13179,697007.0,32371.0,50.0,34850350.0
17822,19539,1253874.0,58787.0,50.0,62693700.0
17822,17822,0.0,0.0,111.0,0.0
17822,16262,1281974.0,62175.0,50.0,64098700.0
17822,16133,1915107.0,93846.0,50.0,95755350.0
17822,10178,405877.0,21911.0,50.0,20293850.0
17822,11568,1075822.0,49402.0,50.0,53791100.0
17822,13431,1582308.0,79851.0,50.0,79115400.0
17822,19185,1383926.0,65158.0,50.0,69196300.0
17822,16366,4128584.0,188329.0,50.0,206429200.0
17822,13680,8417762.0,408244.0,50.0,420888100.0
17822,11027,3503482.0,167139.0,50.0,175174100.0
17822,10904,708030.0,32856.0,50.0,35401500.0
17822,17535,1594533.0,80826.0,50.0,79726650.0
17822,19171,1496586.0,73553.0,50.0,74829300.0
17822,11214,1514525.0,80117.0,50.0,75726250.0
17822,16916,1949343.0,93436.0,50.0,97467150.0
17822,18476,1053251.0,54562.0,50.0,52662550.0
17822,11117,4181449.0,206019.0,50.0,209072450.0
17822,14252,952361.0,48281.0,50.0,47618050.0
17822,11472,3171701.0,153891.0,50.0,158585050.0
17822,12280,1289521.0,68297.0,50.0,64476050.0
17822,18446,717057.0,36227.0,50.0,35852850.0
17822,12757,1378413.0,68755.0,50.0,68920650.0
17822,17495,1158159.0,57343.0,50.0,57907950.0
17822,15506,134526.0,6279.0,111.0,14932386.0
17822,10376,1955075.0,93304.0,50.0,97753750.0
17822,15286,819984.0,38898.0,50.0,40999200.0
17822,11168,3404077.0,167087.0,50.0,170203850.0
17822,13856,2759385.0,134418.0,50.0,137969250.0
17822,15292,1551595.0,77732.0,50.0,77579750.0
17822,13523,849718.0,42428.0,50.0,42485900.0
17822,14376,4377176.0,217114.0,50.0,218858800.0
17822,17253,4170217.0,205159.0,50.0,208510850.0
17822,15028,9148018.0,441299.0,50.0,457400900.0
17822,15262,6303446.0,310409.0,50.0,315172300.0
17822,15206,867328.0,44641.0,50.0,43366400.0
17822,12379,1933373.0,102541.0,50.0,96668650.0
17822,15747,1254133.0,58821.0,50.0,62706650.0
17822,19542,367512.0,17406.0,50.0,18375600.0
17822,13570,737021.0,40088.0,50.0,36851050.0
17822,13474,1004527.0,48851.0,50.0,50226350.0
17822,10659,1007860.0,46539.0,50.0,50393000.0
17822,14070,1053028.0,54523.0,50.0,52651400.0
17822,13101,1941944.0,101890.0,50.0,97097200.0
17822,12952,8415482.0,408144.0,50.0,420774100.0
17822,18182,3408360.0,166558.0,50.0,170418000.0
17822,19338,2964463.0,143695.0,50.0,148223150.0
17822,10989,1909723.0,93600.0,50.0,95486150.0
17822,18577,1199859.0,59323.0,50.0,59992950.0
17822,15204,4860665.0,245745.0,50.0,243033250.0
17822,13250,3744668.0,183443.0,50.0,187233400.0
17822,17039,3978833.0,182447.0,50.0,198941650.0
17822,14444,403874.0,23267.0,50.0,20193700.0
17822,18849,1393102.0,72227.0,50.0,69655100.0
17822,10751,3265462.0,159365.0,50.0,163273100.0
16262,16219,1074148.0,53246.0,30.08,32310371.84
16262,10270,1035097.0,53637.0,23.28,24097058.16
16262,11461,1123207.0,55825.0,23.28,26148258.96
16262,10303,1075987.0,55100.0,23.28,25048977.36
16262,15973,1073791.0,55162.0,23.28,24997854.48
16262,14724,1152866.0,56826.0,23.28,26838720.48
16262,10708,1408303.0,73311.0,23.28,32785293.84
16262,13503,1154493.0,57171.0,23.28,26876597.040000003
16262,19311,798177.0,40543.0,50.1,39988667.7
16262,10570,1540714.0,78488.0,23.28,35867821.92
16262,13578,908424.0,44392.0,23.2848,21152471.1552
16262,10044,1080002.0,55404.0,23.28,25142446.560000002
16262,15401,904182.0,44140.0,23.2848,21053697.0336
16262,18863,1800997.0,83277.0,23.28,41927210.160000004
16262,11267,1253298.0,63226.0,23.28,29176777.44
16262,12627,1114360.0,55875.0,23.28,25942300.8
16262,17784,897062.0,46264.0,23.2848,20887909.257600002
16262,13651,1546636.0,78675.0,23.28,36005686.08
16262,13183,418715.0,21621.0,23.28,9747685.200000001
16262,15872,1063049.0,53198.0,30.08,31976513.919999998
16262,14076,1050553.0,52396.0,23.28,24456873.84
16262,16991,1782735.0,82741.0,23.28,41502070.800000004
16262,12663,447568.0,21976.0,23.28,10419383.040000001
16262,12214,1640578.0,83160.0,23.28,38192655.84
16262,19921,1090049.0,55762.0,23.28,25376340.720000003
16262,18144,970832.0,51415.0,23.2848,22605628.9536
16262,19371,903987.0,44018.0,23.2848,21049156.4976
16262,16053,2352963.0,118052.0,23.28,54776978.64
16262,18978,1889910.0,90830.0,23.28,43997104.800000004
16262,17312,1427261.0,76263.0,23.28,33226636.080000002
16262,19956,2621290.0,131406.0,55.0,144170950.0
16262,12573,249124.0,14203.0,232.85,58008523.4
16262,19469,880587.0,44632.0,23.2848,20504292.1776
16262,11861,818029.0,42187.0,50.1,40983252.9
16262,10327,408768.0,22007.0,23.28,9516119.040000001
16262,17547,1089560.0,55640.0,23.28,25364956.8
16262,19180,1281383.0,68696.0,23.28,29830596.240000002
16262,12985,1053708.0,54440.0,30.08,31695536.639999997
16262,14005,1101564.0,54780.0,23.28,25644409.92
16262,16142,2200576.0,99588.0,23.28,51229409.28
16262,15916,1570420.0,83762.0,23.28,36559377.6
16262,17770,4175217.0,210472.0,55.0,229636935.0
16262,12364,2905475.0,129391.0,55.0,159801125.0
16262,13179,942265.0,47966.0,23.2848,21940452.072
16262,19539,1253201.0,63183.0,23.28,29174519.28
16262,17822,1280039.0,62321.0,23.28,29799307.92
16262,16262,0.0,0.0,1049.3139999999999,0.0
16262,16133,884333.0,44187.0,23.2848,20591517.0384
16262,10178,1471051.0,75900.0,23.28,34246067.28
16262,11568,2140997.0,103391.0,23.28,49842410.160000004
16262,13431,1219035.0,63161.0,23.28,28379134.8
16262,19185,1383253.0,69553.0,23.28,32202129.84
16262,16366,2876024.0,128715.0,55.0,158181320.0
16262,13680,7373697.0,359852.0,55.0,405553335.0
16262,11027,2459418.0,118746.0,23.28,57255251.04
16262,10904,922125.0,46554.0,23.2848,21471496.2
16262,17535,1231260.0,64136.0,23.28,28663732.8
16262,19171,475540.0,23832.0,23.28,11070571.200000001
16262,11214,864401.0,43484.0,23.2848,20127404.4048
16262,16916,1574649.0,83992.0,23.28,36657828.72
16262,18476,399898.0,20080.0,23.28,9309625.440000001
16262,11117,3137384.0,157626.0,55.0,172556120.0
16262,14252,324540.0,16443.0,23.28,7555291.2
16262,11472,2238619.0,110762.0,23.28,52115050.32
16262,12280,1813772.0,98224.0,23.28,42224612.160000004
16262,18446,1155214.0,59115.0,23.28,26893381.92
16262,12757,615269.0,32116.0,23.28,14323462.32
16262,17495,790504.0,40019.0,50.1,39604250.4
16262,15506,1150620.0,56590.0,23.28,26786433.6
16262,10376,1021993.0,50175.0,23.28,23791997.040000003
16262,15286,1041752.0,52880.0,23.28,24251986.560000002
16262,11168,2360013.0,118695.0,23.28,54941102.64
16262,13856,1715321.0,86025.0,23.28,39932672.88
16262,15292,274915.0,16031.0,232.85,64013957.75
16262,13523,525583.0,26004.0,23.28,12235572.24
16262,14376,3333111.0,168721.0,55.0,183321105.0
16262,17253,3126152.0,156766.0,55.0,171938360.0
16262,15028,8103954.0,392907.0,55.0,445717470.0
16262,15262,5259382.0,262016.0,55.0,289266010.0
16262,15206,1177541.0,60185.0,23.28,27413154.48
16262,12379,791146.0,42834.0,50.1,39636414.6
16262,15747,1253460.0,63217.0,23.28,29180548.8
16262,19542,929703.0,46149.0,23.2848,21647948.4144
16262,13570,1576892.0,82480.0,23.28,36710045.760000005
16262,13474,248643.0,14087.0,232.85,57896522.55
16262,10659,2073034.0,100527.0,23.28,48260231.52
16262,14070,399675.0,20041.0,23.28,9304434.0
16262,13101,1239522.0,60550.0,23.28,28856072.16
16262,12952,7371417.0,359751.0,55.0,405427935.0
16262,18182,2364295.0,118166.0,23.28,55040787.6
16262,19338,2031381.0,100566.0,23.28,47290549.68
16262,10989,878949.0,43942.0,23.2848,20466151.6752
16262,18577,47690.0,3156.0,58.296,2780136.2399999998
16262,15204,3816600.0,197352.0,55.0,209913000.0
16262,13250,2700604.0,135050.0,55.0,148533220.0
16262,17039,2726273.0,122833.0,55.0,149945015.0
16262,14444,1352520.0,74404.0,23.28,31486665.6
16262,18849,1239445.0,62497.0,23.28,28854279.6
16262,10751,2332381.0,116236.0,23.28,54297829.68
16133,16219,1706052.0,84429.0,14.553,24828174.756
16133,10270,1755158.0,86509.0,14.553,25542814.374
16133,11461,1755111.0,87008.0,14.553,25542130.383
16133,10303,1775571.0,87767.0,5.3361,9474624.4131
16133,15973,1776778.0,87787.0,5.3361,9481065.0858
16133,14724,1784770.0,88010.0,5.3361,9523711.197
16133,10708,2279155.0,117168.0,56.2716,128251698.498
16133,13503,1786397.0,88354.0,5.3361,9532393.0317
16133,19311,1669030.0,84400.0,14.553,24289393.59
16133,10570,2411566.0,122345.0,32.9868,79549845.32880001
16133,13578,203440.0,10912.0,50.0,10172000.0
16133,10044,1749686.0,86666.0,14.553,25463180.358000003
16133,15401,242564.0,12962.0,50.0,12128200.0
16133,18863,2432901.0,114460.0,32.9868,80253618.7068
16133,11267,2124150.0,107083.0,56.2716,119529319.14
16133,12627,1746264.0,87058.0,14.553,25413379.992000002
16133,17784,1692438.0,84641.0,14.553,24630050.214
16133,13651,2417489.0,122532.0,32.9868,79745226.1452
16133,13183,725130.0,37857.0,33.599999999999994,24364367.999999996
16133,15872,1694953.0,84381.0,14.553,24666651.009
16133,14076,1682457.0,83579.0,14.553,24484796.721
16133,16991,2414638.0,113924.0,56.2716,135875543.6808
16133,12663,1242944.0,60353.0,14.553,18088564.032
16133,12214,2511430.0,127017.0,53.0,133105790.0
16133,19921,1810250.0,88572.0,5.3361,9659675.025
16133,18144,1596216.0,82058.0,14.553,23229731.448000003
16133,19371,208662.0,11235.0,50.0,10433100.0
16133,16053,1460557.0,74348.0,14.553,21255486.021
16133,18978,1039665.0,47556.0,85.4,88787391.0
16133,17312,2298114.0,120120.0,56.2716,129318551.7624
16133,19956,1728884.0,87703.0,14.553,25160448.852
16133,12573,985391.0,50979.0,48.21,47505700.11
16133,19469,1675963.0,83009.0,14.553,24390289.539
16133,11861,285367.0,14584.0,71.7948,20487866.6916
16133,10327,709627.0,35484.0,33.599999999999994,23843467.199999996
16133,17547,1809761.0,88450.0,5.3361,9657065.6721
16133,19180,1790742.0,94096.0,5.3361,9555578.3862
16133,12985,1773909.0,87250.0,5.3361,9465755.8149
16133,14005,1733468.0,85963.0,14.553,25227159.804
16133,16142,2121695.0,99004.0,56.2716,119391172.362
16133,15916,2441273.0,127619.0,53.0,129387469.0
16133,17770,3282810.0,166769.0,53.0,173988930.0
16133,12364,2658298.0,122772.0,53.0,140889794.0
16133,13179,1760013.0,87761.0,5.3361,9391605.3693
16133,19539,2124053.0,107040.0,56.2716,119523860.7948
16133,17822,1911943.0,93504.0,15.5232,29679473.5776
16133,16262,884032.0,44208.0,60.0,53041920.0
16133,16133,0.0,0.0,174.29999999999998,0.0
16133,10178,2143863.0,107862.0,56.2716,120638601.1908
16133,11568,2813809.0,135353.0,53.0,149131877.0
16133,13431,2089887.0,107017.0,56.2716,117601285.3092
16133,19185,2254106.0,113410.0,56.2716,126842151.1896
16133,16366,2685276.0,124295.0,56.2716,151104776.9616
16133,13680,6481291.0,316148.0,53.0,343508423.0
16133,11027,1567012.0,75043.0,14.553,22804725.636
16133,10904,1739872.0,86350.0,14.553,25320357.216000002
16133,17535,2102112.0,107993.0,56.2716,118289205.6192
16133,19171,428464.0,21701.0,71.7948,30761487.1872
16133,11214,571952.0,27747.0,33.599999999999994,19217587.199999996
16133,16916,2445502.0,127848.0,53.0,129611606.0
16133,18476,1280836.0,63952.0,14.553,18640006.308000002
16133,11117,2244978.0,113923.0,56.2716,126328504.0248
16133,14252,1119916.0,54821.0,85.4,95640826.4
16133,11472,1412821.0,73315.0,14.553,20560784.013
16133,12280,2097435.0,115166.0,56.2716,118026023.346
16133,18446,1977362.0,99175.0,56.2716,111269323.5192
16133,12757,698008.0,35985.0,33.599999999999994,23453068.799999997
16133,17495,1661356.0,83876.0,14.553,24177713.868
16133,15506,1782524.0,87773.0,5.3361,9511726.3164
16133,10376,352937.0,18635.0,71.7948,25339041.3276
16133,15286,1863900.0,92941.0,15.5232,28933692.479999997
16133,11168,1467607.0,74991.0,14.553,21358084.671
16133,13856,822915.0,42322.0,60.0,49374900.0
16133,15292,1034819.0,54093.0,85.4,88373542.60000001
16133,13523,1111870.0,55002.0,85.4,94953698.0
16133,14376,2440705.0,125018.0,32.9868,80511047.694
16133,17253,2233746.0,113063.0,56.2716,125696461.4136
16133,15028,7211547.0,349203.0,53.0,382211991.0
16133,15262,4366975.0,218313.0,53.0,231449675.0
16133,15206,1999689.0,100245.0,56.2716,112525699.5324
16133,12379,1551050.0,80896.0,14.553,22572430.650000002
16133,15747,2124313.0,107073.0,56.2716,119538491.4108
16133,19542,1561607.0,77333.0,14.553,22726066.671
16133,13570,2372268.0,120857.0,56.2716,133491315.9888
16133,13474,984910.0,50863.0,48.21,47482511.1
16133,10659,2745846.0,132490.0,53.0,145529838.0
16133,14070,1280613.0,63913.0,14.553,18636760.989
16133,13101,570466.0,29010.0,33.599999999999994,19167657.599999998
16133,12952,6479011.0,316048.0,53.0,343387583.0
16133,18182,1471889.0,74462.0,14.553,21420400.617000002
16133,19338,1205583.0,63119.0,85.4,102956788.2
16133,10989,9639.0,965.0,174.29999999999998,1680077.6999999997
16133,18577,837509.0,41226.0,60.0,50250540.0
16133,15204,2924194.0,153649.0,53.0,154982282.0
16133,13250,1808197.0,91347.0,5.3361,9648720.0117
16133,17039,2647392.0,122249.0,56.2716,148972983.6672
16133,14444,1919914.0,100641.0,15.5232,29803209.0048
16133,18849,1469826.0,73117.0,14.553,21390377.778
16133,10751,1506583.0,78789.0,14.553,21925302.399
10178,16219,464793.0,25469.0,40.0,18591720.0
10178,10270,454564.0,24131.0,35.0,15909740.0
10178,11461,404051.0,21990.0,40.59,16400430.090000002
10178,10303,420023.0,22007.0,40.59,17048733.57
10178,15973,417827.0,22068.0,40.59,16959597.93
10178,14724,408847.0,22217.0,40.59,16595099.730000002
10178,10708,1661211.0,85350.0,40.0,66448440.0
10178,13503,371812.0,20051.0,40.59,15091849.080000002
10178,19311,1336890.0,68098.0,40.0,53475600.0
10178,10570,1570649.0,81740.0,40.0,62825960.0
10178,13578,2072028.0,101700.0,40.0,82881120.0
10178,10044,410697.0,21806.0,40.59,16670191.230000002
10178,15401,2067786.0,101447.0,40.0,82711440.0
10178,18863,708869.0,38785.0,40.0,28354760.0
10178,11267,1283233.0,66478.0,40.0,51329320.0
10178,12627,414390.0,21978.0,40.59,16820090.1
10178,17784,579587.0,30361.0,40.0,23183480.0
10178,13651,1576572.0,81926.0,40.0,63062880.0
10178,13183,1862072.0,95383.0,40.0,74482880.0
10178,15872,445962.0,24341.0,35.0,15608670.0
10178,14076,460274.0,24983.0,35.0,16109590.0
10178,16991,704464.0,38722.0,40.0,28178560.0
10178,12663,1027584.0,54106.0,40.0,41103360.0
10178,12214,2118527.0,109660.0,40.0,84741080.0
10178,19921,432149.0,22582.0,40.59,17540927.91
10178,18144,705608.0,37716.0,40.0,28224320.0
10178,19371,2067591.0,101326.0,40.0,82703640.0
10178,16053,3627550.0,180623.0,40.0,145102000.0
10178,18978,3206657.0,153831.0,40.0,128266280.0
10178,17312,1797365.0,92397.0,40.0,71894600.0
10178,19956,3895877.0,193978.0,40.0,155835080.0
10178,12573,1235530.0,63146.0,40.0,49421200.0
10178,19469,669597.0,37535.0,40.0,26783880.0
10178,11861,2069597.0,106087.0,40.0,82783880.0
10178,10327,1443152.0,74487.0,40.0,57726080.0
10178,17547,431660.0,22459.0,40.59,17521079.400000002
10178,19180,865680.0,46705.0,40.0,34627200.0
10178,12985,426707.0,22650.0,40.59,17320037.130000003
10178,14005,425982.0,22573.0,40.59,17290609.380000003
10178,16142,3643934.0,173350.0,40.0,145757360.0
10178,15916,1981655.0,100967.0,40.0,79266200.0
10178,17770,5449803.0,273044.0,40.0,217992120.0
10178,12364,4348833.0,203153.0,40.0,173953320.0
10178,13179,726269.0,40018.0,40.0,29050760.0
10178,19539,1283136.0,66434.0,40.0,51325440.0
10178,17822,407855.0,21917.0,40.59,16554834.450000001
10178,16262,1474376.0,75871.0,40.0,58975040.0
10178,16133,2145629.0,108025.0,40.0,85825160.0
10178,10178,0.0,0.0,40.59,0.0
10178,11568,683975.0,28419.0,40.0,27359000.0
10178,13431,1760454.0,90904.0,40.0,70418160.0
10178,19185,1413189.0,72805.0,40.0,56527560.0
10178,16366,4319382.0,202477.0,40.0,172775280.0
10178,13680,8648284.0,422423.0,40.0,345931360.0
10178,11027,3734004.0,181318.0,40.0,149360160.0
10178,10904,737292.0,40504.0,40.0,29491680.0
10178,17535,1772678.0,91879.0,40.0,70907120.0
10178,19171,1727108.0,87732.0,40.0,69084320.0
10178,11214,1867094.0,96171.0,40.0,74683760.0
10178,16916,1978605.0,101083.0,40.0,79144200.0
10178,18476,1231396.0,65615.0,40.0,49255840.0
10178,11117,4411971.0,220198.0,40.0,176478840.0
10178,14252,1153789.0,59887.0,40.0,46151560.0
10178,11472,3402223.0,168070.0,40.0,136088920.0
10178,12280,1631989.0,86675.0,40.0,65279560.0
10178,18446,542924.0,30667.0,40.0,21716960.0
10178,12757,1608935.0,82934.0,40.0,64357400.0
10178,17495,1336305.0,68396.0,40.0,53452200.0
10178,15506,412441.0,22272.0,40.59,16740980.190000001
10178,10376,2185597.0,107483.0,40.0,87423880.0
10178,15286,670740.0,38263.0,40.0,26829600.0
10178,11168,3634599.0,181266.0,40.0,145383960.0
10178,13856,2989907.0,148597.0,40.0,119596280.0
10178,15292,1651843.0,90133.0,40.0,66073720.0
10178,13523,1080241.0,56607.0,40.0,43209640.0
10178,14376,4607698.0,231293.0,40.0,184307920.0
10178,17253,4400739.0,219338.0,40.0,176029560.0
10178,15028,9378540.0,455478.0,40.0,375141600.0
10178,15262,6533968.0,324588.0,40.0,261358720.0
10178,15206,705591.0,38437.0,40.0,28223640.0
10178,12379,2111519.0,113594.0,40.0,84460760.0
10178,15747,1283395.0,66468.0,40.0,51335800.0
10178,19542,598034.0,31585.0,40.0,23921360.0
10178,13570,361781.0,20037.0,40.59,14684690.790000001
10178,13474,1235049.0,63030.0,40.0,49401960.0
10178,10659,616013.0,25555.0,40.0,24640520.0
10178,14070,1231173.0,65576.0,40.0,49246920.0
10178,13101,2403126.0,117858.0,40.0,96125040.0
10178,12952,8646004.0,422323.0,40.0,345840160.0
10178,18182,3638882.0,180737.0,40.0,145555280.0
10178,19338,3194985.0,157874.0,40.0,127799400.0
10178,10989,2140245.0,107779.0,40.0,85609800.0
10178,18577,1437781.0,73368.0,40.0,57511240.0
10178,15204,5091186.0,259924.0,40.0,203647440.0
10178,13250,3975190.0,197622.0,40.0,159007600.0
10178,17039,4169630.0,196595.0,40.0,166785200.0
10178,14444,805403.0,44722.0,40.0,32216120.0
10178,18849,1719799.0,89293.0,40.0,68791960.0
10178,10751,3495985.0,173544.0,40.0,139839400.0
11568,16219,1134933.0,53010.0,37.8378,42943367.8674
11568,10270,1124703.0,51672.0,36.8676,41465100.3228
11568,11461,1074191.0,49531.0,36.0,38670876.0
11568,10303,1090163.0,49548.0,34.9272,38076341.1336
11568,15973,1087967.0,49609.0,34.9272,37999641.002399996
11568,14724,1078986.0,49758.0,36.0,38843496.0
11568,10708,2314339.0,110377.0,37.8378,87569496.2142
11568,13503,1041952.0,47592.0,36.0,37510272.0
11568,19311,1957048.0,94664.0,37.8378,74050390.8144
11568,10570,2223777.0,106767.0,37.8378,84142829.3706
11568,13578,2742168.0,129241.0,37.8378,103757604.3504
11568,10044,1080837.0,49347.0,36.0,38910132.0
11568,15401,2737926.0,128989.0,37.8378,103597096.40280001
11568,18863,1268174.0,59321.0,37.8378,47984914.177200004
11568,11267,1936361.0,91505.0,37.8378,73267640.2458
11568,12627,1084530.0,49519.0,34.9272,37879596.216
11568,17784,1249726.0,57902.0,37.8378,47286882.4428
11568,13651,2229700.0,106954.0,37.8378,84366942.66
11568,13183,2532212.0,122924.0,37.8378,95813331.21360001
11568,15872,1116101.0,51883.0,36.8676,41147965.2276
11568,14076,1130414.0,52524.0,36.8676,41675651.186400004
11568,16991,1263768.0,59258.0,37.8378,47818200.830400005
11568,12663,1697724.0,81648.0,37.8378,64238141.1672
11568,12214,2771655.0,134687.0,37.8378,104873327.559
11568,19921,1102289.0,50123.0,36.8676,40638749.936400004
11568,18144,1375748.0,65257.0,37.8378,52055277.6744
11568,19371,2737731.0,128867.0,37.8378,103589718.0318
11568,16053,4297690.0,208164.0,37.8378,162615134.682
11568,18978,3876797.0,181372.0,37.8378,146689469.5266
11568,17312,2450493.0,117424.0,37.8378,92721264.0354
11568,19956,4566016.0,221519.0,37.8378,172768000.2048
11568,12573,1905670.0,90687.0,37.8378,72106360.326
11568,19469,1285688.0,62704.0,37.8378,48647605.4064
11568,11861,2739737.0,133629.0,37.8378,103665620.6586
11568,10327,2113292.0,102029.0,37.8378,79962320.0376
11568,17547,1101800.0,50000.0,36.8676,40620721.68
11568,19180,1535820.0,74246.0,37.8378,58112049.996
11568,12985,1096847.0,50191.0,36.8676,40438116.457200006
11568,14005,1096122.0,50114.0,36.8676,40411387.4472
11568,16142,4314074.0,200891.0,37.8378,163235069.1972
11568,15916,2634783.0,125994.0,37.8378,99694392.1974
11568,17770,6119943.0,300585.0,37.8378,231565179.2454
11568,12364,5018972.0,230694.0,37.8378,189906858.7416
11568,13179,1342360.0,65187.0,37.8378,50791949.208000004
11568,19539,1936265.0,91462.0,37.8378,73264007.817
11568,17822,1077994.0,49458.0,36.0,38807784.0
11568,16262,2144516.0,103413.0,37.8378,81143767.5048
11568,16133,2815769.0,135566.0,37.8378,106542504.26820001
11568,10178,684078.0,28462.0,36.0,24626808.0
11568,11568,0.0,0.0,43.0,0.0
11568,13431,2380612.0,117469.0,37.8378,90077120.7336
11568,19185,2066317.0,97832.0,37.8378,78184889.38260001
11568,16366,4989521.0,230018.0,37.8378,188792497.6938
11568,13680,9318424.0,449964.0,37.8378,352588663.6272
11568,11027,4404144.0,208859.0,37.8378,166643119.8432
11568,10904,1353383.0,65673.0,37.8378,51209035.2774
11568,17535,2392836.0,118445.0,37.8378,90539650.0008
11568,19171,2397248.0,115274.0,37.8378,90706590.3744
11568,11214,2537234.0,123712.0,37.8378,96003352.6452
11568,16916,2631733.0,126110.0,37.8378,99578986.9074
11568,18476,1911402.0,92723.0,37.8378,72323246.59560001
11568,11117,5082110.0,247739.0,37.8378,192295861.75800002
11568,14252,1823928.0,87428.0,37.8378,69013422.8784
11568,11472,4072362.0,195611.0,37.8378,154089218.8836
11568,12280,2302129.0,114216.0,37.8378,87107496.6762
11568,18446,1139244.0,53003.0,37.8378,43106486.6232
11568,12757,2279075.0,110475.0,37.8378,86235184.035
11568,17495,1956463.0,94961.0,37.8378,74028255.7014
11568,15506,1082580.0,49813.0,36.0,38972880.0
11568,10376,2855737.0,135024.0,37.8378,108054805.4586
11568,15286,1306350.0,61201.0,37.8378,49429410.03
11568,11168,4304739.0,208807.0,37.8378,162881853.3342
11568,13856,3660047.0,176138.0,37.8378,138488126.3766
11568,15292,2256320.0,117635.0,37.8378,85374184.896
11568,13523,1750380.0,84148.0,37.8378,66230528.364
11568,14376,5277837.0,258834.0,37.8378,199701740.8386
11568,17253,5070878.0,246879.0,37.8378,191870867.5884
11568,15028,10048680.0,483019.0,37.8378,380219944.10400003
11568,15262,7204108.0,352129.0,37.8378,272587597.6824
11568,15206,1270462.0,59688.0,37.8378,48071487.0636
11568,12379,2715996.0,141095.0,37.8378,102767313.4488
11568,15747,1936524.0,91495.0,37.8378,73273807.8072
11568,19542,1268174.0,59126.0,37.8378,47984914.177200004
11568,13570,650443.0,26257.0,36.0,23415948.0
11568,13474,1905189.0,90571.0,37.8378,72088160.3442
11568,10659,233729.0,13168.0,43.0,10050347.0
11568,14070,1911179.0,92685.0,37.8378,72314808.7662
11568,13101,3073266.0,145399.0,37.8378,116285624.2548
11568,12952,9316144.0,449864.0,37.8378,352502393.4432
11568,18182,4309021.0,208278.0,37.8378,163043874.7938
11568,19338,3865125.0,185415.0,37.8378,146247826.725
11568,10989,2810385.0,135321.0,37.8378,106338785.553
11568,18577,2107920.0,100909.0,37.8378,79759055.376
11568,15204,5761326.0,287465.0,37.8378,217995900.9228
11568,13250,4645330.0,225163.0,37.8378,175769067.474
11568,17039,4839770.0,224136.0,37.8378,183126249.306
11568,14444,1475543.0,72263.0,37.8378,55831300.925400004
11568,18849,2389939.0,116834.0,37.8378,90430033.8942
11568,10751,4166125.0,201085.0,37.8378,157637004.525
13431,16219,1407514.0,72941.0,38.0,53485532.0
13431,10270,1369953.0,71386.0,38.0,52058214.0
13431,11461,1374217.0,70826.0,38.0,52220246.0
13431,10303,1363566.0,70191.0,38.0,51815508.0
13431,15973,1361370.0,70252.0,38.0,51732060.0
13431,14724,1454846.0,74451.0,38.0,55284148.0
13431,10708,633546.0,32502.0,55.0,34845030.0
13431,13503,1404754.0,72159.0,38.0,53380652.0
13431,19311,426246.0,23152.0,78.67999999999999,33537035.279999997
13431,10570,841845.0,44872.0,55.0,46301475.0
13431,13578,2102701.0,107004.0,38.0,79902638.0
13431,10044,1367230.0,70362.0,38.0,51954740.0
13431,15401,2098459.0,106752.0,38.0,79741442.0
13431,18863,2102977.0,100902.0,38.0,79913126.0
13431,11267,778501.0,39972.0,55.0,42817555.0
13431,12627,1419696.0,72787.0,38.0,53948448.0
13431,17784,1223470.0,64311.0,33.35,40802724.5
13431,13651,853284.0,44936.0,55.0,46930620.0
13431,13183,1297375.0,77842.0,33.35,43267456.25
13431,15872,1422033.0,73192.0,38.0,54037254.0
13431,14076,1423499.0,73263.0,38.0,54092962.0
13431,16991,2084714.0,100366.0,38.0,79219132.0
13431,12663,1011391.0,53054.0,33.35,33729889.85
13431,12214,504437.0,23371.0,78.67999999999999,39689103.16
13431,19921,1344070.0,69662.0,33.35,44824734.5
13431,18144,1534616.0,81140.0,38.0,58315408.0
13431,19371,2098264.0,106630.0,38.0,79734032.0
13431,16053,3547240.0,180664.0,52.0,184456480.0
13431,18978,2937741.0,149436.0,52.0,152762532.0
13431,17312,627028.0,29801.0,55.0,34486540.0
13431,19956,3815567.0,194019.0,52.0,198409484.0
13431,12573,1256084.0,66906.0,33.35,41890401.4
13431,19469,1079706.0,55829.0,33.35,36008195.1
13431,11861,1730357.0,100863.0,38.0,65753566.0
13431,10327,1603045.0,84619.0,38.0,60915710.0
13431,17547,1343580.0,69539.0,33.35,44808393.0
13431,19180,1851117.0,96655.0,38.0,70342446.0
13431,12985,1336195.0,69047.0,33.35,44562103.25
13431,14005,1383193.0,71178.0,38.0,52561334.0
13431,16142,2958623.0,144975.0,52.0,153848396.0
13431,15916,613549.0,28700.0,55.0,33745195.0
13431,17770,5369494.0,273084.0,52.0,279213688.0
13431,12364,3663522.0,174778.0,52.0,190503144.0
13431,13179,1012028.0,53644.0,33.35,33751133.800000004
13431,19539,778404.0,39929.0,55.0,42812220.0
13431,17822,1582019.0,79946.0,38.0,60116722.0
13431,16262,1200144.0,63114.0,33.35,40024802.4
13431,16133,2078610.0,106799.0,38.0,78987180.0
13431,10178,1758630.0,90990.0,38.0,66827940.0
13431,11568,2348301.0,117366.0,38.0,89235438.0
13431,13431,0.0,0.0,179.13,0.0
13431,19185,739960.0,38514.0,55.0,40697800.0
13431,16366,3634071.0,174102.0,52.0,188971692.0
13431,13680,8567975.0,422464.0,52.0,445534700.0
13431,11027,3684418.0,177483.0,52.0,191589736.0
13431,10904,991887.0,52233.0,33.35,33079431.450000003
13431,17535,12224.0,975.0,179.13,2189685.12
13431,19171,1669817.0,86444.0,38.0,63453046.0
13431,11214,2058678.0,106097.0,38.0,78229764.0
13431,16916,623747.0,28991.0,55.0,34306085.0
13431,18476,807080.0,43599.0,55.0,44389400.0
13431,11117,4331661.0,220238.0,52.0,225246372.0
13431,14252,1027173.0,55821.0,33.35,34256219.550000004
13431,11472,3432895.0,173374.0,52.0,178510540.0
13431,12280,2617426.0,136625.0,38.0,99462188.0
13431,18446,1224977.0,64793.0,33.35,40852982.95
13431,12757,1809546.0,94728.0,38.0,68762748.0
13431,17495,429218.0,23445.0,78.67999999999999,33770872.239999995
13431,15506,1452600.0,74215.0,38.0,55198800.0
13431,10376,2216270.0,112787.0,38.0,84218260.0
13431,15286,1111515.0,58559.0,33.35,37069025.25
13431,11168,3554290.0,181307.0,52.0,184823080.0
13431,13856,2909598.0,148637.0,52.0,151299096.0
13431,15292,983499.0,60195.0,33.35,32799691.650000002
13431,13523,1447030.0,76310.0,38.0,54987140.0
13431,14376,4527388.0,231333.0,52.0,235424176.0
13431,17253,4320429.0,219378.0,52.0,224662308.0
13431,15028,9298231.0,455519.0,52.0,483508012.0
13431,15262,6453659.0,324628.0,52.0,335590268.0
13431,15206,1247304.0,65863.0,33.35,41597588.4
13431,12379,412755.0,46553.0,78.67999999999999,32475563.4
13431,15747,778663.0,39962.0,55.0,42826465.0
13431,19542,1430813.0,75543.0,38.0,54370894.0
13431,13570,1731214.0,91371.0,38.0,65786132.0
13431,13474,1255603.0,66790.0,33.35,41874360.050000004
13431,10659,2299921.0,115128.0,38.0,87396998.0
13431,14070,806857.0,43561.0,55.0,44377135.0
13431,13101,2433799.0,123162.0,38.0,92484362.0
13431,12952,8565695.0,422364.0,52.0,445416140.0
13431,18182,3558572.0,180778.0,52.0,185045744.0
13431,19338,3225658.0,163179.0,52.0,167734216.0
13431,10989,2073226.0,106554.0,38.0,78782588.0
13431,18577,1241967.0,65768.0,33.35,41419599.45
13431,15204,5010877.0,259965.0,52.0,260565604.0
13431,13250,4033698.0,195950.0,52.0,209752296.0
13431,17039,3484320.0,168220.0,52.0,181184640.0
13431,14444,1883918.0,99934.0,38.0,71588884.0
13431,18849,2248839.0,114648.0,38.0,85455882.0
13431,10751,3526657.0,178849.0,52.0,183386164.0
19185,16219,1229967.0,58416.0,67.914,83531978.838
19185,10270,1173070.0,56680.0,67.914,79667875.98
19185,11461,1177334.0,56120.0,67.914,79957461.27600001
19185,10303,1166683.0,55485.0,67.914,79234109.262
19185,15973,1164487.0,55547.0,67.914,79084970.118
19185,14724,1257963.0,59746.0,67.914,85433299.182
19185,10708,270135.0,13754.0,67.914,18345948.39
19185,13503,1207871.0,57453.0,67.914,82031351.094
19185,19311,589107.0,29477.0,67.914,40008612.798
19185,10570,179574.0,10144.0,67.914,12195588.636
19185,13578,2267356.0,113407.0,67.914,153985215.384
19185,10044,1170348.0,55656.0,67.914,79483014.072
19185,15401,2263114.0,113154.0,67.914,153697124.196
19185,18863,1906094.0,86197.0,67.914,129450467.91600001
19185,11267,138052.0,7611.0,119.0,16428188.0
19185,12627,1222813.0,58081.0,67.914,83046122.082
19185,17784,1071328.0,54525.0,67.914,72758169.792
19185,13651,185496.0,10331.0,67.914,12597775.344
19185,13183,1767626.0,90044.0,67.914,120046552.164
19185,15872,1225150.0,58486.0,67.914,83204837.10000001
19185,14076,1245951.0,58737.0,67.914,84617516.214
19185,16991,1887832.0,85660.0,67.914,128210222.448
19185,12663,1055771.0,55453.0,67.914,71701631.694
19185,12214,832634.0,39824.0,67.914,56547505.476
19185,19921,1147187.0,54956.0,67.914,77910057.918
19185,18144,1469827.0,70879.0,67.914,99821830.878
19185,19371,2262919.0,113033.0,67.914,153683880.966
19185,16053,3711895.0,187066.0,67.914,252089637.03
19185,18978,3248842.0,159845.0,67.914,220641855.588
19185,17312,406289.0,20801.0,67.914,27592711.146
19185,19956,3980222.0,200421.0,67.914,270312796.908
19185,12573,1420739.0,73309.0,67.914,96488068.446
19185,19469,803393.0,38864.0,67.914,54561632.202
19185,11861,2176961.0,111202.0,67.914,147846129.354
19185,10327,1767700.0,91022.0,67.914,120051577.8
19185,17547,1146697.0,54834.0,67.914,77876780.058
19185,19180,1654234.0,81950.0,67.914,112345647.876
19185,12985,1139312.0,54342.0,67.914,77375235.168
19185,14005,1186310.0,56473.0,67.914,80567057.34
19185,16142,3361439.0,159997.0,67.914,228288768.246
19185,15916,590580.0,29371.0,67.914,40108650.12
19185,17770,5534148.0,279487.0,67.914,375846127.272
19185,12364,4066337.0,189800.0,67.914,276161211.018
19185,13179,698168.0,33981.0,67.914,47415381.552
19185,19539,137955.0,7567.0,119.0,16416645.0
19185,17822,1385136.0,65241.0,67.914,94070126.304
19185,16262,1364799.0,69517.0,67.914,92688959.286
19185,16133,2243265.0,113202.0,67.914,152349099.21
19185,10178,1417718.0,72662.0,67.914,96282900.252
19185,11568,2034442.0,97703.0,67.914,138167093.988
19185,13431,740737.0,38578.0,67.914,50306412.618
19185,19185,0.0,0.0,119.0,0.0
19185,16366,4036886.0,189125.0,67.914,274161075.804
19185,13680,8732629.0,428867.0,67.914,593067765.906
19185,11027,3818350.0,187761.0,67.914,259319421.9
19185,10904,678028.0,32570.0,67.914,46047593.592
19185,17535,744160.0,39094.0,67.914,50538882.24
19185,19171,1834471.0,92847.0,67.914,124586263.494
19185,11214,2223333.0,112499.0,67.914,150995437.362
19185,16916,587530.0,29487.0,67.914,39901512.42
19185,18476,971734.0,50002.0,67.914,65994342.876
19185,11117,4496316.0,226641.0,67.914,305362804.824
19185,14252,1168424.0,61006.0,67.914,79352347.536
19185,11472,3597550.0,179777.0,67.914,244324010.70000002
19185,12280,2420543.0,121920.0,67.914,164388757.30200002
19185,18446,911188.0,45134.0,67.914,61882421.832
19185,12757,1974201.0,101131.0,67.914,134075886.714
19185,17495,593873.0,29848.0,67.914,40332290.922
19185,15506,1255718.0,59509.0,67.914,85280832.252
19185,10376,2380925.0,119190.0,67.914,161698140.45000002
19185,15286,797726.0,38899.0,67.914,54176763.564
19185,11168,3718944.0,187710.0,67.914,252568362.816
19185,13856,3074253.0,155040.0,67.914,208784818.242
19185,15292,1382669.0,74929.0,67.914,93902582.466
19185,13523,1491409.0,78709.0,67.914,101287550.826
19185,14376,4692043.0,237736.0,67.914,318655408.302
19185,17253,4485084.0,225781.0,67.914,304599994.776
19185,15028,9462885.0,461922.0,67.914,642662371.89
19185,15262,6618313.0,331031.0,67.914,449476109.082
19185,15206,725993.0,41868.0,67.914,49305088.602
19185,12379,1150411.0,85059.0,67.914,78129012.654
19185,15747,138214.0,7601.0,119.0,16447466.0
19185,19542,1362253.0,64748.0,67.914,92516050.242
19185,13570,1417425.0,71712.0,67.914,96263001.45
19185,13474,1420258.0,73193.0,67.914,96455401.812
19185,10659,1986061.0,95465.0,67.914,134881346.754
19185,14070,971511.0,49963.0,67.914,65979198.054000005
19185,13101,2598454.0,129565.0,67.914,176471404.956
19185,12952,8730349.0,428766.0,67.914,592912921.9860001
19185,18182,3723227.0,187181.0,67.914,252859238.47800002
19185,19338,3390313.0,169581.0,67.914,230249717.08200002
19185,10989,2237881.0,112957.0,67.914,151983450.234
19185,18577,1406622.0,72171.0,67.914,95529326.508
19185,15204,5175532.0,266367.0,67.914,351491080.248
19185,13250,4059535.0,204065.0,67.914,275699259.99
19185,17039,3887136.0,183243.0,67.914,263990954.30400002
19185,14444,1687036.0,85229.0,67.914,114573362.904
19185,18849,2285197.0,118116.0,67.914,155196869.058
19185,10751,3691312.0,185251.0,67.914,250691763.168
16366,16219,3925933.0,179402.0,61.1226,239963232.3858
16366,10270,3879156.0,180483.0,61.1226,237104100.5256
16366,11461,3974992.0,181981.0,61.1226,242961846.0192
16366,10303,3920046.0,181946.0,61.1226,239603403.6396
16366,15973,3917850.0,182008.0,61.1226,239469178.41
16366,14724,4004651.0,182982.0,61.1226,244774681.2126
16366,10708,4058567.0,193066.0,61.1226,248070167.31419998
16366,13503,4006278.0,183327.0,61.1226,244874127.6828
16366,19311,3453794.0,160713.0,61.1226,211104869.1444
16366,10570,4194611.0,198601.0,61.1226,256385530.3086
16366,13578,2352896.0,116150.0,62.09,146091312.64000002
16366,10044,3969568.0,181639.0,61.1226,242630317.0368
16366,15401,2367478.0,116724.0,62.09,146996709.02
16366,18863,4652782.0,209433.0,61.1226,284390133.0732
16366,11267,3907195.0,183339.0,61.1226,238817917.107
16366,12627,3966145.0,182031.0,61.1226,242421094.377
16366,17784,3741122.0,173110.0,61.1226,228667103.55719998
16366,13651,4200534.0,198787.0,61.1226,256747559.4684
16366,13183,2461254.0,107898.0,62.09,152819260.86
16366,15872,3914834.0,179354.0,61.1226,239284832.6484
16366,14076,3902338.0,178552.0,61.1226,238521044.6388
16366,16991,4634520.0,208897.0,61.1226,283273912.152
16366,12663,3291627.0,148821.0,61.1226,201192800.4702
16366,12214,4133207.0,197727.0,61.1226,252632358.1782
16366,19921,3934109.0,182608.0,61.1226,240462970.7634
16366,18144,3816096.0,177031.0,61.1226,233249709.3696
16366,19371,2350785.0,115911.0,62.09,145960240.65
16366,16053,1816806.0,87707.0,61.0464,110909465.7984
16366,18978,1208413.0,63011.0,80.0,96673040.0
16366,17312,4077526.0,196019.0,61.1226,249228990.6876
16366,19956,1995503.0,94299.0,61.0464,121818274.33919999
16366,12573,3092531.0,141075.0,61.1226,189023535.3006
16366,19469,3624687.0,169629.0,61.1226,221550293.6262
16366,11861,2313364.0,115026.0,62.09,143636770.76000002
16366,10327,3028098.0,136165.0,61.1226,185085222.8148
16366,17547,3933619.0,182486.0,61.1226,240433020.6894
16366,19180,4084632.0,191901.0,61.1226,249663327.8832
16366,12985,3897767.0,181286.0,61.1226,238241653.2342
16366,14005,3953349.0,180936.0,61.1226,241638969.5874
16366,16142,692332.0,30415.0,80.0,55386560.0
16366,15916,4242319.0,203056.0,61.1226,259301567.3094
16366,17770,3575158.0,175836.0,61.1226,218522952.3708
16366,12364,35893.0,2155.0,114.28,4101852.04
16366,13179,3609051.0,168459.0,61.1226,220594580.6526
16366,19539,3907098.0,183296.0,61.1226,238811988.2148
16366,17822,4131824.0,188477.0,61.1226,252547825.6224
16366,16262,2875261.0,129067.0,61.1226,175743427.9986
16366,16133,2247654.0,110345.0,61.0464,137211185.1456
16366,10178,4315111.0,202746.0,61.1226,263750803.6086
16366,11568,4985056.0,230237.0,61.1226,304699583.8656
16366,13431,3634023.0,174494.0,61.1226,222120934.2198
16366,19185,4037151.0,189666.0,61.1226,246761165.7126
16366,16366,0.0,0.0,114.28,0.0
16366,13680,6773638.0,325215.0,61.1226,414022366.01879996
16366,11027,1120211.0,49453.0,80.0,89616880.0
16366,10904,3588911.0,167048.0,61.1226,219363571.4886
16366,17535,3637108.0,174781.0,61.1226,222309497.44079998
16366,19171,2828244.0,126167.0,61.1226,172869626.7144
16366,11214,2704959.0,132220.0,61.1226,165334126.9734
16366,16916,4252517.0,203347.0,61.1226,259924895.5842
16366,18476,3066492.0,139754.0,61.1226,187431963.9192
16366,11117,2537325.0,122990.0,62.09,157542509.25
16366,14252,3168600.0,143289.0,61.1226,193673070.35999998
16366,11472,2986620.0,147499.0,61.1226,182549979.612
16366,12280,4230442.0,219639.0,61.1226,258575614.18919998
16366,18446,3822000.0,179608.0,61.1226,233610577.2
16366,12757,2854949.0,140836.0,61.1226,174501905.7474
16366,17495,3446120.0,160189.0,61.1226,210635814.312
16366,15506,4002405.0,182746.0,61.1226,244637399.853
16366,10376,2477851.0,122397.0,62.09,153849768.59
16366,15286,3708538.0,173374.0,61.1226,226675484.7588
16366,11168,1826572.0,88311.0,61.0464,111505644.9408
16366,13856,1886651.0,84496.0,61.0464,115173251.6064
16366,15292,2662717.0,115609.0,61.1226,162752186.1042
16366,13523,3331750.0,149975.0,61.1226,203645222.54999998
16366,14376,2733052.0,134085.0,61.1226,167051244.1752
16366,17253,2526093.0,122130.0,62.09,156845114.37
16366,15028,7503895.0,358270.0,61.1226,458657572.527
16366,15262,4659323.0,227380.0,61.1226,284789935.99979997
16366,15206,3844327.0,180678.0,61.1226,234975261.49019998
16366,12379,3167528.0,141213.0,61.1226,193607546.9328
16366,15747,3907357.0,183329.0,61.1226,238827818.9682
16366,19542,3781488.0,172305.0,61.1226,231134378.4288
16366,13570,4328237.0,206186.0,61.1226,264553098.85619998
16366,13474,3092050.0,140959.0,61.1226,188994135.32999998
16366,10659,4917093.0,227373.0,61.1226,300545508.60179996
16366,14070,3066558.0,139729.0,61.1226,187435998.0108
16366,13101,2695380.0,132772.0,61.1226,164748633.588
16366,12952,6771358.0,325115.0,61.1226,413883006.49079996
16366,18182,1840014.0,89104.0,61.0464,112326230.6496
16366,19338,2779383.0,137303.0,61.1226,169883115.3558
16366,10989,2250363.0,110985.0,61.0464,137376559.8432
16366,18577,2891098.0,130028.0,61.1226,176711426.6148
16366,15204,3216542.0,162716.0,61.1226,196603410.0492
16366,13250,1615420.0,81226.0,61.0464,98615575.48799999
16366,17039,250007.0,12914.0,114.28,28570799.96
16366,14444,4213804.0,198446.0,61.1226,257558656.37039998
16366,18849,3602833.0,177589.0,61.1226,220214520.3258
16366,10751,3080382.0,152973.0,61.1226,188280956.8332
13680,16219,8205484.0,398643.0,46.0,377452264.0
13680,10270,8254589.0,400723.0,46.0,379711094.0
13680,11461,8254542.0,401222.0,46.0,379708932.0
13680,10303,8275002.0,401981.0,46.0,380650092.0
13680,15973,8276209.0,402001.0,46.0,380705614.0
13680,14724,8284202.0,402224.0,46.0,381073292.0
13680,10708,8770671.0,433017.0,46.0,403450866.0
13680,13503,8285829.0,402568.0,46.0,381148134.0
13680,19311,8160545.0,400249.0,46.0,375385070.0
13680,10570,8903082.0,438194.0,46.0,409541772.0
13680,13578,6592132.0,322206.0,46.0,303238072.0
13680,10044,8249118.0,400880.0,46.0,379459428.0
13680,15401,6606714.0,322779.0,46.0,303908844.0
13680,18863,8932333.0,428674.0,46.0,410887318.0
13680,11267,8615666.0,422932.0,46.0,396320636.0
13680,12627,8245696.0,401272.0,46.0,379302016.0
13680,17784,8202338.0,399997.0,46.0,377307548.0
13680,13651,8909004.0,438381.0,46.0,409814184.0
13680,13183,7203256.0,352840.0,46.0,331349776.0
13680,15872,8194385.0,398595.0,46.0,376941710.0
13680,14076,8181889.0,397793.0,46.0,376366894.0
13680,16991,8914071.0,428138.0,46.0,410047266.0
13680,12663,7734460.0,376202.0,46.0,355785160.0
13680,12214,9002946.0,442866.0,46.0,414135516.0
13680,19921,8309682.0,402786.0,46.0,382245372.0
13680,18144,8095648.0,396272.0,46.0,372399808.0
13680,19371,6590021.0,321967.0,46.0,303140966.0
13680,16053,5040970.0,244180.0,70.0,352867900.0
13680,18978,6146462.0,289852.0,46.0,282737252.0
13680,17312,8789630.0,435969.0,46.0,404322980.0
13680,19956,4782262.0,231148.0,70.0,334758340.0
13680,12573,7476907.0,366828.0,46.0,343937722.0
13680,19469,8167479.0,398858.0,46.0,375704034.0
13680,11861,6763493.0,329568.0,46.0,311120678.0
13680,10327,7209059.0,349698.0,46.0,331616714.0
13680,17547,8309192.0,402664.0,46.0,382222832.0
13680,19180,8162985.0,404624.0,46.0,375497310.0
13680,12985,8273341.0,401464.0,46.0,380573686.0
13680,14005,8232900.0,400177.0,46.0,378713400.0
13680,16142,7462822.0,354149.0,46.0,343289812.0
13680,15916,8932789.0,443468.0,46.0,410908294.0
13680,17770,3218458.0,151579.0,52.0,167359816.0
13680,12364,6752044.0,323714.0,46.0,310594024.0
13680,13179,8251529.0,403610.0,46.0,379570334.0
13680,19539,8615569.0,422889.0,46.0,396316174.0
13680,17822,8411375.0,407718.0,46.0,386923250.0
13680,16262,7375548.0,360057.0,46.0,339275208.0
13680,16133,6486890.0,316401.0,46.0,298396940.0
13680,10178,8643296.0,422076.0,46.0,397591616.0
13680,11568,9313240.0,449567.0,46.0,428409040.0
13680,13431,8581403.0,422866.0,46.0,394744538.0
13680,19185,8745622.0,429259.0,46.0,402298612.0
13680,16366,6779023.0,325237.0,46.0,311835058.0
13680,13680,0.0,0.0,408.0,0.0
13680,11027,5721402.0,278971.0,70.0,400498140.0
13680,10904,8231388.0,402199.0,46.0,378643848.0
13680,17535,8593628.0,423842.0,46.0,395306888.0
13680,19171,6919980.0,337550.0,46.0,318319080.0
13680,11214,6944195.0,338276.0,46.0,319432970.0
13680,16916,8937018.0,443697.0,46.0,411102828.0
13680,18476,7772352.0,379801.0,46.0,357528192.0
13680,11117,4242412.0,203467.0,70.0,296968840.0
13680,14252,7611432.0,370670.0,46.0,350125872.0
13680,11472,5875080.0,317860.0,70.0,411255600.0
13680,12280,8469678.0,425694.0,46.0,389605188.0
13680,18446,8468878.0,415024.0,46.0,389568388.0
13680,12757,7094185.0,346892.0,46.0,326332510.0
13680,17495,8152872.0,399725.0,46.0,375032112.0
13680,15506,8281956.0,401987.0,46.0,380969976.0
13680,10376,6717087.0,328453.0,46.0,308986002.0
13680,15286,8355416.0,408790.0,46.0,384349136.0
13680,11168,5028496.0,243273.0,70.0,351994720.0
13680,13856,5669715.0,275780.0,70.0,396880050.0
13680,15292,7526336.0,369942.0,46.0,346211456.0
13680,13523,7611301.0,369216.0,46.0,350119846.0
13680,14376,4660034.0,225080.0,70.0,326202380.0
13680,17253,4256291.0,203941.0,70.0,297940370.0
13680,15028,733555.0,33142.0,70.0,51348850.0
13680,15262,2108209.0,98637.0,52.0,109626868.0
13680,15206,8491205.0,416094.0,46.0,390595430.0
13680,12379,8042566.0,396745.0,46.0,369958036.0
13680,15747,8615828.0,422922.0,46.0,396328088.0
13680,19542,8061039.0,391547.0,46.0,370807794.0
13680,13570,8916514.0,435576.0,46.0,410159644.0
13680,13474,7476426.0,366712.0,46.0,343915596.0
13680,10659,9245278.0,446704.0,46.0,425282788.0
13680,14070,7772129.0,379762.0,46.0,357517934.0
13680,13101,6934616.0,338828.0,46.0,318992336.0
13680,12952,13768.0,1032.0,714.29,9834344.719999999
13680,18182,5014232.0,242439.0,70.0,350996240.0
13680,19338,6083692.0,327998.0,46.0,279849832.0
13680,10989,6489599.0,317041.0,46.0,298521554.0
13680,18577,7329025.0,357075.0,46.0,337135150.0
13680,15204,3833269.0,182342.0,52.0,199329988.0
13680,13250,5245414.0,254217.0,70.0,367178980.0
13680,17039,7020497.0,336648.0,46.0,322942862.0
13680,14444,8292157.0,411170.0,46.0,381439222.0
13680,18849,7842070.0,383645.0,46.0,360735220.0
13680,10751,6340546.0,341182.0,46.0,291665116.0
11027,16219,3291577.0,157508.0,54.3312,178835328.30240002
11027,10270,3340682.0,159588.0,54.3312,181503261.8784
11027,11461,3340635.0,160087.0,54.3312,181500708.312
11027,10303,3361095.0,160846.0,54.3312,182612324.664
11027,15973,3362302.0,160866.0,54.3312,182677902.4224
11027,14724,3370294.0,161089.0,54.3312,183112117.37280002
11027,10708,4030764.0,191866.0,54.3312,218996245.0368
11027,13503,3371921.0,161433.0,54.3312,183200514.23520002
11027,19311,3420638.0,159098.0,54.3312,185847367.30560002
11027,10570,4163175.0,197043.0,54.3312,226190293.56
11027,13578,1678225.0,81071.0,53.361,89551764.225
11027,10044,3335211.0,159745.0,54.3312,181206015.88320002
11027,15401,1692806.0,81644.0,53.361,90329820.96599999
11027,18863,4018425.0,187539.0,54.3312,218325852.36
11027,11267,3875759.0,181781.0,54.3312,210574637.3808
11027,12627,3331789.0,160137.0,54.3312,181020094.51680002
11027,17784,3288431.0,158862.0,54.3312,178664402.3472
11027,13651,4169098.0,197230.0,54.3312,226512097.2576
11027,13183,2295119.0,103717.0,53.361,122469844.95899999
11027,15872,3280478.0,157460.0,54.3312,178232306.3136
11027,14076,3267982.0,156658.0,54.3312,177553383.63840002
11027,16991,4000163.0,187003.0,54.3312,217333655.98560002
11027,12663,2994553.0,135051.0,54.3312,162697657.95360002
11027,12214,4183754.0,200817.0,54.3312,227308375.3248
11027,19921,3395775.0,161651.0,54.3312,184496530.68
11027,18144,3181740.0,155137.0,54.3312,172867752.28800002
11027,19371,1676114.0,80832.0,53.361,89439119.154
11027,16053,764153.0,41567.0,60.710300000000004,46391957.8759
11027,18978,778756.0,29612.0,60.710300000000004,47278510.386800006
11027,17312,4049723.0,194818.0,54.3312,220026310.2576
11027,19956,942850.0,48159.0,60.710300000000004,57240706.355000004
11027,12573,2737000.0,125677.0,54.3312,148704494.4
11027,19469,3427572.0,157707.0,54.3312,186224099.84640002
11027,11861,1855357.0,80444.0,53.361,99003704.87699999
11027,10327,2295152.0,108563.0,53.361,122471605.872
11027,17547,3395285.0,161529.0,54.3312,184469908.39200002
11027,19180,3249077.0,163489.0,54.3312,176526252.30240002
11027,12985,3359434.0,160329.0,54.3312,182522080.5408
11027,14005,3318993.0,159042.0,54.3312,180324872.48160002
11027,16142,1804012.0,78394.0,53.361,96263884.33199999
11027,15916,4192882.0,202317.0,54.3312,227804310.5184
11027,17770,2522505.0,129696.0,54.3312,137050723.65600002
11027,12364,1093234.0,47959.0,45.5994,49850814.4596
11027,13179,3511621.0,162460.0,54.3312,190790582.8752
11027,19539,3875662.0,181738.0,54.3312,210569367.2544
11027,17822,3497467.0,166583.0,54.3312,190021579.0704
11027,16262,2635641.0,118906.0,54.3312,143197538.2992
11027,16133,1572982.0,75266.0,53.361,83935892.50199999
11027,10178,3729388.0,180941.0,54.3312,202622125.30560002
11027,11568,4399333.0,208432.0,54.3312,239021041.0896
11027,13431,3684570.0,177585.0,54.3312,200187109.58400002
11027,19185,4005715.0,188108.0,54.3312,217635302.808
11027,16366,1120213.0,49482.0,53.361,59775685.893
11027,13680,5720985.0,279076.0,54.3312,310827980.232
11027,11027,0.0,0.0,60.710300000000004,0.0
11027,10904,3491481.0,161048.0,54.3312,189696352.5072
11027,17535,3687655.0,177872.0,54.3312,200354721.336
11027,19171,2180073.0,96399.0,53.361,116330875.353
11027,11214,2030288.0,97141.0,53.361,108338197.968
11027,16916,4197111.0,202547.0,54.3312,228034077.16320002
11027,18476,3032445.0,138650.0,54.3312,164756375.784
11027,11117,1484673.0,76850.0,53.361,79223635.953
11027,14252,2871525.0,129519.0,54.3312,156013399.08
11027,11472,1695555.0,99742.0,53.361,90476510.35499999
11027,12280,3555770.0,184559.0,54.3312,193189251.02400002
11027,18446,3728971.0,173873.0,54.3312,202599469.1952
11027,12757,2180278.0,105757.0,53.361,116341814.358
11027,17495,3412965.0,158574.0,54.3312,185430484.00800002
11027,15506,3368049.0,160852.0,54.3312,182990143.82880002
11027,10376,1803179.0,87318.0,53.361,96219434.61899999
11027,15286,3615509.0,167639.0,54.3312,196434942.5808
11027,11168,773919.0,42171.0,60.710300000000004,46984854.6657
11027,13856,766876.0,35153.0,60.710300000000004,46557272.022800006
11027,15292,2713264.0,118699.0,54.3312,147414889.0368
11027,13523,2697394.0,128081.0,54.3312,146552652.8928
11027,14376,1680399.0,87945.0,53.361,89667771.03899999
11027,17253,1473440.0,75990.0,53.361,78624231.83999999
11027,15028,6451242.0,312131.0,54.3312,350503719.35040003
11027,15262,3606670.0,181240.0,54.3312,195954709.104
11027,15206,3751298.0,174943.0,54.3312,203812521.8976
11027,12379,3218075.0,144304.0,54.3312,174841876.44
11027,15747,3875921.0,181772.0,54.3312,210583439.0352
11027,19542,3147132.0,150412.0,54.3312,170987458.1184
11027,13570,4002606.0,194441.0,54.3312,217466387.1072
11027,13474,2736519.0,125561.0,54.3312,148678361.09280002
11027,10659,4331371.0,205569.0,54.3312,235328584.07520002
11027,14070,3032222.0,138611.0,54.3312,164744259.9264
11027,13101,2020708.0,97693.0,53.361,107826999.588
11027,12952,5718705.0,278975.0,54.3312,310704105.096
11027,18182,787362.0,42964.0,60.710300000000004,47800983.2286
11027,19338,2003598.0,99351.0,53.361,106913992.87799999
11027,10989,1575691.0,75906.0,53.361,84080447.45099999
11027,18577,2589118.0,115924.0,54.3312,140669887.8816
11027,15204,2163889.0,116576.0,53.361,115467280.92899999
11027,13250,562767.0,35086.0,60.710300000000004,34165753.4001
11027,17039,1361688.0,60893.0,53.361,72661033.368
11027,14444,3378249.0,170035.0,54.3312,183544322.0688
11027,18849,2928162.0,142510.0,54.3312,159090555.2544
11027,10751,2304598.0,115021.0,53.361,122975653.87799999
10904,16219,556190.0,26304.0,17.46,9711077.4
10904,10270,499293.0,24569.0,42.105,21022731.764999997
10904,11461,503557.0,24008.0,42.105,21202267.485
10904,10303,492906.0,23373.0,28.14,13870374.84
10904,15973,490710.0,23435.0,28.14,13808579.4
10904,14724,584186.0,27634.0,17.46,10199887.56
10904,10708,924980.0,45127.0,17.46,16150150.8
10904,13503,534094.0,25341.0,42.105,22488027.869999997
10904,19311,567896.0,29451.0,17.46,9915464.16
10904,10570,834419.0,41517.0,17.46,14568955.74
10904,13578,1764430.0,86518.0,17.46,30806947.8
10904,10044,496571.0,23544.0,42.105,20908121.955
10904,15401,1760188.0,86265.0,17.46,30732882.48
10904,18863,1232317.0,54085.0,17.46,21516254.82
10904,11267,547003.0,26255.0,42.105,23031561.314999998
10904,12627,549037.0,25970.0,42.105,23117202.884999998
10904,17784,397551.0,22413.0,27.1656,10799711.445600001
10904,13651,840341.0,41703.0,17.46,14672353.860000001
10904,13183,1327418.0,67292.0,17.46,23176718.28
10904,15872,551373.0,26375.0,42.105,23215560.165
10904,14076,572174.0,26626.0,17.46,9990158.040000001
10904,16991,1214055.0,53549.0,17.46,21197400.3
10904,12663,509490.0,26258.0,42.105,21452076.45
10904,12214,1382296.0,69437.0,17.46,24134888.16
10904,19921,473410.0,22845.0,28.14,13321757.4
10904,18144,796050.0,38768.0,17.46,13899033.0
10904,19371,1759994.0,86143.0,17.46,30729495.240000002
10904,16053,3208970.0,160177.0,17.46,56028616.2
10904,18978,2745916.0,132956.0,17.46,47943693.36
10904,17312,1061134.0,52174.0,17.46,18527399.64
10904,19956,3477296.0,173532.0,17.46,60713588.160000004
10904,12573,857762.0,45453.0,17.46,14976524.520000001
10904,19469,129616.0,6752.0,27.1656,3521096.4096000004
10904,11861,1674036.0,84313.0,17.46,29228668.560000002
10904,10327,1264775.0,64133.0,17.46,22082971.5
10904,17547,472921.0,22722.0,28.14,13307996.94
10904,19180,980457.0,49838.0,17.46,17118779.220000003
10904,12985,465535.0,22230.0,28.14,13100154.9
10904,14005,512533.0,24361.0,42.105,21580201.965
10904,16142,2911955.0,137506.0,17.46,50842734.300000004
10904,15916,1245424.0,60744.0,17.46,21745103.040000003
10904,17770,5031223.0,252598.0,17.46,87845153.58
10904,12364,3616853.0,167309.0,17.46,63150253.38
10904,13179,22130.0,1756.0,274.4,6072471.999999999
10904,19539,546906.0,26212.0,42.105,23027477.13
10904,17822,711359.0,33129.0,17.46,12420328.14
10904,16262,924592.0,46766.0,17.46,16143376.32
10904,16133,1740340.0,86313.0,17.46,30386336.400000002
10904,10178,743941.0,40551.0,17.46,12989209.860000001
10904,11568,1360665.0,65592.0,17.46,23757210.900000002
10904,13431,991460.0,52257.0,17.46,17310891.6
10904,19185,676958.0,32582.0,17.46,11819686.68
10904,16366,3587402.0,166634.0,17.46,62636038.92
10904,13680,8229703.0,401977.0,17.46,143690614.38
10904,11027,3315424.0,160872.0,17.46,57887303.04
10904,10904,0.0,0.0,274.4,0.0
10904,17535,1003685.0,53232.0,17.46,17524340.1
10904,19171,1331546.0,65958.0,17.46,23248793.16
10904,11214,1720407.0,85610.0,17.46,30038306.220000003
10904,16916,1242374.0,60860.0,17.46,21691850.040000003
10904,18476,522250.0,27511.0,42.105,21989336.25
10904,11117,3993391.0,199752.0,17.46,69724606.86
10904,14252,622269.0,31812.0,17.46,10864816.74
10904,11472,3094625.0,152888.0,17.46,54032152.5
10904,12280,1746766.0,89808.0,17.46,30498534.360000003
10904,18446,238596.0,13113.0,27.1656,6481603.4976
10904,12757,1411056.0,73754.0,17.46,24637037.76
10904,17495,567311.0,29749.0,17.46,9905250.06
10904,15506,581941.0,27398.0,17.46,10160689.860000001
10904,10376,1877999.0,92301.0,17.46,32789862.540000003
10904,15286,125134.0,6878.0,27.1656,3399340.1904
10904,11168,3216019.0,160820.0,17.46,56151691.74
10904,13856,2571327.0,128151.0,17.46,44895369.42
10904,15292,933185.0,52438.0,17.46,16293410.100000001
10904,13523,925302.0,49067.0,17.46,16155772.92
10904,14376,4189117.0,210847.0,17.46,73141982.82000001
10904,17253,3982158.0,198892.0,17.46,69528478.68
10904,15028,8959960.0,435032.0,17.46,156440901.6
10904,15262,6115388.0,304142.0,17.46,106774674.48
10904,15206,260923.0,14183.0,27.1656,7088129.848800001
10904,12379,1392860.0,75898.0,17.46,24319335.6
10904,15747,547165.0,26245.0,42.105,23038382.325
10904,19542,688477.0,32636.0,17.46,12020808.42
10904,13570,744833.0,39690.0,17.46,13004784.180000002
10904,13474,857281.0,45337.0,17.46,14968126.260000002
10904,10659,1312284.0,63353.0,17.46,22912478.64
10904,14070,522027.0,27472.0,42.105,21979946.834999997
10904,13101,2095528.0,102676.0,17.46,36587918.88
10904,12952,8227423.0,401877.0,17.46,143650805.58
10904,18182,3220301.0,160291.0,17.46,56226455.46
10904,19338,2887387.0,142692.0,17.46,50413777.02
10904,10989,1734955.0,86067.0,17.46,30292314.3
10904,18577,906260.0,45293.0,17.46,15823299.600000001
10904,15204,4672606.0,239478.0,17.46,81583700.76
10904,13250,3556610.0,177176.0,17.46,62098410.6
10904,17039,3437652.0,160752.0,17.46,60021403.92
10904,14444,1013259.0,53117.0,17.46,17691502.14
10904,18849,1719090.0,88475.0,17.46,30015311.400000002
10904,10751,3188387.0,158362.0,17.46,55669237.02
17535,16219,1419571.0,73958.0,179.13,254287753.23
17535,10270,1382010.0,72403.0,179.13,247559451.29999998
17535,11461,1386274.0,71842.0,179.13,248323261.62
17535,10303,1375623.0,71208.0,179.13,246415347.98999998
17535,15973,1373427.0,71269.0,179.13,246021978.51
17535,14724,1466903.0,75468.0,179.13,262766334.39
17535,10708,637073.0,32987.0,179.13,114118886.49
17535,13503,1416811.0,73175.0,179.13,253793354.43
17535,19311,438303.0,24169.0,179.13,78513216.39
17535,10570,845372.0,45357.0,179.13,151431486.35999998
17535,13578,2114758.0,108021.0,179.13,378816600.53999996
17535,10044,1379288.0,71379.0,179.13,247071859.44
17535,15401,2110516.0,107769.0,179.13,378056731.08
17535,18863,2115034.0,101919.0,179.13,378866040.42
17535,11267,782027.0,40457.0,179.13,140084496.51
17535,12627,1431753.0,73804.0,179.13,256469914.89
17535,17784,1235527.0,65328.0,179.13,221319951.51
17535,13651,856811.0,45421.0,179.13,153480554.43
17535,13183,1300228.0,78152.0,179.13,232909841.64
17535,15872,1434090.0,74209.0,179.13,256888541.7
17535,14076,1435556.0,74280.0,179.13,257151146.28
17535,16991,2096772.0,101383.0,179.13,375594768.36
17535,12663,1023448.0,54070.0,179.13,183330240.24
17535,12214,505703.0,23795.0,179.13,90586578.39
17535,19921,1356127.0,70679.0,179.13,242923029.51
17535,18144,1546674.0,82157.0,179.13,277055713.62
17535,19371,2110321.0,107647.0,179.13,378021800.73
17535,16053,3559297.0,181681.0,179.13,637576871.61
17535,18978,2940594.0,149746.0,179.13,526748603.21999997
17535,17312,628293.0,30225.0,179.13,112546125.09
17535,19956,3827624.0,195035.0,179.13,685642287.12
17535,12573,1268141.0,67923.0,179.13,227162097.32999998
17535,19469,1091763.0,56846.0,179.13,195567506.19
17535,11861,1733210.0,101173.0,179.13,310469907.3
17535,10327,1615102.0,85636.0,179.13,289313221.26
17535,17547,1355637.0,70556.0,179.13,242835255.81
17535,19180,1863174.0,97672.0,179.13,333750358.62
17535,12985,1348252.0,70064.0,179.13,241512380.76
17535,14005,1395250.0,72195.0,179.13,249931132.5
17535,16142,2961476.0,145285.0,179.13,530489195.88
17535,15916,614814.0,29125.0,179.13,110131631.82
17535,17770,5381551.0,274101.0,179.13,963997230.63
17535,12364,3666374.0,175088.0,179.13,656757574.62
17535,13179,1024085.0,54661.0,179.13,183444346.04999998
17535,19539,781930.0,40414.0,179.13,140067120.9
17535,17822,1594076.0,80963.0,179.13,285546833.88
17535,16262,1212202.0,64131.0,179.13,217141744.26
17535,16133,2090667.0,107816.0,179.13,374501179.71
17535,10178,1770687.0,92007.0,179.13,317183162.31
17535,11568,2360358.0,118383.0,179.13,422810928.53999996
17535,13431,12057.0,1016.0,179.13,2159770.41
17535,19185,743487.0,38999.0,179.13,133180826.31
17535,16366,3636923.0,174412.0,179.13,651482016.99
17535,13680,8580032.0,423481.0,179.13,1536941132.1599998
17535,11027,3687270.0,177793.0,179.13,660500675.1
17535,10904,1003944.0,53249.0,179.13,179836488.72
17535,17535,0.0,0.0,179.13,0.0
17535,19171,1681874.0,87461.0,179.13,301274089.62
17535,11214,2070735.0,107113.0,179.13,370930760.55
17535,16916,625012.0,29415.0,179.13,111958399.56
17535,18476,819137.0,44616.0,179.13,146732010.81
17535,11117,4343718.0,221255.0,179.13,778090205.34
17535,14252,1039230.0,56838.0,179.13,186157269.9
17535,11472,3444953.0,174391.0,179.13,617094430.89
17535,12280,2629483.0,137642.0,179.13,471019289.78999996
17535,18446,1237034.0,65810.0,179.13,221589900.42
17535,12757,1821603.0,95745.0,179.13,326303745.39
17535,17495,441275.0,24462.0,179.13,79045590.75
17535,15506,1464658.0,75232.0,179.13,262364187.54
17535,10376,2228327.0,113804.0,179.13,399160215.51
17535,15286,1123572.0,59575.0,179.13,201265452.35999998
17535,11168,3566347.0,182324.0,179.13,638839738.11
17535,13856,2921655.0,149654.0,179.13,523356060.15
17535,15292,986352.0,60505.0,179.13,176685233.76
17535,13523,1459087.0,77327.0,179.13,261366254.31
17535,14376,4539445.0,232350.0,179.13,813150782.85
17535,17253,4332486.0,220395.0,179.13,776078217.18
17535,15028,9310288.0,456536.0,179.13,1667751889.44
17535,15262,6465716.0,325645.0,179.13,1158203707.08
17535,15206,1259361.0,66880.0,179.13,225589335.93
17535,12379,410480.0,46848.0,179.13,73529282.39999999
17535,15747,782190.0,40447.0,179.13,140113694.7
17535,19542,1442870.0,76560.0,179.13,258461303.1
17535,13570,1743271.0,92388.0,179.13,312272134.23
17535,13474,1267660.0,67807.0,179.13,227075935.79999998
17535,10659,2311978.0,116145.0,179.13,414144619.14
17535,14070,818914.0,44577.0,179.13,146692064.82
17535,13101,2445856.0,124179.0,179.13,438126185.28
17535,12952,8577752.0,423380.0,179.13,1536532715.76
17535,18182,3570629.0,181795.0,179.13,639606772.77
17535,19338,3237715.0,164195.0,179.13,579971887.9499999
17535,10989,2085283.0,107571.0,179.13,373536743.78999996
17535,18577,1254024.0,66785.0,179.13,224633319.12
17535,15204,5022934.0,260981.0,179.13,899758167.42
17535,13250,4036550.0,196260.0,179.13,723067201.5
17535,17039,3487173.0,168530.0,179.13,624657299.49
17535,14444,1895975.0,100951.0,179.13,339626001.75
17535,18849,2260896.0,115664.0,179.13,404994300.48
17535,10751,3538715.0,179865.0,179.13,633890017.9499999
19171,16219,1287679.0,64300.0,36.0,46356444.0
19171,10270,1336785.0,66380.0,36.0,48124260.0
19171,11461,1336738.0,66879.0,36.0,48122568.0
19171,10303,1357198.0,67638.0,36.0,48859128.0
19171,15973,1358405.0,67657.0,36.0,48902580.0
19171,14724,1366397.0,67880.0,36.0,49190292.0
19171,10708,1871075.0,96817.0,36.0,67358700.0
19171,13503,1368024.0,68225.0,36.0,49248864.0
19171,19311,1260950.0,64050.0,36.0,45394200.0
19171,10570,2003487.0,101995.0,36.0,72125532.0
19171,13578,568464.0,27407.0,40.0,22738560.0
19171,10044,1331314.0,66537.0,36.0,47927304.0
19171,15401,564222.0,27154.0,40.0,22568880.0
19171,18863,2014528.0,94331.0,36.0,72523008.0
19171,11267,1716071.0,86733.0,36.0,61778556.0
19171,12627,1327891.0,66929.0,36.0,47804076.0
19171,17784,1284359.0,64291.0,36.0,46236924.0
19171,13651,2009409.0,102181.0,36.0,72338724.0
19171,13183,364150.0,18782.0,55.0,20028250.0
19171,15872,1276580.0,64252.0,36.0,45956880.0
19171,14076,1264084.0,63450.0,36.0,45507024.0
19171,16991,1996266.0,93795.0,36.0,71865576.0
19171,12663,834864.0,40002.0,36.0,30055104.0
19171,12214,2103351.0,106666.0,36.0,75720636.0
19171,19921,1391877.0,68443.0,36.0,50107572.0
19171,18144,1177843.0,61929.0,36.0,42402348.0
19171,19371,564027.0,27033.0,40.0,22561080.0
19171,16053,1896523.0,95515.0,36.0,68274828.0
19171,18978,1433469.0,68294.0,36.0,51604884.0
19171,17312,1890034.0,99770.0,36.0,68041224.0
19171,19956,2164850.0,108870.0,36.0,77934600.0
19171,12573,577312.0,30628.0,40.0,23092480.0
19171,19469,1267884.0,62659.0,36.0,45643824.0
19171,11861,336253.0,18501.0,55.0,18493915.0
19171,10327,318431.0,15868.0,55.0,17513705.0
19171,17547,1391388.0,68321.0,36.0,50089968.0
19171,19180,1449573.0,76319.0,36.0,52184628.0
19171,12985,1355536.0,67121.0,36.0,48799296.0
19171,14005,1315095.0,65834.0,36.0,47343420.0
19171,16142,2146012.0,96749.0,36.0,77256432.0
19171,15916,2033193.0,107269.0,36.0,73194948.0
19171,17770,3718776.0,187936.0,36.0,133875936.0
19171,12364,2850910.0,126552.0,36.0,102632760.0
19171,13179,1351933.0,67411.0,36.0,48669588.0
19171,19539,1715974.0,86689.0,36.0,61775064.0
19171,17822,1493570.0,73375.0,36.0,53768520.0
19171,16262,475953.0,23857.0,55.0,26177415.0
19171,16133,427893.0,21651.0,55.0,23534115.0
19171,10178,1725490.0,87733.0,36.0,62117640.0
19171,11568,2395436.0,115224.0,36.0,86235696.0
19171,13431,1681808.0,86667.0,36.0,60545088.0
19171,19185,1846026.0,93060.0,36.0,66456936.0
19171,16366,2821459.0,125877.0,36.0,101572524.0
19171,13680,6917256.0,337316.0,36.0,249021216.0
19171,11027,2002977.0,96210.0,36.0,72107172.0
19171,10904,1331793.0,65999.0,36.0,47944548.0
19171,17535,1694033.0,87642.0,36.0,60985188.0
19171,19171,0.0,0.0,347.102,0.0
19171,11214,524441.0,26499.0,40.0,20977640.0
19171,16916,2037422.0,107498.0,36.0,73347192.0
19171,18476,872756.0,43602.0,36.0,31419216.0
19171,11117,2680944.0,135090.0,36.0,96513984.0
19171,14252,711837.0,34470.0,40.0,28473480.0
19171,11472,1898659.0,93777.0,36.0,68351724.0
19171,12280,1931350.0,102830.0,36.0,69528600.0
19171,18446,1569282.0,78825.0,36.0,56494152.0
19171,12757,306812.0,16369.0,55.0,16874660.0
19171,17495,1253277.0,63526.0,36.0,45117972.0
19171,15506,1364151.0,67644.0,36.0,49109436.0
19171,10376,682033.0,33190.0,40.0,27281320.0
19171,15286,1455821.0,72590.0,36.0,52409556.0
19171,11168,1903572.0,96158.0,36.0,68528592.0
19171,13856,1258880.0,63489.0,36.0,45319680.0
19171,15292,626740.0,33742.0,40.0,25069600.0
19171,13523,693497.0,34873.0,40.0,27739880.0
19171,14376,2876670.0,146185.0,36.0,103560120.0
19171,17253,2669711.0,134230.0,36.0,96109596.0
19171,15028,7647513.0,370370.0,36.0,275310468.0
19171,15262,4802941.0,239480.0,36.0,172905876.0
19171,15206,1591609.0,79895.0,36.0,57297924.0
19171,12379,1142970.0,60546.0,36.0,41146920.0
19171,15747,1716233.0,86723.0,36.0,61784388.0
19171,19542,1143234.0,57203.0,36.0,41156424.0
19171,13570,1964188.0,100507.0,36.0,70710768.0
19171,13474,576830.0,30513.0,40.0,23073200.0
19171,10659,2327473.0,112360.0,36.0,83789028.0
19171,14070,872533.0,43563.0,36.0,31411188.0
19171,13101,899562.0,43565.0,36.0,32384232.0
19171,12952,6914976.0,337215.0,36.0,248939136.0
19171,18182,1907854.0,95629.0,36.0,68682744.0
19171,19338,1691421.0,83581.0,36.0,60891156.0
19171,10989,422508.0,21406.0,55.0,23237940.0
19171,18577,429429.0,20876.0,55.0,23618595.0
19171,15204,3360160.0,174816.0,36.0,120965760.0
19171,13250,2244163.0,112514.0,36.0,80789868.0
19171,17039,2671708.0,119995.0,36.0,96181488.0
19171,14444,1578745.0,82864.0,36.0,56834820.0
19171,18849,1228012.0,61974.0,36.0,44208432.0
19171,10751,1992421.0,99251.0,36.0,71727156.0
11214,16219,1428795.0,72746.0,40.0,57151800.0
11214,10270,1477900.0,74826.0,48.0,70939200.0
11214,11461,1477853.0,75325.0,48.0,70936944.0
11214,10303,1498313.0,76084.0,48.0,71919024.0
11214,15973,1499520.0,76104.0,48.0,71976960.0
11214,14724,1507512.0,76327.0,48.0,72360576.0
11214,10708,2251725.0,116124.0,48.0,108082800.0
11214,13503,1509139.0,76671.0,48.0,72438672.0
11214,19311,1641599.0,83356.0,48.0,78796752.0
11214,10570,2384136.0,121302.0,48.0,114438528.0
11214,13578,364676.0,17338.0,20.769,7573955.844
11214,10044,1472429.0,74983.0,48.0,70676592.0
11214,15401,360434.0,17085.0,20.769,7485853.745999999
11214,18863,1866693.0,100271.0,48.0,89601264.0
11214,11267,2096720.0,106039.0,48.0,100642560.0
11214,12627,1469006.0,75376.0,48.0,70512288.0
11214,17784,1425648.0,74100.0,40.0,57025920.0
11214,13651,2390059.0,121488.0,48.0,114722832.0
11214,13183,875137.0,44456.0,52.0,45507124.0
11214,15872,1417695.0,72698.0,40.0,56707800.0
11214,14076,1405199.0,71897.0,40.0,56207960.0
11214,16991,2005151.0,100408.0,48.0,96247248.0
11214,12663,1215513.0,59309.0,40.0,48620520.0
11214,12214,2484000.0,125973.0,48.0,119232000.0
11214,19921,1532992.0,76890.0,48.0,73583616.0
11214,18144,1168166.0,60954.0,40.0,46726640.0
11214,19371,360239.0,16964.0,20.769,7481803.790999999
11214,16053,1920197.0,96261.0,48.0,92169456.0
11214,18978,1499305.0,69469.0,48.0,71966640.0
11214,17312,2270684.0,119077.0,48.0,108992832.0
11214,19956,2188524.0,109616.0,48.0,105049152.0
11214,12573,872925.0,45662.0,52.0,45392100.0
11214,19469,1648533.0,81966.0,48.0,79129584.0
11214,11861,748062.0,37936.0,52.0,38899224.0
11214,10327,494939.0,26585.0,35.99442,17815042.24038
11214,17547,1532503.0,76767.0,48.0,73560144.0
11214,19180,1225348.0,67120.0,40.0,49013920.0
11214,12985,1496651.0,75567.0,48.0,71839248.0
11214,14005,1456211.0,74280.0,48.0,69898128.0
11214,16142,2656999.0,122423.0,48.0,127535952.0
11214,15916,2413843.0,126575.0,48.0,115864464.0
11214,17770,3742451.0,188682.0,48.0,179637648.0
11214,12364,3117938.0,144684.0,48.0,149661024.0
11214,13179,1732582.0,86718.0,48.0,83163936.0
11214,19539,2096623.0,105996.0,48.0,100637904.0
11214,17822,1514926.0,80234.0,48.0,72716448.0
11214,16262,856602.0,43164.0,52.0,44543304.0
11214,16133,564549.0,27696.0,52.0,29356548.0
11214,10178,1866605.0,96179.0,48.0,89597040.0
11214,11568,2536551.0,123670.0,48.0,121754448.0
11214,13431,2062457.0,105974.0,48.0,98997936.0
11214,19185,2226676.0,112367.0,48.0,106880448.0
11214,16366,3144916.0,146207.0,48.0,150955968.0
11214,13680,6940931.0,338061.0,48.0,333164688.0
11214,11027,2026652.0,96956.0,48.0,97279296.0
11214,10904,1712442.0,85306.0,48.0,82197216.0
11214,17535,2074682.0,106949.0,48.0,99584736.0
11214,19171,517222.0,26170.0,35.99442,18617105.90124
11214,11214,0.0,0.0,40.599999999999994,0.0
11214,16916,2418072.0,126805.0,48.0,116067456.0
11214,18476,1253405.0,62908.0,40.0,50136200.0
11214,11117,2704618.0,135836.0,48.0,129821664.0
11214,14252,1092486.0,53777.0,52.0,56809272.0
11214,11472,1694870.0,83708.0,48.0,81353760.0
11214,12280,1532041.0,88190.0,48.0,73537968.0
11214,18446,1949931.0,98131.0,48.0,93596688.0
11214,12757,313093.0,17326.0,40.599999999999994,12711575.799999999
11214,17495,1633926.0,82832.0,48.0,78428448.0
11214,15506,1505267.0,76090.0,48.0,72252816.0
11214,10376,366184.0,18640.0,20.769,7605275.495999999
11214,15286,1836470.0,91897.0,48.0,88150560.0
11214,11168,1927247.0,96904.0,48.0,92507856.0
11214,13856,1282555.0,64235.0,40.0,51302200.0
11214,15292,1007389.0,53049.0,52.0,52384228.0
11214,13523,744155.0,42015.0,52.0,38696060.0
11214,14376,2900345.0,146931.0,48.0,139216560.0
11214,17253,2693386.0,134976.0,48.0,129282528.0
11214,15028,7671188.0,371116.0,48.0,368217024.0
11214,15262,4826616.0,240226.0,48.0,231677568.0
11214,15206,1972259.0,99201.0,48.0,94668432.0
11214,12379,1523620.0,79852.0,48.0,73133760.0
11214,15747,2096882.0,106030.0,48.0,100650336.0
11214,19542,1284349.0,65650.0,40.0,51373960.0
11214,13570,2139824.0,109679.0,48.0,102711552.0
11214,13474,872444.0,45547.0,52.0,45367088.0
11214,10659,2468588.0,120807.0,48.0,118492224.0
11214,14070,1253182.0,62870.0,40.0,50127280.0
11214,13101,454623.0,23042.0,35.99442,16363891.203659998
11214,12952,6938651.0,337961.0,48.0,333055248.0
11214,18182,1931529.0,96375.0,48.0,92713392.0
11214,19338,1487633.0,73512.0,48.0,71406384.0
11214,10989,566291.0,28024.0,52.0,29447132.0
11214,18577,810078.0,40183.0,52.0,42124056.0
11214,15204,3383835.0,175562.0,48.0,162424080.0
11214,13250,2267838.0,113260.0,48.0,108856224.0
11214,17039,3182696.0,145668.0,48.0,152769408.0
11214,14444,1354520.0,73665.0,40.0,54180800.0
11214,18849,904432.0,46141.0,52.0,47030464.0
11214,10751,1788632.0,89182.0,48.0,85854336.0
16916,16219,1796068.0,86722.0,21.78,39118361.04
16916,10270,1739171.0,84987.0,21.78,37879144.38
16916,11461,1743435.0,84427.0,21.78,37972014.300000004
16916,10303,1732784.0,83792.0,21.78,37740035.52
16916,15973,1730588.0,83853.0,21.78,37692206.64
16916,14724,1824064.0,88053.0,21.78,39728113.92
16916,10708,319804.0,15978.0,21.78,6965331.12
16916,13503,1773972.0,85760.0,21.78,38637110.160000004
16916,19311,782223.0,44061.0,45.29,35426879.67
16916,10570,610991.0,31608.0,50.0,30549550.0
16916,13578,2458679.0,127913.0,21.78,53550028.620000005
16916,10044,1736448.0,83963.0,21.78,37819837.440000005
16916,15401,2454437.0,127661.0,21.78,53457637.86
16916,18863,2472195.0,114503.0,21.78,53844407.1
16916,11267,704153.0,35918.0,45.29,31891089.37
16916,12627,1788914.0,86388.0,21.78,38962546.92
16916,17784,1637429.0,82832.0,21.78,35663203.620000005
16916,13651,623797.0,31473.0,50.0,31189850.0
16916,13183,1958949.0,104550.0,21.78,42665909.22
16916,15872,1791251.0,86793.0,21.78,39013446.78
16916,14076,1812052.0,87044.0,21.78,39466492.56
16916,16991,2453932.0,113967.0,21.78,53446638.96
16916,12663,1367369.0,73962.0,21.78,29781296.82
16916,12214,270890.0,12047.0,37.422,10137245.58
16916,19921,1713288.0,83263.0,21.78,37315412.64
16916,18144,2035928.0,99186.0,21.78,44342511.84
16916,19371,2454242.0,127539.0,21.78,53453390.760000005
16916,16053,3903218.0,201573.0,21.78,85012088.04
16916,18978,3440164.0,174351.0,21.78,74926771.92
16916,17312,184858.0,9074.0,37.422,6917756.075999999
16916,19956,4171545.0,214927.0,21.78,90856250.10000001
16916,12573,1612062.0,87815.0,21.78,35110710.36
16916,19469,1369494.0,67170.0,21.78,29827579.32
16916,11861,2368284.0,125708.0,21.78,51581225.52
16916,10327,1959023.0,105528.0,21.78,42667520.940000005
16916,17547,1712798.0,83141.0,21.78,37304740.440000005
16916,19180,2220335.0,110256.0,21.78,48358896.300000004
16916,12985,1705413.0,82648.0,21.78,37143895.14
16916,14005,1752411.0,84779.0,21.78,38167511.580000006
16916,16142,3576366.0,173614.0,21.78,77893251.48
16916,15916,10592.0,959.0,102.94899999999998,1090435.8079999997
16916,17770,5725471.0,293993.0,21.78,124700758.38000001
16916,12364,4281264.0,203417.0,21.78,93245929.92
16916,13179,1264269.0,62288.0,21.78,27535778.82
16916,19539,704056.0,35874.0,45.29,31886696.24
16916,17822,1951237.0,93547.0,21.78,42497941.86
16916,16262,1556122.0,84023.0,21.78,33892337.160000004
16916,16133,2434588.0,127708.0,21.78,53025326.64
16916,10178,1983819.0,100969.0,21.78,43207577.82
16916,11568,2600543.0,126010.0,21.78,56639826.54000001
16916,13431,623253.0,28786.0,50.0,31162650.0
16916,19185,586811.0,29356.0,50.0,29340550.0
16916,16366,4251814.0,202742.0,21.78,92604508.92
16916,13680,8923952.0,443373.0,21.78,194363674.56
16916,11027,4009672.0,202267.0,21.78,87330656.16000001
16916,10904,1244129.0,60877.0,21.78,27097129.62
16916,17535,624247.0,29227.0,50.0,31212350.0
16916,19171,2025794.0,107353.0,21.78,44121793.32
16916,11214,2414656.0,127005.0,21.78,52591207.68
16916,16916,0.0,0.0,102.94899999999998,0.0
16916,18476,1163057.0,64508.0,21.78,25331381.46
16916,11117,4687639.0,241147.0,21.78,102096777.42
16916,14252,1383151.0,76730.0,21.78,30125028.78
16916,11472,3788873.0,194283.0,21.78,82521653.94
16916,12280,2986644.0,150227.0,21.78,65049106.32
16916,18446,1477289.0,73441.0,21.78,32175354.42
16916,12757,2165524.0,115637.0,21.78,47165112.72
16916,17495,785196.0,44354.0,45.29,35561526.839999996
16916,15506,1821818.0,87816.0,21.78,39679196.04
16916,10376,2572247.0,133696.0,21.78,56023539.660000004
16916,15286,1363827.0,67206.0,21.78,29704152.060000002
16916,11168,3910267.0,202216.0,21.78,85165615.26
16916,13856,3265575.0,169546.0,21.78,71124223.5
16916,15292,1601242.0,88834.0,21.78,34875050.760000005
16916,13523,1803007.0,97219.0,21.78,39269492.46
16916,14376,4883366.0,252242.0,21.78,106359711.48
16916,17253,4676407.0,240287.0,21.78,101852144.46000001
16916,15028,9654208.0,476428.0,21.78,210268650.24
16916,15262,6809636.0,345537.0,21.78,148313872.08
16916,15206,1292094.0,70175.0,21.78,28141807.32
16916,12379,1030498.0,75192.0,21.78,22444246.44
16916,15747,704315.0,35908.0,45.29,31898426.349999998
16916,19542,1928354.0,93055.0,21.78,41999550.120000005
16916,13570,1983526.0,100018.0,21.78,43201196.28
16916,13474,1611581.0,87699.0,21.78,35100234.18
16916,10659,2552162.0,123772.0,21.78,55586088.36
16916,14070,1162834.0,64469.0,21.78,25326524.52
16916,13101,2789776.0,144071.0,21.78,60761321.28
16916,12952,8921672.0,443272.0,21.78,194314016.16
16916,18182,3914550.0,201687.0,21.78,85258899.0
16916,19338,3581636.0,184087.0,21.78,78008032.08
16916,10989,2429204.0,127463.0,21.78,52908063.120000005
16916,18577,1597945.0,86677.0,21.78,34803242.1
16916,15204,5366855.0,280873.0,21.78,116890101.9
16916,13250,4250858.0,218571.0,21.78,92583687.24000001
16916,17039,4102063.0,196860.0,21.78,89342932.14
16916,14444,2253136.0,113535.0,21.78,49073302.080000006
16916,18849,2604816.0,135556.0,21.78,56732892.480000004
16916,10751,3882635.0,199757.0,21.78,84563790.3
18476,16219,855334.0,45946.0,18.4338,15767055.889200002
18476,10270,820459.0,44401.0,30.44,24974771.96
18476,11461,845714.0,45589.0,18.4338,15589722.7332
18476,10303,835062.0,44954.0,30.44,25419287.28
18476,15973,832866.0,45016.0,30.44,25352441.040000003
18476,14724,926342.0,49215.0,18.4338,17076003.1596
18476,10708,999154.0,53983.0,18.4338,18418205.005200002
18476,13503,876250.0,46922.0,18.4338,16152617.250000002
18476,19311,389029.0,21216.0,45.0,17506305.0
18476,10570,1131566.0,59161.0,18.4338,20859061.3308
18476,13578,1304869.0,64106.0,18.4338,24053694.1722
18476,10044,838727.0,45125.0,30.44,25530849.880000003
18476,15401,1300627.0,63853.0,18.4338,23975497.9926
18476,18863,1574474.0,75666.0,18.4338,29023538.821200002
18476,11267,844150.0,43899.0,18.4338,15560892.270000001
18476,12627,891193.0,47550.0,18.4338,16428073.523400001
18476,17784,682424.0,37028.0,65.0,44357560.0
18476,13651,1137488.0,59347.0,18.4338,20968226.294400003
18476,13183,805139.0,40742.0,50.0,40256950.0
18476,15872,868698.0,47025.0,18.4338,16013405.192400001
18476,14076,871318.0,46268.0,18.4338,16061701.7484
18476,16991,1556211.0,75129.0,18.4338,28686882.331800003
18476,12663,250398.0,13453.0,45.0,11267910.0
18476,12214,1231430.0,63832.0,18.4338,22699934.334000003
18476,19921,815566.0,44425.0,30.44,24825829.040000003
18476,18144,911425.0,48016.0,18.4338,16801026.165000003
18476,19371,1300432.0,63731.0,18.4338,23971903.401600003
18476,16053,2749408.0,137765.0,18.4338,50682037.190400004
18476,18978,2286355.0,110543.0,18.4338,42146210.799
18476,17312,1018113.0,56936.0,18.4338,18767691.419400003
18476,19956,3017735.0,151120.0,18.4338,55628323.443
18476,12573,462224.0,24710.0,45.0,20800080.0
18476,19469,551202.0,30592.0,65.0,35828130.0
18476,11861,1214474.0,61900.0,18.4338,22387370.821200002
18476,10327,805213.0,41721.0,50.0,40260650.0
18476,17547,815077.0,44303.0,30.44,24810943.880000003
18476,19180,1226116.0,65481.0,18.4338,22601977.120800003
18476,12985,807691.0,43811.0,50.0,40384550.0
18476,14005,847100.0,45649.0,18.4338,15615271.98
18476,16142,2390429.0,110173.0,18.4338,44064690.100200005
18476,15916,1161272.0,64435.0,18.4338,21406655.7936
18476,17770,4571661.0,230185.0,18.4338,84273084.5418
18476,12364,3095328.0,139976.0,18.4338,57058657.286400005
18476,13179,544286.0,28962.0,65.0,35378590.0
18476,19539,844053.0,43855.0,18.4338,15559104.1914
18476,17822,1053516.0,54710.0,18.4338,19420303.2408
18476,16262,402312.0,20216.0,45.0,18104040.0
18476,16133,1280778.0,63900.0,18.4338,23609605.496400002
18476,10178,1230127.0,65754.0,18.4338,22675915.092600003
18476,11568,1880560.0,92684.0,18.4338,34665866.928
18476,13431,809887.0,43833.0,50.0,40494350.0
18476,19185,974105.0,50226.0,18.4338,17956456.749
18476,16366,3065877.0,139300.0,18.4338,56515763.442600004
18476,13680,7770142.0,379565.0,18.4338,143233243.59960002
18476,11027,2855863.0,138460.0,18.4338,52644407.3694
18476,10904,524146.0,27550.0,65.0,34069490.0
18476,17535,822112.0,44808.0,30.44,25025089.28
18476,19171,871984.0,43545.0,18.4338,16073978.659200002
18476,11214,1260846.0,63198.0,18.4338,23242182.9948
18476,16916,1165502.0,64664.0,18.4338,21484630.767600004
18476,18476,0.0,0.0,302.904,0.0
18476,11117,3533829.0,177339.0,18.4338,65141897.02020001
18476,14252,245681.0,16122.0,45.0,11055645.0
18476,11472,2635063.0,130476.0,18.4338,48574224.3294
18476,12280,1918094.0,105061.0,18.4338,35357761.177200004
18476,18446,757235.0,40111.0,50.0,37861750.0
18476,12757,1011714.0,51829.0,18.4338,18649733.533200003
18476,17495,381356.0,20692.0,45.0,17161020.0
18476,15506,924097.0,48978.0,18.4338,17034619.2786
18476,10376,1418438.0,69889.0,18.4338,26147202.404400002
18476,15286,643773.0,33876.0,65.0,41845245.0
18476,11168,2756457.0,138408.0,18.4338,50811977.04660001
18476,13856,2111766.0,105738.0,18.4338,38927872.0908
18476,15292,411659.0,25105.0,45.0,18524655.0
18476,13523,671995.0,34127.0,65.0,43679675.0
18476,14376,3729556.0,188434.0,18.4338,68749889.3928
18476,17253,3522597.0,176479.0,18.4338,64934848.578600004
18476,15028,8500398.0,412620.0,18.4338,156694636.65240002
18476,15262,5655826.0,281730.0,18.4338,104258365.3188
18476,15206,779562.0,41181.0,50.0,38978100.0
18476,12379,871335.0,48565.0,18.4338,16062015.123000002
18476,15747,844312.0,43889.0,18.4338,15563878.5456
18476,19542,807622.0,42419.0,50.0,40381100.0
18476,13570,1263472.0,66688.0,18.4338,23290590.153600004
18476,13474,461743.0,24595.0,45.0,20778435.0
18476,10659,1832109.0,90381.0,18.4338,33772730.8842
18476,14070,1793.0,231.0,302.904,543106.872
18476,13101,1635966.0,80263.0,18.4338,30157070.050800003
18476,12952,7767862.0,379465.0,18.4338,143191214.5356
18476,18182,2760740.0,137879.0,18.4338,50890929.012
18476,19338,2427826.0,120280.0,18.4338,44754058.918800004
18476,10989,1275394.0,63655.0,18.4338,23510357.917200003
18476,18577,444135.0,22869.0,45.0,19986075.0
18476,15204,4213045.0,217066.0,18.4338,77662428.921
18476,13250,3097048.0,154763.0,18.4338,57090363.422400005
18476,17039,2916126.0,133418.0,18.4338,53755283.4588
18476,14444,1297252.0,71188.0,18.4338,23913283.917600002
18476,18849,1454979.0,72452.0,18.4338,26820791.890200004
18476,10751,2728825.0,135950.0,18.4338,50302614.285000004
11117,16219,3969063.0,196391.0,30.0,119071890.0
11117,10270,4018168.0,198472.0,30.0,120545040.0
11117,11461,4018121.0,198970.0,30.0,120543630.0
11117,10303,4038581.0,199730.0,30.0,121157430.0
11117,15973,4039788.0,199749.0,30.0,121193640.0
11117,14724,4047780.0,199972.0,30.0,121433400.0
11117,10708,4534249.0,230765.0,30.0,136027470.0
11117,13503,4049407.0,200317.0,30.0,121482210.0
11117,19311,3924124.0,197998.0,30.0,117723720.0
11117,10570,4666661.0,235943.0,30.0,139999830.0
11117,13578,2355710.0,119955.0,23.2848,54852236.208000004
11117,10044,4012697.0,198629.0,30.0,120380910.0
11117,15401,2370292.0,120528.0,23.2848,55191775.1616
11117,18863,4695911.0,226423.0,30.0,140877330.0
11117,11267,4379245.0,220681.0,30.0,131377350.0
11117,12627,4009274.0,199021.0,30.0,120278220.0
11117,17784,3965916.0,197746.0,30.0,118977480.0
11117,13651,4672583.0,236129.0,30.0,140177490.0
11117,13183,2966834.0,150589.0,23.2848,69082136.3232
11117,15872,3957963.0,196343.0,30.0,118738890.0
11117,14076,3945468.0,195542.0,30.0,118364040.0
11117,16991,4677649.0,225887.0,30.0,140329470.0
11117,12663,3498038.0,173950.0,30.0,104941140.0
11117,12214,4766525.0,240614.0,30.0,142995750.0
11117,19921,4073260.0,200535.0,30.0,122197800.0
11117,18144,3859226.0,194020.0,30.0,115776780.0
11117,19371,2353599.0,119715.0,23.2848,54803081.9952
11117,16053,804548.0,41928.0,105.434,84826713.832
11117,18978,1910039.0,87601.0,23.2848,44474876.107200004
11117,17312,4553208.0,233718.0,30.0,136596240.0
11117,19956,545841.0,28896.0,105.434,57550199.993999995
11117,12573,3240486.0,164576.0,23.2848,75454068.4128
11117,19469,3931058.0,196607.0,30.0,117931740.0
11117,11861,2527071.0,127316.0,23.2848,58842342.8208
11117,10327,2972638.0,147447.0,23.2848,69217281.30240001
11117,17547,4072771.0,200413.0,30.0,122183130.0
11117,19180,3926563.0,202373.0,30.0,117796890.0
11117,12985,4036919.0,199213.0,30.0,121107570.0
11117,14005,3996479.0,197926.0,30.0,119894370.0
11117,16142,3226400.0,151898.0,23.2848,75126078.72
11117,15916,4696367.0,241217.0,30.0,140891010.0
11117,17770,1042532.0,53985.0,105.434,109918318.888
11117,12364,2515622.0,121463.0,23.2848,58575755.1456
11117,13179,4015107.0,201359.0,30.0,120453210.0
11117,19539,4379148.0,220637.0,30.0,131374440.0
11117,17822,4174953.0,205467.0,30.0,125248590.0
11117,16262,3139127.0,157805.0,23.2848,73093944.3696
11117,16133,2250468.0,114149.0,23.2848,52401697.2864
11117,10178,4406874.0,219825.0,30.0,132206220.0
11117,11568,5076820.0,247316.0,30.0,152304600.0
11117,13431,4344982.0,220615.0,30.0,130349460.0
11117,19185,4509200.0,227008.0,30.0,135276000.0
11117,16366,2542601.0,122986.0,23.2848,59203955.764800005
11117,13680,4241012.0,203365.0,30.0,127230360.0
11117,11027,1484980.0,76720.0,105.434,156567381.32
11117,10904,3994967.0,199947.0,30.0,119849010.0
11117,17535,4357207.0,221590.0,30.0,130716210.0
11117,19171,2683559.0,135299.0,23.2848,62486134.6032
11117,11214,2707773.0,136025.0,23.2848,63049952.7504
11117,16916,4700596.0,241446.0,30.0,141017880.0
11117,18476,3535931.0,177550.0,30.0,106077930.0
11117,11117,0.0,0.0,369.0,0.0
11117,14252,3375011.0,168418.0,23.2848,78586456.1328
11117,11472,1638659.0,115608.0,105.434,172770373.00599998
11117,12280,4233256.0,223443.0,30.0,126997680.0
11117,18446,4232457.0,212773.0,30.0,126973710.0
11117,12757,2857763.0,144641.0,23.2848,66542439.9024
11117,17495,3916450.0,197474.0,30.0,117493500.0
11117,15506,4045535.0,199736.0,30.0,121366050.0
11117,10376,2480665.0,126202.0,23.2848,57761788.392000005
11117,15286,4118995.0,206538.0,30.0,123569850.0
11117,11168,792074.0,41022.0,105.434,83511530.116
11117,13856,1433293.0,73528.0,105.434,151117814.162
11117,15292,3289914.0,167690.0,23.2848,76604989.5072
11117,13523,3374880.0,166964.0,23.2848,78583405.824
11117,14376,420396.0,21920.0,105.434,44324031.864
11117,17253,22386.0,1864.0,105.434,2360245.5239999997
11117,15028,4971269.0,236419.0,30.0,149138070.0
11117,15262,2126697.0,105529.0,23.2848,49519714.3056
11117,15206,4254784.0,213843.0,30.0,127643520.0
11117,12379,3806145.0,194494.0,30.0,114184350.0
11117,15747,4379407.0,220671.0,30.0,131382210.0
11117,19542,3824618.0,189295.0,30.0,114738540.0
11117,13570,4680092.0,233325.0,30.0,140402760.0
11117,13474,3240005.0,164461.0,23.2848,75442868.424
11117,10659,5008857.0,244452.0,30.0,150265710.0
11117,14070,3535708.0,177511.0,30.0,106071240.0
11117,13101,2698194.0,136577.0,23.2848,62826907.651200004
11117,12952,4238732.0,203264.0,30.0,127161960.0
11117,18182,777811.0,40188.0,105.434,82007724.97399999
11117,19338,1847270.0,125747.0,23.2848,43013312.496
11117,10989,2253177.0,114789.0,23.2848,52464775.8096
11117,18577,3092604.0,154824.0,23.2848,72010665.6192
11117,15204,683916.0,40865.0,105.434,72107999.544
11117,13250,1008992.0,51966.0,105.434,106382062.528
11117,17039,2784076.0,134397.0,23.2848,64826652.8448
11117,14444,4055735.0,208918.0,30.0,121672050.0
11117,18849,3605648.0,181394.0,30.0,108169440.0
11117,10751,2104124.0,138930.0,23.2848,48994106.515200004
14252,16219,748895.0,39086.0,48.5,36321407.5
14252,10270,714020.0,37541.0,48.5,34629970.0
14252,11461,765912.0,39772.0,65.0,49784280.0
14252,10303,754910.0,39004.0,48.5,36613135.0
14252,15973,752714.0,39066.0,48.5,36506629.0
14252,14724,820330.0,42652.0,65.0,53321450.0
14252,10708,1216720.0,66030.0,65.0,79086800.0
14252,13503,796448.0,41105.0,65.0,51769120.0
14252,19311,606595.0,33263.0,48.5,29419857.5
14252,10570,1329595.0,70288.0,65.0,86423675.0
14252,13578,1145667.0,55062.0,65.0,74468355.0
14252,10044,758925.0,39308.0,65.0,49330125.0
14252,15401,1141425.0,54809.0,65.0,74192625.0
14252,18863,1468461.0,69103.0,65.0,95449965.0
14252,11267,1042179.0,55026.0,65.0,67741635.0
14252,12627,779302.0,40715.0,65.0,50654630.0
14252,17784,575986.0,30168.0,48.5,27935321.0
14252,13651,1335517.0,70474.0,65.0,86808605.0
14252,13183,711789.0,35852.0,48.5,34521766.5
14252,15872,762259.0,40165.0,65.0,49546835.0
14252,14076,764879.0,39408.0,65.0,49717135.0
14252,16991,1450199.0,68567.0,65.0,94262935.0
14252,12663,126491.0,5880.0,19.747,2497817.777
14252,12214,1448995.0,75879.0,65.0,94184675.0
14252,19921,768972.0,39666.0,65.0,49983180.0
14252,18144,805207.0,41187.0,65.0,52338455.0
14252,19371,1141230.0,54687.0,65.0,74179950.0
14252,16053,2590206.0,128721.0,65.0,168363390.0
14252,18978,2127153.0,101500.0,65.0,138264945.0
14252,17312,1235679.0,68983.0,65.0,80319135.0
14252,19956,2858533.0,142076.0,65.0,185804645.0
14252,12573,286404.0,14790.0,42.0,12028968.0
14252,19469,559510.0,28536.0,48.5,27136235.0
14252,11861,1055272.0,52857.0,65.0,68592680.0
14252,10327,646011.0,32677.0,48.5,31331533.5
14252,17547,768483.0,39544.0,65.0,49951395.0
14252,19180,1119898.0,58652.0,65.0,72793370.0
14252,12985,732631.0,38344.0,48.5,35532603.5
14252,14005,740661.0,38790.0,48.5,35922058.5
14252,16142,2493650.0,113819.0,65.0,162087250.0
14252,15916,1378838.0,76482.0,65.0,89624470.0
14252,17770,4412459.0,221142.0,65.0,286809835.0
14252,12364,3198549.0,143622.0,65.0,207905685.0
14252,13179,643560.0,33288.0,48.5,31212660.0
14252,19539,1042082.0,54982.0,65.0,67735330.0
14252,17822,947503.0,48147.0,65.0,61587695.0
14252,16262,324093.0,16341.0,42.0,13611906.0
14252,16133,1121576.0,54857.0,65.0,72902440.0
14252,10178,1149975.0,59804.0,65.0,74748375.0
14252,11568,1819920.0,87295.0,65.0,118294800.0
14252,13431,1027453.0,55880.0,65.0,66784445.0
14252,19185,1172135.0,61353.0,65.0,76188775.0
14252,16366,3169098.0,142947.0,65.0,205991370.0
14252,13680,7610940.0,370521.0,65.0,494711100.0
14252,11027,2696661.0,129416.0,65.0,175282965.0
14252,10904,623420.0,31877.0,48.5,30235870.0
14252,17535,1039677.0,56855.0,65.0,67579005.0
14252,19171,712783.0,34502.0,48.5,34569975.5
14252,11214,1101644.0,54154.0,65.0,71606860.0
14252,16916,1383067.0,76711.0,65.0,89899355.0
14252,18476,245209.0,16115.0,42.0,10298778.0
14252,11117,3374627.0,168296.0,65.0,219350755.0
14252,14252,0.0,0.0,19.747,0.0
14252,11472,2475862.0,121432.0,65.0,160931030.0
14252,12280,1811876.0,98232.0,65.0,117771940.0
14252,18446,860909.0,44702.0,65.0,55959085.0
14252,12757,852512.0,42785.0,65.0,55413280.0
14252,17495,598921.0,32738.0,48.5,29047668.5
14252,15506,818085.0,42416.0,65.0,53175525.0
14252,10376,1259236.0,60845.0,65.0,81850340.0
14252,15286,747447.0,38467.0,48.5,36251179.5
14252,11168,2597256.0,129364.0,65.0,168821640.0
14252,13856,1952564.0,96695.0,65.0,126916660.0
14252,15292,593714.0,31898.0,48.5,28795129.0
14252,13523,496175.0,24206.0,59.0,29274325.0
14252,14376,3570354.0,179391.0,65.0,232073010.0
14252,17253,3363395.0,167436.0,65.0,218620675.0
14252,15028,8341197.0,403576.0,65.0,542177805.0
14252,15262,5496625.0,272686.0,65.0,357280625.0
14252,15206,883236.0,45772.0,65.0,57410340.0
14252,12379,1109945.0,58701.0,65.0,72146425.0
14252,15747,1042341.0,55016.0,65.0,67752165.0
14252,19542,701404.0,35590.0,48.5,34018094.0
14252,13570,1255815.0,66384.0,65.0,81627975.0
14252,13474,285922.0,14674.0,42.0,12008724.0
14252,10659,1751957.0,84432.0,65.0,113877205.0
14252,14070,244986.0,16077.0,42.0,10289412.0
14252,13101,1476765.0,71220.0,65.0,95989725.0
14252,12952,7608660.0,370421.0,65.0,494562900.0
14252,18182,2601538.0,128835.0,65.0,169099970.0
14252,19338,2268624.0,111236.0,65.0,147460560.0
14252,10989,1116192.0,54611.0,65.0,72552480.0
14252,18577,287497.0,13837.0,42.0,12074874.0
14252,15204,4053843.0,208022.0,65.0,263499795.0
14252,13250,2937846.0,145720.0,65.0,190959990.0
14252,17039,3019347.0,137065.0,65.0,196257555.0
14252,14444,1191034.0,64359.0,65.0,77417210.0
14252,18849,1279158.0,62531.0,65.0,83145270.0
14252,10751,2569623.0,126906.0,65.0,167025495.0
11472,16219,2952648.0,143415.0,23.28,68737645.44
11472,10270,3001753.0,145495.0,23.2848,69895218.2544
11472,11461,3001706.0,145994.0,23.2848,69894123.8688
11472,10303,3022166.0,146753.0,23.2848,70370530.8768
11472,15973,3023373.0,146772.0,23.2848,70398635.6304
11472,14724,3031365.0,146995.0,23.2848,70584727.752
11472,10708,3623008.0,182791.0,23.2848,84361016.6784
11472,13503,3032992.0,147340.0,23.2848,70622612.1216
11472,19311,3012883.0,150023.0,23.2848,70154378.0784
11472,10570,3755420.0,187968.0,23.2848,87444203.616
11472,13578,1339295.0,66978.0,23.28,31178787.6
11472,10044,2996282.0,145652.0,23.2848,69767827.1136
11472,15401,1353877.0,67551.0,23.28,31518256.560000002
11472,18863,3679496.0,173446.0,23.2848,85676328.4608
11472,11267,3468004.0,172706.0,23.2848,80751779.53920001
11472,12627,2992859.0,146044.0,23.2848,69688123.2432
11472,17784,2949501.0,144769.0,23.28,68664383.28
11472,13651,3761342.0,188155.0,23.2848,87582096.2016
11472,13183,2138221.0,108994.0,23.28,49777784.88
11472,15872,2941548.0,143367.0,23.28,68479237.44
11472,14076,2929053.0,142565.0,23.28,68188353.84
11472,16991,3661234.0,172910.0,23.2848,85251101.4432
11472,12663,2586797.0,125976.0,23.28,60220634.160000004
11472,12214,3855283.0,192640.0,23.2848,89769493.5984
11472,19921,3056845.0,147558.0,23.2848,71178024.456
11472,18144,2842811.0,141044.0,23.28,66180640.080000006
11472,19371,1337184.0,66739.0,23.28,31129643.520000003
11472,16053,1229171.0,80041.0,23.28,28615100.880000003
11472,18978,1778918.0,83893.0,23.28,41413211.04
11472,17312,3641967.0,185743.0,23.2848,84802473.2016
11472,19956,1497497.0,93396.0,23.28,34861730.160000004
11472,12573,2317095.0,114619.0,23.28,53941971.6
11472,19469,3019816.0,148632.0,23.2848,70315811.5968
11472,11861,1698458.0,85722.0,23.28,39540102.24
11472,10327,1956222.0,94470.0,23.28,45540848.160000004
11472,17547,3056356.0,147436.0,23.2848,71166638.1888
11472,19180,2910148.0,149396.0,23.28,67748245.44
11472,12985,3020504.0,146236.0,23.2848,70331831.53920001
11472,14005,2980064.0,144949.0,23.2848,69390194.2272
11472,16142,3357367.0,162352.0,23.2848,78175619.1216
11472,15916,3785126.0,193242.0,23.2848,88135901.8848
11472,17770,2675977.0,168451.0,23.28,62296744.56
11472,12364,2786840.0,147486.0,23.28,64877635.2
11472,13179,3103866.0,153385.0,23.2848,72272899.0368
11472,19539,3467907.0,172663.0,23.2848,80749520.9136
11472,17822,3158538.0,152490.0,23.2848,73545925.6224
11472,16262,2227886.0,109831.0,23.28,51865186.080000006
11472,16133,1421855.0,72555.0,23.28,33100784.400000002
11472,10178,3390459.0,166848.0,23.2848,78946159.72320001
11472,11568,4060404.0,194339.0,23.2848,94545695.0592
11472,13431,3433741.0,172641.0,23.2848,79953972.4368
11472,19185,3597959.0,179033.0,23.2848,83777755.72320001
11472,16366,2813819.0,149008.0,23.2848,65519212.651200004
11472,13680,5874458.0,317830.0,23.2848,136785579.63840002
11472,11027,1695554.0,99757.0,23.28,39472497.120000005
11472,10904,3083726.0,151973.0,23.2848,71803943.1648
11472,17535,3445966.0,173616.0,23.2848,80238629.1168
11472,19171,1888506.0,92837.0,23.28,43964419.68
11472,11214,1691358.0,83048.0,23.28,39374814.24
11472,16916,3789355.0,193472.0,23.2848,88234373.304
11472,18476,2624689.0,129575.0,23.28,61102759.92
11472,11117,1638145.0,115605.0,23.28,38136015.6
11472,14252,2463770.0,120444.0,23.28,57356565.6
11472,11472,0.0,0.0,93.92,0.0
11472,12280,3216841.0,170466.0,23.2848,74903499.3168
11472,18446,3321215.0,164798.0,23.2848,77333827.032
11472,12757,1841348.0,91664.0,23.28,42866581.440000005
11472,17495,3005209.0,149499.0,23.2848,69975690.5232
11472,15506,3029120.0,146759.0,23.2848,70532453.376
11472,10376,1464250.0,73225.0,23.28,34087740.0
11472,15286,3207753.0,158564.0,23.2848,74691887.0544
11472,11168,1236220.0,80684.0,23.28,28779201.6
11472,13856,967128.0,69249.0,23.28,22514739.84
11472,15292,2378673.0,119716.0,23.28,55375507.440000005
11472,13523,2358465.0,113988.0,23.28,54905065.2
11472,14376,1833872.0,126700.0,23.28,42692540.160000004
11472,17253,1626913.0,114744.0,23.28,37874534.64
11472,15028,6604714.0,350885.0,23.2848,153789444.5472
11472,15262,3760142.0,219995.0,23.2848,87554154.4416
11472,15206,3343542.0,165868.0,23.2848,77853706.7616
11472,12379,2894903.0,146519.0,23.28,67393341.84
11472,15747,3468166.0,172697.0,23.2848,80755551.6768
11472,19542,2808203.0,136318.0,23.28,65374965.84
11472,13570,3663677.0,180348.0,23.2848,85307986.2096
11472,13474,2316614.0,114503.0,23.28,53930773.92
11472,10659,3992442.0,191475.0,23.2848,92963213.4816
11472,14070,2624466.0,129536.0,23.28,61097568.480000004
11472,13101,1256013.0,65039.0,23.28,29239982.64
11472,12952,5872178.0,317730.0,23.2848,136732490.2944
11472,18182,1240502.0,80155.0,23.28,28878886.560000002
11472,19338,212073.0,10718.0,93.92,19917896.16
11472,10989,1424564.0,73195.0,23.28,33163849.92
11472,18577,2181362.0,106849.0,23.28,50782107.36
11472,15204,2317361.0,155331.0,23.28,53948164.080000006
11472,13250,1576811.0,97040.0,23.28,36708160.08
11472,17039,3055293.0,160420.0,23.2848,71141886.4464
11472,14444,3039320.0,155941.0,23.2848,70769958.336
11472,18849,2589233.0,128417.0,23.28,60277344.24
11472,10751,468928.0,23902.0,93.92,44041717.76
12280,16219,1229906.0,66849.0,23.2848,28638115.228800002
12280,10270,1268678.0,67733.0,29.0,36791662.0
12280,11461,1248504.0,66830.0,23.2848,29071165.9392
12280,10303,1278684.0,67870.0,29.0,37081836.0
12280,15973,1279891.0,67889.0,29.0,37116839.0
12280,14724,1239787.0,65939.0,23.2848,28868192.3376
12280,10708,2668659.0,134547.0,29.0,77391111.0
12280,13503,1274927.0,67929.0,29.0,36972883.0
12280,19311,2195455.0,113889.0,29.0,63668195.0
12280,10570,2578097.0,130937.0,29.0,74764813.0
12280,13578,1894776.0,104913.0,29.0,54948504.0
12280,10044,1252800.0,66769.0,23.2848,29171197.44
12280,15401,1890533.0,104661.0,29.0,54825457.0
12280,18863,1138825.0,63150.0,23.2848,26517312.36
12280,11267,2290681.0,115674.0,29.0,66429749.0
12280,12627,1221887.0,65366.0,23.2848,28451394.417600002
12280,17784,1423602.0,75109.0,29.0,41284458.0
12280,13651,2584020.0,131123.0,29.0,74936580.0
12280,13183,2157505.0,112584.0,29.0,62567645.0
12280,15872,1229880.0,66761.0,23.2848,28637509.824
12280,14076,1220956.0,65979.0,23.2848,28429716.2688
12280,16991,1152589.0,63848.0,23.2848,26837804.347200003
12280,12663,1685969.0,92401.0,29.0,48893101.0
12280,12214,3040561.0,156694.0,29.0,88176269.0
12280,19921,1310019.0,69162.0,29.0,37990551.0
12280,18144,1081528.0,57581.0,23.2848,25183163.1744
12280,19371,1890339.0,104539.0,29.0,54819831.0
12280,16053,3450297.0,183836.0,29.0,100058613.0
12280,18978,3029405.0,157044.0,29.0,87852745.0
12280,17312,2804813.0,141594.0,29.0,81339577.0
12280,19956,3718624.0,197191.0,29.0,107840096.0
12280,12573,1606021.0,86615.0,29.0,46574609.0
12280,19469,1677193.0,86831.0,29.0,48638597.0
12280,11861,2273111.0,121517.0,29.0,65920219.0
12280,10327,1620720.0,89264.0,29.0,47000880.0
12280,17547,1309529.0,69039.0,29.0,37976341.0
12280,19180,773139.0,40687.0,23.2848,18002386.9872
12280,12985,1285486.0,68324.0,29.0,37279094.0
12280,14005,1241718.0,66282.0,23.2848,28913155.2864
12280,16142,3939367.0,190550.0,29.0,114241643.0
12280,15916,2989103.0,150163.0,29.0,86683987.0
12280,17770,5272550.0,276257.0,29.0,152903950.0
12280,12364,4644265.0,220353.0,29.0,134683685.0
12280,13179,1733717.0,89215.0,29.0,50277793.0
12280,19539,2290584.0,115631.0,29.0,66426936.0
12280,17822,1289686.0,68318.0,29.0,37400894.0
12280,16262,1809870.0,98056.0,29.0,52486230.0
12280,16133,2094649.0,115271.0,29.0,60744821.0
12280,10178,1629314.0,86639.0,29.0,47250106.0
12280,11568,2299260.0,114130.0,29.0,66678540.0
12280,13431,2619019.0,136695.0,29.0,75951551.0
12280,19185,2420637.0,122002.0,29.0,70198473.0
12280,16366,4614814.0,219678.0,29.0,133829606.0
12280,13680,8471031.0,425636.0,29.0,245659899.0
12280,11027,3556752.0,184531.0,29.0,103145808.0
12280,10904,1744741.0,89700.0,29.0,50597489.0
12280,17535,2631243.0,137670.0,29.0,76306047.0
12280,19171,1930622.0,103162.0,29.0,55988038.0
12280,11214,1531510.0,88027.0,29.0,44413790.0
12280,16916,2986053.0,150280.0,29.0,86595537.0
12280,18476,1917665.0,104952.0,29.0,55612285.0
12280,11117,4234718.0,223411.0,29.0,122806822.0
12280,14252,1853497.0,98025.0,29.0,53751413.0
12280,11472,3224970.0,171283.0,29.0,93524130.0
12280,12280,0.0,0.0,23.2848,0.0
12280,18446,1765110.0,93573.0,29.0,51188190.0
12280,12757,1522189.0,88845.0,29.0,44143481.0
12280,17495,2194870.0,114187.0,29.0,63651230.0
12280,15506,1237542.0,65703.0,23.2848,28815917.961600002
12280,10376,1870490.0,105399.0,29.0,54244210.0
12280,15286,1856695.0,95742.0,29.0,53844155.0
12280,11168,3457346.0,184479.0,29.0,100263034.0
12280,13856,2812655.0,151810.0,29.0,81566995.0
12280,15292,2079491.0,113613.0,29.0,60305239.0
12280,13523,1369516.0,75415.0,29.0,39715964.0
12280,14376,4430445.0,234506.0,29.0,128482905.0
12280,17253,4223486.0,222551.0,29.0,122481094.0
12280,15028,9201287.0,458691.0,29.0,266837323.0
12280,15262,6356715.0,327801.0,29.0,184344735.0
12280,15206,1915380.0,101987.0,29.0,55546020.0
12280,12379,2595722.0,140416.0,29.0,75275938.0
12280,15747,2290843.0,115665.0,29.0,66434447.0
12280,19542,1198844.0,64306.0,23.2848,27914842.7712
12280,13570,1907453.0,101534.0,29.0,55316137.0
12280,13474,1605540.0,86499.0,29.0,46560660.0
12280,10659,2231297.0,111266.0,29.0,64707613.0
12280,14070,1917442.0,104914.0,29.0,55605818.0
12280,13101,1958929.0,109801.0,29.0,56808941.0
12280,12952,8468751.0,425536.0,29.0,245593779.0
12280,18182,3461629.0,183950.0,29.0,100387241.0
12280,19338,3017732.0,161088.0,29.0,87514228.0
12280,10989,2096391.0,115599.0,29.0,60795339.0
12280,18577,1763346.0,95074.0,29.0,51137034.0
12280,15204,4913934.0,263137.0,29.0,142504086.0
12280,13250,3797938.0,200835.0,29.0,110140202.0
12280,17039,4465064.0,213796.0,29.0,129486856.0
12280,14444,897600.0,46930.0,23.2848,20900436.48
12280,18849,941095.0,53836.0,23.2848,21913208.856
12280,10751,3318732.0,176758.0,29.0,96243228.0
18446,16219,575482.0,30385.0,50.0,28774100.0
18446,10270,527320.0,28746.0,35.0,18456200.0
18446,11461,504962.0,27136.0,35.0,17673670.0
18446,10303,480839.0,26049.0,21.055999999999997,10124545.984
18446,15973,478643.0,26110.0,21.055999999999997,10078307.008
18446,14724,580288.0,30678.0,50.0,29014400.0
18446,10708,1159957.0,57768.0,50.0,57997850.0
18446,13503,530196.0,28385.0,35.0,18556860.0
18446,19311,802666.0,42054.0,50.0,40133300.0
18446,10570,1069396.0,54157.0,50.0,53469800.0
18446,13578,2001892.0,99316.0,50.0,100094600.0
18446,10044,503849.0,27138.0,35.0,17634715.0
18446,15401,1997649.0,99063.0,50.0,99882450.0
18446,18863,1228419.0,57129.0,50.0,61420950.0
18446,11267,781980.0,38895.0,50.0,39099000.0
18446,12627,551420.0,29353.0,35.0,19299700.0
18446,17784,503794.0,30021.0,35.0,17632790.0
18446,13651,1075318.0,54344.0,50.0,53765900.0
18446,13183,1562188.0,79895.0,50.0,78109400.0
18446,15872,557975.0,29919.0,35.0,19529125.0
18446,14076,572287.0,30561.0,50.0,28614350.0
18446,16991,1210157.0,56592.0,50.0,60507850.0
18446,12663,746951.0,39056.0,50.0,37347550.0
18446,12214,1617273.0,82077.0,50.0,80863650.0
18446,19921,448562.0,24813.0,32.571,14610112.901999999
18446,18144,815342.0,42849.0,50.0,40767100.0
18446,19371,1997455.0,98942.0,50.0,99872750.0
18446,16053,3446431.0,172975.0,50.0,172321550.0
18446,18978,2983377.0,145754.0,50.0,149168850.0
18446,17312,1296111.0,64815.0,50.0,64805550.0
18446,19956,3714758.0,186330.0,50.0,185737900.0
18446,12573,1095224.0,58251.0,50.0,54761200.0
18446,19469,321599.0,18176.0,37.0,11899163.0
18446,11861,1911497.0,97111.0,50.0,95574850.0
18446,10327,1502236.0,76931.0,50.0,75111800.0
18446,17547,448072.0,24691.0,32.571,14594153.112
18446,19180,987058.0,53382.0,50.0,49352900.0
18446,12985,487957.0,26717.0,35.0,17078495.0
18446,14005,519134.0,27905.0,35.0,18169690.0
18446,16142,3146724.0,150109.0,50.0,157336200.0
18446,15916,1480401.0,73384.0,50.0,74020050.0
18446,17770,5268684.0,265396.0,50.0,263434200.0
18446,12364,3851623.0,179912.0,50.0,192581150.0
18446,13179,244867.0,13351.0,37.0,9060079.0
18446,19539,781883.0,38852.0,50.0,39094150.0
18446,17822,707461.0,36173.0,50.0,35373050.0
18446,16262,1159361.0,59369.0,50.0,57968050.0
18446,16133,1977801.0,99111.0,50.0,98890050.0
18446,10178,539845.0,30640.0,35.0,18894575.0
18446,11568,1140259.0,53054.0,50.0,57012950.0
18446,13431,1226230.0,64860.0,50.0,61311500.0
18446,19185,911935.0,45223.0,50.0,45596750.0
18446,16366,3822172.0,179236.0,50.0,191108600.0
18446,13680,8467165.0,414776.0,50.0,423358250.0
18446,11027,3552885.0,173670.0,50.0,177644250.0
18446,10904,239665.0,13148.0,37.0,8867605.0
18446,17535,1238454.0,65835.0,50.0,61922700.0
18446,19171,1569007.0,78756.0,50.0,78450350.0
18446,11214,1957868.0,98408.0,50.0,97893400.0
18446,16916,1477351.0,73501.0,50.0,73867550.0
18446,18476,757020.0,40114.0,50.0,37851000.0
18446,11117,4230852.0,212550.0,50.0,211542600.0
18446,14252,859730.0,44611.0,50.0,42986500.0
18446,11472,3332086.0,165686.0,50.0,166604300.0
18446,12280,1753368.0,93353.0,50.0,87668400.0
18446,18446,0.0,0.0,90.7,0.0
18446,12757,1648517.0,86552.0,50.0,82425850.0
18446,17495,802081.0,42352.0,50.0,40104050.0
18446,15506,578042.0,30441.0,50.0,28902100.0
18446,10376,2115460.0,105099.0,50.0,105773000.0
18446,15286,151968.0,8591.0,90.7,13783497.6
18446,11168,3453480.0,173618.0,50.0,172674000.0
18446,13856,2808788.0,140949.0,50.0,140439400.0
18446,15292,1167955.0,65041.0,50.0,58397750.0
18446,13523,1189975.0,61739.0,50.0,59498750.0
18446,14376,4426579.0,223645.0,50.0,221328950.0
18446,17253,4219620.0,211690.0,50.0,210981000.0
18446,15028,9197421.0,447830.0,50.0,459871050.0
18446,15262,6352849.0,316940.0,50.0,317642450.0
18446,15206,151961.0,8665.0,90.7,13782862.700000001
18446,12379,1627630.0,88501.0,50.0,81381500.0
18446,15747,782142.0,38886.0,50.0,39107100.0
18446,19542,707769.0,36717.0,50.0,35388450.0
18446,13570,490557.0,26884.0,35.0,17169495.0
18446,13474,1094742.0,58135.0,50.0,54737100.0
18446,10659,1091879.0,50816.0,50.0,54593950.0
18446,14070,756797.0,40075.0,50.0,37839850.0
18446,13101,2332989.0,115474.0,50.0,116649450.0
18446,12952,8464885.0,414675.0,50.0,423244250.0
18446,18182,3457763.0,173089.0,50.0,172888150.0
18446,19338,3124848.0,155490.0,50.0,156242400.0
18446,10989,1972416.0,98866.0,50.0,98620800.0
18446,18577,1143722.0,58091.0,50.0,57186100.0
18446,15204,4910067.0,252276.0,50.0,245503350.0
18446,13250,3794071.0,189974.0,50.0,189703550.0
18446,17039,3672422.0,173354.0,50.0,183621100.0
18446,14444,1019860.0,56661.0,50.0,50993000.0
18446,18849,1855857.0,95364.0,50.0,92792850.0
18446,10751,3425848.0,171160.0,50.0,171292400.0
12757,16219,1145558.0,59357.0,35.0,40094530.0
12757,10270,1194664.0,61438.0,35.0,41813240.0
12757,11461,1194617.0,61936.0,35.0,41811595.0
12757,10303,1215077.0,62696.0,35.0,42527695.0
12757,15973,1216284.0,62715.0,35.0,42569940.0
12757,14724,1224276.0,62938.0,35.0,42849660.0
12757,10708,1986833.0,105040.0,81.0,160933473.0
12757,13503,1225903.0,63283.0,35.0,42906605.0
12757,19311,1376707.0,72272.0,35.0,48184745.0
12757,10570,2119244.0,110217.0,87.0,184374228.0
12757,13578,522891.0,26317.0,90.0,47060190.0
12757,10044,1189193.0,61595.0,35.0,41621755.0
12757,15401,518649.0,26065.0,90.0,46678410.0
12757,18863,1872407.0,89389.0,81.0,151664967.0
12757,11267,1831828.0,94955.0,81.0,148378068.0
12757,12627,1185770.0,61987.0,35.0,41501950.0
12757,17784,1142412.0,60712.0,35.0,39984420.0
12757,13651,2125166.0,110404.0,87.0,184889442.0
12757,13183,664922.0,34574.0,85.0,56518370.0
12757,15872,1134459.0,59309.0,35.0,39706065.0
12757,14076,1121963.0,58508.0,35.0,39268705.0
12757,16991,1854145.0,88853.0,81.0,150185745.0
12757,12663,950621.0,48225.0,35.0,33271735.0
12757,12214,2219108.0,114889.0,87.0,193062396.0
12757,19921,1249756.0,63501.0,35.0,43741460.0
12757,18144,1035722.0,56986.0,35.0,36250270.0
12757,19371,518454.0,25943.0,90.0,46660860.0
12757,16053,2078412.0,105240.0,81.0,168351372.0
12757,18978,1657520.0,78448.0,35.0,58013200.0
12757,17312,2005791.0,107992.0,81.0,162469071.0
12757,19956,2346739.0,118595.0,87.0,204166293.0
12757,12573,589689.0,32274.0,90.0,53072010.0
12757,19469,1323818.0,70198.0,35.0,46333630.0
12757,11861,649496.0,34643.0,85.0,55207160.0
12757,10327,211703.0,13196.0,110.0,23287330.0
12757,17547,1249267.0,63379.0,35.0,43724345.0
12757,19180,1197498.0,67041.0,35.0,41912430.0
12757,12985,1213415.0,62179.0,35.0,42469525.0
12757,14005,1172974.0,60892.0,35.0,41054090.0
12757,16142,2446783.0,112541.0,87.0,212870121.0
12757,15916,2148950.0,115491.0,87.0,186958650.0
12757,17770,3900666.0,197661.0,87.0,339357942.0
12757,12364,3151682.0,142344.0,87.0,274196334.0
12757,13179,1407868.0,74950.0,35.0,49275380.0
12757,19539,1831731.0,94912.0,81.0,148370211.0
12757,17822,1351449.0,68433.0,35.0,47300715.0
12757,16262,591710.0,32080.0,90.0,53253900.0
12757,16133,699582.0,35928.0,36.4,25464784.8
12757,10178,1583369.0,82791.0,35.0,55417915.0
12757,11568,2253315.0,110282.0,87.0,196038405.0
12757,13431,1797565.0,94890.0,81.0,145602765.0
12757,19185,1961783.0,101282.0,81.0,158904423.0
12757,16366,3122231.0,141668.0,87.0,271634097.0
12757,13680,7099146.0,347040.0,87.0,617625702.0
12757,11027,2184867.0,105935.0,87.0,190083429.0
12757,10904,1387728.0,73539.0,35.0,48570480.0
12757,17535,1809790.0,95865.0,81.0,146592990.0
12757,19171,307007.0,16288.0,110.0,33770770.0
12757,11214,312182.0,17161.0,110.0,34340020.0
12757,16916,2153180.0,115721.0,87.0,187326660.0
12757,18476,988513.0,51824.0,35.0,34597955.0
12757,11117,2862833.0,144815.0,87.0,249066471.0
12757,14252,827594.0,42693.0,35.0,28965790.0
12757,11472,1853085.0,92687.0,81.0,150099885.0
12757,12280,1520352.0,88890.0,35.0,53212320.0
12757,18446,1625217.0,86364.0,35.0,56882595.0
12757,12757,0.0,0.0,53.9,0.0
12757,17495,1369034.0,71748.0,35.0,47916190.0
12757,15506,1222030.0,62702.0,35.0,42771050.0
12757,10376,636460.0,32100.0,85.0,54099100.0
12757,15286,1511755.0,80129.0,35.0,52911425.0
12757,11168,2085462.0,105883.0,87.0,181435194.0
12757,13856,1440770.0,73214.0,35.0,50426950.0
12757,15292,764624.0,42850.0,36.4,27832313.599999998
12757,13523,551376.0,29930.0,90.0,49623840.0
12757,14376,3058560.0,155910.0,87.0,266094720.0
12757,17253,2851601.0,143955.0,87.0,248089287.0
12757,15028,7829403.0,380095.0,87.0,681158061.0
12757,15262,4984831.0,249205.0,87.0,433680297.0
12757,15206,1647544.0,87434.0,35.0,57664040.0
12757,12379,1280855.0,69654.0,35.0,44829925.0
12757,15747,1831990.0,94946.0,81.0,148391190.0
12757,19542,1001113.0,52261.0,35.0,35038955.0
12757,13570,1856588.0,96291.0,81.0,150383628.0
12757,13474,589208.0,32158.0,90.0,53028720.0
12757,10659,2185352.0,107418.0,87.0,190125624.0
12757,14070,988290.0,51785.0,35.0,34590150.0
12757,13101,739601.0,38934.0,36.4,26921476.4
12757,12952,7096866.0,346940.0,87.0,617427342.0
12757,18182,2089744.0,105354.0,87.0,181807728.0
12757,19338,1645848.0,82491.0,35.0,57604680.0
12757,10989,694198.0,35683.0,36.4,25268807.2
12757,18577,545186.0,29098.0,90.0,49066740.0
12757,15204,3542049.0,184541.0,87.0,308158263.0
12757,13250,2426053.0,122239.0,87.0,211066611.0
12757,17039,2972480.0,135786.0,87.0,258605760.0
12757,14444,1326670.0,73586.0,35.0,46433450.0
12757,18849,892743.0,46841.0,35.0,31246005.0
12757,10751,1946847.0,98161.0,81.0,157694607.0
17495,16219,984360.0,50557.0,226.49899999999997,222956555.63999996
17495,10270,946799.0,49001.0,226.49899999999997,214449026.70099998
17495,11461,951063.0,48441.0,226.49899999999997,215414818.43699998
17495,10303,940412.0,47806.0,226.49899999999997,213002377.58799997
17495,15973,938216.0,47868.0,226.49899999999997,212504985.78399998
17495,14724,1031692.0,52067.0,226.49899999999997,233677206.30799997
17495,10708,619668.0,33720.0,226.49899999999997,140354182.332
17495,13503,981600.0,49774.0,226.49899999999997,222331418.39999998
17495,19311,9543.0,953.0,226.49899999999997,2161479.9569999995
17495,10570,752079.0,38898.0,226.49899999999997,170345141.42099997
17495,13578,1676523.0,84071.0,226.49899999999997,379730782.97699994
17495,10044,944076.0,47977.0,226.49899999999997,213832269.92399997
17495,15401,1672280.0,83818.0,226.49899999999997,378769747.71999997
17495,18863,1679823.0,78518.0,226.49899999999997,380478229.6769999
17495,11267,464664.0,23636.0,226.49899999999997,105245931.33599998
17495,12627,996542.0,50402.0,226.49899999999997,225715766.45799997
17495,17784,800316.0,41927.0,226.49899999999997,181270773.684
17495,13651,758002.0,39085.0,226.49899999999997,171686694.99799997
17495,13183,1176793.0,60707.0,226.49899999999997,266542437.70699996
17495,15872,998879.0,50808.0,226.49899999999997,226245094.62099996
17495,14076,1000345.0,50879.0,226.49899999999997,226577142.15499997
17495,16991,1661561.0,77982.0,226.49899999999997,376341904.93899995
17495,12663,585213.0,30120.0,226.49899999999997,132550159.28699999
17495,12214,851943.0,43569.0,226.49899999999997,192964237.55699998
17495,19921,920916.0,47277.0,226.49899999999997,208586553.08399996
17495,18144,1111462.0,58756.0,226.49899999999997,251745031.53799996
17495,19371,1672086.0,83696.0,226.49899999999997,378725806.9139999
17495,16053,3121062.0,157730.0,226.49899999999997,706917421.9379998
17495,18978,2658008.0,130509.0,226.49899999999997,602036153.9919999
17495,17312,638627.0,36673.0,226.49899999999997,144648376.87299997
17495,19956,3389389.0,171085.0,226.49899999999997,767693219.111
17495,12573,829906.0,43972.0,226.49899999999997,187972879.09399998
17495,19469,656552.0,33444.0,226.49899999999997,148708371.44799998
17495,11861,1586128.0,81865.0,226.49899999999997,359256405.8719999
17495,10327,1176867.0,61686.0,226.49899999999997,266559198.63299996
17495,17547,920426.0,47155.0,226.49899999999997,208475568.57399997
17495,19180,1427963.0,74271.0,226.49899999999997,323432191.53699994
17495,12985,913040.0,46663.0,226.49899999999997,206802646.95999998
17495,14005,960038.0,48794.0,226.49899999999997,217447646.96199998
17495,16142,2770606.0,130661.0,226.49899999999997,627539488.3939999
17495,15916,781786.0,44172.0,226.49899999999997,177073747.214
17495,17770,4943315.0,250151.0,226.49899999999997,1119655904.185
17495,12364,3475504.0,160464.0,226.49899999999997,787198180.4959999
17495,13179,588873.0,31260.0,226.49899999999997,133379145.62699997
17495,19539,464567.0,23593.0,226.49899999999997,105223960.93299998
17495,17822,1158865.0,57562.0,226.49899999999997,262481763.63499996
17495,16262,773966.0,40181.0,226.49899999999997,175302525.03399998
17495,16133,1652432.0,83865.0,226.49899999999997,374274195.56799996
17495,10178,1335476.0,68606.0,226.49899999999997,302483978.5239999
17495,11568,1925147.0,94982.0,226.49899999999997,436043870.3529999
17495,13431,430400.0,23570.0,226.49899999999997,97485169.59999998
17495,19185,594619.0,29963.0,226.49899999999997,134680608.88099998
17495,16366,3446053.0,159788.0,226.49899999999997,780527558.4469999
17495,13680,8141796.0,399530.0,226.49899999999997,1844108652.2039998
17495,11027,3227516.0,158425.0,226.49899999999997,731029146.4839998
17495,10904,568733.0,29848.0,226.49899999999997,128817455.76699997
17495,17535,442625.0,24546.0,226.49899999999997,100254119.87499999
17495,19171,1243638.0,63510.0,226.49899999999997,281682763.3619999
17495,11214,1632500.0,83163.0,226.49899999999997,369759617.49999994
17495,16916,786015.0,44401.0,226.49899999999997,178031611.48499998
17495,18476,380901.0,20665.0,226.49899999999997,86273695.59899999
17495,11117,3905483.0,197305.0,226.49899999999997,884587994.0169998
17495,14252,600995.0,32887.0,226.49899999999997,136124766.50499997
17495,11472,3006717.0,150441.0,226.49899999999997,681018393.7829999
17495,12280,2194272.0,114241.0,226.49899999999997,497000413.7279999
17495,18446,801823.0,42409.0,226.49899999999997,181612107.677
17495,12757,1383367.0,71794.0,226.49899999999997,313331242.13299996
17495,17495,0.0,0.0,226.49899999999997,0.0
17495,15506,1029446.0,51831.0,226.49899999999997,233168489.55399996
17495,10376,1790091.0,89854.0,226.49899999999997,405453821.4089999
17495,15286,688361.0,36174.0,226.49899999999997,155913078.13899997
17495,11168,3128111.0,158373.0,226.49899999999997,708514013.3889999
17495,13856,2483419.0,125703.0,226.49899999999997,562491920.081
17495,15292,791836.0,45592.0,226.49899999999997,179350062.16399997
17495,13523,1020851.0,53376.0,226.49899999999997,231221730.64899996
17495,14376,4101210.0,208400.0,226.49899999999997,928919963.7899998
17495,17253,3894251.0,196444.0,226.49899999999997,882043957.2489998
17495,15028,8872052.0,432585.0,226.49899999999997,2009510905.9479997
17495,15262,6027480.0,301695.0,226.49899999999997,1365218192.5199997
17495,15206,824150.0,43479.0,226.49899999999997,186669150.84999996
17495,12379,1048247.0,58247.0,226.49899999999997,237426897.25299996
17495,15747,464826.0,23626.0,226.49899999999997,105282624.17399998
17495,19542,1007659.0,53159.0,226.49899999999997,228233755.84099996
17495,13570,1308060.0,68986.0,226.49899999999997,296274281.93999994
17495,13474,829424.0,43856.0,226.49899999999997,187863706.57599998
17495,10659,1876767.0,92743.0,226.49899999999997,425085848.7329999
17495,14070,380678.0,20627.0,226.49899999999997,86223186.32199998
17495,13101,2007620.0,100229.0,226.49899999999997,454723922.37999994
17495,12952,8139516.0,399430.0,226.49899999999997,1843592234.4839997
17495,18182,3132394.0,157844.0,226.49899999999997,709484108.606
17495,19338,2799480.0,140245.0,226.49899999999997,634079420.5199999
17495,10989,1647047.0,83620.0,226.49899999999997,373054498.45299995
17495,18577,815789.0,42834.0,226.49899999999997,184775392.71099997
17495,15204,4584699.0,237031.0,226.49899999999997,1038429738.8009999
17495,13250,3468702.0,174729.0,226.49899999999997,785657534.2979999
17495,17039,3296303.0,153906.0,226.49899999999997,746609333.1969999
17495,14444,1460764.0,77550.0,226.49899999999997,330861585.23599994
17495,18849,1822660.0,91714.0,226.49899999999997,412830667.3399999
17495,10751,3100479.0,155915.0,226.49899999999997,702255393.0209999
15506,16219,130568.0,6210.0,46.9,6123639.2
15506,10270,112382.0,5633.0,42.699999999999996,4798711.399999999
15506,11461,82215.0,4225.0,44.099999999999994,3625681.4999999995
15506,10303,101819.0,4845.0,46.9,4775311.1
15506,15973,103026.0,4864.0,46.9,4831919.399999999
15506,14724,6071.0,676.0,417.9,2537070.9
15506,10708,1503136.0,72024.0,76.0,114238336.0
15506,13503,84560.0,4323.0,44.099999999999994,3729095.9999999995
15506,19311,1029932.0,51366.0,76.0,78274832.0
15506,10570,1412574.0,68413.0,76.0,107355624.0
15506,13578,1712694.0,81842.0,76.0,130164744.0
15506,10044,88357.0,4272.0,44.099999999999994,3896543.6999999997
15506,15401,1708452.0,81589.0,76.0,129842352.0
15506,18863,654609.0,27245.0,41.3,27035351.7
15506,11267,1125158.0,53151.0,76.0,85512008.0
15506,12627,45961.0,2444.0,44.099999999999994,2026880.0999999996
15506,17784,249346.0,13075.0,41.3,10297989.799999999
15506,13651,1418497.0,68600.0,76.0,107805772.0
15506,13183,1542463.0,75556.0,76.0,117227188.0
15506,15872,97573.0,5047.0,46.9,4576173.7
15506,14076,120085.0,5350.0,54.599999999999994,6556640.999999999
15506,16991,636347.0,26709.0,41.3,26281131.099999998
15506,12663,697343.0,36821.0,41.3,28800265.9
15506,12214,1875038.0,94171.0,76.0,142502888.0
15506,19921,133154.0,6136.0,46.9,6244922.6
15506,18144,346274.0,17858.0,41.3,14301116.2
15506,19371,1708257.0,81467.0,76.0,129827532.0
15506,16053,3268216.0,160765.0,149.41,488304152.56
15506,18978,2847323.0,133972.0,149.41,425418529.43
15506,17312,1639290.0,79071.0,76.0,124586040.0
15506,19956,3536542.0,174120.0,149.41,528394740.21999997
15506,12573,876196.0,43287.0,76.0,66590896.0
15506,19469,511670.0,24308.0,41.3,21131971.0
15506,11861,1710263.0,86229.0,76.0,129979988.0
15506,10327,1083818.0,54629.0,76.0,82370168.0
15506,17547,132665.0,6014.0,46.9,6221988.5
15506,19180,474490.0,25932.0,41.3,19596437.0
15506,12985,119963.0,5801.0,54.599999999999994,6549979.799999999
15506,14005,85422.0,4182.0,44.099999999999994,3767110.1999999997
15506,16142,3324324.0,153523.0,149.41,496687248.84
15506,15916,1823580.0,87640.0,76.0,138592080.0
15506,17770,5090469.0,253185.0,149.41,760566973.29
15506,12364,4029223.0,183326.0,149.41,602006208.43
15506,13179,568195.0,26692.0,41.3,23466453.5
15506,19539,1125061.0,53108.0,76.0,85504636.0
15506,17822,133651.0,6289.0,46.9,6268231.899999999
15506,16262,1153162.0,56496.0,76.0,87640312.0
15506,16133,1786295.0,88166.0,76.0,135758420.0
15506,10178,414401.0,22451.0,41.3,17114761.299999997
15506,11568,1084346.0,49943.0,76.0,82410296.0
15506,13431,1453496.0,74172.0,76.0,110465696.0
15506,19185,1255114.0,59478.0,76.0,95388664.0
15506,16366,3999772.0,182650.0,149.41,597605934.52
15506,13680,8288949.0,402565.0,149.41,1238451870.09
15506,11027,3374670.0,161460.0,149.41,504209444.7
15506,10904,579218.0,27177.0,41.3,23921703.4
15506,17535,1465720.0,75147.0,76.0,111394720.0
15506,19171,1367773.0,67874.0,76.0,103950748.0
15506,11214,1507759.0,76313.0,76.0,114589684.0
15506,16916,1820530.0,87756.0,76.0,138360280.0
15506,18476,924438.0,48882.0,76.0,70257288.0
15506,11117,4052637.0,200339.0,149.41,605504494.17
15506,14252,823548.0,42602.0,76.0,62589648.0
15506,11472,3042888.0,148212.0,149.41,454637896.08
15506,12280,1240799.0,65902.0,76.0,94300724.0
15506,18446,588245.0,30548.0,41.3,24294518.5
15506,12757,1249600.0,63076.0,76.0,94969600.0
15506,17495,1029347.0,51664.0,76.0,78230372.0
15506,15506,0.0,0.0,417.9,0.0
15506,10376,1826263.0,87625.0,76.0,138795988.0
15506,15286,691172.0,33218.0,41.3,28545403.599999998
15506,11168,3275265.0,161408.0,149.41,489357343.65
15506,13856,2630573.0,128738.0,149.41,393033911.93
15506,15292,1422783.0,72053.0,76.0,108131508.0
15506,13523,720906.0,36749.0,41.3,29773417.799999997
15506,14376,4248363.0,211434.0,149.41,634747915.83
15506,17253,4041404.0,199479.0,149.41,603826171.64
15506,15028,9019206.0,435620.0,149.41,1347559568.46
15506,15262,6174634.0,304730.0,149.41,922552065.9399999
15506,15206,738516.0,38961.0,41.3,30500710.799999997
15506,12379,1804561.0,96861.0,76.0,137146636.0
15506,15747,1125321.0,53142.0,76.0,85524396.0
15506,19542,238700.0,11727.0,41.3,9858310.0
15506,13570,699740.0,37816.0,41.3,28899261.999999996
15506,13474,875715.0,43172.0,76.0,66554340.0
15506,10659,1016384.0,47079.0,76.0,77245184.0
15506,14070,924215.0,48844.0,76.0,70240340.0
15506,13101,2043792.0,98000.0,72.1,147357403.2
15506,12952,8286669.0,402465.0,149.41,1238111215.29
15506,18182,3279547.0,160879.0,149.41,489997117.27
15506,19338,2835651.0,138016.0,149.41,423674615.90999997
15506,10989,1780911.0,87921.0,76.0,135349236.0
15506,18577,1071046.0,53644.0,76.0,81399496.0
15506,15204,4731853.0,240066.0,149.41,706986156.73
15506,13250,3615855.0,177763.0,149.41,540244895.55
15506,17039,3850020.0,176768.0,149.41,575231488.1999999
15506,14444,519795.0,27818.0,41.3,21467533.5
15506,18849,1328609.0,68520.0,76.0,100974284.0
15506,10751,3136650.0,153686.0,149.41,468646876.5
10376,16219,1746026.0,83534.0,41.41,72302936.66
10376,10270,1795132.0,85614.0,27.1656,48765837.8592
10376,11461,1795084.0,86113.0,27.1656,48764533.9104
10376,10303,1815544.0,86872.0,27.1656,49320342.0864
10376,15973,1816751.0,86891.0,27.1656,49353130.9656
10376,14724,1824743.0,87114.0,27.1656,49570238.4408
10376,10708,2416387.0,122910.0,27.1656,65642602.6872
10376,13503,1826371.0,87459.0,27.1656,49614464.0376
10376,19311,1806262.0,90142.0,27.1656,49068190.9872
10376,10570,2548799.0,128087.0,27.1656,69239654.1144
10376,13578,169989.0,9217.0,44.8,7615507.199999999
10376,10044,1789660.0,85771.0,27.1656,48617187.696
10376,15401,130755.0,7168.0,44.8,5857824.0
10376,18863,2472875.0,113565.0,27.1656,67177133.10000001
10376,11267,2261383.0,112825.0,27.1656,61431826.0248
10376,12627,1786238.0,86163.0,27.1656,48524227.0128
10376,17784,1742880.0,84888.0,41.41,72172660.8
10376,13651,2554721.0,128274.0,27.1656,69400528.7976
10376,13183,1039800.0,51242.0,41.41,43058118.0
10376,15872,1734927.0,83486.0,41.41,71843327.07
10376,14076,1722431.0,82684.0,41.41,71325867.71
10376,16991,2454612.0,113029.0,27.1656,66681007.747200005
10376,12663,1380176.0,66095.0,41.41,57153088.16
10376,12214,2648662.0,132759.0,27.1656,71952492.4272
10376,19921,1850224.0,87677.0,27.1656,50262445.0944
10376,18144,1504757.0,77812.0,41.41,62311987.37
10376,19371,152287.0,8720.0,44.8,6822457.6
10376,16053,1697827.0,86684.0,41.41,70307016.07
10376,18978,1276934.0,59892.0,41.41,52877836.94
10376,17312,2435346.0,125862.0,27.1656,66157635.2976
10376,19956,1966154.0,100039.0,27.1656,53411753.102400005
10376,12573,1110474.0,54738.0,41.41,45984728.339999996
10376,19469,1813195.0,88751.0,27.1656,49256530.092
10376,11861,632601.0,32211.0,33.599999999999994,21255393.599999998
10376,10327,749601.0,34589.0,33.599999999999994,25186593.599999994
10376,17547,1849735.0,87555.0,27.1656,50249161.116000004
10376,19180,1561939.0,83978.0,41.41,64679893.989999995
10376,12985,1813883.0,86355.0,27.1656,49275220.0248
10376,14005,1773442.0,85068.0,27.1656,48176615.9952
10376,16142,2487655.0,117223.0,27.1656,67578640.668
10376,15916,2578505.0,133361.0,27.1656,70046635.428
10376,17770,3520080.0,179104.0,27.1656,95625085.24800001
10376,12364,2895568.0,135107.0,27.1656,78659842.0608
10376,13179,1897245.0,93504.0,27.1656,51539798.772
10376,19539,2261286.0,112782.0,27.1656,61429190.961600006
10376,17822,1951916.0,92609.0,27.1656,53024969.2896
10376,16262,1021264.0,49950.0,41.41,42290542.239999995
10376,16133,357015.0,18983.0,44.8,15994271.999999998
10376,10178,2183837.0,106967.0,27.1656,59325242.4072
10376,11568,2853782.0,134458.0,27.1656,77524700.2992
10376,13431,2227120.0,112760.0,27.1656,60501051.072000004
10376,19185,2391338.0,119152.0,27.1656,64962131.5728
10376,16366,2922546.0,136630.0,27.1656,79392715.61760001
10376,13680,6718561.0,328484.0,27.1656,182513740.70160002
10376,11027,1804282.0,87379.0,27.1656,49014403.0992
10376,10904,1877105.0,92092.0,27.1656,50992683.588
10376,17535,2239344.0,113735.0,27.1656,60833123.3664
10376,19171,681885.0,32956.0,33.599999999999994,22911335.999999996
10376,11214,364616.0,18287.0,44.8,16334796.799999999
10376,16916,2582734.0,133591.0,27.1656,70161518.7504
10376,18476,1418068.0,69694.0,41.41,58722195.879999995
10376,11117,2482248.0,126258.0,27.1656,67431756.2688
10376,14252,1257148.0,60563.0,41.41,52058498.67999999
10376,11472,1472500.0,74131.0,41.41,60976224.99999999
10376,12280,1868632.0,105048.0,27.1656,50762509.4592
10376,18446,2114594.0,104917.0,27.1656,57444214.7664
10376,12757,634727.0,31783.0,33.599999999999994,21326827.199999996
10376,17495,1798588.0,89618.0,27.1656,48859722.172800004
10376,15506,1822498.0,86878.0,27.1656,49509251.668800004
10376,10376,0.0,0.0,122.49999999999999,0.0
10376,15286,2001132.0,98683.0,27.1656,54361951.4592
10376,11168,1704876.0,87327.0,41.41,70598915.16
10376,13856,1060185.0,54657.0,41.41,43902260.849999994
10376,15292,1172051.0,59835.0,41.41,48534631.91
10376,13523,1151843.0,54107.0,41.41,47697818.629999995
10376,14376,2677975.0,137353.0,27.1656,72748797.66
10376,17253,2471016.0,125398.0,27.1656,67126632.24960001
10376,15028,7448817.0,361539.0,27.1656,202351583.0952
10376,15262,4604245.0,230649.0,27.1656,125077077.972
10376,15206,2136921.0,105987.0,27.1656,58050741.1176
10376,12379,1688282.0,86638.0,41.41,69911757.61999999
10376,15747,2261545.0,112816.0,27.1656,61436226.852000006
10376,19542,1601581.0,76437.0,41.41,66321469.20999999
10376,13570,2457055.0,120467.0,27.1656,66747373.308000006
10376,13474,1109993.0,54622.0,41.41,45964810.129999995
10376,10659,2785820.0,131594.0,27.1656,75678471.79200001
10376,14070,1417845.0,69655.0,41.41,58712961.449999996
10376,13101,217541.0,11150.0,44.8,9745836.799999999
10376,12952,6716281.0,328384.0,27.1656,182451803.1336
10376,18182,1709159.0,86798.0,41.41,70776274.19
10376,19338,1265262.0,63935.0,41.41,52394499.419999994
10376,10989,358757.0,19311.0,44.8,16072313.6
10376,18577,974741.0,46968.0,41.41,40364024.809999995
10376,15204,3161464.0,165985.0,27.1656,85883066.4384
10376,13250,2045467.0,103682.0,27.1656,55566338.335200004
10376,17039,3013352.0,140469.0,27.1656,81859515.09120001
10376,14444,1691111.0,90523.0,41.41,70028906.50999999
10376,18849,1241024.0,62999.0,41.41,51390803.839999996
10376,10751,1566262.0,79605.0,41.41,64858909.419999994
15286,16219,667358.0,32279.0,64.0,42710912.0
15286,10270,610462.0,30544.0,64.0,39069568.0
15286,11461,614726.0,29984.0,64.0,39342464.0
15286,10303,604075.0,29349.0,30.610999999999997,18491339.825
15286,15973,601879.0,29410.0,30.610999999999997,18424118.069
15286,14724,695355.0,33609.0,64.0,44502720.0
15286,10708,1046029.0,51533.0,64.0,66945856.0
15286,13503,645263.0,31317.0,64.0,41296832.0
15286,19311,688738.0,35819.0,64.0,44079232.0
15286,10570,955467.0,47922.0,64.0,61149888.0
15286,13578,1887963.0,93081.0,64.0,120829632.0
15286,10044,607739.0,29520.0,64.0,38895296.0
15286,15401,1883721.0,92828.0,64.0,120558144.0
15286,18863,1343486.0,60060.0,64.0,85983104.0
15286,11267,668051.0,32660.0,64.0,42755264.0
15286,12627,660205.0,31945.0,64.0,42253120.0
15286,17784,508719.0,28388.0,35.29,17952693.509999998
15286,13651,961390.0,48109.0,64.0,61528960.0
15286,13183,1448260.0,73660.0,64.0,92688640.0
15286,15872,662542.0,32350.0,64.0,42402688.0
15286,14076,683343.0,32601.0,64.0,43733952.0
15286,16991,1325223.0,59524.0,64.0,84814272.0
15286,12663,633023.0,32821.0,64.0,40513472.0
15286,12214,1503345.0,75842.0,64.0,96214080.0
15286,19921,584579.0,28820.0,46.67,27282301.93
15286,18144,907219.0,44743.0,64.0,58062016.0
15286,19371,1883527.0,92706.0,64.0,120545728.0
15286,16053,3332503.0,166740.0,64.0,213280192.0
15286,18978,2869449.0,139519.0,64.0,183644736.0
15286,17312,1182183.0,58580.0,64.0,75659712.0
15286,19956,3600829.0,180095.0,64.0,230453056.0
15286,12573,981295.0,52016.0,64.0,62802880.0
15286,19469,240785.0,12727.0,145.0,34913825.0
15286,11861,1797569.0,90876.0,64.0,115044416.0
15286,10327,1388308.0,70696.0,64.0,88851712.0
15286,17547,584089.0,28697.0,46.67,27259433.630000003
15286,19180,1091626.0,55813.0,64.0,69864064.0
15286,12985,576703.0,28205.0,46.67,26914729.01
15286,14005,623701.0,30336.0,64.0,39916864.0
15286,16142,3032796.0,143874.0,64.0,194098944.0
15286,15916,1366473.0,67149.0,64.0,87454272.0
15286,17770,5154756.0,259161.0,64.0,329904384.0
15286,12364,3737695.0,173677.0,64.0,239212480.0
15286,13179,130939.0,7116.0,145.0,18986155.0
15286,19539,667954.0,32617.0,64.0,42749056.0
15286,17822,822528.0,39104.0,64.0,52641792.0
15286,16262,1045433.0,53133.0,64.0,66907712.0
15286,16133,1863873.0,92876.0,64.0,119287872.0
15286,10178,670692.0,38322.0,64.0,42924288.0
15286,11568,1307713.0,61350.0,64.0,83693632.0
15286,13431,1112301.0,58624.0,64.0,71187264.0
15286,19185,798007.0,38987.0,64.0,51072448.0
15286,16366,3708244.0,173001.0,64.0,237327616.0
15286,13680,8353236.0,408540.0,64.0,534607104.0
15286,11027,3438957.0,167435.0,64.0,220093248.0
15286,10904,125737.0,6913.0,145.0,18231865.0
15286,17535,1124526.0,59600.0,64.0,71969664.0
15286,19171,1455079.0,72521.0,64.0,93125056.0
15286,11214,1843940.0,92173.0,64.0,118012160.0
15286,16916,1363423.0,67265.0,64.0,87259072.0
15286,18476,643092.0,33879.0,64.0,41157888.0
15286,11117,4116924.0,206315.0,64.0,263483136.0
15286,14252,745802.0,38375.0,64.0,47731328.0
15286,11472,3218158.0,159451.0,64.0,205962112.0
15286,12280,1857935.0,95783.0,64.0,118907840.0
15286,18446,151774.0,8603.0,145.0,22007230.0
15286,12757,1534589.0,80317.0,64.0,98213696.0
15286,17495,688153.0,36117.0,64.0,44041792.0
15286,15506,693109.0,33373.0,64.0,44358976.0
15286,10376,2001532.0,98864.0,64.0,128098048.0
15286,15286,0.0,0.0,145.0,0.0
15286,11168,3339552.0,167383.0,64.0,213731328.0
15286,13856,2694860.0,134714.0,64.0,172471040.0
15286,15292,1054027.0,58806.0,64.0,67457728.0
15286,13523,1048835.0,55630.0,64.0,67125440.0
15286,14376,4312650.0,217410.0,64.0,276009600.0
15286,17253,4105691.0,205455.0,64.0,262764224.0
15286,15028,9083493.0,441595.0,64.0,581343552.0
15286,15262,6238921.0,310705.0,64.0,399290944.0
15286,15206,140368.0,7720.0,145.0,20353360.0
15286,12379,1513702.0,82266.0,64.0,96876928.0
15286,15747,668214.0,32650.0,64.0,42765696.0
15286,19542,799645.0,38612.0,64.0,51177280.0
15286,13570,658011.0,35181.0,64.0,42112704.0
15286,13474,980814.0,51900.0,64.0,62772096.0
15286,10659,1259332.0,59112.0,64.0,80597248.0
15286,14070,642869.0,33840.0,64.0,41143616.0
15286,13101,2219061.0,109239.0,64.0,142019904.0
15286,12952,8350956.0,408440.0,64.0,534461184.0
15286,18182,3343834.0,166854.0,64.0,214005376.0
15286,19338,3010920.0,149255.0,64.0,192698880.0
15286,10989,1858488.0,92630.0,64.0,118943232.0
15286,18577,1029793.0,51856.0,64.0,65906752.0
15286,15204,4796139.0,246041.0,64.0,306952896.0
15286,13250,3680143.0,183739.0,64.0,235529152.0
15286,17039,3558493.0,167119.0,64.0,227743552.0
15286,14444,1124427.0,59092.0,64.0,71963328.0
15286,18849,1842623.0,95038.0,64.0,117927872.0
15286,10751,3311920.0,164925.0,64.0,211962880.0
11168,16219,3191694.0,157407.0,40.0,127667760.0
11168,10270,3240799.0,159487.0,40.0,129631960.0
11168,11461,3240752.0,159986.0,40.0,129630080.0
11168,10303,3261212.0,160745.0,40.0,130448480.0
11168,15973,3262419.0,160764.0,40.0,130496760.0
11168,14724,3270411.0,160987.0,40.0,130816440.0
11168,10708,3756881.0,191780.0,40.0,150275240.0
11168,13503,3272038.0,161332.0,40.0,130881520.0
11168,19311,3146755.0,159013.0,40.0,125870200.0
11168,10570,3889292.0,196958.0,40.0,155571680.0
11168,13578,1578342.0,80970.0,35.0,55241970.0
11168,10044,3235328.0,159644.0,40.0,129413120.0
11168,15401,1592923.0,81543.0,35.0,55752305.0
11168,18863,3918542.0,187438.0,40.0,156741680.0
11168,11267,3601876.0,181696.0,40.0,144075040.0
11168,12627,3231906.0,160036.0,40.0,129276240.0
11168,17784,3188548.0,158761.0,40.0,127541920.0
11168,13651,3895215.0,197145.0,40.0,155808600.0
11168,13183,2189465.0,111604.0,35.0,76631275.0
11168,15872,3180595.0,157359.0,40.0,127223800.0
11168,14076,3168099.0,156557.0,40.0,126723960.0
11168,16991,3900280.0,186902.0,40.0,156011200.0
11168,12663,2720670.0,134966.0,40.0,108826800.0
11168,12214,3989156.0,201629.0,40.0,159566240.0
11168,19921,3295892.0,161550.0,40.0,131835680.0
11168,18144,3081857.0,155035.0,40.0,123274280.0
11168,19371,1576231.0,80731.0,35.0,55168085.0
11168,16053,19733.0,1649.0,128.856,2542715.448
11168,18978,1033390.0,48363.0,82.47,85223673.3
11168,17312,3775840.0,194733.0,40.0,151033600.0
11168,19956,262330.0,13752.0,101.97,26749790.1
11168,12573,2463117.0,125592.0,23.28,57341363.760000005
11168,19469,3153689.0,157622.0,40.0,126147560.0
11168,11861,1749702.0,88331.0,35.0,61239570.0
11168,10327,2195269.0,108462.0,35.0,76834415.0
11168,17547,3295402.0,161428.0,40.0,131816080.0
11168,19180,3149194.0,163388.0,40.0,125967760.0
11168,12985,3259551.0,160228.0,40.0,130382040.0
11168,14005,3219110.0,158941.0,40.0,128764400.0
11168,16142,2513608.0,117193.0,23.28,58516794.24
11168,15916,3918999.0,202232.0,40.0,156759960.0
11168,17770,1828961.0,93793.0,35.0,64013635.0
11168,12364,1802830.0,86758.0,35.0,63099050.0
11168,13179,3237739.0,162374.0,40.0,129509560.0
11168,19539,3601779.0,181653.0,40.0,144071160.0
11168,17822,3397584.0,166482.0,40.0,135903360.0
11168,16262,2361758.0,118820.0,29.89,70592946.62
11168,16133,1473099.0,75165.0,35.0,51558465.0
11168,10178,3629505.0,180840.0,40.0,145180200.0
11168,11568,4299450.0,208331.0,40.0,171978000.0
11168,13431,3567613.0,181630.0,40.0,142704520.0
11168,19185,3731832.0,188023.0,40.0,149273280.0
11168,16366,1829809.0,88281.0,35.0,64043315.0
11168,13680,5027441.0,243172.0,40.0,201097640.0
11168,11027,772188.0,42015.0,82.47,63682344.36
11168,10904,3217599.0,160963.0,40.0,128703960.0
11168,17535,3579838.0,182606.0,40.0,143193520.0
11168,19171,1906190.0,96314.0,35.0,66716650.0
11168,11214,1930405.0,97040.0,35.0,67564175.0
11168,16916,3923228.0,202461.0,40.0,156929120.0
11168,18476,2758562.0,138565.0,40.0,110342480.0
11168,11117,791128.0,40947.0,82.47,65244326.16
11168,14252,2597642.0,129433.0,40.0,103905680.0
11168,11472,1236650.0,80670.0,35.0,43282750.0
11168,12280,3455887.0,184458.0,40.0,138235480.0
11168,18446,3455088.0,173788.0,40.0,138203520.0
11168,12757,2080394.0,105656.0,35.0,72813790.0
11168,17495,3139082.0,158489.0,40.0,125563280.0
11168,15506,3268166.0,160751.0,40.0,130726640.0
11168,10376,1703296.0,87217.0,35.0,59615360.0
11168,15286,3341626.0,167553.0,40.0,133665040.0
11168,11168,0.0,0.0,219.744,0.0
11168,13856,655924.0,34544.0,82.47,54094052.28
11168,15292,2512545.0,128706.0,23.28,58492047.6
11168,13523,2597511.0,127979.0,40.0,103900440.0
11168,14376,986855.0,52042.0,82.47,81385931.85
11168,17253,779896.0,40087.0,82.47,64318023.12
11168,15028,5757698.0,276227.0,40.0,230307920.0
11168,15262,2913126.0,145337.0,40.0,116525040.0
11168,15206,3477415.0,174858.0,40.0,139096600.0
11168,12379,3028776.0,155509.0,40.0,121151040.0
11168,15747,3602038.0,181686.0,40.0,144081520.0
11168,19542,3047249.0,150310.0,40.0,121889960.0
11168,13570,3902723.0,194340.0,40.0,156108920.0
11168,13474,2462636.0,125476.0,23.28,57330166.080000006
11168,10659,4231488.0,205467.0,40.0,169259520.0
11168,14070,2758339.0,138526.0,40.0,110333560.0
11168,13101,1920825.0,97592.0,35.0,67228875.0
11168,12952,5025161.0,243072.0,40.0,201006440.0
11168,18182,19586.0,1493.0,219.744,4303905.984
11168,19338,1445261.0,90808.0,35.0,50584135.0
11168,10989,1475808.0,75804.0,35.0,51653280.0
11168,18577,2315235.0,115839.0,29.89,69202374.15
11168,15204,1470345.0,80673.0,35.0,51462075.0
11168,13250,359768.0,18220.0,82.47,29670066.96
11168,17039,2071283.0,99692.0,35.0,72494905.0
11168,14444,3278366.0,169933.0,40.0,131134640.0
11168,18849,2828279.0,142409.0,40.0,113131160.0
11168,10751,1702115.0,103992.0,35.0,59574025.0
13856,16219,2545931.0,124667.0,33.0,84015723.0
13856,10270,2595037.0,126748.0,23.2848,60424917.5376
13856,11461,2594990.0,127246.0,23.2848,60423823.152
13856,10303,2615449.0,128006.0,23.2848,60900206.8752
13856,15973,2616656.0,128025.0,23.2848,60928311.628800005
13856,14724,2624648.0,128248.0,23.2848,61114403.7504
13856,10708,3111118.0,159041.0,23.2848,72441760.4064
13856,13503,2626276.0,128592.0,23.2848,61152311.404800005
13856,19311,2500993.0,126273.0,33.0,82532769.0
13856,10570,3243529.0,164219.0,23.2848,75524924.0592
13856,13578,932579.0,48231.0,30.0,27977370.0
13856,10044,2589565.0,126904.0,23.2848,60297503.112
13856,15401,947161.0,48804.0,30.0,28414830.0
13856,18863,3272780.0,154699.0,23.2848,76206027.744
13856,11267,2956113.0,148956.0,23.2848,68832499.9824
13856,12627,2586143.0,127297.0,23.2848,60217822.5264
13856,17784,2542785.0,126021.0,33.0,83911905.0
13856,13651,3249452.0,164405.0,23.2848,75662839.9296
13856,13183,1543702.0,78865.0,34.54,53319467.08
13856,15872,2534832.0,124619.0,33.0,83649456.0
13856,14076,2522336.0,123818.0,33.0,83237088.0
13856,16991,3254517.0,154163.0,23.2848,75780777.4416
13856,12663,2074907.0,102226.0,33.0,68471931.0
13856,12214,3343393.0,168890.0,23.2848,77850237.3264
13856,19921,2650129.0,128811.0,23.2848,61707723.7392
13856,18144,2436094.0,122296.0,33.0,80391102.0
13856,19371,930468.0,47991.0,30.0,27914040.0
13856,16053,649364.0,34015.0,26.678199999999997,17323862.6648
13856,18978,804080.0,34160.0,26.678199999999997,21451407.055999998
13856,17312,3130077.0,161994.0,23.2848,72883216.9296
13856,19956,917690.0,47370.0,26.678199999999997,24482317.357999995
13856,12573,1817354.0,92852.0,34.54,62771407.16
13856,19469,2507926.0,124883.0,33.0,82761558.0
13856,11861,1103940.0,55592.0,34.54,38130087.6
13856,10327,1549506.0,75723.0,34.54,53519937.24
13856,17547,2649640.0,128688.0,23.2848,61696337.472
13856,19180,2503432.0,130649.0,33.0,82613256.0
13856,12985,2613788.0,127488.0,23.2848,60861530.8224
13856,14005,2573347.0,126202.0,23.2848,59919870.225600004
13856,16142,2568980.0,113292.0,33.0,84776340.0
13856,15916,3273236.0,169492.0,23.2848,76216645.6128
13856,17770,2471617.0,126435.0,33.0,81563361.0
13856,12364,1858202.0,82857.0,34.54,64182297.08
13856,13179,2591976.0,129635.0,23.2848,60353642.764800005
13856,19539,2956017.0,148913.0,23.2848,68830264.6416
13856,17822,2751821.0,133743.0,23.2848,64075601.6208
13856,16262,1715995.0,86081.0,34.54,59270467.3
13856,16133,827336.0,42425.0,26.678199999999997,22071835.2752
13856,10178,2983742.0,148100.0,23.2848,69475835.7216
13856,11568,3653688.0,175591.0,23.2848,85075394.3424
13856,13431,2921850.0,148891.0,23.2848,68034692.88
13856,19185,3086069.0,155284.0,23.2848,71858499.45120001
13856,16366,1885180.0,84379.0,34.54,65114117.199999996
13856,13680,5670098.0,275815.0,23.2848,132027097.9104
13856,11027,766916.0,35128.0,26.678199999999997,20459938.431199998
13856,10904,2571836.0,128223.0,23.2848,59884686.8928
13856,17535,2934075.0,149866.0,23.2848,68319349.56
13856,19171,1260427.0,63574.0,34.54,43535148.58
13856,11214,1284642.0,64300.0,34.54,44371534.68
13856,16916,3277465.0,169722.0,23.2848,76315117.032
13856,18476,2112799.0,105825.0,33.0,69722367.0
13856,11117,1433785.0,73589.0,34.54,49522933.9
13856,14252,1951879.0,96694.0,33.0,64412007.0
13856,11472,967113.0,69234.0,30.0,29013390.0
13856,12280,2810125.0,151719.0,23.2848,65433198.6
13856,18446,2809325.0,141048.0,23.2848,65414570.760000005
13856,12757,1434632.0,72917.0,34.54,49552189.28
13856,17495,2493319.0,125749.0,33.0,82279527.0
13856,15506,2622403.0,128012.0,23.2848,61062129.374400005
13856,10376,1057534.0,54477.0,34.54,36527224.36
13856,15286,2695863.0,134814.0,23.2848,62772630.782400005
13856,11168,656413.0,34658.0,26.678199999999997,17511917.2966
13856,13856,0.0,0.0,26.678199999999997,0.0
13856,15292,1866782.0,95966.0,34.54,64478650.28
13856,13523,1951748.0,95240.0,33.0,64407684.0
13856,14376,1629511.0,84684.0,34.54,56283309.94
13856,17253,1422552.0,72729.0,34.54,49134946.08
13856,15028,6400354.0,308870.0,23.2848,149030962.8192
13856,15262,3555782.0,177979.0,23.2848,82795672.7136
13856,15206,2831652.0,142118.0,23.2848,65934450.4896
13856,12379,2383013.0,122769.0,33.0,78639429.0
13856,15747,2956276.0,148947.0,23.2848,68836295.4048
13856,19542,2401486.0,117571.0,33.0,79249038.0
13856,13570,3256960.0,161600.0,23.2848,75837662.208
13856,13474,1816873.0,92736.0,34.54,62754793.42
13856,10659,3585725.0,172728.0,23.2848,83492889.48
13856,14070,2112576.0,105787.0,33.0,69715008.0
13856,13101,1275062.0,64852.0,34.54,44040641.48
13856,12952,5667818.0,275715.0,23.2848,131974008.5664
13856,18182,660695.0,34129.0,26.678199999999997,17626153.349
13856,19338,1248721.0,65841.0,34.54,43130823.339999996
13856,10989,830046.0,43065.0,26.678199999999997,22144133.197199997
13856,18577,1669472.0,83100.0,34.54,57663562.879999995
13856,15204,2113001.0,113316.0,33.0,69729033.0
13856,13250,997004.0,51013.0,30.0,29910120.0
13856,17039,2126655.0,95791.0,33.0,70179615.0
13856,14444,2632604.0,137194.0,23.2848,61299657.6192
13856,18849,2182516.0,109670.0,33.0,72023028.0
13856,10751,1549720.0,81511.0,34.54,53527328.8
15292,16219,1354708.0,68730.0,50.0,67735400.0
15292,10270,1239904.0,68895.0,50.0,61995200.0
15292,11461,1264802.0,70033.0,50.0,63240100.0
15292,10303,1254150.0,69398.0,50.0,62707500.0
15292,15973,1251954.0,69460.0,50.0,62597700.0
15292,14724,1433426.0,72311.0,50.0,71671300.0
15292,10708,1407868.0,78756.0,50.0,70393400.0
15292,13503,1295338.0,71366.0,50.0,64766900.0
15292,19311,799397.0,46121.0,82.85508,66234102.386760004
15292,10570,1541934.0,84066.0,50.0,77096700.0
15292,13578,1058934.0,54281.0,82.85508,87738061.28472
15292,10044,1257815.0,69570.0,50.0,62890750.0
15292,15401,1054691.0,54028.0,82.85508,87386507.18028
15292,18863,2081557.0,98762.0,50.0,104077850.0
15292,11267,1254518.0,68804.0,50.0,62725900.0
15292,12627,1394920.0,71360.0,50.0,69746000.0
15292,17784,1101869.0,61522.0,82.85508,91295444.14452
15292,13651,1547856.0,84253.0,50.0,77392800.0
15292,13183,314460.0,17736.0,82.85508,26054608.4568
15292,15872,1343609.0,68682.0,50.0,67180450.0
15292,14076,1331113.0,67881.0,50.0,66555650.0
15292,16991,2063294.0,98226.0,50.0,103164700.0
15292,12663,728128.0,37460.0,82.85508,60329103.69024
15292,12214,1482508.0,83417.0,50.0,74125400.0
15292,19921,1234654.0,68870.0,50.0,61732700.0
15292,18144,1251392.0,66900.0,50.0,62569600.0
15292,19371,1054497.0,53906.0,82.85508,87370433.29476
15292,16053,2503473.0,127940.0,50.0,125173650.0
15292,18978,1965844.0,90495.0,50.0,98292200.0
15292,17312,1426827.0,81709.0,50.0,71341350.0
15292,19956,2771800.0,141295.0,50.0,138590000.0
15292,12573,529032.0,29714.0,82.85508,43832988.68256
15292,19469,970290.0,55037.0,82.85508,80393455.5732
15292,11861,747441.0,40757.0,82.85508,61929283.85028
15292,10327,585633.0,32888.0,82.85508,48522669.06564
15292,17547,1234165.0,68747.0,50.0,61708250.0
15292,19180,1561943.0,84181.0,50.0,78097150.0
15292,12985,1226779.0,68255.0,50.0,61338950.0
15292,14005,1266544.0,70143.0,50.0,63327200.0
15292,16142,1986725.0,86033.0,50.0,99336250.0
15292,15916,1591620.0,88746.0,50.0,79581000.0
15292,17770,4325726.0,220361.0,50.0,216286300.0
15292,12364,2691624.0,115836.0,50.0,134581200.0
15292,13179,954654.0,53867.0,82.85508,79097933.54232
15292,19539,1254421.0,68761.0,50.0,62721050.0
15292,17822,1560599.0,77806.0,50.0,78029950.0
15292,16262,275038.0,16020.0,82.85508,22788295.49304
15292,16133,1034843.0,54075.0,82.85508,85741999.55244
15292,10178,1649215.0,90198.0,50.0,82460750.0
15292,11568,2260558.0,117482.0,50.0,113027900.0
15292,13431,983324.0,60184.0,82.85508,81473388.68592
15292,19185,1384473.0,75131.0,50.0,69223650.0
15292,16366,2662173.0,115161.0,50.0,133108650.0
15292,13680,7524207.0,369740.0,50.0,376210350.0
15292,11027,2712520.0,118542.0,50.0,135626000.0
15292,10904,934514.0,52456.0,82.85508,77429232.23112
15292,17535,986409.0,60471.0,82.85508,81728996.60772
15292,19171,626049.0,33720.0,82.85508,51871339.97892
15292,11214,1014911.0,53373.0,82.85508,84090532.09788
15292,16916,1601818.0,89037.0,50.0,80090900.0
15292,18476,412096.0,25162.0,82.85508,34144247.04768
15292,11117,3287894.0,167515.0,50.0,164394700.0
15292,14252,605100.0,31928.0,82.85508,50135608.908
15292,11472,2389128.0,120651.0,50.0,119456400.0
15292,12280,2093680.0,113735.0,50.0,104684000.0
15292,18446,1167603.0,65016.0,50.0,58380150.0
15292,12757,764637.0,42832.0,82.85508,63354059.80596
15292,17495,791724.0,45597.0,82.85508,65598355.35792
15292,15506,1431180.0,72075.0,50.0,71559000.0
15292,10376,1172502.0,60064.0,50.0,58625100.0
15292,15286,1054142.0,58782.0,82.85508,87341019.74136
15292,11168,2510522.0,128583.0,50.0,125526100.0
15292,13856,1865830.0,95914.0,50.0,93291500.0
15292,15292,0.0,0.0,82.85508,0.0
15292,13523,806143.0,41489.0,82.85508,66793042.75644
15292,14376,3483621.0,178610.0,50.0,174181050.0
15292,17253,3276662.0,166655.0,50.0,163833100.0
15292,15028,8254463.0,402795.0,50.0,412723150.0
15292,15262,5409891.0,271905.0,50.0,270494550.0
15292,15206,1189930.0,66086.0,50.0,59496500.0
15292,12379,516829.0,26903.0,82.85508,42821908.14132
15292,15747,1254680.0,68794.0,50.0,62734000.0
15292,19542,1210263.0,61634.0,50.0,60513150.0
15292,13570,1673840.0,91594.0,50.0,83692000.0
15292,13474,528551.0,29598.0,82.85508,43793135.38908
15292,10659,2251198.0,114826.0,50.0,112559900.0
15292,14070,412161.0,25137.0,82.85508,34149632.62788
15292,13101,1390031.0,70439.0,50.0,69501550.0
15292,12952,7521927.0,369640.0,50.0,376096350.0
15292,18182,2514805.0,128054.0,50.0,125740250.0
15292,19338,2181891.0,110455.0,50.0,109094550.0
15292,10989,1029458.0,53830.0,82.85508,85295824.94664
15292,18577,327598.0,18667.0,82.85508,27143158.49784
15292,15204,3967110.0,207241.0,50.0,198355500.0
15292,13250,3061800.0,137009.0,50.0,153090000.0
15292,17039,2512422.0,109279.0,50.0,125621100.0
15292,14444,1633080.0,89888.0,50.0,81654000.0
15292,18849,1443768.0,76580.0,50.0,72188400.0
15292,10751,2482890.0,126125.0,50.0,124144500.0
13523,16219,643344.0,33175.0,24.75,15922764.0
13523,10270,692449.0,35256.0,45.0,31160205.0
13523,11461,692402.0,35754.0,45.0,31158090.0
13523,10303,712862.0,36514.0,20.895,14895251.49
13523,15973,714069.0,36533.0,20.895,14920471.754999999
13523,14724,722061.0,36756.0,20.895,15087464.594999999
13523,10708,1656373.0,86479.0,20.895,34609913.835
13523,13503,723688.0,37100.0,20.895,15121460.76
13523,19311,1046248.0,53712.0,20.895,21861351.96
13523,10570,1650708.0,87887.0,20.895,34491543.66
13523,13578,1038723.0,49165.0,20.895,21704117.085
13523,10044,686978.0,35413.0,45.0,30914010.0
13523,15401,1034480.0,48912.0,20.895,21615459.599999998
13523,18863,1370192.0,63207.0,20.895,28630161.84
13523,11267,1363292.0,72625.0,20.895,28485986.34
13523,12627,683555.0,35805.0,45.0,30759975.0
13523,17784,663507.0,36249.0,45.0,29857815.0
13523,13651,1656631.0,88074.0,20.895,34615304.745
13523,13183,868491.0,42879.0,20.895,18147119.445
13523,15872,632245.0,33127.0,24.75,15648063.75
13523,14076,619749.0,32326.0,24.75,15338787.75
13523,16991,1351930.0,62671.0,20.895,28248577.349999998
13523,12663,454192.0,24142.0,24.75,11241252.0
13523,12214,1888648.0,96328.0,20.895,39463299.96
13523,19921,747542.0,37319.0,20.895,15619890.09
13523,18144,488234.0,27544.0,24.75,12083791.5
13523,19371,1034286.0,48790.0,20.895,21611405.97
13523,16053,2594244.0,128088.0,20.895,54206728.379999995
13523,18978,2173352.0,101295.0,20.895,45412190.04
13523,17312,1675332.0,89432.0,20.895,35006062.14
13523,19956,2862571.0,141443.0,20.895,59813421.045
13523,12573,248545.0,12618.0,65.0,16155425.0
13523,19469,861640.0,45729.0,20.895,18003967.8
13523,11861,1036292.0,53552.0,20.895,21653321.34
13523,10327,409847.0,21952.0,24.75,10143713.25
13523,17547,747052.0,37196.0,20.895,15609651.54
13523,19180,798785.0,44825.0,20.895,16690612.575
13523,12985,711200.0,35997.0,20.895,14860524.0
13523,14005,670760.0,34710.0,45.0,30184200.0
13523,16142,2650353.0,120846.0,20.895,55379125.935
13523,15916,1818491.0,96931.0,20.895,37997369.445
13523,17770,4416498.0,220508.0,20.895,92282725.71
13523,12364,3355251.0,150649.0,20.895,70107969.645
13523,13179,945690.0,50481.0,20.895,19760192.55
13523,19539,1363195.0,72582.0,20.895,28483959.525
13523,17822,849234.0,42251.0,20.895,17744744.43
13523,16262,525510.0,25826.0,24.75,13006372.5
13523,16133,1112324.0,55489.0,20.895,23242009.98
13523,10178,1081155.0,56608.0,20.895,22590733.724999998
13523,11568,1751100.0,84100.0,20.895,36589234.5
13523,13431,1467105.0,76329.0,20.895,30655158.974999998
13523,19185,1493248.0,78952.0,20.895,31201416.96
13523,16366,3325800.0,149973.0,20.895,69492591.0
13523,13680,7614978.0,369888.0,20.895,159114965.31
13523,11027,2700699.0,128783.0,20.895,56431105.605
13523,10904,925549.0,49069.0,20.895,19339346.355
13523,17535,1479330.0,77304.0,20.895,30910600.349999998
13523,19171,693802.0,35197.0,45.0,31221090.0
13523,11214,748314.0,42102.0,20.895,15636021.03
13523,16916,1822720.0,97160.0,20.895,38085734.4
13523,18476,671953.0,33960.0,45.0,30237885.0
13523,11117,3378665.0,167662.0,20.895,70597205.175
13523,14252,496021.0,24028.0,24.75,12276519.75
13523,11472,2368917.0,115535.0,20.895,49498520.714999996
13523,12280,1370408.0,75489.0,20.895,28634675.16
13523,18446,1202633.0,61731.0,20.895,25129016.535
13523,12757,575629.0,30399.0,24.75,14246817.75
13523,17495,1038574.0,53188.0,20.895,21701003.73
13523,15506,719816.0,36520.0,20.895,15040555.32
13523,10376,1152291.0,54948.0,20.895,24077120.445
13523,15286,1049577.0,55660.0,20.895,21930911.415
13523,11168,2601294.0,128731.0,20.895,54354038.129999995
13523,13856,1956602.0,96061.0,20.895,40883198.79
13523,15292,795132.0,41383.0,20.895,16614283.139999999
13523,13523,0.0,0.0,65.0,0.0
13523,14376,3574392.0,178757.0,20.895,74686920.84
13523,17253,3367433.0,166802.0,20.895,70362512.535
13523,15028,8345235.0,402943.0,20.895,174373685.325
13523,15262,5500663.0,272053.0,20.895,114936353.38499999
13523,15206,1185366.0,62964.0,20.895,24768222.57
13523,12379,1311362.0,68186.0,20.895,27400908.99
13523,15747,1363455.0,72615.0,20.895,28489392.224999998
13523,19542,494180.0,25664.0,24.75,12230955.0
13523,13570,1354373.0,70109.0,20.895,28299623.835
13523,13474,248063.0,12502.0,65.0,16124095.0
13523,10659,1683137.0,81236.0,20.895,35169147.615
13523,14070,671730.0,33921.0,45.0,30227850.0
13523,13101,1175733.0,63875.0,20.895,24566941.035
13523,12952,7612698.0,369788.0,20.895,159067324.71
13523,18182,2605576.0,128202.0,20.895,54443510.519999996
13523,19338,2161679.0,105339.0,20.895,45168282.705
13523,10989,1106939.0,55244.0,20.895,23129490.405
13523,18577,443395.0,22974.0,24.75,10974026.25
13523,15204,4057881.0,207389.0,20.895,84789423.495
13523,13250,2941884.0,145086.0,20.895,61470666.18
13523,17039,3176049.0,144091.0,20.895,66363543.855
13523,14444,869921.0,50532.0,20.895,18176999.294999998
13523,18849,796081.0,39763.0,20.895,16634112.495
13523,10751,2462679.0,121009.0,20.895,51457677.705
14376,16219,4164591.0,207489.0,35.0,145760685.0
14376,10270,4213696.0,209569.0,35.0,147479360.0
14376,11461,4213649.0,210067.0,35.0,147477715.0
14376,10303,4234109.0,210827.0,35.0,148193815.0
14376,15973,4235316.0,210846.0,35.0,148236060.0
14376,14724,4243308.0,211069.0,35.0,148515780.0
14376,10708,4729777.0,241862.0,35.0,165542195.0
14376,13503,4244935.0,211414.0,35.0,148572725.0
14376,19311,4119652.0,209095.0,35.0,144187820.0
14376,10570,4862189.0,247040.0,35.0,170176615.0
14376,13578,2551238.0,131052.0,35.0,89293330.0
14376,10044,4208225.0,209726.0,35.0,147287875.0
14376,15401,2565820.0,131625.0,35.0,89803700.0
14376,18863,4891439.0,237520.0,35.0,171200365.0
14376,11267,4574773.0,231778.0,35.0,160117055.0
14376,12627,4204802.0,210118.0,35.0,147168070.0
14376,17784,4161444.0,208843.0,35.0,145650540.0
14376,13651,4868111.0,247226.0,35.0,170383885.0
14376,13183,3162362.0,161686.0,35.0,110682670.0
14376,15872,4153491.0,207441.0,35.0,145372185.0
14376,14076,4140996.0,206639.0,35.0,144934860.0
14376,16991,4873177.0,236984.0,35.0,170561195.0
14376,12663,3693566.0,185047.0,35.0,129274810.0
14376,12214,4962052.0,251711.0,35.0,173671820.0
14376,19921,4268789.0,211632.0,35.0,149407615.0
14376,18144,4054754.0,205117.0,35.0,141916390.0
14376,19371,2549127.0,130812.0,35.0,89219445.0
14376,16053,1000076.0,53026.0,4.78,4780363.28
14376,18978,2105568.0,98698.0,35.0,73694880.0
14376,17312,4748736.0,244815.0,35.0,166205760.0
14376,19956,741369.0,39993.0,4.78,3543743.8200000003
14376,12573,3436014.0,175674.0,35.0,120260490.0
14376,19469,4126586.0,207704.0,35.0,144430510.0
14376,11861,2722599.0,138413.0,35.0,95290965.0
14376,10327,3168166.0,158544.0,35.0,110885810.0
14376,17547,4268299.0,211510.0,35.0,149390465.0
14376,19180,4122091.0,213470.0,35.0,144273185.0
14376,12985,4232447.0,210310.0,35.0,148135645.0
14376,14005,4192007.0,209023.0,35.0,146720245.0
14376,16142,3421928.0,162995.0,35.0,119767480.0
14376,15916,4891895.0,252314.0,35.0,171216325.0
14376,17770,1459759.0,75579.0,4.78,6977648.0200000005
14376,12364,2711150.0,132560.0,35.0,94890250.0
14376,13179,4210635.0,212456.0,35.0,147372225.0
14376,19539,4574676.0,231735.0,35.0,160113660.0
14376,17822,4370481.0,216564.0,35.0,152966835.0
14376,16262,3334655.0,168902.0,35.0,116712925.0
14376,16133,2445996.0,125246.0,35.0,85609860.0
14376,10178,4602402.0,230922.0,35.0,161084070.0
14376,11568,5272347.0,258413.0,35.0,184532145.0
14376,13431,4540510.0,231712.0,35.0,158917850.0
14376,19185,4704728.0,238105.0,35.0,164665480.0
14376,16366,2738129.0,134083.0,35.0,95834515.0
14376,13680,4658240.0,224958.0,35.0,163038400.0
14376,11027,1680508.0,87817.0,4.78,8032828.24
14376,10904,4190495.0,211044.0,35.0,146667325.0
14376,17535,4552735.0,232687.0,35.0,159345725.0
14376,19171,2879087.0,146396.0,35.0,100768045.0
14376,11214,2903301.0,147122.0,35.0,101615535.0
14376,16916,4896124.0,252543.0,35.0,171364340.0
14376,18476,3731459.0,188647.0,35.0,130601065.0
14376,11117,419960.0,21883.0,4.78,2007408.8
14376,14252,3570539.0,179515.0,35.0,124968865.0
14376,11472,1834187.0,126706.0,35.0,64196545.0
14376,12280,4428784.0,234540.0,35.0,155007440.0
14376,18446,4427985.0,223870.0,35.0,154979475.0
14376,12757,3053291.0,155738.0,35.0,106865185.0
14376,17495,4111978.0,208571.0,35.0,143919230.0
14376,15506,4241063.0,210833.0,35.0,148437205.0
14376,10376,2676193.0,137299.0,35.0,93666755.0
14376,15286,4314523.0,217635.0,35.0,151008305.0
14376,11168,987602.0,52119.0,4.78,4720737.5600000005
14376,13856,1628821.0,84626.0,4.78,7785764.380000001
14376,15292,3485442.0,178787.0,35.0,121990470.0
14376,13523,3570408.0,178061.0,35.0,124964280.0
14376,14376,0.0,0.0,4.78,0.0
14376,17253,440643.0,22559.0,4.78,2106273.54
14376,15028,5388496.0,258013.0,35.0,188597360.0
14376,15262,2543925.0,127123.0,35.0,89037375.0
14376,15206,4450312.0,224940.0,35.0,155760920.0
14376,12379,4001673.0,205591.0,35.0,140058555.0
14376,15747,4574935.0,231768.0,35.0,160122725.0
14376,19542,4020146.0,200392.0,35.0,140705110.0
14376,13570,4875620.0,244422.0,35.0,170646700.0
14376,13474,3435533.0,175558.0,35.0,120243655.0
14376,10659,5204385.0,255549.0,35.0,182153475.0
14376,14070,3731236.0,188608.0,35.0,130593260.0
14376,13101,2893722.0,147674.0,35.0,101280270.0
14376,12952,4655960.0,224858.0,35.0,162958600.0
14376,18182,973339.0,51285.0,4.78,4652560.42
14376,19338,2042798.0,136844.0,35.0,71497930.0
14376,10989,2448705.0,125886.0,35.0,85704675.0
14376,18577,3288132.0,165921.0,35.0,115084620.0
14376,15204,1101143.0,62459.0,4.78,5263463.54
14376,13250,1204520.0,63063.0,4.78,5757605.600000001
14376,17039,2979604.0,145494.0,35.0,104286140.0
14376,14444,4251263.0,220015.0,35.0,148794205.0
14376,18849,3801176.0,192491.0,35.0,133041160.0
14376,10751,2299652.0,150027.0,35.0,80487820.0
17253,16219,3957487.0,195532.0,27.1656,107507508.8472
17253,10270,4006593.0,197613.0,27.1656,108841502.80080001
17253,11461,4006546.0,198111.0,27.1656,108840226.0176
17253,10303,4027005.0,198871.0,27.1656,109396007.02800001
17253,15973,4028212.0,198890.0,27.1656,109428795.90720001
17253,14724,4036204.0,199113.0,27.1656,109645903.3824
17253,10708,4522674.0,229906.0,27.1656,122861152.8144
17253,13503,4037832.0,199457.0,27.1656,109690128.9792
17253,19311,3912548.0,197138.0,27.1656,106286713.94880001
17253,10570,4655085.0,235084.0,27.1656,126458177.076
17253,13578,2344135.0,119096.0,27.1656,63679833.756000005
17253,10044,4001121.0,197769.0,27.1656,108692852.6376
17253,15401,2358717.0,119669.0,27.1656,64075962.5352
17253,18863,4684336.0,225564.0,27.1656,127252798.0416
17253,11267,4367669.0,219821.0,27.1656,118650348.98640001
17253,12627,3997699.0,198162.0,27.1656,108599891.9544
17253,17784,3954341.0,196886.0,27.1656,107422045.8696
17253,13651,4661008.0,235270.0,27.1656,126619078.92480001
17253,13183,2955258.0,149730.0,27.1656,80281356.7248
17253,15872,3946388.0,195484.0,27.1656,107205997.85280001
17253,14076,3933892.0,194683.0,27.1656,106866536.5152
17253,16991,4666073.0,225028.0,27.1656,126756672.6888
17253,12663,3486463.0,173091.0,27.1656,94711859.2728
17253,12214,4754949.0,239755.0,27.1656,129171042.55440001
17253,19921,4061685.0,199676.0,27.1656,110338110.036
17253,18144,3847650.0,193161.0,27.1656,104523720.84
17253,19371,2342024.0,118856.0,27.1656,63622487.1744
17253,16053,792973.0,41069.0,3.9199999999999995,3108454.1599999997
17253,18978,1898464.0,86742.0,27.1656,51572913.6384
17253,17312,4541633.0,232859.0,27.1656,123376185.42480001
17253,19956,534265.0,28037.0,3.9199999999999995,2094318.7999999998
17253,12573,3228910.0,163717.0,27.1656,87715277.496
17253,19469,3919482.0,195748.0,27.1656,106475080.2192
17253,11861,2515496.0,126457.0,27.1656,68334958.1376
17253,10327,2961062.0,146588.0,27.1656,80439025.8672
17253,17547,4061196.0,199553.0,27.1656,110324826.0576
17253,19180,3914988.0,201514.0,27.1656,106352998.01280001
17253,12985,4025344.0,198353.0,27.1656,109350884.96640001
17253,14005,3984903.0,197067.0,27.1656,108252280.9368
17253,16142,3214825.0,151039.0,27.1656,87332650.02000001
17253,15916,4684792.0,240357.0,27.1656,127265185.55520001
17253,17770,1056129.0,54453.0,3.9199999999999995,4140025.6799999992
17253,12364,2504047.0,120603.0,27.1656,68023939.1832
17253,13179,4003531.0,200500.0,27.1656,108758321.7336
17253,19539,4367572.0,219778.0,27.1656,118647713.92320001
17253,17822,4163377.0,204608.0,27.1656,113100634.23120001
17253,16262,3127551.0,156946.0,27.1656,84961799.4456
17253,16133,2238892.0,113290.0,27.1656,60820844.515200004
17253,10178,4395299.0,218965.0,27.1656,119400934.5144
17253,11568,5065244.0,246456.0,27.1656,137600392.4064
17253,13431,4333407.0,219756.0,27.1656,117719601.1992
17253,19185,4497625.0,226149.0,27.1656,122180681.7
17253,16366,2531025.0,122126.0,27.1656,68756812.74000001
17253,13680,4254610.0,203833.0,27.1656,115579033.41600001
17253,11027,1473405.0,75861.0,3.9199999999999995,5775747.6
17253,10904,3983391.0,199088.0,27.1656,108211206.5496
17253,17535,4345631.0,220731.0,27.1656,118051673.49360001
17253,19171,2671983.0,134439.0,27.1656,72586021.3848
17253,11214,2696198.0,135165.0,27.1656,73243836.38880001
17253,16916,4689021.0,240587.0,27.1656,127380068.8776
17253,18476,3524355.0,176690.0,27.1656,95741218.18800001
17253,11117,22731.0,1891.0,3.9199999999999995,89105.51999999999
17253,14252,3363435.0,167559.0,27.1656,91369729.83600001
17253,11472,1627083.0,114749.0,3.9199999999999995,6378165.359999999
17253,12280,4221681.0,222584.0,27.1656,114684497.3736
17253,18446,4220881.0,211913.0,27.1656,114662764.8936
17253,12757,2846188.0,143782.0,27.1656,77318404.7328
17253,17495,3904875.0,196614.0,27.1656,106078272.30000001
17253,15506,4033959.0,198877.0,27.1656,109584916.6104
17253,10376,2469090.0,125342.0,27.1656,67074311.304000005
17253,15286,4107419.0,205679.0,27.1656,111580501.5864
17253,11168,780498.0,40162.0,3.9199999999999995,3059552.1599999997
17253,13856,1421717.0,72669.0,3.9199999999999995,5573130.64
17253,15292,3278338.0,166831.0,27.1656,89058018.7728
17253,13523,3363304.0,166105.0,27.1656,91366171.14240001
17253,14376,440838.0,22578.0,3.9199999999999995,1728084.9599999997
17253,17253,0.0,0.0,386.01,0.0
17253,15028,4984866.0,236888.0,27.1656,135416875.8096
17253,15262,2140294.0,105998.0,27.1656,58142370.686400004
17253,15206,4243208.0,212983.0,27.1656,115269291.2448
17253,12379,3794569.0,193634.0,27.1656,103081743.62640001
17253,15747,4367832.0,219812.0,27.1656,118654776.9792
17253,19542,3813042.0,188436.0,27.1656,103583573.7552
17253,13570,4668516.0,232465.0,27.1656,126823038.24960001
17253,13474,3228429.0,163601.0,27.1656,87702210.8424
17253,10659,4997282.0,243593.0,27.1656,135754163.8992
17253,14070,3524132.0,176652.0,27.1656,95735160.2592
17253,13101,2686619.0,135717.0,27.1656,72983617.1064
17253,12952,4252330.0,203733.0,27.1656,115517095.848
17253,18182,766235.0,39329.0,3.9199999999999995,3003641.1999999997
17253,19338,1835694.0,124887.0,27.1656,49867728.926400006
17253,10989,2241602.0,113930.0,27.1656,60894463.291200005
17253,18577,3081028.0,153965.0,27.1656,83697974.2368
17253,15204,697513.0,41334.0,3.9199999999999995,2734250.9599999995
17253,13250,997417.0,51106.0,3.9199999999999995,3909874.6399999997
17253,17039,2772500.0,133537.0,27.1656,75316626.0
17253,14444,4044159.0,208059.0,27.1656,109862005.73040001
17253,18849,3594072.0,180535.0,27.1656,97635122.3232
17253,10751,2092548.0,138071.0,27.1656,56845321.948800005
15028,16219,8927692.0,431321.0,25.0,223192300.0
15028,10270,8976797.0,433402.0,25.0,224419925.0
15028,11461,8976750.0,433900.0,25.0,224418750.0
15028,10303,8997210.0,434660.0,25.0,224930250.0
15028,15973,8998417.0,434679.0,25.0,224960425.0
15028,14724,9006409.0,434902.0,25.0,225160225.0
15028,10708,9492878.0,465695.0,25.0,237321950.0
15028,13503,9008036.0,435246.0,25.0,225200900.0
15028,19311,8882753.0,432927.0,25.0,222068825.0
15028,10570,9625290.0,470873.0,25.0,240632250.0
15028,13578,7314339.0,354885.0,25.0,182858475.0
15028,10044,8971326.0,433558.0,25.0,224283150.0
15028,15401,7328921.0,355458.0,25.0,183223025.0
15028,18863,9654540.0,461353.0,25.0,241363500.0
15028,11267,9337874.0,455610.0,25.0,233446850.0
15028,12627,8967903.0,433951.0,25.0,224197575.0
15028,17784,8924546.0,432675.0,25.0,223113650.0
15028,13651,9631212.0,471059.0,25.0,240780300.0
15028,13183,7925463.0,385519.0,25.0,198136575.0
15028,15872,8916593.0,431273.0,25.0,222914825.0
15028,14076,8904097.0,430472.0,25.0,222602425.0
15028,16991,9636278.0,460817.0,25.0,240906950.0
15028,12663,8456667.0,408880.0,25.0,211416675.0
15028,12214,9725154.0,475544.0,25.0,243128850.0
15028,19921,9031890.0,435465.0,25.0,225797250.0
15028,18144,8817854.0,428950.0,25.0,220446350.0
15028,19371,7312228.0,354645.0,25.0,182805700.0
15028,16053,5763177.0,276858.0,25.0,144079425.0
15028,18978,6868669.0,322531.0,25.0,171716725.0
15028,17312,9511837.0,468648.0,25.0,237795925.0
15028,19956,5504469.0,263826.0,25.0,137611725.0
15028,12573,8199114.0,399506.0,25.0,204977850.0
15028,19469,8889686.0,431537.0,25.0,222242150.0
15028,11861,7485700.0,362246.0,25.0,187142500.0
15028,10327,7931266.0,382377.0,25.0,198281650.0
15028,17547,9031400.0,435342.0,25.0,225785000.0
15028,19180,8885192.0,437303.0,25.0,222129800.0
15028,12985,8995548.0,434142.0,25.0,224888700.0
15028,14005,8955108.0,432856.0,25.0,223877700.0
15028,16142,8185029.0,386828.0,25.0,204625725.0
15028,15916,9654996.0,476146.0,25.0,241374900.0
15028,17770,3940664.0,184258.0,62.0,244321168.0
15028,12364,7474251.0,356392.0,25.0,186856275.0
15028,13179,8973736.0,436289.0,25.0,224343400.0
15028,19539,9337777.0,455567.0,25.0,233444425.0
15028,17822,9133582.0,440397.0,25.0,228339550.0
15028,16262,8097755.0,392735.0,25.0,202443875.0
15028,16133,7209097.0,349079.0,25.0,180227425.0
15028,10178,9365503.0,454754.0,25.0,234137575.0
15028,11568,10035447.0,482245.0,25.0,250886175.0
15028,13431,9303611.0,455545.0,25.0,232590275.0
15028,19185,9467830.0,461938.0,25.0,236695750.0
15028,16366,7501230.0,357915.0,25.0,187530750.0
15028,13680,725101.0,32798.0,62.0,44956262.0
15028,11027,6443609.0,311650.0,25.0,161090225.0
15028,10904,8953595.0,434877.0,25.0,223839875.0
15028,17535,9315836.0,456520.0,25.0,232895900.0
15028,19171,7642187.0,370228.0,25.0,191054675.0
15028,11214,7666402.0,370954.0,25.0,191660050.0
15028,16916,9659225.0,476376.0,25.0,241480625.0
15028,18476,8494559.0,412479.0,25.0,212363975.0
15028,11117,4964619.0,236145.0,25.0,124115475.0
15028,14252,8333639.0,403348.0,25.0,208340975.0
15028,11472,6597287.0,350538.0,25.0,164932175.0
15028,12280,9191885.0,458373.0,25.0,229797125.0
15028,18446,9191085.0,447702.0,25.0,229777125.0
15028,12757,7816392.0,379571.0,25.0,195409800.0
15028,17495,8875079.0,432403.0,25.0,221876975.0
15028,15506,9004164.0,434666.0,25.0,225104100.0
15028,10376,7439294.0,361131.0,25.0,185982350.0
15028,15286,9077623.0,441468.0,25.0,226940575.0
15028,11168,5750703.0,275951.0,25.0,143767575.0
15028,13856,6391922.0,308458.0,25.0,159798050.0
15028,15292,8248543.0,402620.0,25.0,206213575.0
15028,13523,8333508.0,401894.0,25.0,208337700.0
15028,14376,5382241.0,257758.0,25.0,134556025.0
15028,17253,4978498.0,236619.0,25.0,124462450.0
15028,15028,0.0,0.0,62.0,0.0
15028,15262,2830416.0,131315.0,62.0,175485792.0
15028,15206,9213412.0,448772.0,25.0,230335300.0
15028,12379,8764774.0,429423.0,25.0,219119350.0
15028,15747,9338036.0,455601.0,25.0,233450900.0
15028,19542,8783246.0,424225.0,25.0,219581150.0
15028,13570,9638721.0,468254.0,25.0,240968025.0
15028,13474,8198633.0,399390.0,25.0,204965825.0
15028,10659,9967485.0,479382.0,25.0,249187125.0
15028,14070,8494336.0,412441.0,25.0,212358400.0
15028,13101,7656823.0,371506.0,25.0,191420575.0
15028,12952,742893.0,33627.0,62.0,46059366.0
15028,18182,5736439.0,275118.0,25.0,143410975.0
15028,19338,6805899.0,360676.0,25.0,170147475.0
15028,10989,7211806.0,349719.0,25.0,180295150.0
15028,18577,8051232.0,389754.0,25.0,201280800.0
15028,15204,4555476.0,215021.0,62.0,282439512.0
15028,13250,5967621.0,286895.0,25.0,149190525.0
15028,17039,7742704.0,369326.0,25.0,193567600.0
15028,14444,9014364.0,443848.0,25.0,225359100.0
15028,18849,8564277.0,416324.0,25.0,214106925.0
15028,10751,7062753.0,373860.0,25.0,176568825.0
15262,16219,6091235.0,300831.0,47.0,286288045.0
15262,10270,6140340.0,302911.0,42.6888,262123746.192
15262,11461,6140293.0,303410.0,42.6888,262121739.8184
15262,10303,6160753.0,304169.0,42.6888,262995152.66640002
15262,15973,6161960.0,304189.0,42.6888,263046678.048
15262,14724,6169953.0,304412.0,42.6888,263387889.6264
15262,10708,6656422.0,335205.0,42.6888,284154667.47360003
15262,13503,6171580.0,304756.0,42.6888,263457344.304
15262,19311,6046297.0,302437.0,47.0,284175959.0
15262,10570,6788834.0,340382.0,42.6888,289807176.8592
15262,13578,4477883.0,224394.0,27.1656,121644378.42480001
15262,10044,6134869.0,303068.0,42.6888,261890195.7672
15262,15401,4492465.0,224967.0,27.1656,122040507.20400001
15262,18863,6818084.0,330862.0,42.6888,291055824.2592
15262,11267,6501418.0,325120.0,42.6888,277537732.7184
15262,12627,6131447.0,303460.0,42.6888,261744114.6936
15262,17784,6088089.0,302185.0,47.0,286140183.0
15262,13651,6794756.0,340569.0,42.6888,290059979.9328
15262,13183,5089007.0,255028.0,27.1656,138245928.55920002
15262,15872,6080136.0,300783.0,47.0,285766392.0
15262,14076,6067640.0,299981.0,47.0,285179080.0
15262,16991,6799821.0,330326.0,42.6888,290276198.7048
15262,12663,5620211.0,278390.0,47.0,264149917.0
15262,12214,6888697.0,345054.0,42.6888,294070208.4936
15262,19921,6195433.0,304974.0,42.6888,264475600.2504
15262,18144,5981399.0,298460.0,47.0,281125753.0
15262,19371,4475772.0,224155.0,27.1656,121587031.84320001
15262,16053,2926721.0,146368.0,32.02,93713606.42
15262,18978,4032212.0,192040.0,27.1656,109537458.3072
15262,17312,6675381.0,338157.0,42.6888,284964004.4328
15262,19956,2668014.0,133336.0,32.02,85429808.28
15262,12573,5362659.0,269016.0,27.1656,145679849.33040002
15262,19469,6053231.0,301046.0,47.0,284501857.0
15262,11861,4649244.0,231756.0,27.1656,126299502.8064
15262,10327,5094810.0,251886.0,27.1656,138403570.536
15262,17547,6194943.0,304852.0,42.6888,264454682.7384
15262,19180,6048736.0,306812.0,47.0,284290592.0
15262,12985,6159092.0,303652.0,42.6888,262924246.56960002
15262,14005,6118651.0,302365.0,42.6888,261197868.8088
15262,16142,5348573.0,256337.0,27.1656,145297194.6888
15262,15916,6818540.0,345656.0,42.6888,291075290.352
15262,17770,1104209.0,53767.0,32.02,35356772.18000001
15262,12364,4637795.0,225902.0,27.1656,125988483.85200001
15262,13179,6137280.0,305798.0,42.6888,261993118.46400002
15262,19539,6501321.0,325077.0,42.6888,277533591.9048
15262,17822,6297126.0,309906.0,42.6888,268816752.3888
15262,16262,5261300.0,262245.0,27.1656,142926371.28
15262,16133,4372641.0,218589.0,27.1656,118785416.3496
15262,10178,6529046.0,324264.0,42.6888,278717138.8848
15262,11568,7198992.0,351755.0,42.6888,307316329.6896
15262,13431,6467154.0,325054.0,42.6888,276075043.6752
15262,19185,6631373.0,331447.0,42.6888,283085355.7224
15262,16366,4664774.0,227425.0,27.1656,126721384.57440001
15262,13680,2107522.0,98518.0,32.02,67482854.44000001
15262,11027,3607153.0,181159.0,32.02,115501039.06000002
15262,10904,6117140.0,304387.0,42.6888,261133366.032
15262,17535,6479379.0,326030.0,42.6888,276596914.2552
15262,19171,4805732.0,239738.0,27.1656,130550593.2192
15262,11214,4829946.0,240464.0,27.1656,131208381.0576
15262,16916,6822769.0,345885.0,42.6888,291255821.2872
15262,18476,5658104.0,281989.0,47.0,265930888.0
15262,11117,2128163.0,105655.0,32.02,68143779.26
15262,14252,5497184.0,272858.0,27.1656,149334301.6704
15262,11472,3760832.0,220048.0,32.02,120421840.64000002
15262,12280,6355429.0,327882.0,42.6888,271305637.4952
15262,18446,6354629.0,317212.0,42.6888,271271486.4552
15262,12757,4979936.0,249080.0,27.1656,135282949.4016
15262,17495,6038623.0,301913.0,47.0,283815281.0
15262,15506,6167707.0,304175.0,42.6888,263292010.5816
15262,10376,4602838.0,230641.0,27.1656,125038855.9728
15262,15286,6241168.0,310978.0,42.6888,266427972.5184
15262,11168,2914247.0,145461.0,32.02,93314188.94000001
15262,13856,3555466.0,177968.0,32.02,113846021.32000001
15262,15292,5412087.0,272130.0,27.1656,147022590.6072
15262,13523,5497053.0,271404.0,27.1656,149330742.9768
15262,14376,2545785.0,127268.0,32.02,81516035.7
15262,17253,2142042.0,106129.0,32.02,68588184.84
15262,15028,2837778.0,131573.0,32.02,90865651.56
15262,15262,0.0,0.0,32.02,0.0
15262,15206,6376956.0,318282.0,42.6888,272224599.2928
15262,12379,5928318.0,298933.0,47.0,278630946.0
15262,15747,6501580.0,325110.0,42.6888,277544648.304
15262,19542,5946790.0,293735.0,47.0,279499130.0
15262,13570,6802265.0,337764.0,42.6888,290380530.132
15262,13474,5362177.0,268900.0,27.1656,145666755.5112
15262,10659,7131029.0,348892.0,42.6888,304415070.7752
15262,14070,5657881.0,281950.0,47.0,265920407.0
15262,13101,4820367.0,241016.0,27.1656,130948161.77520001
15262,12952,2105242.0,98418.0,32.02,67409848.84
15262,18182,2899983.0,144627.0,32.02,92857455.66000001
15262,19338,3969443.0,230186.0,27.1656,107832300.7608
15262,10989,4375350.0,219229.0,27.1656,118859007.96000001
15262,18577,5214777.0,259263.0,27.1656,141662546.0712
15262,15204,1719020.0,84530.0,32.02,55043020.400000006
15262,13250,3131165.0,156405.0,32.02,100259903.30000001
15262,17039,4906249.0,238836.0,27.1656,133281197.83440001
15262,14444,6177908.0,313358.0,42.6888,263727479.0304
15262,18849,5727821.0,285833.0,47.0,269207587.0
15262,10751,4226297.0,243370.0,27.1656,114809893.78320001
15206,16219,725703.0,38856.0,38.5,27939565.5
15206,10270,677541.0,37217.0,38.5,26085328.5
15206,11461,655183.0,35607.0,38.5,25224545.5
15206,10303,631060.0,34520.0,60.0,37863600.0
15206,15973,628864.0,34581.0,60.0,37731840.0
15206,14724,730509.0,39149.0,38.5,28124596.5
15206,10708,974458.0,54601.0,38.5,37516633.0
15206,13503,680417.0,36856.0,38.5,26196054.5
15206,19311,824403.0,43156.0,38.5,31739515.5
15206,10570,883897.0,50991.0,38.5,34030034.5
15206,13578,2023628.0,100418.0,38.5,77909678.0
15206,10044,654070.0,35609.0,38.5,25181695.0
15206,15401,2019386.0,100166.0,38.5,77746361.0
15206,18863,1378640.0,65600.0,38.5,53077640.0
15206,11267,596481.0,35729.0,38.5,22964518.5
15206,12627,701641.0,37824.0,38.5,27013178.5
15206,17784,644384.0,35726.0,38.5,24808784.0
15206,13651,889819.0,51177.0,38.5,34258031.5
15206,13183,1583924.0,80997.0,38.5,60981074.0
15206,15872,708196.0,38390.0,38.5,27265546.0
15206,14076,722508.0,39032.0,38.5,27816558.0
15206,16991,1360378.0,65063.0,38.5,52374553.0
15206,12663,768687.0,40158.0,38.5,29594449.5
15206,12214,1520770.0,79322.0,38.5,58549645.0
15206,19921,598783.0,33284.0,60.0,35926980.0
15206,18144,965563.0,51320.0,38.5,37174175.5
15206,19371,2019191.0,100044.0,38.5,77738853.5
15206,16053,3468167.0,174078.0,38.5,133524429.5
15206,18978,3005114.0,146856.0,38.5,115696889.0
15206,17312,1110612.0,61648.0,38.5,42758562.0
15206,19956,3736494.0,187432.0,38.5,143855019.0
15206,12573,1116960.0,59353.0,38.5,43002960.0
15206,19469,376449.0,20065.0,45.0,16940205.0
15206,11861,1933233.0,98213.0,38.5,74429470.5
15206,10327,1523972.0,78033.0,38.5,58672922.0
15206,17547,598293.0,33162.0,60.0,35897580.0
15206,19180,1137279.0,61853.0,38.5,43785241.5
15206,12985,638178.0,35188.0,38.5,24569853.0
15206,14005,669355.0,36376.0,38.5,25770167.5
15206,16142,3168461.0,151211.0,38.5,121985748.5
15206,15916,1294902.0,70218.0,38.5,49853727.0
15206,17770,5290421.0,266498.0,38.5,203681208.5
15206,12364,3873359.0,181014.0,38.5,149124321.5
15206,13179,266603.0,14453.0,45.0,11997135.0
15206,19539,596384.0,35686.0,38.5,22960784.0
15206,17822,857682.0,44644.0,38.5,33020757.0
15206,16262,1181098.0,60471.0,38.5,45472273.0
15206,16133,1999537.0,100213.0,38.5,76982174.5
15206,10178,707077.0,38657.0,38.5,27222464.5
15206,11568,1270990.0,59824.0,38.5,48933115.0
15206,13431,1247966.0,65962.0,38.5,48046691.0
15206,19185,726436.0,42056.0,38.5,27967786.0
15206,16366,3843908.0,180339.0,38.5,147990458.0
15206,13680,8488902.0,415878.0,38.5,326822727.0
15206,11027,3574622.0,174772.0,38.5,137622947.0
15206,10904,261401.0,14250.0,45.0,11763045.0
15206,17535,1260191.0,66937.0,38.5,48517353.5
15206,19171,1590743.0,79858.0,38.5,61243605.5
15206,11214,1979605.0,99510.0,38.5,76214792.5
15206,16916,1291852.0,70334.0,38.5,49736302.0
15206,18476,778756.0,41216.0,38.5,29982106.0
15206,11117,4252588.0,213652.0,38.5,163724638.0
15206,14252,881466.0,45713.0,38.5,33936441.0
15206,11472,3353822.0,166788.0,38.5,129122147.0
15206,12280,1903588.0,101824.0,38.5,73288138.0
15206,18446,151901.0,8714.0,50.0,7595050.0
15206,12757,1670253.0,87655.0,38.5,64304740.5
15206,17495,823817.0,43454.0,38.5,31716954.5
15206,15506,728263.0,38912.0,38.5,28038125.5
15206,10376,2137197.0,106201.0,38.5,82282084.5
15206,15286,139894.0,7735.0,50.0,6994700.0
15206,11168,3475217.0,174721.0,38.5,133795854.5
15206,13856,2830525.0,142051.0,38.5,108975212.5
15206,15292,1189691.0,66143.0,38.5,45803103.5
15206,13523,1184500.0,62968.0,38.5,45603250.0
15206,14376,4448315.0,224747.0,38.5,171260127.5
15206,17253,4241356.0,212792.0,38.5,163292206.0
15206,15028,9219158.0,448933.0,38.5,354937583.0
15206,15262,6374586.0,318042.0,38.5,245421561.0
15206,15206,0.0,0.0,50.0,0.0
15206,12379,1649367.0,89603.0,38.5,63500629.5
15206,15747,596643.0,35719.0,38.5,22970755.5
15206,19542,857990.0,45188.0,38.5,33032615.0
15206,13570,621288.0,33654.0,60.0,37277280.0
15206,13474,1116479.0,59237.0,38.5,42984441.5
15206,10659,1222609.0,57586.0,38.5,47070446.5
15206,14070,778533.0,41177.0,38.5,29973520.5
15206,13101,2354726.0,116576.0,38.5,90656951.0
15206,12952,8486622.0,415777.0,38.5,326734947.0
15206,18182,3479499.0,174192.0,38.5,133960711.5
15206,19338,3146585.0,156592.0,38.5,121143522.5
15206,10989,1994153.0,99968.0,38.5,76774890.5
15206,18577,1165458.0,59193.0,38.5,44870133.0
15206,15204,4931804.0,253378.0,38.5,189874454.0
15206,13250,3815807.0,191076.0,38.5,146908569.5
15206,17039,3694158.0,174457.0,38.5,142225083.0
15206,14444,1170081.0,65132.0,38.5,45048118.5
15206,18849,1978287.0,102375.0,38.5,76164049.5
15206,10751,3447584.0,172262.0,38.5,132731984.0
12379,16219,1734413.0,93887.0,38.35999999999999,66532082.679999985
12379,10270,1699539.0,92342.0,38.35999999999999,65194316.039999984
12379,11461,1724437.0,93481.0,38.35999999999999,66149403.319999985
12379,10303,1713786.0,92846.0,38.35999999999999,65740830.959999986
12379,15973,1711590.0,92907.0,38.35999999999999,65656592.39999998
12379,14724,1805066.0,97106.0,38.35999999999999,69242331.75999999
12379,10708,1042687.0,78940.0,38.35999999999999,39997473.31999999
12379,13503,1754974.0,94814.0,38.35999999999999,67320802.63999999
12379,19311,1054662.0,58653.0,38.35999999999999,40456834.31999999
12379,10570,1250986.0,91309.0,38.35999999999999,47987822.95999999
12379,13578,1575072.0,81082.0,38.35999999999999,60419761.91999999
12379,10044,1717450.0,93017.0,38.35999999999999,65881381.999999985
12379,15401,1570830.0,80829.0,38.35999999999999,60257038.79999999
12379,18863,2453197.0,123557.0,38.35999999999999,94104636.91999999
12379,11267,1508153.0,81256.0,38.35999999999999,57852749.07999999
12379,12627,1769916.0,95442.0,38.35999999999999,67893977.75999999
12379,17784,1561504.0,84969.0,38.35999999999999,59899293.43999999
12379,13651,1262425.0,91374.0,38.35999999999999,48426622.99999999
12379,13183,830598.0,44537.0,38.35999999999999,31861739.279999994
12379,15872,1747778.0,94966.0,38.35999999999999,67044764.07999998
12379,14076,1750398.0,94209.0,38.35999999999999,67145267.27999999
12379,16991,2434934.0,123021.0,38.35999999999999,93404068.23999998
12379,12663,1129477.0,61394.0,38.35999999999999,43326737.71999999
12379,12214,911317.0,69747.0,38.35999999999999,34958120.11999999
12379,19921,1694290.0,92317.0,38.35999999999999,64992964.39999998
12379,18144,1767530.0,93701.0,38.35999999999999,67802450.79999998
12379,19371,1570635.0,80707.0,38.35999999999999,60249558.59999999
12379,16053,3019611.0,154741.0,49.4802,149410956.20220003
12379,18978,2470964.0,116131.0,38.35999999999999,94786179.03999998
12379,17312,1033907.0,76178.0,38.35999999999999,39660672.51999999
12379,19956,3287938.0,168096.0,49.4802,162687829.8276
12379,12573,1045170.0,56515.0,38.35999999999999,40092721.199999996
12379,19469,1429926.0,78484.0,38.35999999999999,54851961.35999999
12379,11861,1263579.0,67558.0,38.35999999999999,48470890.43999999
12379,10327,1101771.0,59689.0,38.35999999999999,42263935.559999995
12379,17547,1693800.0,92195.0,38.35999999999999,64974167.999999985
12379,19180,2078081.0,110982.0,38.35999999999999,79715187.15999998
12379,12985,1686415.0,91702.0,38.35999999999999,64690879.39999998
12379,14005,1726179.0,93591.0,38.35999999999999,66216226.43999999
12379,16142,2491846.0,111669.0,38.35999999999999,95587212.55999999
12379,15916,1020429.0,75077.0,38.35999999999999,39143656.43999999
12379,17770,4841864.0,247162.0,49.4802,239576399.09280002
12379,12364,3196744.0,141472.0,49.4802,158175532.4688
12379,13179,1414289.0,77315.0,38.35999999999999,54252126.03999999
12379,19539,1508056.0,81213.0,38.35999999999999,57849028.15999999
12379,17822,1932239.0,102601.0,38.35999999999999,74120688.03999999
12379,16262,791177.0,42821.0,38.35999999999999,30349549.719999995
12379,16133,1550981.0,80877.0,38.35999999999999,59495631.15999999
12379,10178,2108850.0,113645.0,38.35999999999999,80895485.99999999
12379,11568,2720193.0,140929.0,38.35999999999999,104346603.47999997
12379,13431,412133.0,46515.0,24.5,10097258.5
12379,19185,1149101.0,84952.0,38.35999999999999,44079514.35999999
12379,16366,3167293.0,140797.0,49.4802,156718291.0986
12379,13680,8040345.0,396541.0,49.4802,397837878.669
12379,11027,3217640.0,144178.0,49.4802,159209470.72800002
12379,10904,1394149.0,75903.0,38.35999999999999,53479555.639999986
12379,17535,415218.0,46802.0,24.5,10172841.0
12379,19171,1142187.0,60522.0,38.35999999999999,43814293.31999999
12379,11214,1531049.0,80174.0,38.35999999999999,58731039.639999986
12379,16916,1030626.0,75368.0,38.35999999999999,39534813.35999999
12379,18476,871731.0,48610.0,38.35999999999999,33439601.159999993
12379,11117,3804032.0,194316.0,49.4802,188224264.16640002
12379,14252,1121239.0,58729.0,38.35999999999999,43010728.03999999
12379,11472,2905266.0,147452.0,49.4802,143753142.7332
12379,12280,2609818.0,140536.0,38.35999999999999,100112618.47999997
12379,18446,1627239.0,88463.0,38.35999999999999,62420888.039999984
12379,12757,1280775.0,69633.0,38.35999999999999,49130528.99999999
12379,17495,1048028.0,58223.0,38.35999999999999,40202354.07999999
12379,15506,1802820.0,96870.0,38.35999999999999,69156175.19999999
12379,10376,1688641.0,86865.0,38.35999999999999,64776268.75999999
12379,15286,1513777.0,82229.0,38.35999999999999,58068485.71999999
12379,11168,3026660.0,155384.0,49.4802,149759742.132
12379,13856,2381969.0,122715.0,38.35999999999999,91372330.83999999
12379,15292,516722.0,26889.0,24.5,12659689.0
12379,13523,1322281.0,68290.0,38.35999999999999,50722699.15999999
12379,14376,3999759.0,205411.0,49.4802,197908875.2718
12379,17253,3792800.0,193456.0,49.4802,187668502.56
12379,15028,8770601.0,429596.0,49.4802,433971091.60020006
12379,15262,5926029.0,298706.0,49.4802,293221100.1258
12379,15206,1649566.0,89533.0,38.35999999999999,63277351.75999999
12379,12379,0.0,0.0,24.5,0.0
12379,15747,1508316.0,81246.0,38.35999999999999,57859001.75999999
12379,19542,1726401.0,88435.0,38.35999999999999,66224742.359999985
12379,13570,2133476.0,115041.0,38.35999999999999,81840139.35999998
12379,13474,1044689.0,56399.0,38.35999999999999,40074270.03999999
12379,10659,2710833.0,138273.0,38.35999999999999,103987553.87999998
12379,14070,871797.0,48584.0,38.35999999999999,33442132.919999994
12379,13101,1906169.0,97240.0,38.35999999999999,73120642.83999999
12379,12952,8038065.0,396441.0,49.4802,397725063.813
12379,18182,3030943.0,154855.0,49.4802,149971665.82860002
12379,19338,2698029.0,137256.0,38.35999999999999,103496392.43999998
12379,10989,1545596.0,80631.0,38.35999999999999,59289062.55999999
12379,18577,843736.0,45468.0,38.35999999999999,32365712.959999993
12379,15204,4483248.0,234042.0,49.4802,221832007.68960002
12379,13250,3566920.0,162644.0,49.4802,176491914.98400003
12379,17039,3017542.0,134915.0,49.4802,149308581.66840002
12379,14444,2149218.0,116690.0,38.35999999999999,82444002.47999999
12379,18849,1959906.0,103381.0,38.35999999999999,75181994.15999998
12379,10751,2999028.0,152926.0,49.4802,148392505.24560001
15747,16219,1101447.0,52275.0,35.0,38550645.0
15747,10270,1044551.0,50539.0,35.0,36559285.0
15747,11461,1048815.0,49979.0,35.0,36708525.0
15747,10303,1038163.0,49344.0,35.0,36335705.0
15747,15973,1035967.0,49406.0,35.0,36258845.0
15747,14724,1129443.0,53605.0,35.0,39530505.0
15747,10708,386097.0,20239.0,25.13,9702617.61
15747,13503,1079351.0,51312.0,35.0,37777285.0
15747,19311,460587.0,23336.0,40.0,18423480.0
15747,10570,295536.0,16629.0,67.48,19942769.28
15747,13578,2138836.0,107266.0,35.0,74859260.0
15747,10044,1041828.0,49515.0,35.0,36463980.0
15747,15401,2134594.0,107014.0,35.0,74710790.0
15747,18863,1777575.0,80056.0,35.0,62215125.0
15747,11267,410.0,92.0,601.545,246633.44999999998
15747,12627,1094294.0,51940.0,35.0,38300290.0
15747,17784,942808.0,48384.0,32.0,30169856.0
15747,13651,301458.0,16816.0,67.48,20342385.84
15747,13183,1639106.0,83903.0,35.0,57368710.0
15747,15872,1096631.0,52346.0,35.0,38382085.0
15747,14076,1117432.0,52597.0,35.0,39110120.0
15747,16991,1759312.0,79520.0,35.0,61575920.0
15747,12663,927251.0,49312.0,42.0,38944542.0
15747,12214,948596.0,46309.0,32.0,30355072.0
15747,19921,1018667.0,48815.0,35.0,35653345.0
15747,18144,1341307.0,64738.0,35.0,46945745.0
15747,19371,2134399.0,106892.0,35.0,74703965.0
15747,16053,3583375.0,180926.0,35.0,125418125.0
15747,18978,3120322.0,153704.0,35.0,109211270.0
15747,17312,522251.0,27286.0,40.0,20890040.0
15747,19956,3851702.0,194280.0,35.0,134809570.0
15747,12573,1292220.0,67168.0,35.0,45227700.0
15747,19469,674873.0,32723.0,40.0,26994920.0
15747,11861,2048441.0,105061.0,35.0,71695435.0
15747,10327,1639180.0,84881.0,35.0,57371300.0
15747,17547,1018178.0,48693.0,35.0,35636230.0
15747,19180,1525714.0,75809.0,35.0,53399990.0
15747,12985,1010792.0,48201.0,35.0,35377720.0
15747,14005,1057790.0,50332.0,35.0,37022650.0
15747,16142,3232919.0,153856.0,35.0,113152165.0
15747,15916,706541.0,35856.0,40.0,28261640.0
15747,17770,5405629.0,273346.0,35.0,189197015.0
15747,12364,3937818.0,183659.0,35.0,137823630.0
15747,13179,569648.0,27841.0,40.0,22785920.0
15747,19539,328.0,57.0,650.4259999999999,213339.72799999997
15747,17822,1256616.0,59100.0,35.0,43981560.0
15747,16262,1236280.0,63376.0,35.0,43269800.0
15747,16133,2114745.0,107061.0,35.0,74016075.0
15747,10178,1289198.0,66521.0,35.0,45121930.0
15747,11568,1905922.0,91562.0,35.0,66707270.0
15747,13431,778865.0,39953.0,42.0,32712330.0
15747,19185,138075.0,7694.0,601.545,83058325.875
15747,16366,3908367.0,182984.0,35.0,136792845.0
15747,13680,8604110.0,422726.0,35.0,301143850.0
15747,11027,3689830.0,181620.0,35.0,129144050.0
15747,10904,549508.0,26429.0,40.0,21980320.0
15747,17535,782288.0,40468.0,42.0,32856096.0
15747,19171,1705952.0,86706.0,35.0,59708320.0
15747,11214,2094813.0,106358.0,35.0,73318455.0
15747,16916,703491.0,35972.0,40.0,28139640.0
15747,18476,843215.0,43861.0,42.0,35415030.0
15747,11117,4367796.0,220500.0,35.0,152872860.0
15747,14252,1039904.0,54865.0,35.0,36396640.0
15747,11472,3469031.0,173636.0,35.0,121416085.0
15747,12280,2292023.0,115779.0,35.0,80220805.0
15747,18446,782668.0,38993.0,42.0,32872056.0
15747,12757,1845681.0,94990.0,35.0,64598835.0
15747,17495,465353.0,23707.0,40.0,18614120.0
15747,15506,1127198.0,53369.0,35.0,39451930.0
15747,10376,2252405.0,113049.0,35.0,78834175.0
15747,15286,669206.0,32758.0,40.0,26768240.0
15747,11168,3590425.0,181569.0,35.0,125664875.0
15747,13856,2945733.0,148899.0,35.0,103100655.0
15747,15292,1254149.0,68788.0,35.0,43895215.0
15747,13523,1362889.0,72568.0,35.0,47701115.0
15747,14376,4563523.0,231595.0,35.0,159723305.0
15747,17253,4356564.0,219640.0,35.0,152479740.0
15747,15028,9334366.0,455781.0,35.0,326702810.0
15747,15262,6489794.0,324890.0,35.0,227142790.0
15747,15206,597473.0,35727.0,40.0,23898920.0
15747,12379,1509327.0,81338.0,35.0,52826445.0
15747,15747,0.0,0.0,650.4259999999999,0.0
15747,19542,1233734.0,58607.0,35.0,43180690.0
15747,13570,1288905.0,65571.0,35.0,45111675.0
15747,13474,1291738.0,67052.0,35.0,45210830.0
15747,10659,1857542.0,89324.0,35.0,65013970.0
15747,14070,842992.0,43822.0,42.0,35405664.0
15747,13101,2469934.0,123424.0,35.0,86447690.0
15747,12952,8601830.0,422625.0,35.0,301064050.0
15747,18182,3594707.0,181040.0,35.0,125814745.0
15747,19338,3261793.0,163440.0,35.0,114162755.0
15747,10989,2109361.0,106816.0,35.0,73827635.0
15747,18577,1278102.0,66030.0,35.0,44733570.0
15747,15204,5047013.0,260226.0,35.0,176645455.0
15747,13250,3931015.0,197924.0,35.0,137585525.0
15747,17039,3758616.0,177102.0,35.0,131551560.0
15747,14444,1558516.0,79088.0,35.0,54548060.0
15747,18849,2156677.0,111975.0,35.0,75483695.0
15747,10751,3562792.0,179110.0,35.0,124697720.0
19542,16219,157944.0,8230.0,88.2882,13944591.460800001
19542,10270,207049.0,10311.0,40.599999999999994,8406189.399999999
19542,11461,207002.0,10809.0,40.599999999999994,8404281.2
19542,10303,227462.0,11569.0,40.599999999999994,9234957.2
19542,15973,228669.0,11588.0,40.599999999999994,9283961.399999999
19542,14724,236661.0,11811.0,40.599999999999994,9608436.599999998
19542,10708,1608293.0,77242.0,40.599999999999994,65296695.79999999
19542,13503,238288.0,12155.0,40.599999999999994,9674492.799999999
19542,19311,1008040.0,52750.0,40.599999999999994,40926423.99999999
19542,10570,1517732.0,73632.0,40.599999999999994,61619919.19999999
19542,13578,1488638.0,71220.0,40.599999999999994,60438702.79999999
19542,10044,201578.0,10467.0,40.599999999999994,8184066.799999999
19542,15401,1484396.0,70967.0,40.599999999999994,60266477.599999994
19542,18863,884792.0,38262.0,40.599999999999994,35922555.199999996
19542,11267,1230316.0,58370.0,40.599999999999994,49950829.599999994
19542,12627,198155.0,10860.0,40.599999999999994,8045092.999999999
19542,17784,255350.0,14268.0,40.599999999999994,10367209.999999998
19542,13651,1523654.0,73818.0,40.599999999999994,61860352.39999999
19542,13183,1318407.0,64934.0,40.599999999999994,53527324.199999996
19542,15872,146844.0,8182.0,88.2882,12964592.4408
19542,14076,134349.0,7381.0,41.7186,5604852.1914
19542,16991,866530.0,37726.0,40.599999999999994,35181117.99999999
19542,12663,574739.0,29738.0,40.599999999999994,23334403.4
19542,12214,1853146.0,95555.0,40.599999999999994,75237727.6
19542,19921,262141.0,12374.0,40.599999999999994,10642924.599999998
19542,18144,118303.0,6742.0,41.7186,4935435.535800001
19542,19371,1484201.0,70845.0,40.599999999999994,60258560.599999994
19542,16053,3044160.0,150143.0,40.599999999999994,123592895.99999999
19542,18978,2623267.0,123351.0,40.599999999999994,106504640.19999999
19542,17312,1744447.0,84289.0,40.599999999999994,70824548.19999999
19542,19956,3312486.0,163498.0,40.599999999999994,134486931.6
19542,12573,652140.0,32666.0,40.599999999999994,26476883.999999996
19542,19469,510136.0,27990.0,40.599999999999994,20711521.599999998
19542,11861,1486207.0,75607.0,40.599999999999994,60340004.19999999
19542,10327,859762.0,44007.0,40.599999999999994,34906337.199999996
19542,17547,261652.0,12251.0,40.599999999999994,10623071.2
19542,19180,432993.0,24207.0,40.599999999999994,17579515.799999997
19542,12985,225800.0,11051.0,40.599999999999994,9167479.999999998
19542,14005,185360.0,9765.0,40.599999999999994,7525615.999999999
19542,16142,3100268.0,142901.0,40.599999999999994,125870880.79999998
19542,15916,1928737.0,92859.0,40.599999999999994,78306722.19999999
19542,17770,4866413.0,242563.0,40.599999999999994,197576367.79999998
19542,12364,3805167.0,172704.0,40.599999999999994,154489780.2
19542,13179,673352.0,31910.0,40.599999999999994,27338091.199999996
19542,19539,1230219.0,58326.0,40.599999999999994,49946891.39999999
19542,17822,363834.0,17306.0,40.599999999999994,14771660.399999999
19542,16262,929106.0,45874.0,40.599999999999994,37721703.599999994
19542,16133,1562239.0,77544.0,40.599999999999994,63426903.39999999
19542,10178,595755.0,31663.0,40.599999999999994,24187652.999999996
19542,11568,1265700.0,59154.0,40.599999999999994,51387419.99999999
19542,13431,1431603.0,75555.0,40.599999999999994,58123081.79999999
19542,19185,1360271.0,64697.0,40.599999999999994,55227002.599999994
19542,16366,3775716.0,172028.0,40.599999999999994,153294069.59999996
19542,13680,8064893.0,391943.0,40.599999999999994,327434655.79999995
19542,11027,3150614.0,150838.0,40.599999999999994,127914928.39999998
19542,10904,684375.0,32396.0,40.599999999999994,27785624.999999996
19542,17535,1443828.0,76531.0,40.599999999999994,58619416.79999999
19542,19171,1143717.0,57252.0,40.599999999999994,46434910.199999996
19542,11214,1283703.0,65691.0,40.599999999999994,52118341.79999999
19542,16916,1925688.0,92975.0,40.599999999999994,78182932.79999998
19542,18476,806434.0,42290.0,40.599999999999994,32741220.399999995
19542,11117,3828581.0,189717.0,40.599999999999994,155440388.59999996
19542,14252,700943.0,35519.0,40.599999999999994,28458285.799999997
19542,11472,2818832.0,137590.0,40.599999999999994,114444579.19999999
19542,12280,1199302.0,64177.0,40.599999999999994,48691661.199999996
19542,18446,717232.0,36785.0,40.599999999999994,29119619.199999996
19542,12757,1025544.0,52454.0,40.599999999999994,41637086.39999999
19542,17495,1007454.0,53048.0,40.599999999999994,40902632.39999999
19542,15506,234416.0,11575.0,40.599999999999994,9517289.599999998
19542,10376,1602207.0,77003.0,40.599999999999994,65049604.19999999
19542,15286,796329.0,38437.0,40.599999999999994,32330957.399999995
19542,11168,3051209.0,150786.0,40.599999999999994,123879085.39999998
19542,13856,2406517.0,118116.0,40.599999999999994,97704590.19999999
19542,15292,1198727.0,61431.0,40.599999999999994,48668316.199999996
19542,13523,492537.0,25820.0,40.599999999999994,19997002.199999996
19542,14376,4024307.0,200812.0,40.599999999999994,163386864.2
19542,17253,3817348.0,188857.0,40.599999999999994,154984328.79999998
19542,15028,8795150.0,424998.0,40.599999999999994,357083089.99999994
19542,15262,5950578.0,294108.0,40.599999999999994,241593466.79999995
19542,15206,867503.0,45199.0,40.599999999999994,35220621.8
19542,12379,1714958.0,88234.0,40.599999999999994,69627294.8
19542,15747,1230478.0,58360.0,40.599999999999994,49957406.79999999
19542,19542,0.0,0.0,245.0,0.0
19542,13570,868973.0,45163.0,40.599999999999994,35280303.8
19542,13474,651659.0,32550.0,40.599999999999994,26457355.399999995
19542,10659,1197737.0,56291.0,40.599999999999994,48628122.199999996
19542,14070,806211.0,42251.0,40.599999999999994,32732166.599999994
19542,13101,1819736.0,87378.0,40.599999999999994,73881281.6
19542,12952,8062613.0,391843.0,40.599999999999994,327342087.79999995
19542,18182,3055491.0,150257.0,40.599999999999994,124052934.59999998
19542,19338,2611595.0,127394.0,40.599999999999994,106030756.99999999
19542,10989,1556855.0,77299.0,40.599999999999994,63208312.99999999
19542,18577,846990.0,43022.0,40.599999999999994,34387793.99999999
19542,15204,4507797.0,229444.0,40.599999999999994,183016558.2
19542,13250,3391800.0,167141.0,40.599999999999994,137707079.99999997
19542,17039,3625965.0,166146.0,40.599999999999994,147214178.99999997
19542,14444,504129.0,29914.0,40.599999999999994,20467637.4
19542,18849,1158817.0,59257.0,40.599999999999994,47047970.199999996
19542,10751,2912594.0,143064.0,40.599999999999994,118251316.39999998
13570,16219,737935.0,38958.0,31.0464,22910225.184
13570,10270,689773.0,37319.0,33.96,23424691.080000002
13570,11461,667849.0,35734.0,33.96,22680152.04
13570,10303,643726.0,34647.0,33.96,21860934.96
13570,15973,635936.0,34692.0,33.96,21596386.560000002
13570,14724,694102.0,37686.0,33.96,23571703.92
13570,10708,1665068.0,84316.0,71.5,119052362.0
13570,13503,633444.0,33998.0,33.96,21511758.240000002
13570,19311,1307777.0,68602.0,71.5,93506055.5
13570,10570,1574506.0,80705.0,71.5,112577179.0
13570,13578,2344216.0,115405.0,71.5,167611444.0
13570,10044,666736.0,35736.0,33.96,22642354.560000002
13570,15401,2339973.0,115153.0,71.5,167308069.5
13570,18863,958129.0,51104.0,31.0464,29746456.185599998
13570,11267,1287090.0,65443.0,71.5,92026935.0
13570,12627,689676.0,36869.0,33.96,23421396.96
13570,17784,803366.0,43080.0,31.0464,24941622.1824
13570,13651,1580429.0,80892.0,71.5,113000673.5
13570,13183,1958831.0,101932.0,71.5,140056416.5
13570,15872,720862.0,38518.0,33.96,24480473.52
13570,14076,735174.0,39159.0,31.0464,22824506.073599998
13570,16991,953723.0,51041.0,31.0464,29609665.747199997
13570,12663,1137768.0,60881.0,31.0464,35323600.4352
13570,12214,2122384.0,108625.0,71.5,151750456.0
13570,19921,644410.0,34446.0,33.96,21884163.6
13570,18144,977795.0,51421.0,31.0464,30357014.687999997
13570,19371,2339779.0,115031.0,71.5,167294198.5
13570,16053,3899737.0,194328.0,71.5,278831195.5
13570,18978,3478845.0,167536.0,71.5,248737417.5
13570,17312,1801222.0,91363.0,71.5,128787373.0
13570,19956,4168064.0,207683.0,71.5,298016576.0
13570,12573,1507718.0,76851.0,71.5,107801837.0
13570,19469,692296.0,38083.0,33.96,23510372.16
13570,11861,2302314.0,118936.0,71.5,164615451.0
13570,10327,1715340.0,88193.0,71.5,122646810.0
13570,17547,643921.0,34324.0,33.96,21867557.16
13570,19180,1140966.0,61596.0,31.0464,35422886.822399996
13570,12985,650409.0,35290.0,33.96,22087889.64
13570,14005,682021.0,36504.0,33.96,23161433.16
13570,16142,3651835.0,176657.0,71.5,261106202.5
13570,15916,1985512.0,99932.0,71.5,141964108.0
13570,17770,5721990.0,286749.0,71.5,409122285.0
13570,12364,4356734.0,206460.0,71.5,311506481.0
13570,13179,749978.0,39899.0,31.0464,23284116.979199998
13570,19539,1286993.0,65400.0,71.5,92019999.5
13570,17822,739023.0,40117.0,31.0464,22944003.6672
13570,16262,1571135.0,82420.0,71.5,112336152.5
13570,16133,2368618.0,120936.0,71.5,169356187.0
13570,10178,360564.0,19977.0,45.0,16225380.0
13570,11568,650999.0,26375.0,33.96,22107926.04
13570,13431,1731340.0,91408.0,71.5,123790810.0
13570,19185,1417046.0,71771.0,71.5,101318789.0
13570,16366,4327283.0,205784.0,71.5,309400734.5
13570,13680,8920471.0,436129.0,71.5,637813676.5
13570,11027,4006192.0,195023.0,71.5,286442728.0
13570,10904,744776.0,39696.0,31.0464,23122613.606399998
13570,17535,1743565.0,92383.0,71.5,124664897.5
13570,19171,1959825.0,100581.0,71.5,140127487.5
13570,11214,2139281.0,109876.0,71.5,152958591.5
13570,16916,1982462.0,100049.0,71.5,141746033.0
13570,18476,1262131.0,66662.0,71.5,90242366.5
13570,11117,4684158.0,233903.0,71.5,334917297.0
13570,14252,1250547.0,66435.0,71.5,89414110.5
13570,11472,3674410.0,181775.0,71.5,262720315.0
13570,12280,1907275.0,101566.0,71.5,136370162.5
13570,18446,489973.0,26942.0,37.84,18540578.32
13570,12757,1881122.0,96640.0,71.5,134500223.0
13570,17495,1307192.0,68900.0,71.5,93464228.0
13570,15506,697696.0,37741.0,33.96,23693756.16
13570,10376,2457784.0,121189.0,71.5,175731556.0
13570,15286,657079.0,35139.0,33.96,22314402.84
13570,11168,3906786.0,194971.0,71.5,279335199.0
13570,13856,3262095.0,162302.0,71.5,233239792.5
13570,15292,1673065.0,91589.0,71.5,119624147.5
13570,13523,1352428.0,70312.0,71.5,96698602.0
13570,14376,4879885.0,244998.0,71.5,348911777.5
13570,17253,4672926.0,233043.0,71.5,334114209.0
13570,15028,9650727.0,469183.0,71.5,690026980.5
13570,15262,6806155.0,338293.0,71.5,486640082.5
13570,15206,621190.0,33627.0,37.84,23505829.6
13570,12379,2132741.0,115049.0,71.5,152490981.5
13570,15747,1287252.0,65434.0,71.5,92038518.0
13570,19542,870222.0,45290.0,31.0464,27017260.3008
13570,13570,0.0,0.0,45.0,0.0
13570,13474,1507236.0,76735.0,71.5,107767374.0
13570,10659,602619.0,24137.0,37.84,22803102.96
13570,14070,1261908.0,66623.0,71.5,90226422.0
13570,13101,2675313.0,131563.0,71.5,191284879.5
13570,12952,8918191.0,436028.0,71.5,637650656.5
13570,18182,3911069.0,194442.0,71.5,279641433.5
13570,19338,3467173.0,171580.0,71.5,247902869.5
13570,10989,2363234.0,120690.0,71.5,168971231.0
13570,18577,1534539.0,79916.0,71.5,109719538.5
13570,15204,5363373.0,273629.0,71.5,383481169.5
13570,13250,4247378.0,211327.0,71.5,303687527.0
13570,17039,4177532.0,199902.0,71.5,298693538.0
13570,14444,1136572.0,62921.0,31.0464,35286468.940799996
13570,18849,2018310.0,103936.0,71.5,144309165.0
13570,10751,3768172.0,187250.0,71.5,269424298.0
13474,16219,796782.0,39839.0,13.72,10931849.040000001
13474,10270,845887.0,41919.0,13.72,11605569.64
13474,11461,845840.0,42418.0,13.72,11604924.8
13474,10303,866300.0,43177.0,13.72,11885636.0
13474,15973,867507.0,43197.0,13.72,11902196.040000001
13474,14724,875499.0,43420.0,13.72,12011846.280000001
13474,10708,1446796.0,77076.0,13.72,19850041.12
13474,13503,877126.0,43764.0,13.72,12034168.72
13474,19311,836671.0,44309.0,13.72,11479126.120000001
13474,10570,1579207.0,82254.0,13.72,21666720.040000003
13474,13578,999047.0,49315.0,13.72,13706924.84
13474,10044,840416.0,42076.0,13.72,11530507.520000001
13474,15401,994805.0,49062.0,13.72,13648724.600000001
13474,18863,1523630.0,69870.0,13.72,20904203.6
13474,11267,1291791.0,66992.0,13.72,17723372.52
13474,12627,836993.0,42468.0,13.72,11483543.96
13474,17784,712429.0,37471.0,13.72,9774525.88
13474,13651,1585130.0,82440.0,13.72,21747983.6
13474,13183,632785.0,33537.0,13.72,8681810.200000001
13474,15872,785682.0,39791.0,13.72,10779557.040000001
13474,14076,773187.0,38989.0,13.72,10608125.64
13474,16991,1505368.0,69334.0,13.72,20653648.96
13474,12663,409471.0,20157.0,13.72,5617942.12
13474,12214,1679071.0,86925.0,13.72,23036854.12
13474,19921,900979.0,43982.0,13.72,12361431.88
13474,18144,693465.0,38008.0,13.72,9514339.8
13474,19371,994610.0,48940.0,13.72,13646049.200000001
13474,16053,2454058.0,124722.0,49.0,120248842.0
13474,18978,1991005.0,97500.0,13.72,27316588.6
13474,17312,1465755.0,80029.0,13.72,20110158.6
13474,19956,2722385.0,138076.0,49.0,133396865.0
13474,12573,669.0,171.0,1715.6999999999998,1147803.2999999998
13474,19469,798509.0,42153.0,13.72,10955543.48
13474,11861,919124.0,48857.0,13.72,12610381.280000001
13474,10327,396271.0,22943.0,13.72,5436838.12
13474,17547,900490.0,43860.0,13.72,12354722.8
13474,19180,1004016.0,55290.0,13.72,13775099.520000001
13474,12985,864638.0,42660.0,13.72,11862833.360000001
13474,14005,824198.0,41373.0,13.72,11307996.56
13474,16142,2414647.0,111504.0,49.0,118317703.0
13474,15916,1608914.0,87528.0,13.72,22074300.080000002
13474,17770,4276312.0,217142.0,49.0,209539288.0
13474,12364,3119545.0,141307.0,49.0,152857705.0
13474,13179,882559.0,46905.0,13.72,12108709.48
13474,19539,1291695.0,66948.0,13.72,17722055.400000002
13474,17822,1002672.0,48914.0,13.72,13756659.84
13474,16262,244978.0,13983.0,13.72,3361098.16
13474,16133,985428.0,50857.0,13.72,13520072.16
13474,10178,1234593.0,63272.0,13.72,16938615.96
13474,11568,1904538.0,90763.0,13.72,26130261.36
13474,13431,1257528.0,66926.0,13.72,17253284.16
13474,19185,1421747.0,73319.0,13.72,19506368.84
13474,16366,3090094.0,140631.0,49.0,151414606.0
13474,13680,7474792.0,366522.0,49.0,366264808.0
13474,11027,2560513.0,125416.0,49.0,125465137.0
13474,10904,862418.0,45493.0,13.72,11832374.96
13474,17535,1269753.0,67901.0,13.72,17421011.16
13474,19171,576635.0,30502.0,13.72,7911432.2
13474,11214,870956.0,45596.0,13.72,11949516.32
13474,16916,1613143.0,87757.0,13.72,22132321.96
13474,18476,462376.0,24556.0,13.72,6343798.720000001
13474,11117,3238479.0,164296.0,49.0,158685471.0
13474,14252,286444.0,14625.0,13.72,3930011.68
13474,11472,2329242.0,115685.0,49.0,114132858.0
13474,12280,1605527.0,86649.0,13.72,22027830.44
13474,18446,1099908.0,58318.0,13.72,15090737.76
13474,12757,612797.0,32359.0,13.72,8407574.84
13474,17495,828997.0,43784.0,13.72,11373838.84
13474,15506,873254.0,43183.0,13.72,11981044.88
13474,10376,1112616.0,55098.0,13.72,15265091.520000001
13474,15286,986446.0,52084.0,13.72,13534039.120000001
13474,11168,2461108.0,125365.0,49.0,120594292.0
13474,13856,1816416.0,92695.0,13.72,24921227.52
13474,15292,514599.0,29540.0,13.72,7060298.28
13474,13523,248216.0,12597.0,13.72,3405523.52
13474,14376,3434206.0,175391.0,49.0,168276094.0
13474,17253,3227247.0,163436.0,49.0,158135103.0
13474,15028,8205049.0,399577.0,49.0,402047401.0
13474,15262,5360477.0,268686.0,49.0,262663373.0
13474,15206,1122235.0,59388.0,13.72,15397064.200000001
13474,12379,1030830.0,56343.0,13.72,14142987.600000001
13474,15747,1291954.0,66982.0,13.72,17725608.880000003
13474,19542,652337.0,32743.0,13.72,8950063.64
13474,13570,1507811.0,76772.0,13.72,20687166.92
13474,13474,0.0,0.0,1715.6999999999998,0.0
13474,10659,1836575.0,87900.0,13.72,25197809.0
13474,14070,462153.0,24518.0,13.72,6340739.16
13474,13101,1330145.0,65473.0,13.72,18249589.400000002
13474,12952,7472512.0,366421.0,49.0,366153088.0
13474,18182,2465390.0,124836.0,49.0,120804110.0
13474,19338,2122004.0,105489.0,13.72,29113894.880000003
13474,10989,980044.0,50612.0,13.72,13446203.68
13474,18577,198454.0,11002.0,13.72,2722788.8800000004
13474,15204,3917695.0,204022.0,49.0,191967055.0
13474,13250,2801699.0,141720.0,49.0,137283251.0
13474,17039,2940343.0,134749.0,49.0,144076807.0
13474,14444,1075153.0,60997.0,13.72,14751099.16
13474,18849,1031199.0,50922.0,13.72,14148050.280000001
13474,10751,2423004.0,121159.0,49.0,118727196.0
10659,16219,1068287.0,50303.0,34.0,36321758.0
10659,10270,1058058.0,48966.0,34.0,35973972.0
10659,11461,1007545.0,46825.0,34.0,34256530.0
10659,10303,1023517.0,46841.0,34.0,34799578.0
10659,15973,1021321.0,46903.0,34.0,34724914.0
10659,14724,1012341.0,47052.0,34.0,34419594.0
10659,10708,2265127.0,108196.0,34.0,77014318.0
10659,13503,975306.0,44885.0,34.0,33160404.0
10659,19311,1907836.0,92483.0,34.0,64866424.0
10659,10570,2174565.0,104586.0,34.0,73935210.0
10659,13578,2675523.0,126535.0,34.0,90967782.0
10659,10044,1014191.0,46640.0,34.0,34482494.0
10659,15401,2671280.0,126282.0,34.0,90823520.0
10659,18863,939575.0,50284.0,34.0,31945550.0
10659,11267,1887149.0,89324.0,34.0,64163066.0
10659,12627,1017885.0,46812.0,34.0,34608090.0
10659,17784,1183081.0,55195.0,34.0,40224754.0
10659,13651,2180488.0,104773.0,34.0,74136592.0
10659,13183,2465567.0,120218.0,34.0,83829278.0
10659,15872,1049456.0,49176.0,34.0,35681504.0
10659,14076,1063768.0,49818.0,34.0,36168112.0
10659,16991,935169.0,50221.0,34.0,31795746.0
10659,12663,1631078.0,78941.0,34.0,55456652.0
10659,12214,2722443.0,132506.0,34.0,92563062.0
10659,19921,1035644.0,47416.0,34.0,35211896.0
10659,18144,1309102.0,62551.0,34.0,44509468.0
10659,19371,2671086.0,126160.0,34.0,90816924.0
10659,16053,4231044.0,205458.0,34.0,143855496.0
10659,18978,3810152.0,178665.0,34.0,129545168.0
10659,17312,2401281.0,115243.0,34.0,81643554.0
10659,19956,4499371.0,218812.0,34.0,152978614.0
10659,12573,1839025.0,87980.0,34.0,62526850.0
10659,19469,1236476.0,60523.0,34.0,42040184.0
10659,11861,2673092.0,130922.0,34.0,90885128.0
10659,10327,2046647.0,99322.0,34.0,69585998.0
10659,17547,1035154.0,47294.0,34.0,35195236.0
10659,19180,1469175.0,71539.0,34.0,49951950.0
10659,12985,1030201.0,47484.0,34.0,35026834.0
10659,14005,1029476.0,47408.0,34.0,35002184.0
10659,16142,4247428.0,198184.0,34.0,144412552.0
10659,15916,2585571.0,123813.0,34.0,87909414.0
10659,17770,6053297.0,297878.0,34.0,205812098.0
10659,12364,4952326.0,227987.0,34.0,168379084.0
10659,13179,1293148.0,63006.0,34.0,43967032.0
10659,19539,1887052.0,89281.0,34.0,64159768.0
10659,17822,1011349.0,46752.0,34.0,34385866.0
10659,16262,2077870.0,100706.0,34.0,70647580.0
10659,16133,2749124.0,132859.0,34.0,93470216.0
10659,10178,617432.0,25755.0,34.0,20992688.0
10659,11568,233421.0,13101.0,38.5,8986708.5
10659,13431,2331399.0,115288.0,34.0,79267566.0
10659,19185,2017105.0,95651.0,34.0,68581570.0
10659,16366,4922876.0,227312.0,34.0,167377784.0
10659,13680,9251779.0,447258.0,34.0,314560486.0
10659,11027,4337499.0,206152.0,34.0,147474966.0
10659,10904,1304171.0,63492.0,34.0,44341814.0
10659,17535,2343624.0,116264.0,34.0,79683216.0
10659,19171,2330602.0,112567.0,34.0,79240468.0
10659,11214,2470588.0,121006.0,34.0,83999992.0
10659,16916,2582521.0,123929.0,34.0,87805714.0
10659,18476,1834890.0,90449.0,34.0,62386260.0
10659,11117,5015465.0,245032.0,34.0,170525810.0
10659,14252,1757283.0,84722.0,34.0,59747622.0
10659,11472,4005717.0,192905.0,34.0,136194378.0
10659,12280,2235484.0,111510.0,34.0,76006456.0
10659,18446,1090032.0,50823.0,34.0,37061088.0
10659,12757,2212429.0,107769.0,34.0,75222586.0
10659,17495,1907251.0,92780.0,34.0,64846534.0
10659,15506,1015935.0,47106.0,34.0,34541790.0
10659,10376,2789091.0,132318.0,34.0,94829094.0
10659,15286,1257138.0,59020.0,34.0,42742692.0
10659,11168,4238094.0,206101.0,34.0,144095196.0
10659,13856,3593402.0,173431.0,34.0,122175668.0
10659,15292,2255337.0,114968.0,34.0,76681458.0
10659,13523,1683735.0,81441.0,34.0,57246990.0
10659,14376,5211192.0,256127.0,34.0,177180528.0
10659,17253,5004233.0,244172.0,34.0,170143922.0
10659,15028,9982035.0,480313.0,34.0,339389190.0
10659,15262,7137462.0,349422.0,34.0,242673708.0
10659,15206,1221250.0,57507.0,34.0,41522500.0
10659,12379,2715013.0,138428.0,34.0,92310442.0
10659,15747,1887312.0,89314.0,34.0,64168608.0
10659,19542,1201529.0,56419.0,34.0,40851986.0
10659,13570,601231.0,24076.0,34.0,20441854.0
10659,13474,1838543.0,87865.0,34.0,62510462.0
10659,10659,0.0,0.0,38.5,0.0
10659,14070,1834667.0,90411.0,34.0,62378678.0
10659,13101,3006620.0,142693.0,34.0,102225080.0
10659,12952,9249499.0,447157.0,34.0,314482966.0
10659,18182,4242376.0,205572.0,34.0,144240784.0
10659,19338,3798479.0,182709.0,34.0,129148286.0
10659,10989,2743739.0,132614.0,34.0,93287126.0
10659,18577,2041275.0,98202.0,34.0,69403350.0
10659,15204,5694680.0,284758.0,34.0,193619120.0
10659,13250,4578684.0,222456.0,34.0,155675256.0
10659,17039,4773125.0,221430.0,34.0,162286250.0
10659,14444,1408898.0,69556.0,34.0,47902532.0
10659,18849,2323294.0,114127.0,34.0,78991996.0
10659,10751,4099479.0,198379.0,34.0,139382286.0
14070,16219,854660.0,45872.0,30.44,26015850.400000002
14070,10270,819786.0,44327.0,30.44,24954285.84
14070,11461,845040.0,45515.0,30.44,25723017.6
14070,10303,834389.0,44880.0,30.44,25398801.16
14070,15973,832193.0,44941.0,30.44,25331954.92
14070,14724,925669.0,49141.0,30.44,28177364.36
14070,10708,998481.0,53909.0,30.44,30393761.64
14070,13503,875577.0,46848.0,30.44,26652563.880000003
14070,19311,388355.0,21142.0,26.719,10376457.245000001
14070,10570,1130892.0,59087.0,30.44,34424352.480000004
14070,13578,1304195.0,64031.0,30.44,39699695.800000004
14070,10044,838053.0,45051.0,30.44,25510333.32
14070,15401,1299953.0,63779.0,30.44,39570569.32
14070,18863,1573800.0,75591.0,30.44,47906472.0
14070,11267,843476.0,43825.0,30.44,25675409.44
14070,12627,890519.0,47476.0,30.44,27107398.36
14070,17784,681751.0,36954.0,26.326999999999998,17948458.577
14070,13651,1136815.0,59273.0,30.44,34604648.6
14070,13183,804465.0,40668.0,56.0,45050040.0
14070,15872,868025.0,46951.0,30.44,26422681.0
14070,14076,870644.0,46193.0,30.44,26502403.36
14070,16991,1555538.0,75055.0,30.44,47350576.72
14070,12663,249724.0,13379.0,26.719,6672375.556
14070,12214,1230756.0,63758.0,30.44,37464212.64
14070,19921,814893.0,44351.0,30.44,24805342.92
14070,18144,910752.0,47942.0,30.44,27723290.880000003
14070,19371,1299758.0,63657.0,30.44,39564633.52
14070,16053,2748734.0,137691.0,30.44,83671462.96000001
14070,18978,2285681.0,110469.0,30.44,69576129.64
14070,17312,1017440.0,56862.0,30.44,30970873.6
14070,19956,3017061.0,151046.0,30.44,91839336.84
14070,12573,461551.0,24636.0,26.719,12332181.169
14070,19469,550529.0,30518.0,26.326999999999998,14493776.983
14070,11861,1213800.0,61826.0,30.44,36948072.0
14070,10327,804539.0,41646.0,56.0,45054184.0
14070,17547,814403.0,44229.0,30.44,24790427.32
14070,19180,1225442.0,65406.0,30.44,37302454.480000004
14070,12985,807018.0,43737.0,56.0,45193008.0
14070,14005,846426.0,45575.0,30.44,25765207.44
14070,16142,2391032.0,110179.0,30.44,72783014.08
14070,15916,1160599.0,64361.0,30.44,35328633.56
14070,17770,4570988.0,230111.0,30.44,139140874.72
14070,12364,3095930.0,139982.0,30.44,94240109.2
14070,13179,543612.0,28888.0,26.326999999999998,14311673.124
14070,19539,843379.0,43781.0,30.44,25672456.76
14070,17822,1052842.0,54635.0,30.44,32048510.48
14070,16262,401639.0,20141.0,26.719,10731392.441
14070,16133,1280104.0,63826.0,30.44,38966365.76
14070,10178,1229453.0,65679.0,30.44,37424549.32
14070,11568,1879886.0,92610.0,30.44,57223729.84
14070,13431,809213.0,43759.0,56.0,45315928.0
14070,19185,973432.0,50152.0,30.44,29631270.080000002
14070,16366,3066479.0,139306.0,30.44,93343620.76
14070,13680,7769468.0,379491.0,30.44,236502605.92000002
14070,11027,2855189.0,138386.0,30.44,86911953.16
14070,10904,523472.0,27476.0,26.326999999999998,13781447.343999999
14070,17535,821438.0,44734.0,30.44,25004572.720000003
14070,19171,871311.0,43471.0,30.44,26522706.84
14070,11214,1260172.0,63124.0,30.44,38359635.68
14070,16916,1164828.0,64590.0,30.44,35457364.32
14070,18476,1327.0,184.0,302.904,401953.608
14070,11117,3533155.0,177265.0,30.44,107549238.2
14070,14252,245007.0,16048.0,26.719,6546342.033000001
14070,11472,2634390.0,130401.0,30.44,80190831.60000001
14070,12280,1917420.0,104987.0,30.44,58366264.800000004
14070,18446,756561.0,40037.0,56.0,42367416.0
14070,12757,1011040.0,51755.0,30.44,30776057.6
14070,17495,380682.0,20617.0,26.719,10171442.358000001
14070,15506,923423.0,48904.0,30.44,28108996.12
14070,10376,1417764.0,69815.0,30.44,43156736.160000004
14070,15286,643100.0,33802.0,26.326999999999998,16930893.7
14070,11168,2755784.0,138334.0,30.44,83886064.96000001
14070,13856,2111092.0,105664.0,30.44,64261640.480000004
14070,15292,412262.0,25111.0,26.719,11015228.378
14070,13523,671322.0,34053.0,26.326999999999998,17673894.294
14070,14376,3728882.0,188360.0,30.44,113507168.08
14070,17253,3521923.0,176405.0,30.44,107207336.12
14070,15028,8499725.0,412546.0,30.44,258731629.0
14070,15262,5655153.0,281656.0,30.44,172142857.32
14070,15206,778889.0,41107.0,56.0,43617784.0
14070,12379,871937.0,48571.0,30.44,26541762.28
14070,15747,843639.0,43815.0,30.44,25680371.16
14070,19542,806948.0,42345.0,56.0,45189088.0
14070,13570,1262798.0,66614.0,30.44,38439571.120000005
14070,13474,461069.0,24521.0,26.719,12319302.611000001
14070,10659,1831436.0,90307.0,30.44,55748911.84
14070,14070,0.0,0.0,302.904,0.0
14070,13101,1635293.0,80189.0,30.44,49778318.92
14070,12952,7767188.0,379391.0,30.44,236433202.72
14070,18182,2760066.0,137805.0,30.44,84016409.04
14070,19338,2427152.0,120206.0,30.44,73882506.88000001
14070,10989,1274720.0,63581.0,30.44,38802476.800000004
14070,18577,443461.0,22795.0,26.719,11848834.459
14070,15204,4212371.0,216992.0,30.44,128224573.24000001
14070,13250,3096375.0,154689.0,30.44,94253655.0
14070,17039,2916729.0,133424.0,30.44,88785230.76
14070,14444,1296578.0,71114.0,30.44,39467834.32
14070,18849,1454305.0,72378.0,30.44,44269044.2
14070,10751,2728152.0,135876.0,30.44,83044946.88000001
13101,16219,1963799.0,93871.0,31.05,60975958.95
13101,10270,2012904.0,95952.0,35.0,70451640.0
13101,11461,2012857.0,96450.0,35.0,70449995.0
13101,10303,2033317.0,97210.0,35.0,71166095.0
13101,15973,2034524.0,97229.0,35.0,71208340.0
13101,14724,2042516.0,97452.0,35.0,71488060.0
13101,10708,2634160.0,133247.0,35.0,92195600.0
13101,13503,2044143.0,97797.0,35.0,71545005.0
13101,19311,2024034.0,100480.0,35.0,70841190.0
13101,10570,2766571.0,138425.0,35.0,96829985.0
13101,13578,387762.0,19555.0,31.499999999999996,12214502.999999998
13101,10044,2007433.0,96109.0,35.0,70260155.0
13101,15401,348527.0,17505.0,31.499999999999996,10978600.499999998
13101,18863,2291495.0,121456.0,35.0,80202325.0
13101,11267,2479155.0,123163.0,35.0,86770425.0
13101,12627,2004010.0,96501.0,35.0,70140350.0
13101,17784,1960652.0,95226.0,31.05,60878244.6
13101,13651,2772494.0,138612.0,35.0,97037290.0
13101,13183,1257573.0,61579.0,31.05,39047641.65
13101,15872,1952699.0,93823.0,31.05,60631303.95
13101,14076,1940204.0,93022.0,31.05,60243334.2
13101,16991,2429953.0,121593.0,35.0,85048355.0
13101,12663,1597949.0,76433.0,31.05,49616316.45
13101,12214,2866435.0,143096.0,35.0,100325225.0
13101,19921,2067997.0,98015.0,35.0,72379895.0
13101,18144,1592968.0,82139.0,31.05,49461656.4
13101,19371,370060.0,19058.0,31.499999999999996,11656889.999999998
13101,16053,1915600.0,97022.0,31.05,59479380.0
13101,18978,1494707.0,70229.0,31.05,46410652.35
13101,17312,2653119.0,136200.0,35.0,92859165.0
13101,19956,2183926.0,110376.0,35.0,76437410.0
13101,12573,1328246.0,65076.0,31.05,41242038.300000004
13101,19469,2030968.0,99089.0,35.0,71083880.0
13101,11861,850374.0,42549.0,31.05,26404112.7
13101,10327,967374.0,44927.0,31.05,30036962.7
13101,17547,2067507.0,97893.0,35.0,72362745.0
13101,19180,1650150.0,88305.0,31.05,51237157.5
13101,12985,2031655.0,96693.0,35.0,71107925.0
13101,14005,1991215.0,95406.0,35.0,69692525.0
13101,16142,2705427.0,127561.0,35.0,94689945.0
13101,15916,2796278.0,143699.0,35.0,97869730.0
13101,17770,3737853.0,189442.0,35.0,130824855.0
13101,12364,3113340.0,145445.0,35.0,108966900.0
13101,13179,2115017.0,103841.0,35.0,74025595.0
13101,19539,2479058.0,123120.0,35.0,86767030.0
13101,17822,1939728.0,101419.0,31.05,60228554.4
13101,16262,1239037.0,60287.0,31.05,38472098.85
13101,16133,574787.0,29320.0,31.05,17847136.35
13101,10178,2401610.0,117305.0,35.0,84056350.0
13101,11568,3071555.0,144796.0,35.0,107504425.0
13101,13431,2444892.0,123097.0,35.0,85571220.0
13101,19185,2609111.0,129490.0,35.0,91318885.0
13101,16366,3140318.0,146968.0,35.0,109911130.0
13101,13680,6936333.0,338822.0,35.0,242771655.0
13101,11027,2022054.0,97716.0,35.0,70771890.0
13101,10904,2094877.0,102430.0,35.0,73320695.0
13101,17535,2457117.0,124073.0,35.0,85999095.0
13101,19171,899657.0,43294.0,31.05,27934349.85
13101,11214,452827.0,22614.0,22.805999999999997,10327172.561999999
13101,16916,2800507.0,143928.0,35.0,98017745.0
13101,18476,1635841.0,80032.0,31.05,50792863.050000004
13101,11117,2700021.0,136596.0,35.0,94500735.0
13101,14252,1474921.0,70900.0,31.05,45796297.050000004
13101,11472,1261196.0,66341.0,31.05,39160135.800000004
13101,12280,1956843.0,109375.0,31.05,60759975.15
13101,18446,2332367.0,115255.0,35.0,81632845.0
13101,12757,737895.0,38511.0,31.05,22911639.75
13101,17495,2016361.0,99956.0,35.0,70572635.0
13101,15506,2040271.0,97216.0,35.0,71409485.0
13101,10376,218179.0,11171.0,31.499999999999996,6872638.499999999
13101,15286,2218905.0,109020.0,35.0,77661675.0
13101,11168,1922649.0,97665.0,31.05,59698251.45
13101,13856,1277957.0,64995.0,31.05,39680564.85
13101,15292,1389824.0,70173.0,31.05,43154035.2
13101,13523,1168957.0,63200.0,31.05,36296114.85
13101,14376,2895747.0,147691.0,35.0,101351145.0
13101,17253,2688788.0,135736.0,35.0,94107580.0
13101,15028,7666590.0,371877.0,35.0,268330650.0
13101,15262,4822018.0,240986.0,35.0,168770630.0
13101,15206,2354694.0,116325.0,35.0,82414290.0
13101,12379,1906055.0,96976.0,31.05,59183007.75
13101,15747,2479317.0,123153.0,35.0,86776095.0
13101,19542,1819354.0,86775.0,31.05,56490941.7
13101,13570,2674828.0,130805.0,35.0,93618980.0
13101,13474,1327765.0,64960.0,31.05,41227103.25
13101,10659,3003593.0,141932.0,35.0,105125755.0
13101,14070,1635618.0,79993.0,31.05,50785938.9
13101,13101,0.0,0.0,31.499999999999996,0.0
13101,12952,6934053.0,338721.0,35.0,242691855.0
13101,18182,1926931.0,97136.0,31.05,59831207.550000004
13101,19338,1053958.0,56145.0,31.05,32725395.900000002
13101,10989,576530.0,29648.0,31.05,17901256.5
13101,18577,1192513.0,57306.0,31.05,37027528.65
13101,15204,3379237.0,176322.0,35.0,118273295.0
13101,13250,2263240.0,114020.0,35.0,79213400.0
13101,17039,3231124.0,150807.0,35.0,113089340.0
13101,14444,1779322.0,94850.0,31.05,55247948.1
13101,18849,1329234.0,67326.0,31.05,41272715.7
13101,10751,1354958.0,71815.0,31.05,42071445.9
12952,16219,8203062.0,398523.0,46.0,377340852.0
12952,10270,8252167.0,400603.0,46.0,379599682.0
12952,11461,8252120.0,401102.0,46.0,379597520.0
12952,10303,8272580.0,401861.0,46.0,380538680.0
12952,15973,8273787.0,401881.0,46.0,380594202.0
12952,14724,8281780.0,402104.0,46.0,380961880.0
12952,10708,8768249.0,432897.0,46.0,403339454.0
12952,13503,8283407.0,402448.0,46.0,381036722.0
12952,19311,8158124.0,400129.0,46.0,375273704.0
12952,10570,8900661.0,438074.0,46.0,409430406.0
12952,13578,6589710.0,322086.0,46.0,303126660.0
12952,10044,8246696.0,400760.0,46.0,379348016.0
12952,15401,6604292.0,322660.0,46.0,303797432.0
12952,18863,8929911.0,428555.0,46.0,410775906.0
12952,11267,8613245.0,422812.0,46.0,396209270.0
12952,12627,8243274.0,401153.0,46.0,379190604.0
12952,17784,8199916.0,399877.0,46.0,377196136.0
12952,13651,8906583.0,438261.0,46.0,409702818.0
12952,13183,7200834.0,352721.0,46.0,331238364.0
12952,15872,8191963.0,398475.0,46.0,376830298.0
12952,14076,8179467.0,397674.0,46.0,376255482.0
12952,16991,8911649.0,428018.0,46.0,409935854.0
12952,12663,7732038.0,376082.0,46.0,355673748.0
12952,12214,9000525.0,442746.0,46.0,414024150.0
12952,19921,8307260.0,402667.0,46.0,382133960.0
12952,18144,8093226.0,396152.0,46.0,372288396.0
12952,19371,6587600.0,321847.0,46.0,303029600.0
12952,16053,5038549.0,244060.0,46.0,231773254.0
12952,18978,6144040.0,289733.0,46.0,282625840.0
12952,17312,8787208.0,435849.0,46.0,404211568.0
12952,19956,4779841.0,231028.0,46.0,219872686.0
12952,12573,7474486.0,366708.0,46.0,343826356.0
12952,19469,8165058.0,398739.0,46.0,375592668.0
12952,11861,6761071.0,329448.0,46.0,311009266.0
12952,10327,7206637.0,349578.0,46.0,331505302.0
12952,17547,8306770.0,402544.0,46.0,382111420.0
12952,19180,8160564.0,404505.0,46.0,375385944.0
12952,12985,8270919.0,401344.0,46.0,380462274.0
12952,14005,8230478.0,400057.0,46.0,378601988.0
12952,16142,7460400.0,354030.0,46.0,343178400.0
12952,15916,8930367.0,443348.0,46.0,410796882.0
12952,17770,3216036.0,151460.0,361.09,1161278439.24
12952,12364,6749623.0,323594.0,46.0,310482658.0
12952,13179,8249107.0,403491.0,46.0,379458922.0
12952,19539,8613148.0,422769.0,46.0,396204808.0
12952,17822,8408953.0,407599.0,46.0,386811838.0
12952,16262,7373127.0,359937.0,46.0,339163842.0
12952,16133,6484468.0,316281.0,46.0,298285528.0
12952,10178,8640874.0,421956.0,46.0,397480204.0
12952,11568,9310818.0,449447.0,46.0,428297628.0
12952,13431,8578982.0,422747.0,46.0,394633172.0
12952,19185,8743200.0,429140.0,46.0,402187200.0
12952,16366,6776601.0,325117.0,46.0,311723646.0
12952,13680,14167.0,1038.0,361.09,5115562.029999999
12952,11027,5718981.0,278852.0,46.0,263073126.0
12952,10904,8228967.0,402079.0,46.0,378532482.0
12952,17535,8591206.0,423722.0,46.0,395195476.0
12952,19171,6917559.0,337430.0,46.0,318207714.0
12952,11214,6941774.0,338156.0,46.0,319321604.0
12952,16916,8934596.0,443578.0,46.0,410991416.0
12952,18476,7769931.0,379681.0,46.0,357416826.0
12952,11117,4239991.0,203347.0,46.0,195039586.0
12952,14252,7609011.0,370550.0,46.0,350014506.0
12952,11472,5872659.0,317740.0,46.0,270142314.0
12952,12280,8467257.0,425575.0,46.0,389493822.0
12952,18446,8466457.0,414904.0,46.0,389457022.0
12952,12757,7091763.0,346772.0,46.0,326221098.0
12952,17495,8150450.0,399605.0,46.0,374920700.0
12952,15506,8279534.0,401867.0,46.0,380858564.0
12952,10376,6714665.0,328333.0,46.0,308874590.0
12952,15286,8352995.0,408670.0,46.0,384237770.0
12952,11168,5026074.0,243153.0,46.0,231199404.0
12952,13856,5667293.0,275660.0,46.0,260695478.0
12952,15292,7523914.0,369822.0,46.0,346100044.0
12952,13523,7608880.0,369096.0,46.0,350008480.0
12952,14376,4657612.0,224960.0,46.0,214250152.0
12952,17253,4253869.0,203821.0,46.0,195677974.0
12952,15028,751424.0,34002.0,361.09,271331692.15999997
12952,15262,2105788.0,98517.0,361.09,760378988.92
12952,15206,8488784.0,415974.0,46.0,390484064.0
12952,12379,8040145.0,396625.0,46.0,369846670.0
12952,15747,8613407.0,422803.0,46.0,396216722.0
12952,19542,8058617.0,391427.0,46.0,370696382.0
12952,13570,8914092.0,435456.0,46.0,410048232.0
12952,13474,7474004.0,366592.0,46.0,343804184.0
12952,10659,9242856.0,446584.0,46.0,425171376.0
12952,14070,7769708.0,379643.0,46.0,357406568.0
12952,13101,6932194.0,338708.0,46.0,318880924.0
12952,12952,0.0,0.0,361.09,0.0
12952,18182,5011811.0,242320.0,46.0,230543306.0
12952,19338,6081270.0,327878.0,46.0,279738420.0
12952,10989,6487177.0,316921.0,46.0,298410142.0
12952,18577,7326604.0,356955.0,46.0,337023784.0
12952,15204,3830848.0,182222.0,361.09,1383280904.32
12952,13250,5242992.0,254097.0,46.0,241177632.0
12952,17039,7018076.0,336528.0,46.0,322831496.0
12952,14444,8289735.0,411050.0,46.0,381327810.0
12952,18849,7839648.0,383525.0,46.0,360623808.0
12952,10751,6338124.0,341062.0,46.0,291553704.0
18182,16219,3193479.0,156698.0,40.0,127739160.0
18182,10270,3242585.0,158778.0,23.2848,75502943.208
18182,11461,3242538.0,159277.0,23.2848,75501848.8224
18182,10303,3262998.0,160036.0,23.2848,75978255.8304
18182,15973,3264205.0,160056.0,23.2848,76006360.584
18182,14724,3272197.0,160279.0,23.2848,76192452.70560001
18182,10708,3758666.0,191072.0,23.2848,87519786.0768
18182,13503,3273824.0,160623.0,23.2848,76230337.0752
18182,19311,3148541.0,158304.0,40.0,125941640.0
18182,10570,3891078.0,196249.0,23.2848,90602973.0144
18182,13578,1580127.0,80261.0,28.1358,44458137.2466
18182,10044,3237114.0,158935.0,23.2848,75375552.0672
18182,15401,1594709.0,80834.0,28.1358,44868413.4822
18182,18863,3920328.0,186729.0,23.2848,91284053.4144
18182,11267,3603662.0,180987.0,23.2848,83910548.9376
18182,12627,3233691.0,159327.0,23.2848,75295848.19680001
18182,17784,3190333.0,158052.0,40.0,127613320.0
18182,13651,3897000.0,196436.0,23.2848,90740865.60000001
18182,13183,2191251.0,110895.0,35.0,76693785.0
18182,15872,3182380.0,156650.0,40.0,127295200.0
18182,14076,3169884.0,155848.0,40.0,126795360.0
18182,16991,3902065.0,186193.0,23.2848,90858803.112
18182,12663,2722455.0,134257.0,14.0,38114370.0
18182,12214,3990941.0,200921.0,23.2848,92928262.9968
18182,19921,3297677.0,160841.0,23.2848,76785749.4096
18182,18144,3083643.0,154327.0,40.0,123345720.0
18182,19371,1578016.0,80022.0,28.1358,44398742.5728
18182,16053,30293.0,2388.0,122.30420000000001,3704961.1306000003
18182,18978,1042082.0,49016.0,101.11,105364911.02
18182,17312,3777625.0,194024.0,23.2848,87961242.60000001
18182,19956,261902.0,13975.0,101.97,26706146.94
18182,12573,2464903.0,124883.0,23.2848,57394773.374400005
18182,19469,3155475.0,156913.0,40.0,126219000.0
18182,11861,1751488.0,87623.0,28.1358,49279516.0704
18182,10327,2197054.0,107753.0,35.0,76896890.0
18182,17547,3297188.0,160719.0,23.2848,76774363.1424
18182,19180,3150980.0,162679.0,40.0,126039200.0
18182,12985,3261336.0,159519.0,23.2848,75939556.4928
18182,14005,3220895.0,158232.0,23.2848,74997895.896
18182,16142,2525572.0,117950.0,23.2848,58807438.905600004
18182,15916,3920784.0,201523.0,23.2848,91294671.2832
18182,17770,1815829.0,93041.0,35.0,63554015.0
18182,12364,1814794.0,87515.0,35.0,63517790.0
18182,13179,3239524.0,161665.0,23.2848,75431668.4352
18182,19539,3603565.0,180944.0,23.2848,83908290.312
18182,17822,3399370.0,165773.0,23.2848,79153650.576
18182,16262,2363544.0,118112.0,23.2848,55034649.3312
18182,16133,1474885.0,74456.0,112.0,165187120.0
18182,10178,3631290.0,180131.0,23.2848,84553861.392
18182,11568,4301236.0,207622.0,23.2848,100153420.01280001
18182,13431,3569399.0,180921.0,23.2848,83112741.8352
18182,19185,3733617.0,187314.0,23.2848,86936525.1216
18182,16366,1841773.0,89038.0,35.0,64462055.0
18182,13680,5014310.0,242420.0,23.2848,116757205.488
18182,11027,784152.0,42772.0,101.11,79285608.72
18182,10904,3219384.0,160254.0,23.2848,74962712.5632
18182,17535,3581624.0,181897.0,23.2848,83397398.5152
18182,19171,1907975.0,95605.0,35.0,66779125.0
18182,11214,1932190.0,96331.0,35.0,67626650.0
18182,16916,3925013.0,201752.0,23.2848,91393142.7024
18182,18476,2760347.0,137856.0,14.0,38644858.0
18182,11117,777997.0,40195.0,101.11,78663276.67
18182,14252,2599428.0,128725.0,14.0,36391992.0
18182,11472,1238436.0,79961.0,112.0,138704832.0
18182,12280,3457673.0,183749.0,23.2848,80511224.2704
18182,18446,3456873.0,173079.0,23.2848,80492596.4304
18182,12757,2082180.0,104947.0,35.0,72876300.0
18182,17495,3140867.0,157780.0,40.0,125634680.0
18182,15506,3269951.0,160042.0,23.2848,76140155.0448
18182,10376,1705082.0,86508.0,28.1358,47973846.1356
18182,15286,3343412.0,166845.0,23.2848,77850679.7376
18182,11168,20160.0,1554.0,212.016,4274242.56
18182,13856,657710.0,33835.0,101.11,66501058.1
18182,15292,2514331.0,127997.0,23.2848,58545694.4688
18182,13523,2599297.0,127271.0,14.0,36390158.0
18182,14376,973723.0,51290.0,101.11,98453132.53
18182,17253,766764.0,39335.0,101.11,77527508.04
18182,15028,5744566.0,275475.0,23.2848,133761070.3968
18182,15262,2899994.0,144585.0,14.0,40599916.0
18182,15206,3479201.0,174149.0,23.2848,81012499.4448
18182,12379,3030562.0,154800.0,14.0,42427868.0
18182,15747,3603824.0,180977.0,23.2848,83914321.0752
18182,19542,3049034.0,149602.0,40.0,121961360.0
18182,13570,3904508.0,193631.0,23.2848,90915687.8784
18182,13474,2464422.0,124767.0,23.2848,57383573.3856
18182,10659,4233273.0,204759.0,23.2848,98570915.1504
18182,14070,2760124.0,137817.0,14.0,38641736.0
18182,13101,1922611.0,96883.0,35.0,67291385.0
18182,12952,5012030.0,242320.0,23.2848,116704116.14400001
18182,18182,0.0,0.0,212.016,0.0
18182,19338,1447047.0,90099.0,112.0,162069264.0
18182,10989,1477594.0,75096.0,112.0,165490528.0
18182,18577,2317020.0,115130.0,23.2848,53951347.296000004
18182,15204,1457213.0,79921.0,112.0,163207856.0
18182,13250,371732.0,18977.0,82.467,30655622.844
18182,17039,2083247.0,100449.0,35.0,72913645.0
18182,14444,3280152.0,169225.0,23.2848,76377683.2896
18182,18849,2830064.0,141700.0,14.0,39620896.0
18182,10751,1703901.0,103283.0,28.1358,47940617.7558
19338,16219,2745813.0,133313.0,23.52,64581521.76
19338,10270,2794918.0,135394.0,23.52,65736471.36
19338,11461,2794871.0,135892.0,23.52,65735365.92
19338,10303,2815331.0,136652.0,23.52,66216585.12
19338,15973,2816538.0,136671.0,23.52,66244973.76
19338,14724,2824530.0,136894.0,23.52,66432945.6
19338,10708,3416174.0,172689.0,23.52,80348412.48
19338,13503,2826157.0,137239.0,23.52,66471212.64
19338,19311,2806048.0,139922.0,23.52,65998248.96
19338,10570,3548585.0,177867.0,23.52,83462719.2
19338,13578,1132460.0,56877.0,18.0,20384280.0
19338,10044,2789447.0,135551.0,23.52,65607793.44
19338,15401,1147042.0,57450.0,18.0,20646756.0
19338,18863,3472661.0,163345.0,23.52,81676986.72
19338,11267,3261169.0,162605.0,23.52,76702694.88
19338,12627,2786024.0,135943.0,23.52,65527284.48
19338,17784,2742666.0,134668.0,23.52,64507504.32
19338,13651,3554507.0,178054.0,23.52,83602004.64
19338,13183,1931386.0,98893.0,27.0,52147422.0
19338,15872,2734713.0,133265.0,23.52,64320449.76
19338,14076,2722218.0,132464.0,23.52,64026567.36
19338,16991,3454399.0,162809.0,23.52,81247464.48
19338,12663,2379962.0,115875.0,23.52,55976706.24
19338,12214,3648449.0,182538.0,23.52,85811520.48
19338,19921,2850010.0,137457.0,23.52,67032235.199999996
19338,18144,2635976.0,130942.0,23.52,61998155.519999996
19338,19371,1130349.0,56637.0,18.0,20346282.0
19338,16053,1436641.0,90194.0,27.0,38789307.0
19338,18978,1572083.0,73792.0,27.0,42446241.0
19338,17312,3435133.0,175642.0,23.52,80794328.16
19338,19956,1704968.0,103549.0,27.0,46034136.0
19338,12573,2110260.0,104518.0,27.0,56977020.0
19338,19469,2812982.0,138531.0,23.52,66161336.64
19338,11861,1491623.0,75620.0,27.0,40273821.0
19338,10327,1749387.0,84369.0,27.0,47233449.0
19338,17547,2849521.0,137335.0,23.52,67020733.92
19338,19180,2703313.0,139295.0,23.52,63581921.76
19338,12985,2813669.0,136135.0,23.52,66177494.879999995
19338,14005,2773229.0,134848.0,23.52,65226346.08
19338,16142,3150532.0,152251.0,23.52,74100512.64
19338,15916,3578292.0,183141.0,23.52,84161427.84
19338,17770,2883448.0,178603.0,23.52,67818696.96
19338,12364,3089716.0,146103.0,23.52,72670120.32
19338,13179,2897031.0,143283.0,23.52,68138169.12
19338,19539,3261072.0,162562.0,23.52,76700413.44
19338,17822,2951703.0,142389.0,23.52,69424054.56
19338,16262,2021051.0,99729.0,27.0,54568377.0
19338,16133,1215020.0,62453.0,18.0,21870360.0
19338,10178,3183624.0,156747.0,23.52,74878836.48
19338,11568,3853569.0,184238.0,23.52,90635942.88
19338,13431,3226906.0,162539.0,23.52,75896829.12
19338,19185,3391124.0,168932.0,23.52,79759236.48
19338,16366,3116694.0,147626.0,23.52,73304642.88
19338,13680,6081928.0,327983.0,23.52,143046946.56
19338,11027,1998430.0,98375.0,27.0,53957610.0
19338,10904,2876891.0,141872.0,23.52,67664476.32
19338,17535,3239131.0,163515.0,23.52,76184361.12
19338,19171,1681671.0,82736.0,27.0,45405117.0
19338,11214,1484523.0,72947.0,27.0,40082121.0
19338,16916,3582521.0,183370.0,23.52,84260893.92
19338,18476,2417854.0,119474.0,23.52,56867926.08
19338,11117,1845616.0,125757.0,27.0,49831632.0
19338,14252,2256935.0,110342.0,27.0,60937245.0
19338,11472,211717.0,10693.0,93.68,19833648.560000002
19338,12280,3010006.0,160365.0,23.52,70795341.12
19338,18446,3114380.0,154697.0,23.52,73250217.6
19338,12757,1634513.0,81563.0,27.0,44131851.0
19338,17495,2798375.0,139398.0,23.52,65817780.0
19338,15506,2822285.0,136658.0,23.52,66380143.199999996
19338,10376,1257415.0,63124.0,18.0,22633470.0
19338,15286,3000919.0,148462.0,23.52,70581614.88
19338,11168,1443691.0,90837.0,27.0,38979657.0
19338,13856,1244114.0,64951.0,18.0,22394052.0
19338,15292,2171838.0,109615.0,27.0,58639626.0
19338,13523,2151630.0,103886.0,27.0,58094010.0
19338,14376,2041343.0,136852.0,27.0,55116261.0
19338,17253,1834384.0,124897.0,27.0,49528368.0
19338,15028,6812185.0,361038.0,23.52,160222591.2
19338,15262,3967613.0,230147.0,23.52,93318257.76
19338,15206,3136708.0,155767.0,23.52,73775372.16
19338,12379,2688069.0,136418.0,23.52,63223382.879999995
19338,15747,3261331.0,162595.0,23.52,76706505.12
19338,19542,2601368.0,126217.0,23.52,61184175.36
19338,13570,3456842.0,170247.0,23.52,81304923.84
19338,13474,2109779.0,104402.0,27.0,56964033.0
19338,10659,3785607.0,181374.0,23.52,89037476.64
19338,14070,2417631.0,119435.0,23.52,56862681.12
19338,13101,1049178.0,54938.0,18.0,18885204.0
19338,12952,6079648.0,327882.0,23.52,142993320.96
19338,18182,1447973.0,90308.0,27.0,39095271.0
19338,19338,0.0,0.0,93.68,0.0
19338,10989,1217729.0,63093.0,18.0,21919122.0
19338,18577,1974527.0,96748.0,27.0,53312229.0
19338,15204,2524832.0,165483.0,23.52,59384048.64
19338,13250,1784282.0,107192.0,27.0,48175614.0
19338,17039,3358169.0,159037.0,23.52,78984134.88
19338,14444,2832485.0,145840.0,23.52,66620047.199999996
19338,18849,2382398.0,118316.0,23.52,56034000.96
19338,10751,311373.0,16680.0,93.68,29169422.64
10989,16219,1701494.0,84180.0,14.55,24756737.700000003
10989,10270,1750600.0,86261.0,14.55,25471230.0
10989,11461,1750553.0,86759.0,14.55,25470546.150000002
10989,10303,1771013.0,87519.0,14.55,25768239.150000002
10989,15973,1772220.0,87538.0,14.55,25785801.0
10989,14724,1780212.0,87761.0,14.55,25902084.6
10989,10708,2274597.0,116919.0,14.55,33095386.35
10989,13503,1781839.0,88106.0,14.55,25925757.450000003
10989,19311,1664471.0,84152.0,14.55,24218053.05
10989,10570,2407008.0,122097.0,14.55,35021966.4
10989,13578,206337.0,11303.0,249.2,51419180.4
10989,10044,1745128.0,86418.0,14.55,25391612.400000002
10989,15401,245462.0,13353.0,249.2,61169130.4
10989,18863,2428343.0,114212.0,14.55,35332390.65
10989,11267,2119592.0,106835.0,14.55,30840063.6
10989,12627,1741706.0,86810.0,14.55,25341822.3
10989,17784,1687880.0,84393.0,14.55,24558654.0
10989,13651,2412931.0,122283.0,14.55,35108146.050000004
10989,13183,720494.0,37579.0,14.55,10483187.700000001
10989,15872,1690395.0,84132.0,14.55,24595247.25
10989,14076,1677899.0,83331.0,14.55,24413430.450000003
10989,16991,2410080.0,113676.0,14.55,35066664.0
10989,12663,1238386.0,60104.0,14.55,18018516.3
10989,12214,2506872.0,126768.0,14.55,36474987.6
10989,19921,1805692.0,88324.0,14.55,26272818.6
10989,18144,1591658.0,81809.0,14.55,23158623.900000002
10989,19371,211560.0,11626.0,249.2,52720752.0
10989,16053,1468436.0,75027.0,14.55,21365743.8
10989,18978,1047543.0,48235.0,14.55,15241750.65
10989,17312,2293556.0,119872.0,14.55,33371239.8
10989,19956,1736762.0,88382.0,14.55,25269887.1
10989,12573,980833.0,50730.0,14.55,14271120.15
10989,19469,1671405.0,82761.0,14.55,24318942.75
10989,11861,280732.0,14306.0,249.2,69958414.39999999
10989,10327,705069.0,35236.0,14.55,10258753.950000001
10989,17547,1805203.0,88202.0,14.55,26265703.650000002
10989,19180,1793639.0,94487.0,14.55,26097447.450000003
10989,12985,1769351.0,87002.0,14.55,25744057.05
10989,14005,1728910.0,85715.0,14.55,25155640.5
10989,16142,2117059.0,98726.0,14.55,30803208.450000003
10989,15916,2436715.0,127371.0,14.55,35454203.25
10989,17770,3290689.0,167448.0,14.55,47879524.95
10989,12364,2666176.0,123451.0,14.55,38792860.800000004
10989,13179,1755454.0,87513.0,14.55,25541855.700000003
10989,19539,2119495.0,106791.0,14.55,30838652.25
10989,17822,1907385.0,93256.0,14.55,27752451.75
10989,16262,879474.0,43959.0,14.55,12796346.700000001
10989,16133,8662.0,869.0,249.2,2158570.4
10989,10178,2139305.0,107614.0,14.55,31126887.75
10989,11568,2809251.0,135105.0,14.55,40874602.050000004
10989,13431,2085329.0,106769.0,14.55,30341536.950000003
10989,19185,2249548.0,113162.0,14.55,32730923.400000002
10989,16366,2693155.0,124974.0,14.55,39185405.25
10989,13680,6489169.0,316828.0,14.55,94417408.95
10989,11027,1574890.0,75722.0,14.55,22914649.5
10989,10904,1735314.0,86101.0,14.55,25248818.700000003
10989,17535,2097554.0,107744.0,14.55,30519410.700000003
10989,19171,423906.0,21453.0,249.2,105637375.19999999
10989,11214,574850.0,28138.0,14.55,8364067.5
10989,16916,2440944.0,127600.0,14.55,35515735.2
10989,18476,1276278.0,63704.0,14.55,18569844.900000002
10989,11117,2252857.0,114602.0,14.55,32779069.35
10989,14252,1115358.0,54572.0,14.55,16228458.9
10989,11472,1420699.0,73994.0,14.55,20671170.45
10989,12280,2100332.0,115557.0,14.55,30559830.6
10989,18446,1972804.0,98927.0,14.55,28704298.200000003
10989,12757,693450.0,35737.0,14.55,10089697.5
10989,17495,1656798.0,83628.0,14.55,24106410.900000002
10989,15506,1777966.0,87525.0,14.55,25869405.3
10989,10376,355835.0,19026.0,249.2,88674082.0
10989,15286,1859342.0,92692.0,14.55,27053426.1
10989,11168,1475485.0,75671.0,14.55,21468306.75
10989,13856,830793.0,43001.0,14.55,12088038.15
10989,15292,1030261.0,53844.0,14.55,14990297.55
10989,13523,1107311.0,54753.0,14.55,16111375.05
10989,14376,2448583.0,125697.0,14.55,35626882.65
10989,17253,2241624.0,113742.0,14.55,32615629.200000003
10989,15028,7219426.0,349883.0,14.55,105042648.30000001
10989,15262,4374854.0,218992.0,14.55,63654125.7
10989,15206,1995131.0,99997.0,14.55,29029156.05
10989,12379,1546492.0,80648.0,14.55,22501458.6
10989,15747,2119755.0,106825.0,14.55,30842435.25
10989,19542,1557049.0,77084.0,14.55,22655062.95
10989,13570,2367710.0,120609.0,14.55,34450180.5
10989,13474,980352.0,50615.0,14.55,14264121.600000001
10989,10659,2741288.0,132241.0,14.55,39885740.4
10989,14070,1276055.0,63665.0,14.55,18566600.25
10989,13101,573364.0,29401.0,14.55,8342446.2
10989,12952,6486889.0,316727.0,14.55,94384234.95
10989,18182,1479767.0,75142.0,14.55,21530609.85
10989,19338,1213462.0,63798.0,14.55,17655872.1
10989,10989,0.0,0.0,249.2,0.0
10989,18577,832950.0,40978.0,14.55,12119422.5
10989,15204,2932073.0,154328.0,14.55,42661662.15
10989,13250,1816076.0,92026.0,14.55,26423905.8
10989,17039,2642756.0,121971.0,14.55,38452099.800000004
10989,14444,1922811.0,101032.0,14.55,27976900.05
10989,18849,1472724.0,73508.0,14.55,21428134.2
10989,10751,1514461.0,79468.0,14.55,22035407.55
18577,16219,998037.0,50386.0,23.28,23234301.36
18577,10270,995883.0,50862.0,23.28,23184156.240000002
18577,11461,1047095.0,52965.0,23.28,24376371.6
18577,10303,1036773.0,52325.0,23.28,24136075.44
18577,15973,1034577.0,52387.0,23.28,24084952.560000002
18577,14724,1076754.0,53967.0,23.28,25066833.12
18577,10708,1451731.0,75956.0,23.28,33796297.68
18577,13503,1078381.0,54311.0,23.28,25104709.68
18577,19311,841606.0,43189.0,23.28,19592587.68
18577,10570,1584142.0,81134.0,23.28,36878825.760000005
18577,13578,863756.0,41398.0,23.28,20108239.68
18577,10044,1041671.0,52623.0,23.28,24250100.880000003
18577,15401,859514.0,41146.0,23.28,20009485.92
18577,18863,1724886.0,80418.0,23.28,40155346.080000006
18577,11267,1296726.0,65872.0,23.28,30187781.28
18577,12627,1038249.0,53016.0,23.28,24170436.720000003
18577,17784,857848.0,43489.0,23.28,19970701.44
18577,13651,1590065.0,81321.0,23.28,37016713.2
18577,13183,434330.0,22535.0,23.28,10111202.4
18577,15872,986938.0,50338.0,23.28,22975916.64
18577,14076,974442.0,49537.0,23.28,22685009.76
18577,16991,1706623.0,79881.0,23.28,39730183.440000005
18577,12663,408354.0,19200.0,23.28,9506481.120000001
18577,12214,1684006.0,85805.0,23.28,39203659.68
18577,19921,1050835.0,52987.0,23.28,24463438.8
18577,18144,894720.0,48556.0,23.28,20829081.6
18577,19371,859319.0,41024.0,23.28,20004946.32
18577,16053,2308295.0,115058.0,23.28,53737107.6
18577,18978,1845242.0,87836.0,23.28,42957233.760000005
18577,17312,1470690.0,78909.0,23.28,34237663.2
18577,19956,2576622.0,128412.0,23.28,59983760.160000004
18577,12573,204456.0,11209.0,58.296,11918966.976
18577,19469,841373.0,41857.0,23.28,19587163.44
18577,11861,773361.0,39193.0,23.28,18003844.080000002
18577,10327,364100.0,19013.0,23.28,8476248.0
18577,17547,1050346.0,52864.0,23.28,24452054.880000003
18577,19180,1205271.0,65837.0,23.28,28058708.880000003
18577,12985,1014494.0,51665.0,23.28,23617420.32
18577,14005,1025453.0,51920.0,23.28,23872545.84
18577,16142,2216192.0,100502.0,23.28,51592949.760000005
18577,15916,1613849.0,86408.0,23.28,37570404.72
18577,17770,4130548.0,207478.0,23.28,96159157.44
18577,12364,2921090.0,130305.0,23.28,68002975.2
18577,13179,925422.0,46609.0,23.28,21543824.16
18577,19539,1296630.0,65829.0,23.28,30185546.400000002
18577,17822,1203927.0,59462.0,23.28,28027420.560000002
18577,16262,46523.0,2981.0,58.296,2712104.808
18577,16133,839665.0,41193.0,23.28,19547401.2
18577,10178,1431837.0,73125.0,23.28,33333165.360000003
18577,11568,2101782.0,100616.0,23.28,48929484.96
18577,13431,1262464.0,65806.0,23.28,29390161.92
18577,19185,1426682.0,72199.0,23.28,33213156.96
18577,16366,2891639.0,129629.0,23.28,67317355.92
18577,13680,7329029.0,356858.0,23.28,170619795.12
18577,11027,2414750.0,115752.0,23.28,56215380.0
18577,10904,905282.0,45197.0,23.28,21074964.96
18577,17535,1274688.0,66782.0,23.28,29674736.64
18577,19171,430872.0,20838.0,23.28,10030700.16
18577,11214,819733.0,40490.0,23.28,19083384.240000002
18577,16916,1618078.0,86637.0,23.28,37668855.84
18577,18476,443327.0,22725.0,23.28,10320652.56
18577,11117,3092716.0,154632.0,23.28,71998428.48
18577,14252,285326.0,13668.0,23.28,6642389.28
18577,11472,2193950.0,107768.0,23.28,51075156.0
18577,12280,1769104.0,95230.0,23.28,41184741.120000005
18577,18446,1142772.0,58023.0,23.28,26603732.16
18577,12757,570601.0,29122.0,23.28,13283591.280000001
18577,17495,833932.0,42665.0,23.28,19413936.96
18577,15506,1074509.0,53730.0,23.28,25014569.52
18577,10376,977325.0,47181.0,23.28,22752126.0
18577,15286,1029310.0,51788.0,23.28,23962336.8
18577,11168,2315345.0,115701.0,23.28,53901231.6
18577,13856,1670653.0,83031.0,23.28,38892801.84
18577,15292,316144.0,18538.0,23.28,7359832.32
18577,13523,449471.0,23144.0,23.28,10463684.88
18577,14376,3288443.0,165727.0,23.28,76554953.04
18577,17253,3081484.0,153772.0,23.28,71736947.52000001
18577,15028,8059286.0,389913.0,23.28,187620178.08
18577,15262,5214714.0,259022.0,23.28,121398541.92
18577,15206,1165099.0,59093.0,23.28,27123504.720000003
18577,12379,832375.0,45341.0,23.28,19377690.0
18577,15747,1296889.0,65862.0,23.28,30191575.92
18577,19542,853592.0,43290.0,23.28,19871621.76
18577,13570,1537678.0,79705.0,23.28,35797143.84
18577,13474,203975.0,11093.0,58.296,11890926.6
18577,10659,2033820.0,97752.0,23.28,47347329.6
18577,14070,443104.0,22687.0,23.28,10315461.120000001
18577,13101,1194854.0,57556.0,23.28,27816201.12
18577,12952,7326749.0,356757.0,23.28,170566716.72
18577,18182,2319627.0,115172.0,23.28,54000916.56
18577,19338,1986713.0,97572.0,23.28,46250678.64
18577,10989,834281.0,40948.0,23.28,19422061.68
18577,18577,0.0,0.0,221.2,0.0
18577,15204,3771932.0,194358.0,23.28,87810576.96000001
18577,13250,2655935.0,132056.0,23.28,61830166.800000004
18577,17039,2741889.0,123747.0,23.28,63831175.92
18577,14444,1276408.0,71544.0,23.28,29714778.240000002
18577,18849,1194777.0,59503.0,23.28,27814408.560000002
18577,10751,2287712.0,113242.0,23.28,53257935.36
15204,16219,4647057.0,236046.0,15.0,69705855.0
15204,10270,4696162.0,238126.0,15.0,70442430.0
15204,11461,4696115.0,238625.0,15.0,70441725.0
15204,10303,4716575.0,239384.0,15.0,70748625.0
15204,15973,4717782.0,239404.0,15.0,70766730.0
15204,14724,4725775.0,239627.0,15.0,70886625.0
15204,10708,5212244.0,270420.0,15.0,78183660.0
15204,13503,4727402.0,239971.0,15.0,70911030.0
15204,19311,4602119.0,237652.0,15.0,69031785.0
15204,10570,5344655.0,275597.0,15.0,80169825.0
15204,13578,3033705.0,159609.0,15.0,45505575.0
15204,10044,4690691.0,238283.0,15.0,70360365.0
15204,15401,3048287.0,160182.0,15.0,45724305.0
15204,18863,5373906.0,266077.0,15.0,80608590.0
15204,11267,5057239.0,260335.0,15.0,75858585.0
15204,12627,4687269.0,238676.0,15.0,70309035.0
15204,17784,4643911.0,237400.0,15.0,69658665.0
15204,13651,5350578.0,275784.0,15.0,80258670.0
15204,13183,3644828.0,190243.0,15.0,54672420.0
15204,15872,4635958.0,235998.0,15.0,69539370.0
15204,14076,4623462.0,235196.0,15.0,69351930.0
15204,16991,5355643.0,265541.0,15.0,80334645.0
15204,12663,4176033.0,213605.0,15.0,62640495.0
15204,12214,5444519.0,280269.0,15.0,81667785.0
15204,19921,4751255.0,240190.0,15.0,71268825.0
15204,18144,4537221.0,233675.0,15.0,68058315.0
15204,19371,3031594.0,159370.0,15.0,45473910.0
15204,16053,1482543.0,81583.0,15.0,22238145.0
15204,18978,2588034.0,127256.0,15.0,38820510.0
15204,17312,5231203.0,273372.0,15.0,78468045.0
15204,19956,1223835.0,68551.0,7.84,9594866.4
15204,12573,3918480.0,204231.0,15.0,58777200.0
15204,19469,4609052.0,236261.0,15.0,69135780.0
15204,11861,3205066.0,166971.0,15.0,48075990.0
15204,10327,3650632.0,187101.0,15.0,54759480.0
15204,17547,4750765.0,240067.0,15.0,71261475.0
15204,19180,4604558.0,242027.0,15.0,69068370.0
15204,12985,4714914.0,238867.0,15.0,70723710.0
15204,14005,4674473.0,237580.0,15.0,70117095.0
15204,16142,3904395.0,191553.0,15.0,58565925.0
15204,15916,5374362.0,280871.0,15.0,80615430.0
15204,17770,634060.0,32982.0,7.84,4971030.4
15204,12364,3193617.0,161117.0,15.0,47904255.0
15204,13179,4693101.0,241014.0,15.0,70396515.0
15204,19539,5057142.0,260292.0,15.0,75857130.0
15204,17822,4852948.0,245121.0,15.0,72794220.0
15204,16262,3817121.0,197460.0,15.0,57256815.0
15204,16133,2928462.0,153804.0,15.0,43926930.0
15204,10178,5084868.0,259479.0,15.0,76273020.0
15204,11568,5754814.0,286970.0,15.0,86322210.0
15204,13431,5022976.0,260270.0,15.0,75344640.0
15204,19185,5187195.0,266662.0,15.0,77807925.0
15204,16366,3220595.0,162640.0,15.0,48308925.0
15204,13680,3832541.0,182362.0,15.0,57488115.0
15204,11027,2162975.0,116374.0,15.0,32444625.0
15204,10904,4672961.0,239602.0,15.0,70094415.0
15204,17535,5035201.0,261245.0,15.0,75528015.0
15204,19171,3361553.0,174953.0,15.0,50423295.0
15204,11214,3385768.0,175679.0,15.0,50786520.0
15204,16916,5378591.0,281101.0,15.0,80678865.0
15204,18476,4213925.0,217204.0,15.0,63208875.0
15204,11117,683985.0,40870.0,7.84,5362442.399999999
15204,14252,4053005.0,208073.0,15.0,60795075.0
15204,11472,2316653.0,155263.0,15.0,34749795.0
15204,12280,4911250.0,263097.0,15.0,73668750.0
15204,18446,4910450.0,252427.0,15.0,73656750.0
15204,12757,3535758.0,184295.0,15.0,53036370.0
15204,17495,4594445.0,237128.0,15.0,68916675.0
15204,15506,4723529.0,239390.0,15.0,70852935.0
15204,10376,3158660.0,165856.0,15.0,47379900.0
15204,15286,4796989.0,246193.0,15.0,71954835.0
15204,11168,1470068.0,80676.0,15.0,22051020.0
15204,13856,2111288.0,113183.0,15.0,31669320.0
15204,15292,3967908.0,207345.0,15.0,59518620.0
15204,13523,4052874.0,206619.0,15.0,60793110.0
15204,14376,1101606.0,62483.0,7.84,8636591.04
15204,17253,697864.0,41344.0,7.84,5471253.76
15204,15028,4562797.0,215417.0,15.0,68441955.0
15204,15262,1718225.0,84526.0,15.0,25773375.0
15204,15206,4932777.0,253497.0,15.0,73991655.0
15204,12379,4484139.0,234148.0,15.0,67262085.0
15204,15747,5057402.0,260326.0,15.0,75861030.0
15204,19542,4502612.0,228950.0,15.0,67539180.0
15204,13570,5358087.0,272979.0,15.0,80371305.0
15204,13474,3917999.0,204115.0,15.0,58769985.0
15204,10659,5686851.0,284107.0,15.0,85302765.0
15204,14070,4213702.0,217165.0,15.0,63205530.0
15204,13101,3376188.0,176231.0,15.0,50642820.0
15204,12952,3830261.0,182262.0,15.0,57453915.0
15204,18182,1455805.0,79842.0,15.0,21837075.0
15204,19338,2525264.0,165401.0,15.0,37878960.0
15204,10989,2931172.0,154444.0,15.0,43967580.0
15204,18577,3770598.0,194478.0,15.0,56558970.0
15204,15204,0.0,0.0,7.84,0.0
15204,13250,1686987.0,91620.0,15.0,25304805.0
15204,17039,3462070.0,174051.0,15.0,51931050.0
15204,14444,4733730.0,248573.0,15.0,71005950.0
15204,18849,4283642.0,221048.0,15.0,64254630.0
15204,10751,2782119.0,178585.0,15.0,41731785.0
13250,16219,3532447.0,173967.0,103.81,366703323.07
13250,10270,3581553.0,176047.0,103.81,371801016.93
13250,11461,3581506.0,176546.0,103.81,371796137.86
13250,10303,3601966.0,177305.0,103.81,373920090.46
13250,15973,3603173.0,177325.0,103.81,374045389.13
13250,14724,3611165.0,177548.0,103.81,374875038.65000004
13250,10708,4097634.0,208341.0,103.81,425375385.54
13250,13503,3612792.0,177892.0,103.81,375043937.52
13250,19311,3487509.0,175573.0,103.81,362038309.29
13250,10570,4230046.0,213518.0,103.81,439121075.26
13250,13578,1919095.0,97530.0,103.81,199221251.95000002
13250,10044,3576082.0,176204.0,103.81,371233072.42
13250,15401,1933677.0,98103.0,103.81,200735009.37
13250,18863,4259296.0,203998.0,103.81,442157517.76
13250,11267,3942630.0,198256.0,103.81,409284420.3
13250,12627,3572659.0,176597.0,103.81,370877730.79
13250,17784,3529301.0,175321.0,103.81,366376736.81
13250,13651,4235968.0,213705.0,103.81,439735838.08
13250,13183,2640965.0,122205.0,103.81,274158576.65000004
13250,15872,3521348.0,173919.0,103.81,365551135.88
13250,14076,3508852.0,173117.0,103.81,364253926.12
13250,16991,4241034.0,203462.0,103.81,440261739.54
13250,12663,3061423.0,151526.0,103.81,317806321.63
13250,12214,4329910.0,218190.0,103.81,449487957.1
13250,19921,3636645.0,178111.0,103.81,377520117.45
13250,18144,3422611.0,171596.0,103.81,355301247.91
13250,19371,1916984.0,97291.0,103.81,199002109.04
13250,16053,350210.0,17725.0,103.81,36355300.1
13250,18978,1124602.0,48100.0,103.81,116744933.62
13250,17312,4116593.0,211293.0,103.81,427343519.33
13250,19956,464534.0,23167.0,103.81,48223274.54
13250,12573,2803871.0,142152.0,103.81,291069848.51
13250,19469,3494442.0,174182.0,103.81,362758024.02
13250,11861,2201202.0,98933.0,103.81,228506779.62
13250,10327,2536022.0,125022.0,103.81,263264443.82
13250,17547,3636156.0,177988.0,103.81,377469354.36
13250,19180,3489948.0,179948.0,103.81,362291501.88
13250,12985,3600304.0,176788.0,103.81,373747558.24
13250,14005,3559863.0,175501.0,103.81,369549378.03000003
13250,16142,2301013.0,110085.0,103.81,238868159.53
13250,15916,4259752.0,218792.0,103.81,442204855.12
13250,17770,2044189.0,104704.0,103.81,212207260.09
13250,12364,1590235.0,79649.0,103.81,165082295.35
13250,13179,3578492.0,178935.0,103.81,371483254.52
13250,19539,3942533.0,198213.0,103.81,409274350.73
13250,17822,3738338.0,183042.0,103.81,388076867.78000003
13250,16262,2702512.0,135381.0,103.81,280547770.72
13250,16133,1813853.0,91725.0,103.81,188296079.93
13250,10178,3970258.0,197400.0,103.81,412152482.98
13250,11568,4640204.0,224891.0,103.81,481699577.24
13250,13431,4030416.0,196074.0,103.81,418397484.96000004
13250,19185,4072585.0,204583.0,103.81,422775048.85
13250,16366,1617213.0,81172.0,103.81,167882881.53
13250,13680,5242670.0,254084.0,103.81,544241572.7
13250,11027,559593.0,34907.0,103.81,58091349.33
13250,10904,3558352.0,177523.0,103.81,369392521.12
13250,17535,4033500.0,196361.0,103.81,418717635.0
13250,19171,2246943.0,112874.0,103.81,233255152.83
13250,11214,2271158.0,113600.0,103.81,235768911.98000002
13250,16916,4263981.0,219022.0,103.81,442643867.61
13250,18476,3099315.0,155125.0,103.81,321739890.15000004
13250,11117,1006357.0,51858.0,103.81,104469920.17
13250,14252,2938396.0,145994.0,103.81,305034888.76
13250,11472,1577403.0,97230.0,103.81,163750205.43
13250,12280,3796641.0,201018.0,103.81,394129302.21000004
13250,18446,3795841.0,190348.0,103.81,394046254.21000004
13250,12757,2421148.0,122216.0,103.81,251339373.88
13250,17495,3479835.0,175049.0,103.81,361241671.35
13250,15506,3608919.0,177311.0,103.81,374641881.39
13250,10376,2044050.0,103777.0,103.81,212192830.5
13250,15286,3682379.0,184114.0,103.81,382267763.99
13250,11168,359976.0,18329.0,103.81,37369108.56
13250,13856,996678.0,51104.0,103.81,103465143.18
13250,15292,3059109.0,137188.0,103.81,317566105.29
13250,13523,2938265.0,144540.0,103.81,305021289.65000004
13250,14376,1202084.0,62953.0,103.81,124788340.04
13250,17253,995125.0,50998.0,103.81,103303926.25
13250,15028,5972927.0,287138.0,103.81,620049551.87
13250,15262,3128354.0,156248.0,103.81,324754428.74
13250,15206,3818168.0,191418.0,103.81,396364020.08
13250,12379,3563921.0,162792.0,103.81,369970639.01
13250,15747,3942792.0,198247.0,103.81,409301237.52
13250,19542,3388002.0,166871.0,103.81,351708487.62
13250,13570,4243476.0,210900.0,103.81,440515243.56
13250,13474,2803389.0,142036.0,103.81,291019812.09000003
13250,10659,4572241.0,222028.0,103.81,474644338.21000004
13250,14070,3099092.0,155086.0,103.81,321716740.52
13250,13101,2261579.0,114152.0,103.81,234774515.99
13250,12952,5240390.0,253983.0,103.81,544004885.9
13250,18182,373419.0,19122.0,103.81,38764626.39
13250,19338,1786015.0,107368.0,103.81,185406217.15
13250,10989,1816562.0,92365.0,103.81,188577301.22
13250,18577,2655988.0,132399.0,103.81,275718114.28000003
13250,15204,1685573.0,91584.0,103.81,174979333.13
13250,13250,0.0,0.0,103.81,0.0
13250,17039,1858688.0,92583.0,103.81,192950401.28
13250,14444,3619120.0,186494.0,103.81,375700847.2
13250,18849,3169032.0,158969.0,103.81,328977211.92
13250,10751,2042869.0,120552.0,103.81,212070230.89000002
17039,16219,3775974.0,173146.0,59.5,224670453.0
17039,10270,3729197.0,174227.0,59.5,221887221.5
17039,11461,3825032.0,175725.0,59.5,227589404.0
17039,10303,3770087.0,175691.0,59.5,224320176.5
17039,15973,3767891.0,175752.0,59.5,224189514.5
17039,14724,3854691.0,176727.0,59.5,229354114.5
17039,10708,3908608.0,186811.0,59.5,232562176.0
17039,13503,3856318.0,177071.0,59.5,229450921.0
17039,19311,3303834.0,154458.0,59.5,196578123.0
17039,10570,4044652.0,192345.0,59.5,240656794.0
17039,13578,2361222.0,115239.0,66.79,157706017.38000003
17039,10044,3819608.0,175383.0,59.5,227266676.0
17039,15401,2375804.0,115813.0,66.79,158679949.16000003
17039,18863,4502823.0,203178.0,59.5,267917968.5
17039,11267,3757236.0,177083.0,59.5,223555542.0
17039,12627,3816186.0,175776.0,59.5,227063067.0
17039,17784,3591162.0,166854.0,59.5,213674139.0
17039,13651,4050574.0,192532.0,59.5,241009153.0
17039,13183,2311294.0,101642.0,66.79,154371326.26000002
17039,15872,3764875.0,173098.0,59.5,224010062.5
17039,14076,3752379.0,172297.0,59.5,223266550.5
17039,16991,4484560.0,202642.0,59.5,266831320.0
17039,12663,3141668.0,142566.0,59.5,186929246.0
17039,12214,3983248.0,191471.0,59.5,237003256.0
17039,19921,3784149.0,176352.0,59.5,225156865.5
17039,18144,3666137.0,170775.0,59.5,218135151.5
17039,19371,2359111.0,115000.0,66.79,157565023.69000003
17039,16053,2058926.0,98932.0,66.79,137515667.54000002
17039,18978,1216739.0,62100.0,66.79,81265997.81
17039,17312,3927566.0,189763.0,59.5,233690177.0
17039,19956,2237623.0,105524.0,66.79,149450840.17000002
17039,12573,2942572.0,134819.0,59.5,175083034.0
17039,19469,3474727.0,163373.0,59.5,206746256.5
17039,11861,2321689.0,114115.0,55.0,127692895.0
17039,10327,2878139.0,129910.0,59.5,171249270.5
17039,17547,3783660.0,176230.0,59.5,225127770.0
17039,19180,3934673.0,185645.0,59.5,234113043.5
17039,12985,3747808.0,175030.0,59.5,222994576.0
17039,14005,3803390.0,174681.0,59.5,226301705.0
17039,16142,542372.0,24160.0,144.12,78166652.64
17039,15916,4092359.0,196801.0,59.5,243495360.5
17039,17770,3817278.0,187061.0,59.5,227128041.0
17039,12364,278013.0,13381.0,144.12,40067233.56
17039,13179,3459091.0,162204.0,59.5,205815914.5
17039,19539,3757139.0,177040.0,59.5,223549770.5
17039,17822,3981864.0,182222.0,59.5,236920908.0
17039,16262,2725302.0,122811.0,55.0,149891610.0
17039,16133,2255979.0,109434.0,66.79,150676837.41000003
17039,10178,4165151.0,196490.0,59.5,247826484.5
17039,11568,4835097.0,223981.0,59.5,287688271.5
17039,13431,3484064.0,168239.0,59.5,207301808.0
17039,19185,3887191.0,183410.0,59.5,231287864.5
17039,16366,248562.0,12705.0,113.82,28291326.84
17039,13680,7015758.0,336441.0,59.5,417437601.0
17039,11027,1362331.0,60678.0,66.79,90990087.49000001
17039,10904,3438951.0,160792.0,59.5,204617584.5
17039,17535,3487148.0,168525.0,59.5,207485306.0
17039,19171,2678284.0,119911.0,55.0,147305620.0
17039,11214,2713285.0,131309.0,55.0,149230675.0
17039,16916,4102557.0,197091.0,59.5,244102141.5
17039,18476,2916533.0,133499.0,59.5,173533713.5
17039,11117,2779446.0,134215.0,55.0,152869530.0
17039,14252,3018641.0,137034.0,59.5,179609139.5
17039,11472,2994946.0,146588.0,59.5,178199287.0
17039,12280,4469229.0,213706.0,59.5,265919125.5
17039,18446,3672040.0,173353.0,59.5,218486380.0
17039,12757,2978914.0,135797.0,59.5,177245383.0
17039,17495,3296161.0,153933.0,59.5,196121579.5
17039,15506,3852446.0,176491.0,59.5,229220537.0
17039,10376,2486177.0,121486.0,55.0,136739735.0
17039,15286,3558579.0,167118.0,59.5,211735450.5
17039,11168,2068692.0,99536.0,66.79,138167938.68
17039,13856,2128771.0,95722.0,66.79,142180615.09
17039,15292,2512757.0,109353.0,55.0,138201635.0
17039,13523,3181791.0,143719.0,59.5,189316564.5
17039,14376,2975172.0,145310.0,59.5,177022734.0
17039,17253,2768213.0,133355.0,55.0,152251715.0
17039,15028,7746015.0,369496.0,59.5,460887892.5
17039,15262,4901443.0,238605.0,59.5,291635858.5
17039,15206,3694368.0,174423.0,59.5,219814896.0
17039,12379,3017569.0,134957.0,59.5,179545355.5
17039,15747,3757398.0,177074.0,59.5,223565181.0
17039,19542,3631529.0,166050.0,59.5,216075975.5
17039,13570,4178277.0,199930.0,59.5,248607481.5
17039,13474,2942091.0,134704.0,59.5,175054414.5
17039,10659,4767134.0,221118.0,59.5,283644473.0
17039,14070,2916598.0,133473.0,59.5,173537581.0
17039,13101,2703706.0,131861.0,55.0,148703830.0
17039,12952,7013478.0,336340.0,59.5,417301941.0
17039,18182,2082135.0,100329.0,66.79,139065796.65
17039,19338,2787709.0,136392.0,55.0,153323995.0
17039,10989,2258689.0,110074.0,66.79,150857838.31
17039,18577,2741138.0,123772.0,55.0,150762590.0
17039,15204,3458662.0,173941.0,59.5,205790389.0
17039,13250,1857540.0,92451.0,66.79,124065096.60000001
17039,17039,0.0,0.0,113.82,0.0
17039,14444,4063845.0,192191.0,59.5,241798777.5
17039,18849,3748286.0,174193.0,59.5,223023017.0
17039,10751,3088708.0,152062.0,59.5,183778126.0
14444,16219,505443.0,30395.0,50.0,25272150.0
14444,10270,535231.0,31115.0,69.8,37359123.8
14444,11461,515057.0,30212.0,69.8,35950978.6
14444,10303,545237.0,31252.0,69.8,38057542.6
14444,15973,546444.0,31271.0,69.8,38141791.199999996
14444,14724,519898.0,27989.0,69.8,36288880.4
14444,10708,1935212.0,97929.0,69.8,135077797.6
14444,13503,541481.0,31311.0,69.8,37795373.8
14444,19311,1462008.0,77271.0,69.8,102048158.39999999
14444,10570,1844651.0,94318.0,69.8,128756639.8
14444,13578,1714413.0,90179.0,69.8,119666027.39999999
14444,10044,519353.0,30151.0,69.8,36250839.4
14444,15401,1710171.0,89926.0,69.8,119369935.8
14444,18863,524042.0,27514.0,69.8,36578131.6
14444,11267,1557235.0,79056.0,69.8,108695003.0
14444,12627,488440.0,28748.0,50.0,24422000.0
14444,17784,690156.0,38491.0,69.8,48172888.8
14444,13651,1850573.0,94505.0,69.8,129169995.39999999
14444,13183,1749928.0,90888.0,69.8,122144974.39999999
14444,15872,505417.0,30307.0,69.8,35278106.6
14444,14076,496493.0,29525.0,50.0,24824650.0
14444,16991,537806.0,28213.0,69.8,37538858.8
14444,12663,1063184.0,58580.0,69.8,74210243.2
14444,12214,2307115.0,120076.0,69.8,161036627.0
14444,19921,576572.0,32543.0,69.8,40244725.6
14444,18144,385558.0,23264.0,14.94108,5760652.92264
14444,19371,1709976.0,89805.0,69.8,119356324.8
14444,16053,3269934.0,169102.0,69.8,228241393.2
14444,18978,2849042.0,142310.0,69.8,198863131.6
14444,17312,2071366.0,104976.0,69.8,144581346.79999998
14444,19956,3538261.0,182457.0,69.8,246970617.79999998
14444,12573,1074493.0,61015.0,69.8,74999611.39999999
14444,19469,943747.0,50213.0,69.8,65873540.599999994
14444,11861,1919377.0,101232.0,69.8,133972514.6
14444,10327,1266986.0,68980.0,69.8,88435622.8
14444,17547,576083.0,32421.0,69.8,40210593.4
14444,19180,128187.0,6867.0,14.94108,1915252.22196
14444,12985,552039.0,31706.0,69.8,38532322.199999996
14444,14005,508271.0,29664.0,69.8,35477315.8
14444,16142,3531789.0,168855.0,69.8,246518872.2
14444,15916,2255656.0,113545.0,69.8,157444788.79999998
14444,17770,5092188.0,261523.0,69.8,355434722.4
14444,12364,4236688.0,198658.0,69.8,295720822.4
14444,13179,1000271.0,52597.0,69.8,69818915.8
14444,19539,1557138.0,79013.0,69.8,108688232.39999999
14444,17822,403762.0,23310.0,14.94108,6032640.34296
14444,16262,1351459.0,74224.0,69.8,94331838.2
14444,16133,1914286.0,100537.0,69.8,133617162.8
14444,10178,803664.0,44759.0,69.8,56095747.199999996
14444,11568,1473609.0,72250.0,69.8,102857908.2
14444,13431,1885572.0,100077.0,69.8,131612925.6
14444,19185,1687190.0,85383.0,69.8,117765862.0
14444,16366,4207237.0,197983.0,69.8,293665142.59999996
14444,13680,8290668.0,410902.0,69.8,578688626.4
14444,11027,3376389.0,169797.0,69.8,235671952.2
14444,10904,1011294.0,53082.0,69.8,70588321.2
14444,17535,1897797.0,101052.0,69.8,132466230.6
14444,19171,1576887.0,82877.0,69.8,110066712.6
14444,11214,1351148.0,73293.0,69.8,94310130.39999999
14444,16916,2252606.0,113661.0,69.8,157231898.79999998
14444,18476,1294880.0,71132.0,69.8,90382624.0
14444,11117,4054355.0,208677.0,69.8,282993979.0
14444,14252,1189389.0,64361.0,69.8,83019352.2
14444,11472,3044607.0,156549.0,69.8,212513568.6
14444,12280,898680.0,46895.0,69.8,62727864.0
14444,18446,1031663.0,56955.0,69.8,72010077.39999999
14444,12757,1324460.0,73433.0,69.8,92447308.0
14444,17495,1461423.0,77569.0,69.8,102007325.39999999
14444,15506,519330.0,27828.0,69.8,36249234.0
14444,10376,1690128.0,90665.0,69.8,117970934.39999999
14444,15286,1123248.0,59123.0,69.8,78402710.39999999
14444,11168,3276984.0,169745.0,69.8,228733483.2
14444,13856,2632292.0,137076.0,69.8,183733981.6
14444,15292,1621080.0,89781.0,69.8,113151384.0
14444,13523,868726.0,50724.0,69.8,60637074.8
14444,14376,4250082.0,219772.0,69.8,296655723.59999996
14444,17253,4043123.0,207817.0,69.8,282209985.4
14444,15028,9020925.0,443957.0,69.8,629660565.0
14444,15262,6176353.0,313067.0,69.8,431109439.4
14444,15206,1181934.0,65369.0,69.8,82498993.2
14444,12379,2137311.0,116584.0,69.8,149184307.79999998
14444,15747,1557397.0,79047.0,69.8,108706310.6
14444,19542,502875.0,29989.0,50.0,25143750.0
14444,13570,1134808.0,62936.0,69.8,79209598.39999999
14444,13474,1074012.0,60900.0,69.8,74966037.6
14444,10659,1405647.0,69386.0,69.8,98114160.6
14444,14070,1294656.0,71093.0,69.8,90366988.8
14444,13101,1778567.0,95067.0,69.8,124143976.6
14444,12952,8288388.0,410802.0,69.8,578529482.4
14444,18182,3281266.0,169216.0,69.8,229032366.79999998
14444,19338,2837370.0,146353.0,69.8,198048426.0
14444,10989,1916028.0,100865.0,69.8,133738754.39999999
14444,18577,1269344.0,71372.0,69.8,88600211.2
14444,15204,4733572.0,248403.0,69.8,330403325.59999996
14444,13250,3617575.0,186101.0,69.8,252506735.0
14444,17039,4057486.0,192101.0,69.8,283212522.8
14444,14444,0.0,0.0,14.94108,0.0
14444,18849,983899.0,52584.0,69.8,68676150.2
14444,10751,3138369.0,162023.0,69.8,219058156.2
18849,16219,1307823.0,66950.0,53.0,69314619.0
18849,10270,1356928.0,69031.0,53.0,71917184.0
18849,11461,1336973.0,69482.0,53.0,70859569.0
18849,10303,1377341.0,70289.0,53.0,72999073.0
18849,15973,1378548.0,70308.0,53.0,73063044.0
18849,14724,1328256.0,68592.0,53.0,70397568.0
18849,10708,2439922.0,124833.0,53.0,129315866.0
18849,13503,1363396.0,70581.0,53.0,72259988.0
18849,19311,1829796.0,92065.0,53.0,96979188.0
18849,10570,2444004.0,127298.0,53.0,129532212.0
18849,13578,1267569.0,62929.0,53.0,67181157.0
18849,10044,1351457.0,69187.0,53.0,71627221.0
18849,15401,1263327.0,62677.0,53.0,66956331.0
18849,18863,1495494.0,79281.0,53.0,79261182.0
18849,11267,2156588.0,112036.0,53.0,114299164.0
18849,12627,1310356.0,68019.0,53.0,69448868.0
18849,17784,1400959.0,72509.0,53.0,74250827.0
18849,13651,2449926.0,127484.0,53.0,129846078.0
18849,13183,1424857.0,73096.0,53.0,75517421.0
18849,15872,1296724.0,66902.0,53.0,68726372.0
18849,14076,1284228.0,66101.0,53.0,68064084.0
18849,16991,1509258.0,79979.0,53.0,79990674.0
18849,12663,1247488.0,63553.0,53.0,66116864.0
18849,12214,2672197.0,134682.0,53.0,141626441.0
18849,19921,1412021.0,71094.0,53.0,74837113.0
18849,18144,1046488.0,52960.0,53.0,55463864.0
18849,19371,1263132.0,62555.0,53.0,66945996.0
18849,16053,2823091.0,141852.0,53.0,149623823.0
18849,18978,2402198.0,115060.0,53.0,127316494.0
18849,17312,2458880.0,127786.0,53.0,130320640.0
18849,19956,3091418.0,155207.0,53.0,163845154.0
18849,12573,1032093.0,50972.0,53.0,54700929.0
18849,19469,1581933.0,83057.0,53.0,83842449.0
18849,11861,1568885.0,80623.0,53.0,83150905.0
18849,10327,916494.0,48370.0,53.0,48574182.0
18849,17547,1411531.0,70971.0,53.0,74811143.0
18849,19180,858860.0,46431.0,53.0,45519580.0
18849,12985,1375679.0,69771.0,53.0,72910987.0
18849,14005,1335239.0,68485.0,53.0,70767667.0
18849,16142,3206719.0,151063.0,53.0,169956107.0
18849,15916,2602039.0,135284.0,53.0,137908067.0
18849,17770,4645344.0,234273.0,53.0,246203232.0
18849,12364,3911617.0,180866.0,53.0,207315701.0
18849,13179,1689891.0,88573.0,53.0,89564223.0
18849,19539,2156491.0,111992.0,53.0,114294023.0
18849,17822,1393248.0,72240.0,53.0,73842144.0
18849,16262,1235942.0,62412.0,53.0,65504926.0
18849,16133,1467442.0,73287.0,53.0,77774426.0
18849,10178,1717784.0,89291.0,53.0,91042552.0
18849,11568,2387729.0,116782.0,53.0,126549637.0
18849,13431,2250654.0,114683.0,53.0,119284662.0
18849,19185,2286544.0,118363.0,53.0,121186832.0
18849,16366,3882166.0,180190.0,53.0,205754798.0
18849,13680,7843825.0,383653.0,53.0,415722725.0
18849,11027,2929546.0,142547.0,53.0,155265938.0
18849,10904,1718845.0,88480.0,53.0,91098785.0
18849,17535,2262879.0,115658.0,53.0,119932587.0
18849,19171,1226395.0,62268.0,53.0,64998935.0
18849,11214,904304.0,46044.0,53.0,47928112.0
18849,16916,2606269.0,135514.0,53.0,138132257.0
18849,18476,1455502.0,72313.0,53.0,77141606.0
18849,11117,3607512.0,181427.0,53.0,191198136.0
18849,14252,1279569.0,62382.0,53.0,67817157.0
18849,11472,2597764.0,129299.0,53.0,137681492.0
18849,12280,941440.0,53886.0,53.0,49896320.0
18849,18446,1867112.0,95505.0,53.0,98956936.0
18849,12757,894983.0,46862.0,53.0,47434099.0
18849,17495,1822123.0,91541.0,53.0,96572519.0
18849,15506,1326011.0,68355.0,53.0,70278583.0
18849,10376,1243284.0,63415.0,53.0,65894052.0
18849,15286,1842873.0,95070.0,53.0,97672269.0
18849,11168,2830140.0,142495.0,53.0,149997420.0
18849,13856,2185449.0,109826.0,53.0,115828797.0
18849,15292,1434154.0,76627.0,53.0,76010162.0
18849,13523,795588.0,39771.0,53.0,42166164.0
18849,14376,3803239.0,192522.0,53.0,201571667.0
18849,17253,3596280.0,180567.0,53.0,190602840.0
18849,15028,8574081.0,416707.0,53.0,454426293.0
18849,15262,5729509.0,285817.0,53.0,303663977.0
18849,15206,1978662.0,102375.0,53.0,104869086.0
18849,12379,1950385.0,103430.0,53.0,103370405.0
18849,15747,2156750.0,112026.0,53.0,114307750.0
18849,19542,1160039.0,59389.0,53.0,61482067.0
18849,13570,2018852.0,103883.0,53.0,106999156.0
18849,13474,1031612.0,50856.0,53.0,54675436.0
18849,10659,2319767.0,113919.0,53.0,122947651.0
18849,14070,1455279.0,72275.0,53.0,77129787.0
18849,13101,1331723.0,67817.0,53.0,70581319.0
18849,12952,7841545.0,383552.0,53.0,415601885.0
18849,18182,2834423.0,141966.0,53.0,150224419.0
18849,19338,2390526.0,119104.0,53.0,126697878.0
18849,10989,1469185.0,73615.0,53.0,77866805.0
18849,18577,1189418.0,59431.0,53.0,63039154.0
18849,15204,4286728.0,221153.0,53.0,227196584.0
18849,13250,3170731.0,158851.0,53.0,168048743.0
18849,17039,3732416.0,174308.0,53.0,197818048.0
18849,14444,983321.0,52675.0,53.0,52116013.0
18849,18849,0.0,0.0,16.611,0.0
18849,10751,2691526.0,134774.0,53.0,142650878.0
10751,16219,3046568.0,148913.0,24.255,73894506.84
10751,10270,3095673.0,150993.0,24.255,75085548.615
10751,11461,3095626.0,151492.0,24.255,75084408.63
10751,10303,3116086.0,152251.0,24.255,75580665.92999999
10751,15973,3117293.0,152271.0,24.255,75609941.715
10751,14724,3125285.0,152494.0,24.255,75803787.675
10751,10708,3716928.0,188289.0,24.255,90154088.64
10751,13503,3126912.0,152838.0,24.255,75843250.56
10751,19311,3106803.0,155521.0,24.255,75355506.765
10751,10570,3849340.0,193466.0,24.255,93365741.7
10751,13578,1433215.0,72476.0,17.0,24364655.0
10751,10044,3090202.0,151150.0,24.255,74952849.50999999
10751,15401,1447797.0,73049.0,17.0,24612549.0
10751,18863,3773416.0,178944.0,24.255,91524205.08
10751,11267,3561924.0,178204.0,24.255,86394466.61999999
10751,12627,3086779.0,151542.0,24.255,74869824.645
10751,17784,3043421.0,150267.0,24.255,73818176.355
10751,13651,3855262.0,193653.0,24.255,93509379.81
10751,13183,2232141.0,114492.0,24.255,54140579.955
10751,15872,3035468.0,148865.0,24.255,73625276.34
10751,14076,3022973.0,148063.0,24.255,73322210.115
10751,16991,3755154.0,178408.0,24.255,91081260.27
10751,12663,2680717.0,131474.0,24.255,65020790.835
10751,12214,3949203.0,198138.0,24.255,95787918.765
10751,19921,3150765.0,153056.0,24.255,76421805.075
10751,18144,2936731.0,146542.0,24.255,71230410.405
10751,19371,1431104.0,72237.0,17.0,24328768.0
10751,16053,1694334.0,103442.0,17.0,28803678.0
10751,18978,1872838.0,89391.0,24.255,45425685.69
10751,17312,3735887.0,191241.0,24.255,90613939.185
10751,19956,1962661.0,116797.0,24.255,47604342.555
10751,12573,2411015.0,120117.0,24.255,58479168.824999996
10751,19469,3113737.0,154131.0,24.255,75523690.935
10751,11861,1792379.0,91220.0,24.255,43474152.644999996
10751,10327,2050143.0,99968.0,24.255,49726218.464999996
10751,17547,3150276.0,152934.0,24.255,76409944.38
10751,19180,3004068.0,154894.0,24.255,72863669.34
10751,12985,3114424.0,151734.0,24.255,75540354.11999999
10751,14005,3073984.0,150447.0,24.255,74559481.92
10751,16142,3451287.0,167850.0,24.255,83710966.185
10751,15916,3879046.0,198740.0,24.255,94086260.72999999
10751,17770,3141141.0,191852.0,24.255,76188374.955
10751,12364,3390471.0,161703.0,24.255,82235874.10499999
10751,13179,3197786.0,158883.0,24.255,77562299.42999999
10751,19539,3561827.0,178161.0,24.255,86392113.88499999
10751,17822,3252458.0,157988.0,24.255,78888368.78999999
10751,16262,2321806.0,115329.0,24.255,56315404.53
10751,16133,1515775.0,78053.0,17.0,25768175.0
10751,10178,3484379.0,172346.0,24.255,84513612.645
10751,11568,4154324.0,199837.0,24.255,100763128.61999999
10751,13431,3527661.0,178139.0,24.255,85563417.55499999
10751,19185,3691879.0,184532.0,24.255,89546525.145
10751,16366,3417449.0,163225.0,24.255,82890225.49499999
10751,13680,6339621.0,341231.0,24.255,153767507.355
10751,11027,2299185.0,113974.0,24.255,55766732.175
10751,10904,3177646.0,157471.0,24.255,77073803.73
10751,17535,3539886.0,179114.0,24.255,85859934.92999999
10751,19171,1982426.0,98335.0,24.255,48083742.629999995
10751,11214,1785278.0,88546.0,24.255,43301917.89
10751,16916,3883275.0,198970.0,24.255,94188835.125
10751,18476,2718609.0,135073.0,24.255,65939861.294999994
10751,11117,2103308.0,139006.0,24.255,51015735.54
10751,14252,2557690.0,125942.0,24.255,62036770.949999996
10751,11472,469409.0,23942.0,8.7318,4098785.5061999997
10751,12280,3310761.0,175964.0,24.255,80302508.05499999
10751,18446,3415135.0,170296.0,24.255,82834099.425
10751,12757,1935268.0,97162.0,24.255,46939925.339999996
10751,17495,3099129.0,154997.0,24.255,75169373.895
10751,15506,3123040.0,152257.0,24.255,75749335.2
10751,10376,1558170.0,78723.0,17.0,26488890.0
10751,15286,3301674.0,164062.0,24.255,80082102.86999999
10751,11168,1701383.0,104085.0,17.0,28923511.0
10751,13856,1544869.0,80550.0,17.0,26262773.0
10751,15292,2472593.0,125214.0,24.255,59972743.214999996
10751,13523,2452385.0,119486.0,24.255,59482598.175
10751,14376,2299035.0,150101.0,24.255,55763093.925
10751,17253,2092076.0,138146.0,24.255,50743303.379999995
10751,15028,7069878.0,374286.0,24.255,171479890.89
10751,15262,4225306.0,243396.0,24.255,102484797.03
10751,15206,3437463.0,171366.0,24.255,83375665.065
10751,12379,2988824.0,152017.0,24.255,72493926.11999999
10751,15747,3562086.0,178195.0,24.255,86398395.92999999
10751,19542,2902123.0,141817.0,24.255,70390993.365
10751,13570,3757597.0,185846.0,24.255,91140515.235
10751,13474,2410534.0,120001.0,24.255,58467502.169999994
10751,10659,4086362.0,196974.0,24.255,99114710.31
10751,14070,2718386.0,135035.0,24.255,65934452.43
10751,13101,1349933.0,70537.0,17.0,22948861.0
10751,12952,6337341.0,341131.0,24.255,153712205.95499998
10751,18182,1705666.0,103556.0,17.0,28996322.0
10751,19338,311448.0,16687.0,8.7318,2719501.6464
10751,10989,1518485.0,78693.0,17.0,25814245.0
10751,18577,2275282.0,112347.0,24.255,55186964.91
10751,15204,2782525.0,178732.0,24.255,67490143.875
10751,13250,2041974.0,120441.0,24.255,49528079.37
10751,17039,3658924.0,174637.0,24.255,88747201.61999999
10751,14444,3133240.0,161440.0,24.255,75996736.2
10751,18849,2683153.0,133915.0,24.255,65079876.015
10751,10751,0.0,0.0,8.7318,0.0
