src,dst,distance,time,price_per_km,price
12652,12652,0.0,0.0,238.8,0.0
12652,15008,71897.0,3777.0,120.8,8685157.6
12652,11112,75085.0,4714.0,129.0,9685965.0
12652,16325,114632.0,5245.0,49.0,5616968.0
12652,11561,1946928.0,93985.0,80.0,155754240.0
12652,18441,112927.0,5178.0,49.0,5533423.0
12652,16117,212710.0,10044.0,101.0,21483710.0
12652,11209,110731.0,5240.0,117.0,12955527.0
12652,15891,88278.0,4541.0,108.0,9534024.0
12652,18812,131271.0,6331.0,112.59,14779801.89
12652,19915,1473141.0,70708.0,71.7948,105763863.46679999
12652,17282,106371.0,6060.0,104.16,11079603.36
12652,11147,981389.0,49970.0,78.0,76548342.0
12652,13417,90648.0,4518.0,124.0,11240352.0
12652,12940,487149.0,25531.0,16.799999999999997,8184103.199999998
12652,12352,1382579.0,67098.0,72.765,100603360.935
12652,17522,1620068.0,78322.0,69.3,112270712.39999999
12652,14234,2754697.0,130453.0,90.0,247922730.0
12652,19300,53442.0,3670.0,148.0,7909416.0
12652,18542,69660.0,4373.0,55.3,3852198.0
12652,16855,1615826.0,78070.0,85.0,137345210.0
12652,13694,779402.0,32782.0,115.0,89631230.0
12652,12205,1095163.0,51836.0,87.0,95279181.0
12652,18941,1143208.0,59087.0,81.0,92599848.0
12652,10748,74753.0,4482.0,129.0,9643137.0
12652,10705,173273.0,9434.0,119.0,20619487.0
12652,15483,761140.0,32246.0,85.0,64696900.0
12652,13088,1388501.0,67285.0,73.7352,102381398.9352
12652,13917,1449837.0,72036.0,85.0,123236145.0
12652,16236,23442.0,1805.0,255.0,5977710.0
12652,13073,16066.0,1225.0,238.8,3836560.8000000003
12652,13636,126500.0,5718.0,53.199999999999996,6729799.999999999
12652,18411,621270.0,33180.0,83.0,51565410.0
12652,10916,3175590.0,157245.0,90.0,285803100.0
12652,15270,1826495.0,92775.0,67.914,124044581.43
12652,13509,126989.0,5840.0,53.199999999999996,6755814.8
12652,11200,253648.0,14338.0,30.0762,7628767.9776
12652,12616,1615631.0,77948.0,85.0,137328635.0
12652,12868,803634.0,40175.0,50.4481,40541808.395399995
12652,13555,1021837.0,50504.0,85.0,86856145.0
12652,14736,733820.0,38630.0,71.7948,52684460.136
12652,17516,1156974.0,59556.0,81.0,93714894.0
12652,15183,1609295.0,77755.0,85.0,136790075.0
12652,13563,3443916.0,170600.0,90.0,309952440.0
12652,15077,783570.0,39768.0,82.32,64503482.39999999
12652,11466,2743025.0,134496.0,90.0,246872250.0
12652,15378,481675.0,22993.0,41.425999999999995,19953868.549999997
12652,18827,765368.0,39423.0,65.0,49748920.0
12652,16028,1617637.0,82710.0,85.0,137499145.0
12652,15601,991192.0,51110.0,85.0,84251320.0
12652,15264,919528.0,48741.0,69.0,63447432.0
12652,19333,484181.0,26591.0,69.85,33820042.849999994
12652,19880,3231698.0,150003.0,90.0,290852820.0
12652,14519,138686.0,6681.0,112.59,15614656.74
12652,12369,1793585.0,86325.0,86.13,154481476.04999998
12652,10044,1629530.0,78770.0,69.3,112926429.0
12652,19147,2011380.0,98094.0,80.0,160910400.0
12652,18448,4997843.0,249666.0,90.0,449805870.0
12652,17010,3936597.0,179806.0,90.0,354293730.0
12652,17738,538199.0,25376.0,66.9438,36029086.2162
12652,10955,1095066.0,51793.0,87.0,95270742.0
12652,18219,122627.0,7241.0,121.28,14872202.56
12652,11853,470568.0,24472.0,37.8,17787470.4
12652,10657,258444.0,11826.0,115.0,29721060.0
12652,10568,1060536.0,52976.0,78.0,82721808.0
12652,10867,1813373.0,92619.0,67.914,123153413.922
12652,19500,1417177.0,73751.0,82.0,116208514.0
12652,13165,1693669.0,84647.0,77.616,131455813.104
12652,11022,463837.0,25568.0,21.0,9740577.0
12652,19430,1133782.0,53060.0,81.0,91836342.0
12652,15241,1404952.0,72775.0,82.0,115206064.0
12652,16683,395736.0,21411.0,80.0,31658880.0
12652,12216,1275147.0,64355.0,84.0,107112348.0
12652,10301,1225119.0,58163.0,73.7352,90334394.4888
12652,12355,3907146.0,179130.0,90.0,351643140.0
12652,14257,8196323.0,399045.0,72.0,590135256.0
12652,10963,3435246.0,170375.0,90.0,309172140.0
12652,16193,3282044.0,157940.0,90.0,295383960.0
12652,16962,1095325.0,51826.0,87.0,95293275.0
12652,15724,516983.0,29870.0,38.5,19903845.5
12652,17789,85500.0,5157.0,108.0,9234000.0
12652,14278,549222.0,25862.0,90.7,49814435.4
12652,19846,3455514.0,167898.0,90.0,310996260.0
12652,11261,1415133.0,72793.0,82.0,116040906.0
12652,17223,853194.0,45765.0,100.0,85319400.0
12652,12562,1790535.0,86441.0,86.13,154218779.54999998
12652,13170,102171.0,4843.0,50.4,5149418.399999999
12652,13489,91212.0,5234.0,124.0,11310288.0
12652,13582,582080.0,30252.0,90.7,52794656.0
12652,14358,3960011.0,196820.0,90.0,356400990.0
12652,16108,3539040.0,175313.0,90.0,318513600.0
12652,10796,747475.0,38961.0,115.0,85959625.0
12652,18799,1272608.0,64206.0,84.0,106899072.0
12652,10375,1710114.0,84990.0,101.0,172721514.0
12652,13665,2537947.0,125219.0,90.0,228415230.0
12652,15185,2950262.0,144692.0,86.3478,254748633.1236
12652,13454,1250490.0,66562.0,85.0,106291650.0
12652,14053,146074.0,8207.0,112.59,16446471.66
12652,10901,980804.0,50268.0,78.0,76502712.0
12652,15948,465955.0,24483.0,70.0,32616850.0
12652,12973,1700454.0,83940.0,101.0,171745854.0
12652,12746,129026.0,6095.0,46.9,6051319.399999999
12652,11181,267630.0,13430.0,115.0,30777450.0
12652,19143,1733637.0,84105.0,78.59,136246531.83
12652,19785,661177.0,31903.0,83.0,54877691.0
12652,13237,108129.0,6284.0,51.099999999999994,5525391.899999999
12652,15651,3182639.0,157888.0,90.0,286437510.0
12652,15848,3186921.0,157359.0,90.0,286822890.0
12652,11455,570871.0,30933.0,90.7,51777999.7
12652,14425,1330157.0,68533.0,80.0,106412560.0
12652,17752,3950823.0,196055.0,90.0,355574070.0
12652,14060,23439.0,1804.0,255.0,5976945.0
12652,10316,628280.0,33229.0,83.0,52147240.0
12652,19134,4155737.0,207915.0,85.0,353237645.0
12652,13460,297281.0,16411.0,80.0,23782480.0
12652,15686,3948778.0,195960.0,90.0,355390020.0
12652,11189,1710126.0,84993.0,101.0,172722726.0
12652,10326,8926580.0,432100.0,72.0,642713760.0
12652,10269,1653590.0,81407.0,69.3,114593787.0
12652,17464,6082008.0,301210.0,90.0,547380720.0
12652,19273,732350.0,38665.0,71.7948,52578921.779999994
12652,13840,1733780.0,93798.0,78.59,136257770.20000002
12652,14704,1065820.0,50196.0,78.0,83133960.0
12652,19239,978420.0,50124.0,78.0,76316760.0
12652,19502,783089.0,39652.0,82.32,64463886.48
12652,17504,5434494.0,272373.0,90.0,489104460.0
12652,18110,852971.0,45726.0,100.0,85297100.0
12652,11163,1951166.0,94480.0,80.0,156093280.0
12652,12633,8194043.0,398945.0,72.0,589971096.0
12652,16339,4639227.0,236546.0,90.0,417530430.0
12652,13989,1688285.0,84402.0,77.62,131044681.7
12652,18149,837591.0,44796.0,100.0,83759100.0
12652,10177,7541248.0,368329.0,72.0,542969856.0
12652,12270,1294162.0,66853.0,80.0,103532960.0
12652,13100,1773198.0,85811.0,100.0,177319800.0
12652,17781,1061077.0,53042.0,78.0,82764006.0
12652,19971,3044024.0,150166.0,86.3478,262844775.54720002
12652,16887,3523230.0,174244.0,90.0,317090700.0
12652,10985,887053.0,40550.0,64.0,56771392.0
12652,15976,3757395.0,173248.0,90.0,338165550.0
15008,12652,64593.0,3976.0,120.8,7802834.399999999
15008,15008,0.0,0.0,225.0,0.0
15008,11112,53491.0,3264.0,139.0,7435249.0
15008,16325,71332.0,3853.0,64.39999999999999,4593780.8
15008,11561,2010600.0,96212.0,79.56,159963336.0
15008,18441,69627.0,3786.0,58.8,4094067.5999999996
15008,16117,169411.0,8651.0,106.0,17957566.0
15008,11209,67431.0,3847.0,126.0,8496306.0
15008,15891,74686.0,4058.0,56.699999999999996,4234696.199999999
15008,18812,110452.0,5719.0,42.699999999999996,4716300.399999999
15008,19915,1430509.0,69285.0,85.0,121593265.0
15008,17282,83843.0,4547.0,126.0,10564218.0
15008,11147,957305.0,48627.0,40.0,38292200.0
15008,13417,45008.0,2930.0,231.0,10396848.0
15008,12940,463065.0,24188.0,74.48,34489081.2
15008,12352,1339948.0,65674.0,84.0,112555632.0
15008,17522,1683740.0,80549.0,79.56,133958354.4
15008,14234,2818369.0,132680.0,79.56,224229437.64000002
15008,19300,30783.0,1856.0,225.0,6926175.0
15008,18542,47132.0,2859.0,79.1,3728141.1999999997
15008,16855,1679498.0,80297.0,79.56,133620860.88000001
15008,13694,758583.0,32170.0,81.4968,61822087.03439999
15008,12205,1052532.0,50412.0,75.6756,79650990.6192
15008,18941,1206880.0,61314.0,71.0,85688480.0
15008,10748,69425.0,3782.0,58.8,4082190.0
15008,10705,143005.0,8154.0,84.0,12012420.0
15008,15483,740321.0,31633.0,81.4968,60333792.472799994
15008,13088,1345870.0,65861.0,84.0,113053080.0
15008,13917,1425491.0,73176.0,85.0,121166735.0
15008,16236,66069.0,4148.0,113.0,7465797.0
15008,13073,93444.0,4423.0,126.0,11773944.0
15008,13636,83200.0,4325.0,57.4,4775680.0
15008,18411,591002.0,31900.0,79.0,46689158.0
15008,10916,3239262.0,159472.0,79.56,257715684.72
15008,15270,1802411.0,91432.0,79.56,143399819.16
15008,13509,83689.0,4448.0,54.599999999999994,4569419.399999999
15008,11200,317320.0,16565.0,76.0,24116320.0
15008,12616,1679303.0,80175.0,79.56,133605346.68
15008,12868,792252.0,38750.0,79.56,63031569.120000005
15008,13555,999096.0,51193.0,70.0,69936720.0
15008,14736,690520.0,37237.0,80.0,55241600.0
15008,17516,1220647.0,61783.0,71.0,86665937.0
15008,15183,1566663.0,76332.0,82.0,128466366.0
15008,13563,3507589.0,172827.0,79.56,279063780.84000003
15008,15077,847242.0,41995.0,82.32,69744961.44
15008,11466,2806697.0,136724.0,79.56,223300813.32
15008,15378,439044.0,21569.0,76.0,33367344.0
15008,18827,829041.0,41650.0,65.0,53887665.0
15008,16028,1681309.0,84937.0,79.56,133764944.04
15008,15601,1054864.0,53337.0,85.0,89663440.0
15008,15264,983200.0,50968.0,70.0,68824000.0
15008,19333,500845.0,27650.0,80.0,40067600.0
15008,19880,3207352.0,151143.0,79.56,255176925.12
15008,14519,117635.0,6105.0,103.0,12116405.0
15008,12369,1750953.0,84901.0,79.56,139305820.68
15008,10044,1693202.0,80997.0,79.56,134711151.12
15008,19147,1990562.0,97481.0,79.56,158369112.72
15008,18448,5061515.0,251893.0,79.56,402694133.40000004
15008,17010,3912251.0,180946.0,79.56,311258689.56
15008,17738,495568.0,23952.0,74.48,36909904.64
15008,10955,1052435.0,50369.0,75.6756,79643650.08600001
15008,18219,186653.0,9515.0,104.0,19411912.0
15008,11853,446484.0,23129.0,76.0,33932784.0
15008,10657,237625.0,11214.0,104.0,24713000.0
15008,10568,1037794.0,53665.0,75.6756,78535683.62640001
15008,10867,1789289.0,91276.0,79.56,142355832.84
15008,19500,1393093.0,72408.0,85.0,118412905.0
15008,13165,1757341.0,86874.0,79.56,139814049.96
15008,11022,452455.0,24143.0,74.48,33698848.4
15008,19430,1122401.0,51634.0,71.0,79690471.0
15008,15241,1380869.0,71433.0,85.0,117373865.0
15008,16683,459408.0,23638.0,74.48,34216707.84
15008,12216,1338820.0,66582.0,84.0,112460880.0
15008,10301,1182487.0,56739.0,71.0,83956577.0
15008,12355,3882800.0,180271.0,79.56,308915568.0
15008,14257,8259996.0,401272.0,79.56,657165281.76
15008,10963,3498918.0,172602.0,79.56,278373916.08
15008,16193,3345717.0,160167.0,79.56,266185244.52
15008,16962,1052694.0,50402.0,75.6756,79663250.0664
15008,15724,533647.0,30929.0,79.0,42158113.0
15008,17789,62972.0,3643.0,120.8,7607017.6
15008,14278,506591.0,24438.0,80.0,40527280.0
15008,19846,3519187.0,170125.0,79.56,279986517.72
15008,11261,1478806.0,75020.0,82.0,121262092.0
15008,17223,822925.0,44484.0,79.5564,65468950.47
15008,12562,1747903.0,85017.0,79.56,139063162.68
15008,13170,58860.0,3388.0,146.0,8593560.0
15008,13489,68684.0,3721.0,126.0,8654184.0
15008,13582,538780.0,28859.0,79.0,42563620.0
15008,14358,4023683.0,199047.0,79.56,320124219.48
15008,16108,3602712.0,177541.0,79.56,286631766.72
15008,10796,717207.0,37680.0,81.4968,58450075.437599994
15008,18799,1336280.0,66433.0,84.0,112247520.0
15008,10375,1667482.0,83566.0,79.56,132664867.92
15008,13665,2601620.0,127446.0,79.56,206984887.20000002
15008,15185,3013935.0,146919.0,79.56,239788668.6
15008,13454,1267154.0,67620.0,84.0,106440936.0
15008,14053,209746.0,10434.0,104.0,21813584.0
15008,10901,956720.0,48925.0,81.5,77972680.0
15008,15948,422656.0,23090.0,76.0,32121856.0
15008,12973,1676108.0,85081.0,79.56,133351152.48
15008,12746,108207.0,5482.0,42.699999999999996,4620438.899999999
15008,11181,224330.0,12038.0,104.0,23330320.0
15008,19143,1797309.0,86332.0,79.56,142993904.04
15008,19785,618545.0,30479.0,79.0,48865055.0
15008,13237,85602.0,4770.0,126.0,10785852.0
15008,15651,3246311.0,160115.0,79.56,258276503.16
15008,15848,3250594.0,159586.0,79.56,258617258.64000002
15008,11455,559490.0,29508.0,79.0,44199710.0
15008,14425,1243836.0,69058.0,71.0,88312356.0
15008,17752,4014496.0,198282.0,79.56,319393301.76
15008,14060,66065.0,4147.0,113.0,7465345.0
15008,10316,691953.0,35456.0,80.0,55356240.0
15008,19134,4219410.0,210142.0,79.56,335696259.6
15008,13460,313945.0,17470.0,76.0,23859820.0
15008,15686,4012451.0,198187.0,79.56,319230601.56
15008,11189,1667495.0,83569.0,79.56,132665902.2
15008,10326,8990252.0,434327.0,79.56,715264449.12
15008,10269,1610958.0,79984.0,82.0,132098556.0
15008,17464,6145680.0,303437.0,79.56,488950300.8
15008,19273,689051.0,37273.0,80.0,55124080.0
15008,13840,1703512.0,92518.0,79.56,135531414.72
15008,14704,1054438.0,48771.0,85.0,89627230.0
15008,19239,1001199.0,51161.0,70.0,70083930.0
15008,19502,846761.0,41879.0,82.32,69705365.52
15008,17504,5498167.0,274600.0,79.56,437434166.52000004
15008,18110,822702.0,44446.0,79.56,65454171.120000005
15008,11163,2014838.0,96707.0,79.56,160300511.28
15008,12633,8257716.0,401172.0,79.56,656983884.96
15008,16339,4702899.0,238773.0,79.56,374162644.44
15008,13989,1751957.0,86629.0,79.56,139385698.92000002
15008,18149,807323.0,43515.0,79.56,64230617.88
15008,10177,7604920.0,370556.0,79.56,605047435.2
15008,12270,1357834.0,69080.0,84.0,114058056.0
15008,13100,1752380.0,85199.0,79.56,139419352.8
15008,17781,1038335.0,53730.0,75.6756,78576624.126
15008,19971,3107697.0,152394.0,79.56,247248373.32
15008,16887,3586902.0,176471.0,79.56,285373923.12
15008,10985,866234.0,39938.0,82.32,71308382.88
15008,15976,3733049.0,174389.0,79.56,297001378.44
11112,12652,74607.0,4691.0,57.4,4282441.8
11112,15008,53902.0,3276.0,142.0,7654084.0
11112,11112,0.0,0.0,164.0,0.0
11112,16325,30072.0,1599.0,164.0,4931808.0
11112,11561,2008703.0,96585.0,57.4,115299552.2
11112,18441,28367.0,1532.0,164.0,4652188.0
11112,16117,145423.0,7027.0,57.4,8347280.2
11112,11209,29574.0,1551.0,164.0,4850136.0
11112,15891,55708.0,3261.0,57.4,3197639.1999999997
11112,18812,83780.0,4425.0,57.4,4808972.0
11112,19915,1424502.0,68661.0,57.4,81766414.8
11112,17282,40143.0,2268.0,164.0,6583452.0
11112,11147,951298.0,48004.0,57.4,54604505.199999996
11112,13417,41329.0,2439.0,164.0,6777956.0
11112,12940,457058.0,23564.0,57.4,26235129.2
11112,12352,1333941.0,65051.0,57.4,76568213.39999999
11112,17522,1681843.0,80922.0,57.4,96537788.2
11112,14234,2816472.0,133053.0,57.4,161665492.79999998
11112,19300,25321.0,1718.0,164.0,4152644.0
11112,18542,10036.0,951.0,164.0,1645904.0
11112,16855,1677601.0,80670.0,57.4,96294297.39999999
11112,13694,731911.0,30876.0,57.4,42011691.4
11112,12205,1046525.0,49789.0,57.4,60070535.0
11112,18941,1204983.0,61687.0,57.4,69166024.2
11112,10748,49096.0,2893.0,142.0,6971632.0
11112,10705,193860.0,10342.0,57.4,11127564.0
11112,15483,713649.0,30340.0,57.4,40963452.6
11112,13088,1339863.0,65237.0,57.4,76908136.2
11112,13917,1511612.0,74636.0,57.4,86766528.8
11112,16236,55776.0,3564.0,57.4,3201542.4
11112,13073,70089.0,4205.0,57.4,4023108.6
11112,13636,59212.0,2701.0,57.4,3398768.8
11112,18411,641858.0,34088.0,57.4,36842649.199999996
11112,10916,3237365.0,159845.0,57.4,185824751.0
11112,15270,1796405.0,90809.0,57.4,103113647.0
11112,13509,59702.0,2823.0,57.4,3426894.8
11112,11200,315423.0,16938.0,57.4,18105280.2
11112,12616,1677406.0,80548.0,57.4,96283104.39999999
11112,12868,748553.0,36472.0,57.4,42966942.199999996
11112,13555,1083612.0,53105.0,57.4,62199328.8
11112,14736,666975.0,35643.0,57.4,38284365.0
11112,17516,1218749.0,62156.0,57.4,69956192.6
11112,15183,1560656.0,75708.0,57.4,89581654.39999999
11112,13563,3505691.0,173200.0,57.4,201226663.4
11112,15077,845345.0,42368.0,57.4,48522803.0
11112,11466,2804800.0,137097.0,57.4,160995520.0
11112,15378,433037.0,20945.0,57.4,24856323.8
11112,18827,827144.0,42023.0,57.4,47478065.6
11112,16028,1679412.0,85310.0,57.4,96398248.8
11112,15601,1052967.0,53710.0,57.4,60440305.8
11112,15264,961352.0,51328.0,57.4,55181604.8
11112,19333,481867.0,26853.0,57.4,27659165.8
11112,19880,3293473.0,152603.0,57.4,189045350.2
11112,14519,90963.0,4811.0,57.4,5221276.2
11112,12369,1744946.0,84278.0,57.4,100159900.39999999
11112,10044,1691305.0,81370.0,57.4,97080907.0
11112,19147,1963889.0,96188.0,57.4,112727228.6
11112,18448,5059618.0,252266.0,57.4,290422073.2
11112,17010,3998372.0,182406.0,57.4,229506552.79999998
11112,17738,489561.0,23329.0,57.4,28100801.4
11112,10955,1046428.0,49746.0,57.4,60064967.199999996
11112,18219,184755.0,9888.0,57.4,10604937.0
11112,11853,440477.0,22506.0,57.4,25283379.8
11112,10657,210953.0,9920.0,57.4,12108702.2
11112,10568,1122311.0,55576.0,57.4,64420651.4
11112,10867,1783282.0,90652.0,57.4,102360386.8
11112,19500,1387087.0,71785.0,57.4,79618793.8
11112,13165,1755444.0,87247.0,57.4,100762485.6
11112,11022,408756.0,21865.0,57.4,23462594.4
11112,19430,1078701.0,49356.0,57.4,61917437.4
11112,15241,1374862.0,70809.0,57.4,78917078.8
11112,16683,457511.0,24011.0,57.4,26261131.4
11112,12216,1336922.0,66955.0,57.4,76739322.8
11112,10301,1176480.0,56116.0,57.4,67529952.0
11112,12355,3968921.0,181730.0,57.4,227816065.4
11112,14257,8258098.0,401645.0,57.4,474014825.2
11112,10963,3497021.0,172975.0,57.4,200729005.4
11112,16193,3343819.0,160540.0,57.4,191935210.6
11112,16962,1046687.0,49779.0,57.4,60079833.8
11112,15724,514668.0,30132.0,57.4,29541943.2
11112,17789,20685.0,1276.0,164.0,3392340.0
11112,14278,500584.0,23815.0,57.4,28733521.599999998
11112,19846,3517289.0,170498.0,57.4,201892388.6
11112,11261,1476908.0,75393.0,57.4,84774519.2
11112,17223,845804.0,45520.0,57.4,48549149.6
11112,12562,1741896.0,84394.0,57.4,99984830.39999999
11112,13170,40119.0,1949.0,164.0,6579516.0
11112,13489,24034.0,1293.0,164.0,3941576.0
11112,13582,514793.0,27235.0,57.4,29549118.2
11112,14358,4021786.0,199420.0,57.4,230850516.4
11112,16108,3600815.0,177914.0,57.4,206686781.0
11112,10796,768062.0,39869.0,57.4,44086758.8
11112,18799,1334383.0,66806.0,57.4,76593584.2
11112,10375,1661475.0,82943.0,57.4,95368665.0
11112,13665,2599722.0,127819.0,57.4,149224042.79999998
11112,15185,3012037.0,147292.0,57.4,172890923.79999998
11112,13454,1248176.0,66823.0,57.4,71645302.39999999
11112,14053,207849.0,10807.0,57.4,11930532.6
11112,10901,950713.0,48301.0,57.4,54570926.199999996
11112,15948,399110.0,21495.0,57.4,22908914.0
11112,12973,1762229.0,86540.0,57.4,101151944.6
11112,12746,81534.0,4189.0,57.4,4680051.6
11112,11181,200342.0,10414.0,57.4,11499630.799999999
11112,19143,1795412.0,86705.0,57.4,103056648.8
11112,19785,612538.0,29856.0,57.4,35159681.199999996
11112,13237,41902.0,2492.0,164.0,6871928.0
11112,15651,3244414.0,160488.0,57.4,186229363.6
11112,15848,3248696.0,159959.0,57.4,186475150.4
11112,11455,515790.0,27229.0,57.4,29606346.0
11112,14425,1266251.0,70039.0,57.4,72682807.39999999
11112,17752,4012598.0,198655.0,57.4,230323125.2
11112,14060,55772.0,3563.0,57.4,3201312.8
11112,10316,690055.0,35829.0,57.4,39609157.0
11112,19134,4217512.0,210515.0,57.4,242085188.79999998
11112,13460,294967.0,16673.0,57.4,16931105.8
11112,15686,4010553.0,198560.0,57.4,230205742.2
11112,11189,1661488.0,82946.0,57.4,95369411.2
11112,10326,8988355.0,434700.0,57.4,515931577.0
11112,10269,1604951.0,79360.0,57.4,92124187.39999999
11112,17464,6143783.0,303810.0,57.4,352653144.2
11112,19273,665063.0,35649.0,57.4,38174616.199999996
11112,13840,1725927.0,93499.0,57.4,99068209.8
11112,14704,1010738.0,46492.0,57.4,58016361.199999996
11112,19239,1040195.0,52725.0,57.4,59707193.0
11112,19502,844864.0,42252.0,57.4,48495193.6
11112,17504,5496269.0,274973.0,57.4,315485840.59999996
11112,18110,845581.0,45481.0,57.4,48536349.4
11112,11163,2012941.0,97080.0,57.4,115542813.39999999
11112,12633,8255818.0,401545.0,57.4,473883953.2
11112,16339,4701002.0,239146.0,57.4,269837514.8
11112,13989,1750060.0,87002.0,57.4,100453444.0
11112,18149,830202.0,44551.0,57.4,47653594.8
11112,10177,7603023.0,370929.0,57.4,436413520.2
11112,12270,1335986.0,69441.0,57.4,76685596.39999999
11112,13100,1725707.0,83905.0,57.4,99055581.8
11112,17781,1122852.0,55642.0,57.4,64451704.8
11112,19971,3105799.0,152767.0,57.4,178272862.6
11112,16887,3585005.0,176844.0,57.4,205779287.0
11112,10985,754389.0,37760.0,57.4,43301928.6
11112,15976,3819170.0,175848.0,57.4,219220358.0
16325,12652,94541.0,5483.0,123.0,11628543.0
16325,15008,67684.0,3962.0,74.89999999999999,5069531.6
16325,11112,29785.0,1687.0,84.0,2501940.0
16325,16325,0.0,0.0,322.7,0.0
16325,11561,2028637.0,97377.0,64.39999999999999,130644222.79999998
16325,18441,3659.0,444.0,322.7,1180759.3
16325,16117,123938.0,6132.0,64.39999999999999,7981607.199999999
16325,11209,8088.0,656.0,274.4,2219347.1999999997
16325,15891,85723.0,4342.0,123.0,10543929.0
16325,18812,105111.0,5229.0,64.39999999999999,6769148.399999999
16325,19915,1411493.0,68156.0,64.39999999999999,90900149.19999999
16325,17282,55019.0,2936.0,62.3,3427683.6999999997
16325,11147,938290.0,47498.0,64.39999999999999,60425875.99999999
16325,13417,28320.0,1933.0,84.0,2378880.0
16325,12940,444049.0,23059.0,64.39999999999999,28596755.599999998
16325,12352,1320932.0,64545.0,64.39999999999999,85068020.79999998
16325,17522,1701776.0,81714.0,64.39999999999999,109594374.39999999
16325,14234,2836406.0,133845.0,64.39999999999999,182664546.39999998
16325,19300,43957.0,2457.0,62.3,2738521.1
16325,18542,28672.0,1690.0,84.0,2408448.0
16325,16855,1697534.0,81461.0,64.39999999999999,109321189.59999998
16325,13694,753242.0,31680.0,64.39999999999999,48508784.8
16325,12205,1033516.0,49283.0,64.39999999999999,66558430.39999999
16325,18941,1224916.0,62479.0,64.39999999999999,78884590.39999999
16325,10748,76243.0,3905.0,123.0,9377889.0
16325,10705,185918.0,9800.0,64.39999999999999,11973119.2
16325,15483,734980.0,31144.0,64.39999999999999,47332711.99999999
16325,13088,1326854.0,64732.0,64.39999999999999,85449397.6
16325,13917,1468403.0,74822.0,64.39999999999999,94565153.19999999
16325,16236,82798.0,4471.0,123.0,10184154.0
16325,13073,97111.0,5113.0,123.0,11944653.0
16325,13636,37727.0,1806.0,84.0,3169068.0
16325,18411,633915.0,33546.0,64.39999999999999,40824125.99999999
16325,10916,3257298.0,160637.0,64.39999999999999,209769991.19999996
16325,15270,1783396.0,90303.0,64.39999999999999,114850702.39999999
16325,13509,38216.0,1928.0,84.0,3210144.0
16325,11200,335356.0,17730.0,64.39999999999999,21596926.4
16325,12616,1697340.0,81339.0,64.39999999999999,109308695.99999999
16325,12868,759282.0,36743.0,64.39999999999999,48897760.8
16325,13555,1042008.0,52839.0,64.39999999999999,67105315.19999999
16325,14736,634305.0,34511.0,64.39999999999999,40849241.99999999
16325,17516,1238683.0,62948.0,64.39999999999999,79771185.19999999
16325,15183,1547647.0,75203.0,64.39999999999999,99668466.79999998
16325,13563,3525625.0,173992.0,64.39999999999999,227050249.99999997
16325,15077,865279.0,43160.0,64.39999999999999,55723967.599999994
16325,11466,2824733.0,137888.0,64.39999999999999,181912805.2
16325,15378,420028.0,20440.0,64.39999999999999,27049803.199999996
16325,18827,847077.0,42815.0,64.39999999999999,54551758.79999999
16325,16028,1699345.0,86101.0,64.39999999999999,109437817.99999999
16325,15601,1072901.0,54501.0,64.39999999999999,69094824.39999999
16325,15264,1001236.0,52132.0,64.39999999999999,64479598.39999999
16325,19333,511882.0,27934.0,64.39999999999999,32965200.799999997
16325,19880,3250265.0,152789.0,64.39999999999999,209317065.99999997
16325,14519,112294.0,5615.0,64.39999999999999,7231733.599999999
16325,12369,1731937.0,83772.0,64.39999999999999,111536742.79999998
16325,10044,1711239.0,82162.0,64.39999999999999,110203791.59999998
16325,19147,1985220.0,96991.0,64.39999999999999,127848167.99999999
16325,18448,5079551.0,253057.0,64.39999999999999,327123084.4
16325,17010,3955163.0,182592.0,64.39999999999999,254712497.19999996
16325,17738,476552.0,22824.0,64.39999999999999,30689948.799999997
16325,10955,1033419.0,49240.0,64.39999999999999,66552183.599999994
16325,18219,204689.0,10679.0,64.39999999999999,13181971.599999998
16325,11853,427468.0,22000.0,64.39999999999999,27528939.199999996
16325,10657,232284.0,10724.0,64.39999999999999,14959089.599999998
16325,10568,1080707.0,55311.0,64.39999999999999,69597530.8
16325,10867,1770273.0,90147.0,64.39999999999999,114005581.19999999
16325,19500,1374078.0,71279.0,64.39999999999999,88490623.19999999
16325,13165,1775378.0,88038.0,64.39999999999999,114334343.19999999
16325,11022,419485.0,22136.0,64.39999999999999,27014833.999999996
16325,19430,1089430.0,49627.0,64.39999999999999,70159291.99999999
16325,15241,1361853.0,70304.0,64.39999999999999,87703333.19999999
16325,16683,477444.0,24803.0,64.39999999999999,30747393.599999998
16325,12216,1356856.0,67746.0,64.39999999999999,87381526.39999999
16325,10301,1163471.0,55610.0,64.39999999999999,74927532.39999999
16325,12355,3925712.0,181916.0,64.39999999999999,252815852.79999995
16325,14257,8278032.0,402437.0,64.39999999999999,533105260.79999995
16325,10963,3516955.0,173767.0,64.39999999999999,226491901.99999997
16325,16193,3363753.0,161332.0,64.39999999999999,216625693.19999996
16325,16962,1033678.0,49274.0,64.39999999999999,66568863.19999999
16325,15724,544683.0,31213.0,64.39999999999999,35077585.199999996
16325,17789,11653.0,963.0,274.4,3197583.1999999997
16325,14278,487575.0,23309.0,64.39999999999999,31399829.999999996
16325,19846,3537223.0,171289.0,64.39999999999999,227797161.19999996
16325,11261,1496842.0,76185.0,64.39999999999999,96396624.79999998
16325,17223,832795.0,45014.0,64.39999999999999,53631997.99999999
16325,12562,1728888.0,83888.0,64.39999999999999,111340387.19999999
16325,13170,18633.0,1054.0,274.4,5112895.199999999
16325,13489,6042.0,487.0,274.4,1657924.7999999998
16325,13582,493307.0,26340.0,64.39999999999999,31768970.799999997
16325,14358,4041719.0,200211.0,64.39999999999999,260286703.59999996
16325,16108,3620749.0,178705.0,64.39999999999999,233176235.59999996
16325,10796,760120.0,39326.0,64.39999999999999,48951727.99999999
16325,18799,1354316.0,67598.0,64.39999999999999,87217950.39999999
16325,10375,1648466.0,82437.0,64.39999999999999,106161210.39999999
16325,13665,2619656.0,128610.0,64.39999999999999,168705846.39999998
16325,15185,3031971.0,148084.0,64.39999999999999,195258932.39999998
16325,13454,1278191.0,67904.0,64.39999999999999,82315500.39999999
16325,14053,227782.0,11599.0,64.39999999999999,14669160.799999999
16325,10901,937704.0,47796.0,64.39999999999999,60388137.599999994
16325,15948,366440.0,20364.0,64.39999999999999,23598735.999999996
16325,12973,1719021.0,86726.0,64.39999999999999,110704952.39999999
16325,12746,102866.0,4993.0,64.39999999999999,6624570.399999999
16325,11181,156419.0,9347.0,64.39999999999999,10073383.599999998
16325,19143,1815345.0,87497.0,64.39999999999999,116908217.99999999
16325,19785,599529.0,29350.0,64.39999999999999,38609667.599999994
16325,13237,56778.0,3160.0,62.3,3537269.4
16325,15651,3264348.0,161280.0,64.39999999999999,210224011.19999996
16325,15848,3268630.0,160751.0,64.39999999999999,210499771.99999997
16325,11455,526519.0,27500.0,64.39999999999999,33907823.599999994
16325,14425,1253242.0,69533.0,64.39999999999999,80708784.79999998
16325,17752,4032532.0,199447.0,64.39999999999999,259695060.79999995
16325,14060,82794.0,4470.0,123.0,10183662.0
16325,10316,709989.0,36621.0,64.39999999999999,45723291.599999994
16325,19134,4237446.0,211306.0,64.39999999999999,272891522.4
16325,13460,324982.0,17754.0,64.39999999999999,20928840.799999997
16325,15686,4030487.0,199351.0,64.39999999999999,259563362.79999995
16325,11189,1648479.0,82440.0,64.39999999999999,106162047.59999998
16325,10326,9008289.0,435492.0,64.39999999999999,580133811.5999999
16325,10269,1591942.0,78855.0,64.39999999999999,102521064.79999998
16325,17464,6163717.0,304602.0,64.39999999999999,396943374.79999995
16325,19273,643578.0,34753.0,64.39999999999999,41446423.199999996
16325,13840,1712918.0,92993.0,64.39999999999999,110311919.19999999
16325,14704,1021467.0,46763.0,64.39999999999999,65782474.79999999
16325,19239,1044111.0,52807.0,64.39999999999999,67240748.39999999
16325,19502,864797.0,43044.0,64.39999999999999,55692926.79999999
16325,17504,5516203.0,275765.0,64.39999999999999,355243473.1999999
16325,18110,832572.0,44976.0,64.39999999999999,53617636.79999999
16325,11163,2032874.0,97872.0,64.39999999999999,130917085.59999998
16325,12633,8275752.0,402337.0,64.39999999999999,532958428.79999995
16325,16339,4720935.0,239938.0,64.39999999999999,304028213.99999994
16325,13989,1769993.0,87793.0,64.39999999999999,113987549.19999999
16325,18149,817193.0,44045.0,64.39999999999999,52627229.199999996
16325,10177,7622957.0,371721.0,64.39999999999999,490918430.79999995
16325,12270,1375870.0,70245.0,64.39999999999999,88606027.99999999
16325,13100,1747039.0,84709.0,64.39999999999999,112509311.59999998
16325,17781,1081248.0,55376.0,64.39999999999999,69632371.19999999
16325,19971,3125733.0,153558.0,64.39999999999999,201297205.2
16325,16887,3604938.0,177635.0,64.39999999999999,232158007.19999996
16325,10985,769265.0,38428.0,64.39999999999999,49540665.99999999
16325,15976,3775962.0,176034.0,64.39999999999999,243171952.79999998
11561,12652,1955064.0,93716.0,35.55,69502525.19999999
11561,15008,2004169.0,95796.0,17.4636,35000005.7484
11561,11112,2004122.0,96294.0,17.4636,34999184.9592
11561,16325,2026288.0,97121.0,17.4636,35386283.1168
11561,11561,0.0,0.0,27.165599999999998,0.0
11561,18441,2024582.0,97054.0,17.4636,35356490.2152
11561,16117,2144983.0,102063.0,38.115,81756027.045
11561,11209,2025789.0,97073.0,17.4636,35377568.7804
11561,15891,1990788.0,95506.0,17.4636,34766325.3168
11561,18812,2033781.0,97296.0,17.4636,35517137.8716
11561,19915,2625425.0,133091.0,43.857,115143264.225
11561,17282,2035408.0,97641.0,17.4636,35545551.1488
11561,11147,2015299.0,100324.0,17.4636,35194375.616399996
11561,13417,2022920.0,96537.0,17.4636,35327465.712
11561,12940,1882929.0,91693.0,32.472,61142470.488000005
11561,12352,2757836.0,138269.0,43.857,120950413.45199999
11561,17522,341712.0,17279.0,55.6,18999187.2
11561,14234,922082.0,41802.0,65.0034,59938465.0788
11561,19300,1982480.0,95250.0,17.4636,34621237.728
11561,18542,1998698.0,95953.0,17.4636,34904462.392799996
11561,16855,356293.0,17852.0,55.6,19809890.8
11561,13694,2681912.0,123747.0,43.857,117620614.58399999
11561,12205,2470420.0,123007.0,43.857,108345209.94
11561,18941,883807.0,44052.0,65.0034,57450459.9438
11561,10748,1995275.0,96345.0,17.4636,34844684.49
11561,10705,1951917.0,95070.0,35.55,69390649.35
11561,15483,2663650.0,123211.0,43.857,116819698.05
11561,13088,2763759.0,138456.0,43.857,121210178.463
11561,13917,1139897.0,59294.0,43.0,49015571.0
11561,16236,1943964.0,93668.0,32.472,63124399.008
11561,13073,1931469.0,92866.0,32.472,62718661.368
11561,13636,2058772.0,97737.0,17.4636,35953570.6992
11561,18411,1589214.0,76277.0,32.472,51604957.008
11561,10916,1279635.0,65810.0,57.519,73603325.565
11561,15270,2857700.0,142941.0,43.857,125330148.89999999
11561,13509,2059262.0,97859.0,17.4636,35962127.8632
11561,11200,1845227.0,91344.0,32.472,59918211.144
11561,12616,339601.0,17039.0,55.6,18881815.6
11561,12868,2732672.0,131756.0,43.857,119846795.904
11561,13555,1191603.0,57660.0,43.0,51238929.0
11561,14736,2666093.0,130649.0,43.857,116926840.701
11561,17516,843764.0,41965.0,65.0034,54847528.7976
11561,15183,2644384.0,136044.0,43.857,115974749.088
11561,13563,1547961.0,79165.0,32.472,50265389.592
11561,15077,1319511.0,64920.0,57.519,75896953.20899999
11561,11466,798532.0,40785.0,65.0034,51907295.0088
11561,15378,2022233.0,98933.0,17.4636,35315468.2188
11561,18827,1225590.0,57595.0,25.0,30639750.0
11561,16028,700134.0,36021.0,65.8944,46134909.8496
11561,15601,958639.0,44771.0,65.0034,62314794.3726
11561,15264,1187016.0,58981.0,43.0,51041688.0
11561,19333,1912564.0,99697.0,32.472,62104778.208000004
11561,19880,2359042.0,112652.0,43.857,103460504.994
11561,14519,2041196.0,97646.0,17.4636,35646630.4656
11561,12369,2787543.0,143543.0,43.857,122253273.351
11561,10044,317703.0,15815.0,27.165599999999998,8630592.616799999
11561,19147,3318390.0,171918.0,43.857,145534630.23
11561,18448,3101888.0,158231.0,43.857,136039502.016
11561,17010,2477375.0,114234.0,43.857,108650235.375
11561,17738,2106282.0,103685.0,38.115,80280938.43
11561,10955,2470323.0,122964.0,43.857,108340955.811
11561,18219,1821036.0,86935.0,32.472,59132680.992
11561,11853,1878157.0,91568.0,32.472,60987514.104
11561,10657,2160954.0,102791.0,38.115,82364761.71000001
11561,10568,1230302.0,60132.0,25.0,30757550.0
11561,10867,2844577.0,142784.0,43.857,124754613.489
11561,19500,2448382.0,123917.0,43.857,107378689.374
11561,13165,423531.0,22854.0,55.6,23548323.6
11561,11022,2392875.0,117149.0,43.857,104944318.875
11561,19430,3062820.0,144640.0,43.857,134326096.74
11561,15241,2436157.0,122941.0,43.857,106842537.549
11561,16683,1598324.0,76854.0,32.472,51900776.928
11561,12216,890922.0,43138.0,65.0034,57912959.1348
11561,10301,2600376.0,129334.0,43.857,114044690.232
11561,12355,2504353.0,115757.0,33.1452,83007281.0556
11561,14257,6300368.0,307611.0,43.857,276315239.376
11561,10963,1539291.0,78940.0,32.472,49983857.352000006
11561,16193,1386089.0,66505.0,57.519,79726453.191
11561,16962,2470582.0,122997.0,43.857,108352314.774
11561,15724,2041736.0,106242.0,17.4636,35656060.809599996
11561,17789,2014537.0,96737.0,17.4636,35181068.353199996
11561,14278,2086142.0,102274.0,38.115,79513302.33
11561,19846,1559559.0,76463.0,32.472,50641999.848000005
11561,11261,693774.0,33349.0,65.8944,45715821.46560001
11561,17223,1627106.0,79876.0,32.472,52835386.032000005
11561,12562,2791772.0,143772.0,43.857,122438744.604
11561,13170,2034444.0,96863.0,17.4636,35528716.2384
11561,13489,2020249.0,96815.0,17.4636,35280820.4364
11561,13582,2323632.0,115099.0,43.857,101907528.624
11561,14358,2064055.0,105385.0,17.4636,36045830.898
11561,16108,1643085.0,83879.0,32.472,53354256.120000005
11561,10796,1466186.0,70744.0,57.519,84333552.534
11561,18799,888383.0,42989.0,65.0034,57747915.5022
11561,10375,3085371.0,156161.0,43.857,135315115.947
11561,13665,631773.0,33082.0,65.8944,41630302.7712
11561,15185,1005769.0,50981.0,65.0034,65378404.6146
11561,13454,2219257.0,120767.0,33.1452,73557717.1164
11561,14053,1810619.0,86619.0,32.472,58794420.168000005
11561,10901,2007626.0,99800.0,17.4636,35060377.4136
11561,15948,2398228.0,116502.0,43.857,105179085.396
11561,12973,1296707.0,67962.0,57.519,74585289.933
11561,12746,2031536.0,97060.0,17.4636,35477932.0896
11561,11181,2199902.0,105449.0,33.1452,72916191.7704
11561,19143,466666.0,23526.0,55.6,25946629.6
11561,19785,2210170.0,108864.0,33.1452,73256526.684
11561,13237,2037167.0,97865.0,17.4636,35576269.6212
11561,15651,1286684.0,66453.0,57.519,74008776.99599999
11561,15848,1290966.0,65924.0,57.519,74255073.354
11561,11455,2499909.0,122513.0,43.857,109638509.013
11561,14425,1381089.0,70017.0,57.519,79438858.191
11561,17752,2054868.0,104620.0,17.4636,35885392.8048
11561,14060,1943961.0,93667.0,32.472,63124301.592
11561,10316,1360881.0,64288.0,57.519,78276514.239
11561,19134,2259782.0,116480.0,33.1452,74900926.34640001
11561,13460,1882787.0,95852.0,32.472,61137859.464
11561,15686,2052823.0,104525.0,17.4636,35849679.7428
11561,11189,3085384.0,156164.0,43.857,135315686.088
11561,10326,7030625.0,340665.0,43.857,308342120.625
11561,10269,3028847.0,152578.0,43.857,132836142.879
11561,17464,4186053.0,209775.0,43.857,183587726.421
11561,19273,2345959.0,116169.0,43.857,102886723.863
11561,13840,1897320.0,96820.0,32.472,61609775.04
11561,14704,2994858.0,141776.0,43.857,131345487.306
11561,19239,1183778.0,57150.0,43.0,50902454.0
11561,19502,1319030.0,64804.0,57.519,75869286.57
11561,17504,3538539.0,180939.0,43.857,155189704.923
11561,18110,1626883.0,79837.0,32.472,52828144.776
11561,11163,684195.0,33901.0,65.8944,45084619.008
11561,12633,6298088.0,307510.0,43.857,276215245.416
11561,16339,2743272.0,145111.0,43.857,120311680.104
11561,13989,426240.0,23494.0,55.6,23698944.0
11561,18149,1641872.0,80619.0,32.472,53314867.584
11561,10177,5645293.0,276894.0,43.857,247585615.101
11561,12270,1591649.0,78718.0,32.472,51684026.328
11561,13100,3080208.0,159636.0,43.857,135088682.256
11561,17781,1230843.0,60197.0,25.0,30771075.0
11561,19971,1099531.0,56455.0,105.0,115450755.0
11561,16887,1627275.0,82809.0,32.472,52840873.800000004
11561,10985,2789563.0,131515.0,43.857,122341864.491
11561,15976,2745828.0,127168.0,38.115,104657234.22
18441,12652,95710.0,5518.0,285.59999999999997,27334775.999999996
18441,15008,66490.0,3910.0,285.59999999999997,18989543.999999996
18441,11112,30954.0,1723.0,285.59999999999997,8840462.399999999
18441,16325,2548.0,265.0,322.7,822239.6
18441,11561,2029805.0,97413.0,285.59999999999997,579712307.9999999
18441,18441,0.0,0.0,322.7,0.0
18441,16117,122744.0,6080.0,285.59999999999997,35055686.4
18441,11209,6894.0,604.0,285.59999999999997,1968926.3999999997
18441,15891,86891.0,4378.0,285.59999999999997,24816069.599999998
18441,18812,106280.0,5265.0,285.59999999999997,30353567.999999996
18441,19915,1410299.0,68104.0,285.59999999999997,402781394.4
18441,17282,56188.0,2972.0,285.59999999999997,16047292.799999999
18441,11147,937096.0,47446.0,285.59999999999997,267634617.59999996
18441,13417,27126.0,1881.0,285.59999999999997,7747185.599999999
18441,12940,442855.0,23007.0,285.59999999999997,126479387.99999999
18441,12352,1319738.0,64493.0,285.59999999999997,376917172.79999995
18441,17522,1702945.0,81750.0,285.59999999999997,486361091.99999994
18441,14234,2837574.0,133880.0,285.59999999999997,810411134.3999999
18441,19300,45126.0,2493.0,285.59999999999997,12887985.599999998
18441,18542,29841.0,1725.0,285.59999999999997,8522589.6
18441,16855,1698703.0,81497.0,285.59999999999997,485149576.79999995
18441,13694,754411.0,31716.0,285.59999999999997,215459781.59999996
18441,12205,1032322.0,49231.0,285.59999999999997,294831163.2
18441,18941,1226085.0,62515.0,285.59999999999997,350169875.99999994
18441,10748,77412.0,3941.0,285.59999999999997,22108867.199999996
18441,10705,184724.0,9748.0,285.59999999999997,52757174.39999999
18441,15483,736148.0,31180.0,285.59999999999997,210243868.79999998
18441,13088,1325660.0,64680.0,285.59999999999997,378608495.99999994
18441,13917,1467209.0,74770.0,285.59999999999997,419034890.4
18441,16236,83967.0,4507.0,285.59999999999997,23980975.199999996
18441,13073,98279.0,5148.0,285.59999999999997,28068482.4
18441,13636,36533.0,1754.0,285.59999999999997,10433824.799999999
18441,18411,632721.0,33494.0,285.59999999999997,180705117.59999996
18441,10916,3258467.0,160673.0,285.59999999999997,930618175.1999999
18441,15270,1782202.0,90251.0,285.59999999999997,508996891.1999999
18441,13509,37022.0,1876.0,285.59999999999997,10573483.2
18441,11200,336525.0,17766.0,285.59999999999997,96111539.99999999
18441,12616,1698508.0,81375.0,285.59999999999997,485093884.79999995
18441,12868,758088.0,36691.0,285.59999999999997,216509932.79999998
18441,13555,1040814.0,52787.0,285.59999999999997,297256478.4
18441,14736,634557.0,34584.0,285.59999999999997,181229479.2
18441,17516,1239852.0,62984.0,285.59999999999997,354101731.1999999
18441,15183,1546453.0,75151.0,285.59999999999997,441666976.79999995
18441,13563,3526794.0,174028.0,285.59999999999997,1007252366.3999999
18441,15077,866447.0,43195.0,285.59999999999997,247457263.19999996
18441,11466,2825902.0,137924.0,285.59999999999997,807077611.1999999
18441,15378,418834.0,20388.0,285.59999999999997,119618990.39999999
18441,18827,848246.0,42851.0,285.59999999999997,242259057.59999996
18441,16028,1700514.0,86137.0,285.59999999999997,485666798.3999999
18441,15601,1074069.0,54537.0,285.59999999999997,306754106.4
18441,15264,1002405.0,52168.0,285.59999999999997,286286867.99999994
18441,19333,513050.0,27970.0,285.59999999999997,146527079.99999997
18441,19880,3249071.0,152737.0,285.59999999999997,927934677.5999999
18441,14519,113463.0,5651.0,285.59999999999997,32405032.799999997
18441,12369,1730743.0,83720.0,285.59999999999997,494300200.79999995
18441,10044,1712407.0,82198.0,285.59999999999997,489063439.1999999
18441,19147,1986389.0,97027.0,285.59999999999997,567312698.4
18441,18448,5080720.0,253093.0,285.59999999999997,1451053631.9999998
18441,17010,3953969.0,182540.0,285.59999999999997,1129253546.3999999
18441,17738,475358.0,22772.0,285.59999999999997,135762244.79999998
18441,10955,1032225.0,49188.0,285.59999999999997,294803459.99999994
18441,18219,205857.0,10715.0,285.59999999999997,58792759.199999996
18441,11853,426275.0,21948.0,285.59999999999997,121744139.99999999
18441,10657,233453.0,10760.0,285.59999999999997,66674176.79999999
18441,10568,1079513.0,55259.0,285.59999999999997,308308912.79999995
18441,10867,1769079.0,90095.0,285.59999999999997,505248962.3999999
18441,19500,1372884.0,71227.0,285.59999999999997,392095670.4
18441,13165,1776546.0,88074.0,285.59999999999997,507381537.59999996
18441,11022,418291.0,22084.0,285.59999999999997,119463909.59999998
18441,19430,1088236.0,49575.0,285.59999999999997,310800201.59999996
18441,15241,1360659.0,70252.0,285.59999999999997,388604210.4
18441,16683,478613.0,24839.0,285.59999999999997,136691872.79999998
18441,12216,1358025.0,67782.0,285.59999999999997,387851939.99999994
18441,10301,1162277.0,55559.0,285.59999999999997,331946311.2
18441,12355,3924518.0,181865.0,285.59999999999997,1120842340.8
18441,14257,8279201.0,402473.0,285.59999999999997,2364539805.6
18441,10963,3518123.0,173802.0,285.59999999999997,1004775928.7999998
18441,16193,3364922.0,161368.0,285.59999999999997,961021723.1999999
18441,16962,1032484.0,49222.0,285.59999999999997,294877430.4
18441,15724,545852.0,31249.0,285.59999999999997,155895331.2
18441,17789,11905.0,1036.0,285.59999999999997,3400067.9999999995
18441,14278,486381.0,23257.0,285.59999999999997,138910413.6
18441,19846,3538392.0,171325.0,285.59999999999997,1010564755.1999999
18441,11261,1498010.0,76221.0,285.59999999999997,427831655.99999994
18441,17223,831602.0,44963.0,285.59999999999997,237505531.19999996
18441,12562,1727694.0,83837.0,285.59999999999997,493429406.3999999
18441,13170,17439.0,1002.0,285.59999999999997,4980578.399999999
18441,13489,7568.0,668.0,285.59999999999997,2161420.8
18441,13582,492113.0,26288.0,285.59999999999997,140547472.79999998
18441,14358,4042888.0,200247.0,285.59999999999997,1154648812.8
18441,16108,3621917.0,178741.0,285.59999999999997,1034419495.1999999
18441,10796,758926.0,39274.0,285.59999999999997,216749265.59999996
18441,18799,1355485.0,67634.0,285.59999999999997,387126515.99999994
18441,10375,1647272.0,82386.0,285.59999999999997,470460883.1999999
18441,13665,2620825.0,128646.0,285.59999999999997,748507619.9999999
18441,15185,3033140.0,148120.0,285.59999999999997,866264783.9999999
18441,13454,1279359.0,67940.0,285.59999999999997,365384930.4
18441,14053,228951.0,11635.0,285.59999999999997,65388405.599999994
18441,10901,936510.0,47744.0,285.59999999999997,267467255.99999997
18441,15948,366692.0,20437.0,285.59999999999997,104727235.19999999
18441,12973,1717827.0,86674.0,285.59999999999997,490611391.1999999
18441,12746,104034.0,5029.0,285.59999999999997,29712110.399999995
18441,11181,156671.0,9420.0,285.59999999999997,44745237.599999994
18441,19143,1816514.0,87533.0,285.59999999999997,518796398.3999999
18441,19785,598335.0,29299.0,285.59999999999997,170884475.99999997
18441,13237,57946.0,3196.0,285.59999999999997,16549377.599999998
18441,15651,3265516.0,161316.0,285.59999999999997,932631369.5999999
18441,15848,3269799.0,160787.0,285.59999999999997,933854594.3999999
18441,11455,525325.0,27448.0,285.59999999999997,150032819.99999997
18441,14425,1252049.0,69481.0,285.59999999999997,357585194.4
18441,17752,4033701.0,199483.0,285.59999999999997,1152025005.6
18441,14060,83963.0,4506.0,285.59999999999997,23979832.799999997
18441,10316,711157.0,36657.0,285.59999999999997,203106439.2
18441,19134,4238615.0,211342.0,285.59999999999997,1210548443.9999998
18441,13460,326150.0,17790.0,285.59999999999997,93148439.99999999
18441,15686,4031656.0,199387.0,285.59999999999997,1151440953.6
18441,11189,1647285.0,82389.0,285.59999999999997,470464595.99999994
18441,10326,9009457.0,435528.0,285.59999999999997,2573100919.2
18441,10269,1590748.0,78803.0,285.59999999999997,454317628.79999995
18441,17464,6164885.0,304638.0,285.59999999999997,1760691155.9999998
18441,19273,642384.0,34702.0,285.59999999999997,183464870.39999998
18441,13840,1711724.0,92941.0,285.59999999999997,488868374.3999999
18441,14704,1020273.0,46711.0,285.59999999999997,291389968.79999995
18441,19239,1042917.0,52755.0,285.59999999999997,297857095.2
18441,19502,865966.0,43080.0,285.59999999999997,247319889.59999996
18441,17504,5517372.0,275801.0,285.59999999999997,1575761443.1999998
18441,18110,831379.0,44924.0,285.59999999999997,237441842.39999998
18441,11163,2034043.0,97908.0,285.59999999999997,580922680.8
18441,12633,8276921.0,402373.0,285.59999999999997,2363888637.6
18441,16339,4722104.0,239974.0,285.59999999999997,1348632902.3999999
18441,13989,1771162.0,87829.0,285.59999999999997,505843867.1999999
18441,18149,815999.0,43993.0,285.59999999999997,233049314.39999998
18441,10177,7624125.0,371757.0,285.59999999999997,2177450099.9999995
18441,12270,1377039.0,70281.0,285.59999999999997,393282338.4
18441,13100,1748207.0,84745.0,285.59999999999997,499287919.1999999
18441,17781,1080054.0,55324.0,285.59999999999997,308463422.4
18441,19971,3126902.0,153594.0,285.59999999999997,893043211.1999999
18441,16887,3606107.0,177671.0,285.59999999999997,1029904159.1999999
18441,10985,770433.0,38464.0,285.59999999999997,220035664.79999998
18441,15976,3774768.0,175983.0,285.59999999999997,1078073740.8
16117,12652,216719.0,10264.0,113.0,24489247.0
16117,15008,168557.0,8625.0,104.0,17529928.0
16117,11112,146199.0,7015.0,45.5,6652054.5
16117,16325,123781.0,5994.0,114.0,14111034.0
16117,11561,2149860.0,102374.0,78.59,168957497.4
16117,18441,122075.0,5928.0,131.0,15991825.0
16117,16117,0.0,0.0,131.0,0.0
16117,11209,119879.0,5989.0,131.0,15704149.0
16117,15891,202136.0,9669.0,109.0,22032824.0
16117,18812,221524.0,10557.0,101.0,22373924.0
16117,19915,1308291.0,64994.0,85.3776,111698745.6816
16117,17282,171432.0,8264.0,44.099999999999994,7560151.199999999
16117,11147,906209.0,47027.0,97.0,87902273.0
16117,13417,129193.0,6596.0,114.0,14728002.0
16117,12940,411969.0,22588.0,40.068,16506773.891999999
16117,12352,1217729.0,61383.0,79.5564,96878135.4156
16117,17522,1822999.0,86712.0,80.0,145839920.0
16117,14234,2957628.0,138842.0,90.0,266186520.0
16117,19300,160371.0,7784.0,107.0,17159697.0
16117,18542,145086.0,7017.0,45.5,6601413.0
16117,16855,1818757.0,86459.0,80.0,145500560.0
16117,13694,869656.0,37008.0,57.04775999999999,49611926.77055999
16117,12205,930313.0,46121.0,97.0,90240361.0
16117,18941,1346139.0,67477.0,101.0,135960039.0
16117,10748,192657.0,9232.0,117.0,22540869.0
16117,10705,195583.0,12684.0,102.0,19949466.0
16117,15483,851393.0,36471.0,115.0,97910195.0
16117,13088,1223652.0,61570.0,86.0,105234072.0
16117,13917,1483053.0,77012.0,112.0,166101936.0
16117,16236,199211.0,9798.0,99.0,19721889.0
16117,13073,213524.0,10440.0,45.5,9715342.0
16117,13636,89309.0,4570.0,122.0,10895698.0
16117,18411,648564.0,35735.0,69.85,45302195.4
16117,10916,3378521.0,165635.0,90.0,304066890.0
16117,15270,1765607.0,89303.0,80.0,141248560.0
16117,13509,89798.0,4692.0,122.0,10955356.0
16117,11200,456579.0,22728.0,75.0,34243425.0
16117,12616,1818562.0,86337.0,80.0,145484960.0
16117,12868,800741.0,39718.0,76.01,60864323.410000004
16117,13555,1056658.0,55028.0,76.0,80306008.0
16117,14736,622501.0,33629.0,71.7948,44692334.7948
16117,17516,1359906.0,67946.0,101.0,137350506.0
16117,15183,1444445.0,72041.0,112.0,161777840.0
16117,13563,3646848.0,178989.0,90.0,328216320.0
16117,15077,986501.0,48157.0,85.0,83852585.0
16117,11466,2945956.0,142886.0,90.0,265136040.0
16117,15378,316825.0,17278.0,74.0,23445050.0
16117,18827,968300.0,47813.0,85.0,82305500.0
16117,16028,1820568.0,91099.0,80.0,145645440.0
16117,15601,1194123.0,59499.0,79.5564,95000127.03719999
16117,15264,1122459.0,57130.0,79.5564,89298797.1876
16117,19333,628295.0,33261.0,71.7948,45108313.866
16117,19880,3199932.0,154131.0,90.0,287993880.0
16117,14519,228707.0,10943.0,101.0,23099407.0
16117,12369,1628735.0,80610.0,87.12,141895393.20000002
16117,10044,1832462.0,87160.0,80.0,146596960.0
16117,19147,2101634.0,102319.0,78.59,165167416.06
16117,18448,5200774.0,258055.0,84.0,436865016.0
16117,17010,3904830.0,183934.0,90.0,351434700.0
16117,17738,373350.0,19662.0,73.74,27530828.999999996
16117,10955,930216.0,46078.0,97.0,90230952.0
16117,18219,325912.0,15677.0,74.0,24117488.0
16117,11853,395388.0,21529.0,33.27786,13157666.50968
16117,10657,348697.0,16052.0,77.0,26849669.0
16117,10568,1095357.0,57500.0,79.5564,87142659.6348
16117,10867,1752485.0,89147.0,80.0,140198800.0
16117,19500,1341997.0,70808.0,101.0,135541697.0
16117,13165,1896600.0,93036.0,78.59,149053794.0
16117,11022,460944.0,25111.0,75.0,34570800.0
16117,19430,1130890.0,52603.0,79.5564,89969537.196
16117,15241,1329772.0,69833.0,101.0,134306972.0
16117,16683,598667.0,29801.0,41.42754,24801301.08918
16117,12216,1478079.0,72744.0,112.0,165544848.0
16117,10301,1060269.0,52448.0,76.0,80580444.0
16117,12355,3875379.0,183258.0,90.0,348784110.0
16117,14257,8399255.0,407435.0,84.0,705537420.0
16117,10963,3638177.0,178764.0,90.0,327435930.0
16117,16193,3484975.0,166329.0,90.0,313647750.0
16117,16962,930476.0,46112.0,97.0,90256172.0
16117,15724,661096.0,36540.0,69.85,46177555.599999994
16117,17789,133893.0,6558.0,114.0,15263802.0
16117,14278,384373.0,20147.0,84.4074,32443925.5602
16117,19846,3658445.0,176287.0,90.0,329260050.0
16117,11261,1618065.0,81183.0,87.12,140965822.8
16117,17223,800715.0,44544.0,80.0,64057200.0
16117,12562,1625685.0,80726.0,87.12,141629677.20000002
16117,13170,114865.0,5640.0,45.5,5226357.5
16117,13489,125217.0,6059.0,114.0,14274738.0
16117,13582,378557.0,22337.0,73.74,27914793.18
16117,14358,4162942.0,205209.0,90.0,374664780.0
16117,16108,3741971.0,183703.0,90.0,336777390.0
16117,10796,774769.0,41516.0,74.0,57332906.0
16117,18799,1475539.0,72596.0,112.0,165260368.0
16117,10375,1545264.0,79275.0,112.0,173069568.0
16117,13665,2740878.0,133608.0,90.0,246679020.0
16117,15185,3153194.0,153082.0,90.0,283787460.0
16117,13454,1394604.0,73232.0,101.0,140855004.0
16117,14053,349005.0,16596.0,77.0,26873385.0
16117,10901,905623.0,47325.0,97.0,87845431.0
16117,15948,354636.0,19482.0,77.0,27306972.0
16117,12973,1687348.0,88392.0,87.12,147001757.76000002
16117,12746,219279.0,10320.0,41.3,9056222.7
16117,11181,113669.0,6357.0,50.4,5728917.6
16117,19143,1936568.0,92495.0,78.59,152194879.12
16117,19785,496327.0,26188.0,74.7054,37078307.065799996
16117,13237,170315.0,8253.0,83.3,14187239.5
16117,15651,3385570.0,166278.0,90.0,304701300.0
16117,15848,3389853.0,165749.0,90.0,305086770.0
16117,11455,567979.0,30476.0,68.5,38906561.5
16117,14425,1221162.0,69062.0,86.0,105019932.0
16117,17752,4153755.0,204445.0,90.0,373837950.0
16117,14060,199207.0,9797.0,99.0,19721493.0
16117,10316,831212.0,41618.0,115.0,95589380.0
16117,19134,4358669.0,216304.0,90.0,392280210.0
16117,13460,441395.0,23081.0,75.0,33104625.0
16117,15686,4151710.0,204349.0,90.0,373653900.0
16117,11189,1545277.0,79278.0,112.0,173071024.0
16117,10326,9129511.0,440490.0,84.0,766878924.0
16117,10269,1488740.0,75693.0,112.0,166738880.0
16117,17464,6284939.0,309599.0,84.0,527934876.0
16117,19273,528828.0,30750.0,90.0,47594520.0
16117,13840,1680837.0,92523.0,87.12,146434519.44
16117,14704,1062927.0,49739.0,76.0,80782452.0
16117,19239,1058761.0,54996.0,76.0,80465836.0
16117,19502,986020.0,48042.0,85.0,83811700.0
16117,17504,5637426.0,280763.0,84.0,473543784.0
16117,18110,800492.0,44505.0,74.0,59236408.0
16117,11163,2154097.0,102870.0,78.59,169290483.23000002
16117,12633,8396975.0,407334.0,84.0,705345900.0
16117,16339,4842158.0,244935.0,84.0,406741272.0
16117,13989,1891216.0,92791.0,78.59,148630665.44
16117,18149,785112.0,43575.0,74.0,58098288.0
16117,10177,7744179.0,376718.0,84.0,650511036.0
16117,12270,1497093.0,75243.0,112.0,167674416.0
16117,13100,1863452.0,90037.0,78.59,146448692.68
16117,17781,1095898.0,57566.0,79.5564,87185699.6472
16117,19971,3246956.0,158556.0,90.0,292226040.0
16117,16887,3726161.0,182633.0,90.0,335354490.0
16117,10985,885678.0,43755.0,57.04775999999999,50525945.98127999
16117,15976,3725629.0,177376.0,90.0,335306610.0
11209,12652,115817.0,5452.0,116.0,13434772.0
11209,15008,63012.0,3715.0,130.0,8191560.0
11209,11112,32003.0,1691.0,74.89999999999999,2397024.6999999997
11209,16325,9585.0,670.0,221.2,2120202.0
11209,11561,2030854.0,97380.0,85.0,172622590.0
11209,18441,7880.0,603.0,189.7,1494836.0
11209,16117,119268.0,5906.0,129.0,15385572.0
11209,11209,0.0,0.0,1715.6999999999998,0.0
11209,15891,87940.0,4345.0,83.0,7299020.0
11209,18812,107329.0,5233.0,112.0,12020848.0
11209,19915,1406821.0,67909.0,74.7054,105097125.5334
11209,17282,57237.0,2940.0,138.0,7898706.0
11209,11147,933618.0,47251.0,79.56,74278648.08
11209,13417,23648.0,1686.0,88.19999999999999,2085753.5999999996
11209,12940,439378.0,22812.0,16.799999999999997,7381550.3999999985
11209,12352,1316260.0,64299.0,71.79,94494305.4
11209,17522,1703994.0,81717.0,82.0,139727508.0
11209,14234,2838623.0,133848.0,85.0,241282955.0
11209,19300,46175.0,2460.0,137.0,6325975.0
11209,18542,30890.0,1693.0,100.1,3092089.0
11209,16855,1699752.0,81465.0,82.0,139379664.0
11209,13694,755460.0,31683.0,115.0,86877900.0
11209,12205,1028844.0,49036.0,79.56,81854828.64
11209,18941,1227134.0,62482.0,85.0,104306390.0
11209,10748,78461.0,3908.0,148.0,11612228.0
11209,10705,181248.0,9574.0,118.0,21387264.0
11209,15483,737198.0,31147.0,86.8,63988786.4
11209,13088,1322182.0,64485.0,81.0,107096742.0
11209,13917,1463733.0,74597.0,81.4968,119289555.5544
11209,16236,85016.0,4474.0,124.0,10541984.0
11209,13073,99328.0,5116.0,57.4,5701427.2
11209,13636,33057.0,1580.0,74.89999999999999,2475969.3
11209,18411,629245.0,33320.0,85.0,53485825.0
11209,10916,3259516.0,160640.0,75.68,246680170.88000003
11209,15270,1778724.0,90056.0,77.616,138057441.984
11209,13509,33547.0,1703.0,74.89999999999999,2512670.3
11209,11200,337574.0,17733.0,56.0,18904144.0
11209,12616,1699557.0,81343.0,82.0,139363674.0
11209,12868,754612.0,36517.0,69.8544,52712968.4928
11209,13555,1037338.0,52613.0,79.56,82530611.28
11209,14736,640820.0,34522.0,69.8544,44764096.607999995
11209,17516,1240901.0,62951.0,85.0,105476585.0
11209,15183,1542975.0,74956.0,82.0,126523950.0
11209,13563,3527843.0,173995.0,90.0,317505870.0
11209,15077,867496.0,43163.0,79.56,69017981.76
11209,11466,2826951.0,137891.0,85.0,240290835.0
11209,15378,415356.0,20193.0,41.42754,17207177.30424
11209,18827,849295.0,42818.0,79.56,67569910.2
11209,16028,1701563.0,86105.0,82.0,139528166.0
11209,15601,1075118.0,54505.0,81.4968,87618676.62239999
11209,15264,1003454.0,52136.0,79.56,79834800.24000001
11209,19333,514099.0,27937.0,75.0,38557425.0
11209,19880,3245595.0,152564.0,75.68,245626629.60000002
11209,14519,114512.0,5618.0,116.0,13283392.0
11209,12369,1727266.0,83525.0,86.13,148769420.57999998
11209,10044,1713456.0,82165.0,82.0,140503392.0
11209,19147,1987438.0,96995.0,85.0,168932230.0
11209,18448,5081769.0,253061.0,89.15,453039706.35
11209,17010,3950493.0,182367.0,90.0,355544370.0
11209,17738,471880.0,22577.0,77.0,36334760.0
11209,10955,1028747.0,48993.0,79.56,81847111.32000001
11209,18219,206906.0,10682.0,118.0,24414908.0
11209,11853,422797.0,21753.0,41.425999999999995,17514788.521999996
11209,10657,234502.0,10727.0,41.3,9684932.6
11209,10568,1076037.0,55085.0,81.4968,87693572.18159999
11209,10867,1765601.0,89900.0,77.616,137038887.216
11209,19500,1369406.0,71032.0,84.0,115030104.0
11209,13165,1777595.0,88042.0,77.616,137969813.52
11209,11022,414815.0,21910.0,35.99442,14931025.3323
11209,19430,1084760.0,49401.0,69.8,75716248.0
11209,15241,1357181.0,70057.0,84.0,114003204.0
11209,16683,479662.0,24806.0,77.0,36933974.0
11209,12216,1359074.0,67750.0,84.0,114162216.0
11209,10301,1158799.0,55364.0,69.8,80884170.2
11209,12355,3921042.0,181691.0,90.0,352893780.0
11209,14257,8280250.0,402440.0,74.0,612738500.0
11209,10963,3519172.0,173770.0,90.0,316725480.0
11209,16193,3365971.0,161335.0,75.68,254736685.28000003
11209,16962,1029006.0,49027.0,79.56,81867717.36
11209,15724,546901.0,31216.0,75.0,41017575.0
11209,17789,19698.0,1234.0,88.19999999999999,1737363.5999999999
11209,14278,482903.0,23062.0,84.0,40563852.0
11209,19846,3539441.0,171293.0,90.0,318549690.0
11209,11261,1499060.0,76188.0,82.0,122922920.0
11209,17223,828124.0,44768.0,79.56,65885545.440000005
11209,12562,1724216.0,83642.0,86.13,148506724.07999998
11209,13170,8300.0,730.0,138.6,1150380.0
11209,13489,11022.0,735.0,221.2,2438066.4
11209,13582,488638.0,26114.0,38.709999999999994,18915176.979999997
11209,14358,4043937.0,200215.0,90.0,363954330.0
11209,16108,3622966.0,178708.0,90.0,326066940.0
11209,10796,755450.0,39101.0,115.0,86876750.0
11209,18799,1356534.0,67601.0,84.0,113948856.0
11209,10375,1643795.0,82191.0,95.0,156160525.0
11209,13665,2621874.0,128614.0,85.0,222859290.0
11209,15185,3034189.0,148087.0,75.68,229627423.52
11209,13454,1280409.0,67907.0,85.0,108834765.0
11209,14053,230000.0,11602.0,41.3,9499000.0
11209,10901,933032.0,47549.0,79.56,74232025.92
11209,15948,372955.0,20375.0,85.0,31701175.0
11209,12973,1714351.0,86501.0,82.0,140576782.0
11209,12746,105084.0,4996.0,126.0,13240584.0
11209,11181,174187.0,9293.0,80.0,13934960.0
11209,19143,1817563.0,87500.0,77.616,141071969.808
11209,19785,594857.0,29104.0,39.390119999999996,23431488.612839997
11209,13237,58996.0,3164.0,139.0,8200444.0
11209,15651,3266565.0,161283.0,75.68,247213639.20000002
11209,15848,3270848.0,160754.0,75.68,247537776.64000002
11209,11455,521849.0,27275.0,75.0,39138675.0
11209,14425,1248571.0,69286.0,85.0,106128535.0
11209,17752,4034750.0,199450.0,90.0,363127500.0
11209,14060,85012.0,4473.0,124.0,10541488.0
11209,10316,712207.0,36624.0,42.105,29987475.735
11209,19134,4239664.0,211310.0,90.0,381569760.0
11209,13460,327199.0,17757.0,72.14,23604135.86
11209,15686,4032705.0,199355.0,90.0,362943450.0
11209,11189,1643807.0,82194.0,95.0,156161665.0
11209,10326,9010506.0,435495.0,72.0,648756432.0
11209,10269,1587270.0,78608.0,82.0,130156140.0
11209,17464,6165934.0,304605.0,89.15,549693016.1
11209,19273,638908.0,34528.0,85.0,54307180.0
11209,13840,1708246.0,92747.0,82.0,140076172.0
11209,14704,1016798.0,46538.0,79.56,80896448.88
11209,19239,1039442.0,52581.0,79.56,82698005.52
11209,19502,867015.0,43047.0,79.56,68979713.4
11209,17504,5518421.0,275768.0,89.15,491967232.15000004
11209,18110,827901.0,44729.0,79.56,65867803.56
11209,11163,2035092.0,97875.0,85.0,172982820.0
11209,12633,8277970.0,402340.0,74.0,612569780.0
11209,16339,4723153.0,239941.0,89.15,421069089.95000005
11209,13989,1772211.0,87797.0,77.616,137551928.976
11209,18149,812521.0,43799.0,79.56,64644170.760000005
11209,10177,7625174.0,371724.0,74.0,564262876.0
11209,12270,1378088.0,70248.0,84.0,115759392.0
11209,13100,1749256.0,84712.0,77.616,135770253.696
11209,17781,1076578.0,55151.0,81.4968,87737661.9504
11209,19971,3127951.0,153561.0,75.68,236723331.68
11209,16887,3607156.0,177639.0,90.0,324644040.0
11209,10985,771482.0,38431.0,115.0,88720430.0
11209,15976,3771292.0,175809.0,90.0,339416280.0
15891,12652,87589.0,4483.0,108.0,9459612.0
15891,15008,80152.0,4441.0,55.3,4432405.6
15891,11112,59978.0,3537.0,55.608,3335256.624
15891,16325,91864.0,4644.0,83.0,7624712.0
15891,11561,1996575.0,95777.0,49.4802,98790930.31500001
15891,18441,90158.0,4578.0,83.0,7483114.0
15891,16117,207215.0,10073.0,39.9,8267878.5
15891,11209,91365.0,4597.0,83.0,7583295.0
15891,15891,0.0,0.0,89.544,0.0
15891,18812,76687.0,3826.0,64.39999999999999,4938642.799999999
15891,19915,1480133.0,71254.0,49.4802,73237276.8666
15891,17282,86402.0,4636.0,108.0,9331416.0
15891,11147,1006929.0,50597.0,49.4802,49823048.305800006
15891,13417,96960.0,5032.0,44.099999999999994,4275935.999999999
15891,12940,512689.0,26157.0,52.3908,26860186.8612
15891,12352,1389572.0,67644.0,49.4802,68756300.4744
15891,17522,1669715.0,80115.0,49.4802,82617832.143
15891,14234,2804344.0,132245.0,49.4802,138759501.98880002
15891,19300,53192.0,2990.0,55.608,2957900.736
15891,18542,64274.0,3476.0,55.608,3574148.5919999997
15891,16855,1665473.0,79862.0,49.4802,82407937.1346
15891,13694,724818.0,30277.0,52.3908,37973794.8744
15891,12205,1102156.0,52382.0,49.4802,54534899.3112
15891,18941,1192855.0,60880.0,49.4802,59022703.971
15891,10748,33361.0,2074.0,89.544,2987277.384
15891,10705,217116.0,11883.0,39.9,8662928.4
15891,15483,706556.0,29741.0,52.3908,37017034.0848
15891,13088,1395494.0,67830.0,49.4802,69049322.21880001
15891,13917,1499484.0,73829.0,49.4802,74194768.2168
15891,16236,39725.0,3428.0,55.27199999999999,2195680.1999999997
15891,13073,77107.0,3623.0,64.39999999999999,4965690.799999999
15891,13636,121004.0,5747.0,44.099999999999994,5336276.399999999
15891,18411,665114.0,35629.0,52.3908,34845854.5512
15891,10916,3225237.0,159038.0,49.4802,159585371.80740002
15891,15270,1852036.0,93402.0,49.4802,91639111.68720001
15891,13509,121493.0,5869.0,44.099999999999994,5357841.299999999
15891,11200,294447.0,16116.0,39.9,11748435.299999999
15891,12616,1665278.0,79740.0,49.4802,82398288.4956
15891,12868,780586.0,37953.0,49.4802,38623551.3972
15891,13555,1071484.0,52297.0,49.4802,53017242.6168
15891,14736,718927.0,38242.0,52.3908,37665160.6716
15891,17516,1206622.0,61349.0,49.4802,59703897.8844
15891,15183,1616287.0,78301.0,49.4802,79974204.01740001
15891,13563,3493564.0,172392.0,49.4802,172862245.43280002
15891,15077,833217.0,41560.0,49.4802,41227743.8034
15891,11466,2792672.0,136289.0,49.4802,138181969.09440002
15891,15378,488668.0,23538.0,70.0,34206760.0
15891,18827,815016.0,41216.0,49.4802,40327154.6832
15891,16028,1667284.0,84502.0,49.4802,82497545.7768
15891,15601,1040839.0,52902.0,49.4802,51500921.8878
15891,15264,907530.0,48481.0,49.4802,44904765.906
15891,19333,428045.0,24006.0,70.0,29963150.0
15891,19880,3281346.0,151795.0,49.4802,162361656.3492
15891,14519,84102.0,4176.0,137.0,11521974.0
15891,12369,1800577.0,86871.0,49.4802,89092910.07540001
15891,10044,1679177.0,80563.0,49.4802,83086013.79540001
15891,19147,1956797.0,95588.0,49.4802,96822706.9194
15891,18448,5047490.0,251458.0,49.4802,249750814.698
15891,17010,3986244.0,181598.0,49.4802,197240150.3688
15891,17738,545192.0,25922.0,52.3908,28563045.0336
15891,10955,1102059.0,52339.0,49.4802,54530099.731800005
15891,18219,172274.0,9033.0,39.9,6873732.6
15891,11853,496108.0,25099.0,52.3908,25991495.0064
15891,10657,203860.0,9321.0,39.9,8134014.0
15891,10568,1110183.0,54769.0,49.4802,54932076.876600005
15891,10867,1838913.0,93245.0,49.4802,90989783.02260001
15891,19500,1442718.0,74378.0,49.4802,71385975.18360001
15891,13165,1743316.0,86439.0,49.4802,86259624.34320001
15891,11022,440789.0,23346.0,70.0,30855230.0
15891,19430,1110734.0,50837.0,49.4802,54959340.466800004
15891,15241,1430493.0,73402.0,49.4802,70781079.7386
15891,16683,445383.0,23204.0,70.0,31176810.0
15891,12216,1324795.0,66147.0,49.4802,65551121.55900001
15891,10301,1232111.0,58709.0,49.4802,60965098.7022
15891,12355,3956793.0,180923.0,49.4802,195782908.9986
15891,14257,8245971.0,400838.0,49.4802,408012294.2742
15891,10963,3484893.0,172167.0,49.4802,172433202.6186
15891,16193,3331692.0,159732.0,49.4802,164852786.4984
15891,16962,1102318.0,52372.0,49.4802,54542915.1036
15891,15724,460847.0,27285.0,70.0,32259290.0
15891,17789,80113.0,4261.0,55.3,4430248.899999999
15891,14278,556215.0,26408.0,52.3908,29140548.822
15891,19846,3505162.0,169690.0,49.4802,173436116.7924
15891,11261,1403588.0,74484.0,49.4802,69449814.9576
15891,17223,901435.0,48113.0,49.4802,44603184.087000005
15891,12562,1797527.0,86987.0,49.4802,88941995.46540001
15891,13170,101910.0,4994.0,44.099999999999994,4494230.999999999
15891,13489,85825.0,4338.0,108.0,9269100.0
15891,13582,576584.0,30281.0,52.3908,30207697.0272
15891,14358,4009658.0,198612.0,49.4802,198398679.7716
15891,16108,3588687.0,177106.0,49.4802,177568950.49740002
15891,10796,791318.0,41409.0,49.4802,39154572.9036
15891,18799,1322255.0,65999.0,49.4802,65425441.851
15891,10375,1717106.0,85536.0,49.4802,84962748.3012
15891,13665,2587595.0,127011.0,49.4802,128034718.119
15891,15185,2999910.0,146485.0,49.4802,148436146.782
15891,13454,1194354.0,63976.0,49.4802,59096874.790800005
15891,14053,195721.0,9999.0,39.9,7809267.899999999
15891,10901,1006344.0,50894.0,49.4802,49794102.3888
15891,15948,451062.0,24095.0,70.0,31574340.0
15891,12973,1750102.0,85733.0,49.4802,86595396.98040001
15891,12746,74442.0,3590.0,64.39999999999999,4794064.8
15891,11181,241042.0,13078.0,39.9,9617575.799999999
15891,19143,1783284.0,85898.0,49.4802,88237248.97680001
15891,19785,668169.0,32449.0,52.3908,35005908.445199996
15891,13237,87076.0,4696.0,108.0,9404208.0
15891,15651,3232286.0,159681.0,49.4802,159934157.73720002
15891,15848,3236569.0,159152.0,49.4802,160146081.4338
15891,11455,547823.0,28711.0,52.3908,28700885.2284
15891,14425,1379804.0,70326.0,49.4802,68272977.88080001
15891,17752,4000471.0,197848.0,49.4802,197944105.17420003
15891,14060,39721.0,3427.0,55.27199999999999,2195459.1119999997
15891,10316,677928.0,35021.0,52.3908,35517190.2624
15891,19134,4205385.0,209707.0,49.4802,208083290.877
15891,13460,241145.0,13826.0,39.9,9621685.5
15891,15686,3998426.0,197752.0,49.4802,197842918.16520002
15891,11189,1717119.0,85539.0,49.4802,84963391.54380001
15891,10326,8976227.0,433893.0,49.4802,444145507.20540005
15891,10269,1660582.0,81953.0,49.4802,82165929.4764
15891,17464,6131655.0,303002.0,49.4802,303395515.731
15891,19273,726855.0,38694.0,52.3908,38080514.934
15891,13840,1781558.0,96092.0,49.4802,88151846.1516
15891,14704,1042772.0,47974.0,49.4802,51596567.11440001
15891,19239,1028068.0,51917.0,49.4802,50869010.2536
15891,19502,832736.0,41445.0,49.4802,41203943.8272
15891,17504,5484142.0,274166.0,49.4802,271356442.98840004
15891,18110,901212.0,48074.0,49.4802,44592150.0024
15891,11163,1831007.0,96257.0,49.4802,90598592.56140001
15891,12633,8243691.0,400737.0,49.4802,407899479.4182
15891,16339,4688874.0,238338.0,49.4802,232006423.2948
15891,13989,1737932.0,86194.0,49.4802,85993222.9464
15891,18149,885833.0,47144.0,49.4802,43831194.0066
15891,10177,7590895.0,370121.0,49.4802,375599002.77900004
15891,12270,1282164.0,66594.0,49.4802,63441731.1528
15891,13100,1718615.0,83306.0,49.4802,85037413.92300001
15891,17781,1110724.0,54834.0,49.4802,54958845.6648
15891,19971,3093672.0,151959.0,49.4802,153075509.2944
15891,16887,3572877.0,176036.0,49.4802,176786668.5354
15891,10985,832469.0,38045.0,49.4802,41190732.613800004
15891,15976,3807043.0,175041.0,49.4802,188373249.04860002
18812,12652,131265.0,6373.0,114.57,15039031.049999999
18812,15008,113080.0,5796.0,42.699999999999996,4828515.999999999
18812,11112,82912.0,4388.0,56.28,4666287.36
18812,16325,104222.0,5075.0,56.699999999999996,5909387.399999999
18812,11561,2040252.0,97668.0,106.0,216266712.0
18812,18441,102516.0,5008.0,112.0,11481792.0
18812,16117,219573.0,10503.0,39.9,8760962.7
18812,11209,103723.0,5027.0,112.0,11616976.0
18812,15891,71789.0,3742.0,65.8,4723716.2
18812,18812,0.0,0.0,354.9,0.0
18812,19915,1503833.0,72187.0,106.0,159406298.0
18812,17282,85257.0,4486.0,56.28,4798263.96
18812,11147,1030630.0,51529.0,63.76,65712968.8
18812,13417,120660.0,5964.0,123.0,14841180.0
18812,12940,536390.0,27090.0,44.8,24030272.0
18812,12352,1413272.0,68577.0,106.0,149806832.0
18812,17522,1713391.0,82005.0,106.0,181619446.0
18812,14234,2848021.0,134136.0,106.0,301890226.0
18812,19300,86120.0,4345.0,55.27199999999999,4760024.64
18812,18542,89055.0,4436.0,55.27199999999999,4922247.959999999
18812,16855,1709149.0,81752.0,106.0,181169794.0
18812,13694,656659.0,27445.0,115.0,75515785.0
18812,12205,1125856.0,53314.0,63.76,71784578.56
18812,18941,1236531.0,62770.0,63.76,78841216.56
18812,10748,46658.0,2607.0,70.69999999999999,3298720.5999999996
18812,10705,250044.0,13238.0,44.8,11201971.2
18812,15483,638397.0,26909.0,115.0,73415655.0
18812,13088,1419194.0,68763.0,106.0,150434564.0
18812,13917,1543160.0,75719.0,106.0,163574960.0
18812,16236,98271.0,5210.0,45.5,4471330.5
18812,13073,120783.0,5513.0,123.0,14856309.0
18812,13636,133362.0,6177.0,46.9,6254677.8
18812,18411,698041.0,36984.0,115.0,80274715.0
18812,10916,3268913.0,160928.0,106.0,346504778.0
18812,15270,1875736.0,94334.0,106.0,198828016.0
18812,13509,133852.0,6299.0,46.9,6277658.8
18812,11200,346971.0,18021.0,44.8,15544300.799999999
18812,12616,1708955.0,81631.0,106.0,181149230.0
18812,12868,750620.0,36997.0,63.76,47859531.199999996
18812,13555,1115160.0,54187.0,63.76,71102601.6
18812,14736,696162.0,37755.0,115.0,80058630.0
18812,17516,1250298.0,63239.0,63.76,79719000.48
18812,15183,1639987.0,79234.0,106.0,173838622.0
18812,13563,3537240.0,174283.0,106.0,374947440.0
18812,15077,876894.0,43451.0,63.76,55910761.44
18812,11466,2836348.0,138179.0,106.0,300652888.0
18812,15378,512368.0,24471.0,44.8,22954086.4
18812,18827,858692.0,43106.0,63.76,54750201.92
18812,16028,1710960.0,86392.0,106.0,181361760.0
18812,15601,1084516.0,54792.0,63.76,69148740.16
18812,15264,954672.0,50570.0,63.76,60869886.72
18812,19333,475187.0,26095.0,44.8,21288377.599999998
18812,19880,3325022.0,153686.0,106.0,352452332.0
18812,14519,9675.0,1001.0,474.0,4585950.0
18812,12369,1824278.0,87803.0,106.0,193373468.0
18812,10044,1722854.0,82453.0,106.0,182622524.0
18812,19147,1888637.0,92757.0,106.0,200195522.0
18812,18448,5091166.0,253349.0,106.0,539663596.0
18812,17010,4029920.0,183489.0,106.0,427171520.0
18812,17738,568892.0,26855.0,115.0,65422580.0
18812,10955,1125759.0,53271.0,63.76,71778393.84
18812,18219,215951.0,10924.0,39.9,8616444.9
18812,11853,519809.0,26031.0,44.8,23287443.2
18812,10657,135701.0,6489.0,112.0,15198512.0
18812,10568,1153859.0,56659.0,63.76,73570049.84
18812,10867,1862613.0,94178.0,106.0,197436978.0
18812,19500,1466418.0,75310.0,106.0,155440308.0
18812,13165,1786993.0,88330.0,106.0,189421258.0
18812,11022,410823.0,22390.0,44.8,18404870.4
18812,19430,1080768.0,49881.0,63.76,68909767.67999999
18812,15241,1454193.0,74335.0,106.0,154144458.0
18812,16683,489059.0,25094.0,44.8,21909843.2
18812,12216,1368471.0,68037.0,106.0,145057926.0
18812,10301,1255811.0,59642.0,63.76,80070509.36
18812,12355,4000469.0,182813.0,106.0,424049714.0
18812,14257,8289647.0,402728.0,106.0,878702582.0
18812,10963,3528570.0,174058.0,106.0,374028420.0
18812,16193,3375368.0,161623.0,106.0,357789008.0
18812,16962,1126018.0,53305.0,63.76,71794907.67999999
18812,15724,521845.0,28019.0,44.8,23378656.0
18812,17789,92472.0,4691.0,45.5,4207476.0
18812,14278,579915.0,27340.0,115.0,66690225.0
18812,19846,3548838.0,171581.0,106.0,376176828.0
18812,11261,1508457.0,76476.0,106.0,159896442.0
18812,17223,925136.0,49046.0,63.76,58986671.36
18812,12562,1821228.0,87920.0,106.0,193050168.0
18812,13170,114268.0,5425.0,42.699999999999996,4879243.6
18812,13489,98184.0,4769.0,45.5,4467372.0
18812,13582,588942.0,30711.0,115.0,67728330.0
18812,14358,4053334.0,200503.0,106.0,429653404.0
18812,16108,3632364.0,178996.0,106.0,385030584.0
18812,10796,824246.0,42765.0,63.76,52553924.96
18812,18799,1365931.0,67889.0,106.0,144788686.0
18812,10375,1740807.0,86469.0,106.0,184525542.0
18812,13665,2631271.0,128901.0,106.0,278914726.0
18812,15185,3043586.0,148375.0,106.0,322620116.0
18812,13454,1241497.0,66065.0,63.76,79157848.72
18812,14053,239398.0,11890.0,44.8,10725030.399999999
18812,10901,1030045.0,51827.0,63.76,65675669.199999996
18812,15948,428297.0,23608.0,44.8,19187705.599999998
18812,12973,1793778.0,87623.0,106.0,190140468.0
18812,12746,6054.0,661.0,354.9,2148564.6
18812,11181,218276.0,12591.0,39.9,8709212.4
18812,19143,1826960.0,87788.0,106.0,193657760.0
18812,19785,691870.0,33382.0,115.0,79565050.0
18812,13237,85932.0,4545.0,55.27199999999999,4749633.503999999
18812,15651,3275963.0,161571.0,106.0,347252078.0
18812,15848,3280245.0,161042.0,106.0,347705970.0
18812,11455,517857.0,27755.0,44.8,23199993.599999998
18812,14425,1423481.0,72216.0,106.0,150888986.0
18812,17752,4044147.0,199738.0,106.0,428679582.0
18812,14060,98267.0,5209.0,45.5,4471148.5
18812,10316,721604.0,36912.0,63.76,46009471.04
18812,19134,4249061.0,211598.0,106.0,450400466.0
18812,13460,288287.0,15915.0,44.8,12915257.6
18812,15686,4042102.0,199642.0,106.0,428462812.0
18812,11189,1740819.0,86472.0,106.0,184526814.0
18812,10326,9019904.0,435783.0,106.0,956109824.0
18812,10269,1684283.0,82886.0,106.0,178533998.0
18812,17464,6175332.0,304893.0,106.0,654585192.0
18812,19273,739213.0,39125.0,63.76,47132220.879999995
18812,13840,1805258.0,97025.0,106.0,191357348.0
18812,14704,1012805.0,47018.0,63.76,64576446.8
18812,19239,1071744.0,53807.0,63.76,68334397.44
18812,19502,876412.0,43335.0,63.76,55880029.12
18812,17504,5527818.0,276056.0,106.0,585948708.0
18812,18110,924913.0,49007.0,63.76,58972452.879999995
18812,11163,2044489.0,98163.0,106.0,216715834.0
18812,12633,8287367.0,402628.0,106.0,878460902.0
18812,16339,4732550.0,240229.0,106.0,501650300.0
18812,13989,1781608.0,88084.0,106.0,188850448.0
18812,18149,909533.0,48077.0,63.76,57991824.08
18812,10177,7634572.0,372012.0,106.0,809264632.0
18812,12270,1329307.0,68683.0,106.0,140906542.0
18812,13100,1650456.0,80475.0,106.0,174948336.0
18812,17781,1154400.0,56725.0,63.76,73604544.0
18812,19971,3137348.0,153849.0,106.0,332558888.0
18812,16887,3616553.0,177927.0,106.0,383354618.0
18812,10985,764310.0,35214.0,63.76,48732405.6
18812,15976,3850719.0,176931.0,106.0,408176214.0
19915,12652,1480242.0,71168.0,49.0,72531858.0
19915,15008,1423345.0,69432.0,49.0,69743905.0
19915,11112,1427610.0,68872.0,49.0,69952890.0
19915,16325,1418664.0,68304.0,49.0,69514536.0
19915,11561,2621500.0,133046.0,60.0,157290000.0
19915,18441,1416958.0,68237.0,49.0,69430942.0
19915,16117,1310480.0,65267.0,21.3444,27971409.312
19915,11209,1414762.0,68299.0,49.0,69323338.0
19915,15891,1478350.0,71110.0,49.0,72439150.0
19915,18812,1508238.0,72498.0,49.0,73903662.0
19915,19915,0.0,0.0,94.1094,0.0
19915,17282,1458146.0,70205.0,49.0,71449154.0
19915,11147,618184.0,33531.0,65.0,40181960.0
19915,13417,1389587.0,67094.0,49.0,68089763.0
19915,12940,1123107.0,56145.0,105.0,117926235.0
19915,12352,295166.0,16053.0,45.0,13282470.0
19915,17522,2294639.0,117384.0,60.0,137678340.0
19915,14234,3276125.0,163821.0,60.0,196567500.0
19915,19300,1436585.0,69225.0,49.0,70392665.0
19915,18542,1420623.0,68408.0,49.0,69610527.0
19915,16855,2290397.0,117131.0,60.0,137423820.0
19915,13694,2156369.0,98949.0,60.0,129382140.0
19915,12205,388327.0,20363.0,236.0,91645172.0
19915,18941,1987717.0,104638.0,60.0,119263020.0
19915,10748,1473089.0,70833.0,49.0,72181361.0
19915,10705,1321603.0,67277.0,21.3444,28208823.0732
19915,15483,2138107.0,98413.0,60.0,128286420.0
19915,13088,307971.0,15918.0,39.390119999999996,12131014.646519998
19915,13917,1794909.0,94020.0,60.0,107694540.0
19915,16236,1475425.0,71239.0,49.0,72295825.0
19915,13073,1496226.0,71490.0,49.0,73315074.0
19915,13636,1396973.0,67586.0,49.0,68451677.0
19915,18411,1203329.0,63433.0,21.3444,25684335.507600002
19915,10916,3739178.0,191043.0,60.0,224350680.0
19915,15270,563569.0,26326.0,85.0,47903365.0
19915,13509,1397462.0,67709.0,49.0,68475638.0
19915,11200,1720102.0,83632.0,60.0,103206120.0
19915,12616,2290202.0,117009.0,60.0,137412120.0
19915,12868,1954232.0,97543.0,60.0,117253920.0
19915,13555,1426757.0,75807.0,49.0,69911093.0
19915,14736,1667700.0,84464.0,60.0,100062000.0
19915,17516,2001484.0,105107.0,60.0,120089040.0
19915,15183,137224.0,7303.0,94.1094,12914068.305599999
19915,13563,4007505.0,204398.0,60.0,240450300.0
19915,15077,1448022.0,77285.0,49.0,70953078.0
19915,11466,3417596.0,173558.0,60.0,205055760.0
19915,15378,1053668.0,51616.0,105.0,110635140.0
19915,18827,1635743.0,86548.0,60.0,98144580.0
19915,16028,2204244.0,115178.0,60.0,132254640.0
19915,15601,1794983.0,94999.0,60.0,107698980.0
19915,15264,2066142.0,106914.0,60.0,123968520.0
19915,19333,1904509.0,94702.0,60.0,114270540.0
19915,19880,3384688.0,163629.0,60.0,203081280.0
19915,14519,1515421.0,72884.0,49.0,74255629.0
19915,12369,321514.0,15873.0,38.115,12254506.110000001
19915,10044,2304102.0,117832.0,60.0,138246120.0
19915,19147,3388348.0,164260.0,60.0,203300880.0
19915,18448,5561432.0,283463.0,60.0,333685920.0
19915,17010,4089586.0,193432.0,60.0,245375160.0
19915,17738,948443.0,46734.0,105.0,99586515.0
19915,10955,388230.0,20320.0,236.0,91622280.0
19915,18219,1589435.0,76581.0,60.0,95366100.0
19915,11853,1125432.0,56031.0,105.0,118170360.0
19915,10657,1635411.0,77993.0,60.0,98124660.0
19915,10568,1392082.0,73494.0,49.0,68212018.0
19915,10867,570998.0,26638.0,31.184999999999995,17806572.63
19915,19500,638802.0,33131.0,70.0,44716140.0
19915,13165,2270548.0,117178.0,60.0,136232880.0
19915,11022,1667993.0,85414.0,60.0,100079580.0
19915,19430,2284717.0,110456.0,60.0,137083020.0
19915,15241,635378.0,32616.0,70.0,44476460.0
19915,16683,1585517.0,83732.0,60.0,95131020.0
19915,12216,1861755.0,96823.0,60.0,111705300.0
19915,10301,270985.0,13801.0,22.411619999999996,6073212.845699999
19915,12355,4060135.0,192756.0,60.0,243608100.0
19915,14257,8759913.0,432843.0,60.0,525594780.0
19915,10963,3998835.0,204173.0,60.0,239930100.0
19915,16193,3845633.0,191738.0,60.0,230737980.0
19915,16962,388489.0,20353.0,236.0,91683404.0
19915,15724,1937311.0,97981.0,60.0,116238660.0
19915,17789,1428776.0,68868.0,49.0,70010024.0
19915,14278,928303.0,45322.0,105.0,97471815.0
19915,19846,4019103.0,201695.0,60.0,241146180.0
19915,11261,2250616.0,116476.0,60.0,135036960.0
19915,17223,999018.0,53978.0,105.0,104896890.0
19915,12562,318464.0,15989.0,89.1,28375142.4
19915,13170,1406191.0,67839.0,49.0,68903359.0
19915,13489,1420100.0,68368.0,49.0,69584900.0
19915,13582,1161463.0,57886.0,21.3444,24790730.8572
19915,14358,4523599.0,230617.0,60.0,271415940.0
19915,16108,4102629.0,209111.0,60.0,246157740.0
19915,10796,1219111.0,66200.0,21.3444,26021192.8284
19915,18799,1859215.0,96675.0,60.0,111552900.0
19915,10375,981401.0,52284.0,105.0,103047105.0
19915,13665,3101536.0,159016.0,60.0,186092160.0
19915,15185,3624834.0,183754.0,60.0,217490040.0
19915,13454,2670818.0,134672.0,60.0,160249080.0
19915,14053,1612529.0,77500.0,60.0,96751740.0
19915,10901,621156.0,33824.0,65.0,40375140.0
19915,15948,1422890.0,71711.0,49.0,69721610.0
19915,12973,1872104.0,97890.0,60.0,112326240.0
19915,12746,1505993.0,72262.0,49.0,73793657.0
19915,11181,1373186.0,67627.0,49.0,67286114.0
19915,19143,2408208.0,123167.0,60.0,144492480.0
19915,19785,1048001.0,51652.0,105.0,110040105.0
19915,13237,1459905.0,70429.0,49.0,71535345.0
19915,15651,3746228.0,191686.0,60.0,224773680.0
19915,15848,3750510.0,191157.0,60.0,225030600.0
19915,11455,1773524.0,90516.0,60.0,106411440.0
19915,14425,1409564.0,78849.0,49.0,69068636.0
19915,17752,4514412.0,229853.0,60.0,270864720.0
19915,14060,1475422.0,71238.0,49.0,72295678.0
19915,10316,1638968.0,86689.0,60.0,98338080.0
19915,19134,4719326.0,241712.0,60.0,283159560.0
19915,13460,1717609.0,84522.0,60.0,103056540.0
19915,15686,4512367.0,229757.0,60.0,270742020.0
19915,11189,981414.0,52287.0,105.0,103048470.0
19915,10326,9490169.0,465898.0,60.0,569410140.0
19915,10269,438592.0,24054.0,236.0,103507712.0
19915,17464,6645597.0,335008.0,60.0,398735820.0
19915,19273,976268.0,54621.0,105.0,102508140.0
19915,13840,1045053.0,79096.0,105.0,109730565.0
19915,14704,2236337.0,108217.0,60.0,134180220.0
19915,19239,1433905.0,76147.0,49.0,70261345.0
19915,19502,1447541.0,77169.0,49.0,70929509.0
19915,17504,5998083.0,306171.0,60.0,359884980.0
19915,18110,998795.0,53940.0,105.0,104873475.0
19915,11163,2625737.0,133541.0,60.0,157544220.0
19915,12633,8757633.0,432743.0,60.0,525457980.0
19915,16339,5202816.0,270344.0,60.0,312168960.0
19915,13989,2265164.0,116933.0,60.0,135909840.0
19915,18149,998998.0,53864.0,105.0,104894790.0
19915,10177,8104837.0,402127.0,60.0,486290220.0
19915,12270,2440777.0,125027.0,60.0,146446620.0
19915,13100,3150166.0,151978.0,60.0,189009960.0
19915,17781,1392624.0,73559.0,49.0,68238576.0
19915,19971,3718596.0,189228.0,60.0,223115760.0
19915,16887,4086819.0,208041.0,60.0,245209140.0
19915,10985,2172392.0,105697.0,60.0,130343520.0
19915,15976,3910385.0,186874.0,60.0,234623100.0
17282,12652,103771.0,6063.0,104.16,10808787.36
17282,15008,81769.0,4595.0,126.0,10302894.0
17282,11112,33570.0,2398.0,138.0,4632660.0
17282,16325,53070.0,2909.0,62.3,3306261.0
17282,11561,2037867.0,97957.0,69.8544,142353976.5648
17282,18441,51364.0,2842.0,138.0,7088232.0
17282,16117,168421.0,8338.0,44.099999999999994,7427366.099999999
17282,11209,52571.0,2862.0,138.0,7254798.0
17282,15891,80302.0,4280.0,126.0,10118052.0
17282,18812,84039.0,4470.0,56.28,4729714.92
17282,19915,1452681.0,70021.0,69.8544,101476159.6464
17282,17282,0.0,0.0,1138.0,0.0
17282,11147,979478.0,49364.0,69.8544,68420848.0032
17282,13417,69508.0,3799.0,127.0,8827516.0
17282,12940,485238.0,24925.0,69.8544,33896009.3472
17282,12352,1362120.0,66411.0,69.8544,95150075.328
17282,17522,1711007.0,82295.0,69.8544,119521367.3808
17282,14234,2845636.0,134425.0,69.8544,198780195.3984
17282,19300,53188.0,3037.0,68.03999999999999,3618911.5199999996
17282,18542,37903.0,2270.0,138.0,5230614.0
17282,16855,1706765.0,82042.0,69.8544,119225045.016
17282,13694,732170.0,30920.0,69.8544,51145296.048
17282,12205,1074704.0,51149.0,69.8544,75072803.0976
17282,18941,1234147.0,63060.0,69.8544,86210598.1968
17282,10748,55171.0,3145.0,67.704,3735297.3839999996
17282,10705,222040.0,11702.0,90.0,19983600.0
17282,15483,713908.0,30384.0,69.8544,49869614.9952
17282,13088,1368042.0,66598.0,69.8544,95563753.0848
17282,13917,1540776.0,76008.0,69.8544,107629983.01439999
17282,16236,92028.0,5051.0,139.0,12791892.0
17282,13073,106341.0,5693.0,104.16,11076478.56
17282,13636,82210.0,4011.0,126.0,10358460.0
17282,18411,670037.0,35448.0,69.8544,46805032.6128
17282,10916,3266529.0,161217.0,69.8544,228181423.37759998
17282,15270,1824584.0,92169.0,69.8544,127455220.5696
17282,13509,82699.0,4134.0,53.9,4457476.1
17282,11200,344587.0,18311.0,73.0,25154851.0
17282,12616,1706570.0,81920.0,69.8544,119211423.40799999
17282,12868,710569.0,34727.0,69.8544,49636371.1536
17282,13555,1112776.0,54477.0,69.8544,77732299.8144
17282,14736,634879.0,34034.0,69.8544,44349091.6176
17282,17516,1247913.0,63529.0,69.8544,87172213.8672
17282,15183,1588835.0,77068.0,69.8544,110987115.624
17282,13563,3534855.0,174572.0,69.8544,246925175.112
17282,15077,874509.0,43740.0,69.8544,61088301.489599995
17282,11466,2833964.0,138469.0,69.8544,197964854.8416
17282,15378,461216.0,22306.0,69.8544,32217966.9504
17282,18827,856307.0,43396.0,69.8544,59816811.7008
17282,16028,1708576.0,86682.0,69.8544,119351551.3344
17282,15601,1082131.0,55082.0,69.8544,75591611.7264
17282,15264,985946.0,52347.0,69.8544,68872666.2624
17282,19333,506461.0,27872.0,69.8544,35378529.2784
17282,19880,3322637.0,153975.0,69.8544,232100814.0528
17282,14519,91222.0,4856.0,139.0,12679858.0
17282,12369,1773126.0,85638.0,69.8544,123860652.8544
17282,10044,1720469.0,82743.0,69.8544,120182329.7136
17282,19147,1964149.0,96232.0,69.8544,137204449.9056
17282,18448,5088782.0,253638.0,69.8544,355473813.3408
17282,17010,4027536.0,183778.0,69.8544,281341110.75839996
17282,17738,517740.0,24689.0,69.8544,36166417.056
17282,10955,1074607.0,51106.0,69.8544,75066027.2208
17282,18219,213919.0,11260.0,90.0,19252710.0
17282,11853,468657.0,23866.0,69.8544,32737753.540799998
17282,10657,211212.0,9964.0,90.0,19009080.0
17282,10568,1151475.0,56949.0,69.8544,80435595.24
17282,10867,1811461.0,92013.0,69.8544,126538521.2784
17282,19500,1415266.0,73145.0,69.8544,98862557.2704
17282,13165,1784608.0,88619.0,69.8544,124662721.07519999
17282,11022,370772.0,20120.0,73.0,27066356.0
17282,19430,1040717.0,47611.0,69.8544,72698661.6048
17282,15241,1403041.0,72169.0,69.8544,98008587.2304
17282,16683,486675.0,25384.0,69.8544,33996390.12
17282,12216,1366086.0,68327.0,69.8544,95427117.8784
17282,10301,1204659.0,57476.0,69.8544,84150731.6496
17282,12355,3998085.0,183103.0,69.8544,279283828.824
17282,14257,8287262.0,403018.0,69.8544,578901714.6528
17282,10963,3526185.0,174347.0,69.8544,246319537.464
17282,16193,3372983.0,161912.0,69.8544,235617703.6752
17282,16962,1074866.0,51139.0,69.8544,75084119.5104
17282,15724,539263.0,31151.0,69.8544,37669893.3072
17282,17789,41320.0,2526.0,138.0,5702160.0
17282,14278,528763.0,25175.0,69.8544,36936422.1072
17282,19846,3546453.0,171870.0,69.8544,247735346.4432
17282,11261,1506072.0,76765.0,69.8544,105205755.91679999
17282,17223,873984.0,46880.0,69.8544,61051627.9296
17282,12562,1770076.0,85754.0,69.8544,123647596.93439999
17282,13170,63116.0,3259.0,67.704,4273205.664
17282,13489,47032.0,2603.0,138.0,6490416.0
17282,13582,537790.0,28546.0,69.8544,37566997.776
17282,14358,4050950.0,200792.0,69.8544,282976681.68
17282,16108,3629979.0,179286.0,69.8544,253570005.0576
17282,10796,796242.0,41229.0,69.8544,55621007.164799996
17282,18799,1363547.0,68178.0,69.8544,95249757.5568
17282,10375,1689655.0,84303.0,69.8544,118029836.232
17282,13665,2628886.0,129191.0,69.8544,183639254.1984
17282,15185,3041201.0,148665.0,69.8544,212441271.13439998
17282,13454,1272770.0,67842.0,69.8544,88908584.688
17282,14053,237013.0,12179.0,90.0,21331170.0
17282,10901,978892.0,49662.0,69.8544,68379913.3248
17282,15948,367014.0,19887.0,73.0,26792022.0
17282,12973,1791393.0,87913.0,69.8544,125136683.1792
17282,12746,81794.0,4233.0,126.0,10306044.0
17282,11181,156994.0,8870.0,44.099999999999994,6923435.399999999
17282,19143,1824576.0,88078.0,69.8544,127454661.7344
17282,19785,640717.0,31216.0,69.8544,44756901.6048
17282,13237,4856.0,428.0,1138.0,5526128.0
17282,15651,3273578.0,161861.0,69.8544,228673827.0432
17282,15848,3277860.0,161332.0,69.8544,228972943.584
17282,11455,477806.0,25484.0,69.8544,33376851.446399998
17282,14425,1294431.0,71399.0,69.8544,90421700.8464
17282,17752,4041762.0,200027.0,69.8544,282334859.4528
17282,14060,92025.0,5050.0,139.0,12791475.0
17282,10316,719219.0,37201.0,69.8544,50240611.7136
17282,19134,4246676.0,211887.0,69.8544,296649003.9744
17282,13460,319561.0,17692.0,73.0,23327953.0
17282,15686,4039717.0,199932.0,69.8544,282192007.2048
17282,11189,1689667.0,84306.0,69.8544,118030674.4848
17282,10326,9017519.0,436073.0,69.8544,629913379.2336
17282,10269,1633130.0,80720.0,69.8544,114081316.272
17282,17464,6172947.0,305182.0,69.8544,431207508.91679996
17282,19273,688061.0,36959.0,69.8544,48064088.318399996
17282,13840,1754106.0,94859.0,69.8544,122532022.1664
17282,14704,972754.0,44747.0,69.8544,67951147.0176
17282,19239,1069359.0,54097.0,69.8544,74699431.32959999
17282,19502,874028.0,43624.0,69.8544,61054701.5232
17282,17504,5525433.0,276346.0,69.8544,385975806.9552
17282,18110,873761.0,46842.0,69.8544,61036050.3984
17282,11163,2042105.0,98452.0,69.8544,142650019.512
17282,12633,8284982.0,402917.0,69.8544,578742446.6208
17282,16339,4730166.0,240518.0,69.8544,330422907.8304
17282,13989,1779224.0,88374.0,69.8544,124286624.9856
17282,18149,858381.0,45911.0,69.8544,59961689.726399995
17282,10177,7632187.0,372301.0,69.8544,533141843.5728
17282,12270,1360580.0,70460.0,69.8544,95042499.552
17282,13100,1725967.0,83950.0,69.8544,120566389.2048
17282,17781,1152016.0,57014.0,69.8544,80473386.47039999
17282,19971,3134963.0,154139.0,69.8544,218990959.3872
17282,16887,3614169.0,178216.0,69.8544,252465606.99359998
17282,10985,735224.0,37625.0,69.8544,51358631.3856
17282,15976,3848334.0,177221.0,69.8544,268823062.5696
11147,12652,985089.0,50274.0,52.0,51224628.0
11147,15008,947528.0,48719.0,52.0,49271456.0
11147,11112,951792.0,48158.0,52.0,49493184.0
11147,16325,942846.0,47590.0,52.0,49027992.0
11147,11561,2010441.0,100222.0,115.0,231200715.0
11147,18441,941141.0,47524.0,52.0,48939332.0
11147,16117,906588.0,47121.0,90.0,81592920.0
11147,11209,938945.0,47585.0,52.0,48825140.0
11147,15891,1002533.0,50396.0,52.0,52131716.0
11147,18812,1032421.0,51784.0,115.0,118728415.0
11147,19915,616289.0,33377.0,65.0,40058785.0
11147,17282,982329.0,49491.0,52.0,51081108.0
11147,11147,0.0,0.0,80.0,0.0
11147,13417,913770.0,46380.0,90.0,82239300.0
11147,12940,523450.0,26681.0,9.79,5124575.5
11147,12352,746872.0,38501.0,80.0,59749760.0
11147,17522,1683581.0,84559.0,115.0,193611815.0
11147,14234,2665067.0,130997.0,75.0,199880025.0
11147,19300,960768.0,48511.0,52.0,49959936.0
11147,18542,944805.0,47695.0,52.0,49129860.0
11147,16855,1679339.0,84306.0,115.0,193123985.0
11147,13694,1680552.0,78235.0,115.0,193263480.0
11147,12205,459457.0,23239.0,80.0,36756560.0
11147,18941,1376659.0,71813.0,115.0,158315785.0
11147,10748,997271.0,50120.0,52.0,51858092.0
11147,10705,801045.0,41644.0,79.0,63282555.0
11147,15483,1662290.0,77699.0,115.0,191163350.0
11147,13088,752795.0,38688.0,80.0,60223600.0
11147,13917,1183851.0,61196.0,115.0,136142865.0
11147,16236,999608.0,50525.0,52.0,51979616.0
11147,13073,1001074.0,50596.0,52.0,52055848.0
11147,13636,921155.0,46872.0,90.0,82903950.0
11147,18411,592271.0,30608.0,65.0,38497615.0
11147,10916,3128120.0,158218.0,75.0,234609000.0
11147,15270,848565.0,43226.0,79.0,67036635.0
11147,13509,921645.0,46995.0,90.0,82948050.0
11147,11200,1112191.0,58473.0,115.0,127901965.0
11147,12616,1679144.0,84185.0,115.0,193101560.0
11147,12868,1595391.0,81787.0,115.0,183469965.0
11147,13555,815699.0,42982.0,79.0,64440221.0
11147,14736,1308789.0,68704.0,115.0,150510735.0
11147,17516,1390426.0,72282.0,115.0,159898990.0
11147,15183,635248.0,36329.0,65.0,41291120.0
11147,13563,3396447.0,171573.0,75.0,254733525.0
11147,15077,836964.0,44461.0,79.0,66120156.0
11147,11466,2806538.0,140733.0,75.0,210490350.0
11147,15378,657281.0,33162.0,65.0,42723265.0
11147,18827,1024685.0,53724.0,52.0,53283620.0
11147,16028,1593186.0,82354.0,115.0,183216390.0
11147,15601,1183925.0,62174.0,115.0,136151375.0
11147,15264,1455084.0,74090.0,115.0,167334660.0
11147,19333,1428692.0,73988.0,115.0,164299580.0
11147,19880,2777664.0,131149.0,75.0,208324800.0
11147,14519,1039604.0,52170.0,115.0,119554460.0
11147,12369,778407.0,43828.0,79.0,61494153.0
11147,10044,1693043.0,85007.0,115.0,194699945.0
11147,19147,2912530.0,143546.0,75.0,218439750.0
11147,18448,4950373.0,250639.0,75.0,371277975.0
11147,17010,3482562.0,160952.0,75.0,261192150.0
11147,17738,589603.0,30977.0,65.0,38324195.0
11147,10955,459360.0,23196.0,80.0,36748800.0
11147,18219,1019699.0,53320.0,52.0,53024348.0
11147,11853,525161.0,26537.0,9.79,5141326.1899999995
11147,10657,1159594.0,57279.0,115.0,133353310.0
11147,10568,781024.0,40669.0,79.0,61700896.0
11147,10867,835442.0,43070.0,79.0,65999918.0
11147,19500,439247.0,24202.0,80.0,35139760.0
11147,13165,1659490.0,84354.0,115.0,190841350.0
11147,11022,1336205.0,68323.0,115.0,153663575.0
11147,19430,1925876.0,94699.0,115.0,221475740.0
11147,15241,427022.0,23227.0,80.0,34161760.0
11147,16683,974459.0,50908.0,52.0,50671868.0
11147,12216,1250697.0,63999.0,115.0,143830155.0
11147,10301,589412.0,29566.0,65.0,38311780.0
11147,12355,3453111.0,160276.0,75.0,258983325.0
11147,14257,8148854.0,400019.0,75.0,611164050.0
11147,10963,3387777.0,171348.0,75.0,254083275.0
11147,16193,3234575.0,158913.0,75.0,242593125.0
11147,16962,459619.0,23229.0,80.0,36769520.0
11147,15724,1461493.0,77267.0,115.0,168071695.0
11147,17789,952959.0,48154.0,52.0,49553868.0
11147,14278,569462.0,29565.0,65.0,37015030.0
11147,19846,3408045.0,168871.0,75.0,255603375.0
11147,11261,1639558.0,83651.0,115.0,188549170.0
11147,17223,387959.0,21154.0,80.0,31036720.0
11147,12562,782636.0,44058.0,79.0,61828244.0
11147,13170,930373.0,47126.0,90.0,83733570.0
11147,13489,944282.0,47655.0,52.0,49102664.0
11147,13582,802552.0,42126.0,79.0,63401608.0
11147,14358,3912541.0,197793.0,75.0,293440575.0
11147,16108,3491571.0,176287.0,75.0,261867825.0
11147,10796,608053.0,33376.0,65.0,39523445.0
11147,18799,1248157.0,63850.0,115.0,143538055.0
11147,10375,1074407.0,56393.0,115.0,123556805.0
11147,13665,2490478.0,126192.0,75.0,186785850.0
11147,15185,3013775.0,150929.0,75.0,226033125.0
11147,13454,2195001.0,113958.0,115.0,252425115.0
11147,14053,1008388.0,52876.0,52.0,52436176.0
11147,10901,10098.0,1000.0,80.0,807840.0
11147,15948,1064049.0,55954.0,115.0,122365635.0
11147,12973,1265080.0,65410.0,115.0,145484200.0
11147,12746,1030175.0,51548.0,115.0,118470125.0
11147,11181,981986.0,50514.0,52.0,51063272.0
11147,19143,1797150.0,90342.0,115.0,206672250.0
11147,19785,689090.0,35891.0,65.0,44790850.0
11147,13237,984088.0,49715.0,52.0,51172576.0
11147,15651,3135170.0,158861.0,75.0,235137750.0
11147,15848,3139452.0,158332.0,75.0,235458900.0
11147,11455,1443239.0,73688.0,115.0,165972485.0
11147,14425,798894.0,46081.0,79.0,63112626.0
11147,17752,3903354.0,197028.0,75.0,292751550.0
11147,14060,999604.0,50524.0,52.0,51979408.0
11147,10316,1027910.0,53864.0,115.0,118209650.0
11147,19134,4108268.0,208888.0,75.0,308120100.0
11147,13460,1241792.0,63808.0,115.0,142806080.0
11147,15686,3901309.0,196933.0,75.0,292598175.0
11147,11189,1074420.0,56396.0,115.0,123558300.0
11147,10326,8879111.0,433073.0,75.0,665933325.0
11147,10269,1017883.0,52810.0,52.0,52929916.0
11147,17464,6034539.0,302183.0,75.0,452590425.0
11147,19273,824879.0,43196.0,79.0,65165441.0
11147,13840,1055301.0,58734.0,115.0,121359615.0
11147,14704,1877496.0,92461.0,115.0,215912040.0
11147,19239,822847.0,43323.0,79.0,65004913.0
11147,19502,836483.0,44345.0,79.0,66082157.0
11147,17504,5387025.0,273347.0,75.0,404026875.0
11147,18110,387736.0,21115.0,80.0,31018880.0
11147,11163,2014679.0,100717.0,115.0,231688085.0
11147,12633,8146574.0,399918.0,75.0,610993050.0
11147,16339,4591757.0,237519.0,75.0,344381775.0
11147,13989,1654106.0,84109.0,115.0,190222190.0
11147,18149,387940.0,21039.0,80.0,31035200.0
11147,10177,7493779.0,369302.0,75.0,562033425.0
11147,12270,1829718.0,92202.0,115.0,210417570.0
11147,13100,2674349.0,131264.0,75.0,200576175.0
11147,17781,781566.0,40735.0,79.0,61743714.0
11147,19971,3107537.0,156403.0,75.0,233065275.0
11147,16887,3475760.0,175217.0,75.0,260682000.0
11147,10985,1696574.0,84983.0,115.0,195106010.0
11147,15976,3303361.0,154394.0,75.0,247752075.0
13417,12652,93841.0,4614.0,123.0,11542443.0
13417,15008,45901.0,2888.0,146.0,6701546.0
13417,11112,41209.0,2318.0,174.0,7170366.0
13417,16325,32263.0,1750.0,90.3,2913348.9
13417,11561,2026982.0,96725.0,95.0,192563290.0
13417,18441,30557.0,1683.0,90.3,2759297.1
13417,16117,130341.0,6549.0,112.0,14598192.0
13417,11209,28361.0,1745.0,244.0,6920084.0
13417,15891,91949.0,4556.0,44.099999999999994,4054950.8999999994
13417,18812,121837.0,5944.0,124.0,15107788.0
13417,19915,1391439.0,67182.0,68.0,94617852.0
13417,17282,71745.0,3651.0,130.0,9326850.0
13417,11147,918236.0,46525.0,40.0,36729440.0
13417,13417,0.0,0.0,314.0,0.0
13417,12940,423995.0,22085.0,75.6756,32086076.022
13417,12352,1300878.0,63572.0,81.0,105371118.0
13417,17522,1700121.0,81062.0,95.0,161511495.0
13417,14234,2834751.0,133192.0,95.0,269301345.0
13417,19300,50184.0,2671.0,76.3,3829039.1999999997
13417,18542,34222.0,1855.0,93.1,3186068.1999999997
13417,16855,1695879.0,80809.0,95.0,161108505.0
13417,13694,769968.0,32395.0,115.0,88546320.0
13417,12205,1013462.0,48310.0,87.0,88171194.0
13417,18941,1223261.0,61827.0,81.0,99084141.0
13417,10748,86688.0,4280.0,53.199999999999996,4611801.6
13417,10705,159272.0,8736.0,102.0,16245744.0
13417,15483,751706.0,31859.0,115.0,86446190.0
13417,13088,1306800.0,63758.0,81.0,105850800.0
13417,13917,1441758.0,73759.0,68.0,98039544.0
13417,16236,89024.0,4685.0,114.0,10148736.0
13417,13073,109825.0,4936.0,56.699999999999996,6227077.499999999
13417,13636,44130.0,2223.0,81.89999999999999,3614246.9999999995
13417,18411,607269.0,32482.0,39.9,24230033.099999998
13417,10916,3255643.0,159985.0,95.0,309286085.0
13417,15270,1763342.0,89329.0,95.0,167517490.0
13417,13509,44619.0,2345.0,81.89999999999999,3654296.0999999996
13417,11200,333701.0,17078.0,80.0,26696080.0
13417,12616,1695685.0,80687.0,95.0,161090075.0
13417,12868,765418.0,37090.0,115.0,88023070.0
13417,13555,1015363.0,51775.0,87.0,88336581.0
13417,14736,651451.0,35135.0,38.5,25080863.5
13417,17516,1237028.0,62296.0,81.0,100199268.0
13417,15183,1527593.0,74229.0,77.0,117624661.0
13417,13563,3523970.0,173340.0,95.0,334777150.0
13417,15077,863624.0,42507.0,40.0,34544960.0
13417,11466,2823078.0,137236.0,95.0,268192410.0
13417,15378,399974.0,19466.0,75.6756,30268272.4344
13417,18827,845422.0,42163.0,40.0,33816880.0
13417,16028,1697691.0,85449.0,95.0,161280645.0
13417,15601,1071246.0,53849.0,87.0,93198402.0
13417,15264,999581.0,51480.0,87.0,86963547.0
13417,19333,518108.0,28148.0,69.8544,36192123.4752
13417,19880,3223619.0,151726.0,95.0,306243805.0
13417,14519,129020.0,6330.0,124.0,15998480.0
13417,12369,1711883.0,82799.0,95.0,162628885.0
13417,10044,1709584.0,81510.0,95.0,162410480.0
13417,19147,2001947.0,97706.0,95.0,190184965.0
13417,18448,5077896.0,252405.0,95.0,482400120.0
13417,17010,3928518.0,181529.0,95.0,373209210.0
13417,17738,456498.0,21850.0,36.4,16616527.2
13417,10955,1013365.0,48266.0,87.0,88162755.0
13417,18219,203034.0,10027.0,102.0,20709468.0
13417,11853,407415.0,21026.0,75.6756,30831374.574
13417,10657,249010.0,11439.0,115.0,28636150.0
13417,10568,1054061.0,54247.0,87.0,91703307.0
13417,10867,1750219.0,89173.0,95.0,166270805.0
13417,19500,1354024.0,70306.0,76.6458,103780252.69919999
13417,13165,1773723.0,87386.0,95.0,168503685.0
13417,11022,425621.0,22483.0,75.6756,32209124.5476
13417,19430,1095567.0,49974.0,87.0,95314329.0
13417,15241,1341799.0,69330.0,76.6458,102843257.79419999
13417,16683,475789.0,24151.0,36.4,17318719.599999998
13417,12216,1355201.0,67094.0,76.6458,103870464.80579999
13417,10301,1143417.0,54637.0,81.0,92616777.0
13417,12355,3899067.0,180853.0,95.0,370411365.0
13417,14257,8276377.0,401785.0,95.0,786255815.0
13417,10963,3515300.0,173114.0,95.0,333953500.0
13417,16193,3362098.0,160680.0,95.0,319399310.0
13417,16962,1013624.0,48300.0,87.0,88185288.0
13417,15724,550910.0,31427.0,39.9,21981309.0
13417,17789,42375.0,2314.0,79.1,3351862.4999999995
13417,14278,467521.0,22336.0,36.4,17017764.4
13417,19846,3535568.0,170637.0,95.0,335878960.0
13417,11261,1495187.0,75533.0,77.0,115129399.0
13417,17223,812742.0,44041.0,115.0,93465330.0
13417,12562,1708834.0,82915.0,95.0,162339230.0
13417,13170,19790.0,1285.0,314.0,6214060.0
13417,13489,33699.0,1815.0,94.5,3184555.5
13417,13582,499710.0,26757.0,35.0,17489850.0
13417,14358,4040064.0,199559.0,95.0,383806080.0
13417,16108,3619094.0,178053.0,95.0,343813930.0
13417,10796,733474.0,38263.0,115.0,84349510.0
13417,18799,1352661.0,66946.0,76.6458,103675784.47379999
13417,10375,1628412.0,81464.0,95.0,154699140.0
13417,13665,2618001.0,127958.0,95.0,248710095.0
13417,15185,3030316.0,147432.0,95.0,287880020.0
13417,13454,1284417.0,68118.0,81.0,104037777.0
13417,14053,226128.0,10946.0,115.0,26004720.0
13417,10901,917650.0,46822.0,40.0,36706000.0
13417,15948,383586.0,20988.0,70.0,26851020.0
13417,12973,1692375.0,85663.0,95.0,160775625.0
13417,12746,119592.0,5708.0,54.599999999999994,6529723.199999999
13417,11181,185260.0,9936.0,102.0,18896520.0
13417,19143,1813690.0,86845.0,95.0,172300550.0
13417,19785,579475.0,28377.0,39.9,23121052.5
13417,13237,73504.0,3875.0,131.0,9629024.0
13417,15651,3262693.0,160628.0,95.0,309955835.0
13417,15848,3266975.0,160099.0,95.0,310362625.0
13417,11455,532656.0,27847.0,69.8544,37208365.2864
13417,14425,1233189.0,68560.0,81.0,99888309.0
13417,17752,4030877.0,198795.0,95.0,382933315.0
13417,14060,89021.0,4684.0,114.0,10148394.0
13417,10316,708334.0,35968.0,115.0,81458410.0
13417,19134,4235791.0,210654.0,95.0,402400145.0
13417,13460,331208.0,17968.0,80.0,26496640.0
13417,15686,4028832.0,198699.0,95.0,382739040.0
13417,11189,1628425.0,81467.0,95.0,154700375.0
13417,10326,9006634.0,434840.0,95.0,855630230.0
13417,10269,1571888.0,77881.0,77.0,121035376.0
13417,17464,6162062.0,303949.0,95.0,585395890.0
13417,19273,649981.0,35171.0,38.5,25024268.5
13417,13840,1692864.0,92020.0,95.0,160822080.0
13417,14704,1027604.0,47111.0,87.0,89401548.0
13417,19239,1017466.0,51743.0,87.0,88519542.0
13417,19502,863142.0,42392.0,40.0,34525680.0
13417,17504,5514548.0,275113.0,95.0,523882060.0
13417,18110,812519.0,44002.0,115.0,93439685.0
13417,11163,2031219.0,97220.0,95.0,192965805.0
13417,12633,8274097.0,401685.0,95.0,786039215.0
13417,16339,4719280.0,239286.0,95.0,448331600.0
13417,13989,1768338.0,87141.0,95.0,167992110.0
13417,18149,797139.0,43072.0,115.0,91670985.0
13417,10177,7621302.0,371068.0,95.0,724023690.0
13417,12270,1374216.0,69593.0,76.6458,105327884.69279999
13417,13100,1763765.0,85424.0,95.0,167557675.0
13417,17781,1054602.0,54313.0,87.0,91750374.0
13417,19971,3124078.0,152906.0,95.0,296787410.0
13417,16887,3603283.0,176983.0,95.0,342311885.0
13417,10985,785991.0,39143.0,115.0,90388965.0
13417,15976,3749316.0,174971.0,95.0,356185020.0
12940,12652,489849.0,25717.0,70.0,34289430.0
12940,15008,452288.0,24162.0,34.3,15513478.399999999
12940,11112,456552.0,23601.0,34.3,15659733.6
12940,16325,447606.0,23033.0,26.179999999999996,11718325.079999998
12940,11561,1888325.0,91598.0,87.0,164284275.0
12940,18441,445901.0,22966.0,70.0,31213070.0
12940,16117,411349.0,22563.0,75.0,30851175.0
12940,11209,443705.0,23028.0,70.0,31059350.0
12940,15891,507293.0,25839.0,70.0,35510510.0
12940,18812,537181.0,27227.0,85.0,45660385.0
12940,19915,1116626.0,55902.0,87.0,97146462.0
12940,17282,487089.0,24934.0,77.0,37505853.0
12940,11147,524044.0,26643.0,95.0,49784180.0
12940,13417,418530.0,21823.0,44.099999999999994,18457172.999999996
12940,12940,0.0,0.0,55.01034,0.0
12940,12352,1026064.0,52292.0,84.56,86763971.84
12940,17522,1561464.0,75935.0,87.0,135847368.0
12940,14234,2542950.0,122373.0,98.0,249209100.0
12940,19300,465528.0,23954.0,34.3,15967610.399999999
12940,18542,449566.0,23138.0,26.179999999999996,11769637.879999999
12940,16855,1557222.0,75682.0,87.0,135478314.0
12940,13694,1185312.0,53678.0,87.0,103122144.0
12940,12205,738648.0,37030.0,97.0,71648856.0
12940,18941,1194323.0,62702.0,87.0,103906101.0
12940,10748,502031.0,25563.0,70.0,35142170.0
12940,10705,305805.0,17087.0,95.0,29051475.0
12940,15483,1167050.0,53142.0,87.0,101533350.0
12940,13088,1031987.0,52478.0,84.56,87264820.72
12940,13917,1127586.0,56726.0,87.0,98099982.0
12940,16236,504368.0,25968.0,70.0,35305760.0
12940,13073,505834.0,26039.0,70.0,35408380.0
12940,13636,425915.0,22315.0,44.099999999999994,18782851.499999996
12940,18411,306524.0,15675.0,95.0,29119780.0
12940,10916,3006004.0,149594.0,98.0,294588392.0
12940,15270,1369150.0,69447.0,87.0,119116050.0
12940,13509,426405.0,22438.0,44.099999999999994,18804460.499999996
12940,11200,616952.0,33916.0,97.0,59844344.0
12940,12616,1557028.0,75560.0,87.0,135461436.0
12940,12868,1121823.0,58138.0,87.0,97598601.0
12940,13555,701191.0,34742.0,97.0,68015527.0
12940,14736,858346.0,46453.0,92.0,78967832.0
12940,17516,1208090.0,63171.0,87.0,105103830.0
12940,15183,1155834.0,62551.0,87.0,100557558.0
12940,13563,3274330.0,162949.0,98.0,320884340.0
12940,15077,654796.0,34870.0,97.0,63515212.0
12940,11466,2684421.0,132109.0,98.0,263073258.0
12940,15378,162041.0,8605.0,90.0,14583690.0
12940,18827,816484.0,43038.0,92.0,75116528.0
12940,16028,1471070.0,73730.0,87.0,127983090.0
12940,15601,1061809.0,53550.0,84.56,89786569.04
12940,15264,1141489.0,59779.0,87.0,99309543.0
12940,19333,933452.0,49431.0,84.56,78932701.12
12940,19880,2810453.0,132876.0,98.0,275424394.0
12940,14519,544364.0,27613.0,85.0,46270940.0
12940,12369,1298993.0,70050.0,87.0,113012391.0
12940,10044,1570927.0,76383.0,87.0,136670649.0
12940,19147,2417290.0,118989.0,98.0,236894420.0
12940,18448,4828257.0,242015.0,98.0,473169186.0
12940,17010,3515352.0,162679.0,98.0,344504496.0
12940,17738,234841.0,12790.0,95.0,22309895.0
12940,10955,738551.0,36986.0,97.0,71639447.0
12940,18219,524459.0,28763.0,95.0,49823605.0
12940,11853,18921.0,1595.0,55.01034,1040850.64314
12940,10657,664354.0,32722.0,97.0,64442338.0
12940,10568,739890.0,37214.0,97.0,71769330.0
12940,10867,1356028.0,69291.0,87.0,117974436.0
12940,19500,959832.0,50423.0,84.56,81163393.92
12940,13165,1537374.0,75730.0,87.0,133751538.0
12940,11022,840965.0,43766.0,92.0,77368780.0
12940,19430,1452308.0,71050.0,87.0,126350796.0
12940,15241,947607.0,49448.0,84.56,80129647.92
12940,16683,530898.0,31188.0,85.0,45126330.0
12940,12216,1128580.0,55375.0,87.0,98186460.0
12940,10301,868604.0,43357.0,92.0,79911568.0
12940,12355,3485901.0,162003.0,98.0,341618298.0
12940,14257,8026737.0,391394.0,98.0,786620226.0
12940,10963,3265660.0,162724.0,98.0,320034680.0
12940,16193,3112458.0,150289.0,98.0,305020884.0
12940,16962,738810.0,37020.0,97.0,71664570.0
12940,15724,966253.0,52710.0,84.56,81706353.68
12940,17789,457719.0,23597.0,34.3,15699761.7
12940,14278,214700.0,11378.0,95.0,20396500.0
12940,19846,3285928.0,160247.0,98.0,322020944.0
12940,11261,1517441.0,75027.0,87.0,132017367.0
12940,17223,411236.0,23289.0,95.0,39067420.0
12940,12562,1303222.0,70279.0,87.0,113380314.0
12940,13170,435133.0,22568.0,70.0,30459310.0
12940,13489,449042.0,23098.0,26.179999999999996,11755919.559999999
12940,13582,452190.0,24204.0,26.179999999999996,11838334.199999997
12940,14358,3790425.0,189169.0,98.0,371461650.0
12940,16108,3369454.0,167663.0,98.0,330206492.0
12940,10796,419303.0,21229.0,44.099999999999994,18491262.299999997
12940,18799,1126040.0,55226.0,87.0,97965480.0
12940,10375,1353599.0,70184.0,87.0,117763113.0
12940,13665,2368361.0,117568.0,98.0,232099378.0
12940,15185,2891659.0,142305.0,98.0,283382582.0
12940,13454,1699761.0,89401.0,87.0,147879207.0
12940,14053,513148.0,28319.0,70.0,35920360.0
12940,10901,523459.0,26940.0,95.0,49728605.0
12940,15948,590481.0,32305.0,85.0,50190885.0
12940,12973,1297870.0,67137.0,87.0,112914690.0
12940,12746,534936.0,26991.0,85.0,45469560.0
12940,11181,486746.0,25957.0,77.0,37479442.0
12940,19143,1675033.0,81718.0,87.0,145727871.0
12940,19785,338728.0,17969.0,95.0,32179160.0
12940,13237,488848.0,25158.0,70.0,34219360.0
12940,15651,3013053.0,150237.0,98.0,295279194.0
12940,15848,3017335.0,149708.0,98.0,295698830.0
12940,11455,948000.0,49130.0,84.56,80162880.0
12940,14425,831683.0,47808.0,92.0,76514836.0
12940,17752,3781237.0,188404.0,98.0,370561226.0
12940,14060,504364.0,25967.0,70.0,35305480.0
12940,10316,722336.0,38484.0,97.0,70066592.0
12940,19134,3986151.0,200264.0,98.0,390642798.0
12940,13460,746552.0,39251.0,97.0,72415544.0
12940,15686,3779192.0,188309.0,98.0,370360816.0
12940,11189,1353612.0,70187.0,87.0,117764244.0
12940,10326,8756994.0,424449.0,98.0,858185412.0
12940,10269,1297075.0,66601.0,87.0,112845525.0
12940,17464,5912422.0,293559.0,98.0,579417356.0
12940,19273,474517.0,25274.0,77.0,36537809.0
12940,13840,1291359.0,71268.0,87.0,112348233.0
12940,14704,1442948.0,68394.0,87.0,125536476.0
12940,19239,703295.0,34710.0,97.0,68219615.0
12940,19502,654315.0,34754.0,97.0,63468555.0
12940,17504,5264908.0,264722.0,98.0,515960984.0
12940,18110,411013.0,23250.0,95.0,39046235.0
12940,11163,1892562.0,92093.0,87.0,164652894.0
12940,12633,8024457.0,391294.0,98.0,786396786.0
12940,16339,4469641.0,228895.0,98.0,438024818.0
12940,13989,1531989.0,75484.0,87.0,133283043.0
12940,18149,395634.0,22320.0,95.0,37585230.0
12940,10177,7371662.0,360678.0,98.0,722422876.0
12940,12270,1516124.0,77892.0,87.0,131902788.0
12940,13100,2179109.0,106707.0,98.0,213552682.0
12940,17781,740431.0,37279.0,97.0,71821807.0
12940,19971,2985421.0,147779.0,98.0,292571258.0
12940,16887,3353644.0,166593.0,98.0,328657112.0
12940,10985,1201334.0,60426.0,87.0,104516058.0
12940,15976,3336150.0,156121.0,98.0,326942700.0
12352,12652,1393829.0,67396.0,33.0,45996357.0
12352,15008,1336933.0,65661.0,33.0,44118789.0
12352,11112,1341197.0,65100.0,33.0,44259501.0
12352,16325,1332251.0,64532.0,33.0,43964283.0
12352,11561,2758079.0,138050.0,66.0,182033214.0
12352,18441,1330545.0,64466.0,25.2252,33563263.734000005
12352,16117,1224068.0,61496.0,24.255,29689769.34
12352,11209,1328349.0,64527.0,25.2252,33507869.1948
12352,15891,1391937.0,67338.0,33.0,45933921.0
12352,18812,1421825.0,68726.0,33.0,46920225.0
12352,19915,291757.0,15863.0,67.0,19547719.0
12352,17282,1371733.0,66433.0,33.0,45267189.0
12352,11147,752970.0,38457.0,42.0,31624740.0
12352,13417,1303174.0,63322.0,33.0,43004742.0
12352,12940,1036694.0,52373.0,35.0,36284290.0
12352,12352,0.0,0.0,155.25,0.0
12352,17522,2431219.0,122388.0,66.0,160460454.0
12352,14234,3412704.0,168826.0,57.2418,195349319.8272
12352,19300,1350172.0,65453.0,33.0,44555676.0
12352,18542,1334210.0,64637.0,33.0,44028930.0
12352,16855,2426976.0,122135.0,66.0,160180416.0
12352,13694,2069957.0,95177.0,38.808,80330891.256
12352,12205,301914.0,16591.0,72.52,21894803.279999997
12352,18941,2124297.0,109642.0,38.808,82439717.976
12352,10748,1386676.0,67062.0,33.0,45760308.0
12352,10705,1235190.0,63505.0,24.255,29959533.45
12352,15483,2051694.0,94641.0,38.808,79622140.752
12352,13088,19101.0,1863.0,155.25,2965430.25
12352,13917,1931488.0,99024.0,38.808,74957186.304
12352,16236,1389013.0,67467.0,33.0,45837429.0
12352,13073,1409814.0,67718.0,33.0,46523862.0
12352,13636,1310560.0,63814.0,25.2252,33059138.112
12352,18411,1219633.0,64433.0,24.255,29582198.415
12352,10916,3875757.0,196047.0,70.0,271302990.0
12352,15270,854257.0,41933.0,42.0,35878794.0
12352,13509,1311049.0,63937.0,25.2252,33071473.2348
12352,11200,1633690.0,79860.0,65.0,106189850.0
12352,12616,2426782.0,122013.0,66.0,160167612.0
12352,12868,1867819.0,93772.0,65.0,121408235.0
12352,13555,1563336.0,80811.0,65.0,101616840.0
12352,14736,1581287.0,80692.0,65.0,102783655.0
12352,17516,2138063.0,110111.0,38.808,82973948.904
12352,15183,427911.0,22910.0,63.06,26984067.66
12352,13563,4144084.0,209402.0,70.0,290085880.0
12352,15077,1584602.0,82289.0,65.0,102999130.0
12352,11466,3554175.0,178562.0,70.0,248792250.0
12352,15378,967256.0,47844.0,35.0,33853960.0
12352,18827,1772323.0,91552.0,65.0,115200995.0
12352,16028,2340824.0,120182.0,66.94,156694758.56
12352,15601,1931563.0,100003.0,38.808,74960096.904
12352,15264,2074425.0,108984.0,38.808,80504285.4
12352,19333,1818096.0,90930.0,65.0,118176240.0
12352,19880,3525301.0,168978.0,70.0,246771070.0
12352,14519,1429008.0,69112.0,33.0,47157264.0
12352,12369,612202.0,31480.0,70.0,42854140.0
12352,10044,2440681.0,122836.0,66.0,161084946.0
12352,19147,3301935.0,160488.0,57.2418,189008702.883
12352,18448,5698011.0,288468.0,80.0,455840880.0
12352,17010,4230200.0,198781.0,70.0,296114000.0
12352,17738,862031.0,42962.0,42.0,36205302.0
12352,10955,301817.0,16548.0,72.52,21887768.84
12352,18219,1503022.0,72809.0,65.0,97696430.0
12352,11853,1039019.0,52260.0,35.0,36365665.0
12352,10657,1548998.0,74221.0,65.0,100684870.0
12352,10568,1528662.0,78498.0,65.0,99363030.0
12352,10867,861686.0,42245.0,42.0,36190812.0
12352,19500,844706.0,45397.0,42.0,35477652.0
12352,13165,2407128.0,122182.0,66.94,161133148.32
12352,11022,1581581.0,81643.0,65.0,102802765.0
12352,19430,2198304.0,106684.0,66.94,147154469.76
12352,15241,841283.0,44881.0,42.0,35333886.0
12352,16683,1539996.0,81468.0,65.0,100099740.0
12352,12216,1998334.0,101827.0,38.808,77551345.872
12352,10301,184572.0,10030.0,67.914,12535022.808
12352,12355,4200749.0,198105.0,70.0,294052430.0
12352,14257,8896492.0,437847.0,80.0,711719360.0
12352,10963,4135414.0,209177.0,70.0,289478980.0
12352,16193,3982212.0,196742.0,70.0,278754840.0
12352,16962,302076.0,16582.0,72.52,21906551.52
12352,15724,1850898.0,94209.0,65.0,120308370.0
12352,17789,1342363.0,65096.0,33.0,44297979.0
12352,14278,841890.0,41550.0,42.0,35359380.0
12352,19846,4155682.0,206700.0,70.0,290897740.0
12352,11261,2387196.0,121480.0,66.94,159798900.23999998
12352,17223,1135597.0,58982.0,65.0,73813805.0
12352,12562,609152.0,31596.0,70.0,42640640.0
12352,13170,1319778.0,64068.0,25.2252,33291664.0056
12352,13489,1333687.0,64597.0,33.0,44011671.0
12352,13582,1075050.0,54114.0,35.0,37626750.0
12352,14358,4660178.0,235622.0,70.0,326212460.0
12352,16108,4239208.0,214115.0,70.0,296744560.0
12352,10796,1332287.0,69986.0,33.0,43965471.0
12352,18799,1995795.0,101679.0,38.808,77452812.36
12352,10375,894988.0,48513.0,79.56,71205245.28
12352,13665,3238115.0,164020.0,57.2418,185355531.207
12352,15185,3761413.0,188758.0,70.0,263298910.0
12352,13454,2584405.0,130900.0,66.0,170570730.0
12352,14053,1526116.0,73729.0,65.0,99197540.0
12352,10901,757736.0,38829.0,42.0,31824912.0
12352,15948,1336477.0,67939.0,33.0,44103741.0
12352,12973,2012718.0,103239.0,38.808,78109560.144
12352,12746,1419580.0,68490.0,33.0,46846140.0
12352,11181,1286773.0,63855.0,33.0,42463509.0
12352,19143,2544787.0,128171.0,66.0,167955942.0
12352,19785,961589.0,47880.0,35.0,33655615.0
12352,13237,1373492.0,66657.0,33.0,45325236.0
12352,15651,3882807.0,196690.0,70.0,271796490.0
12352,15848,3887089.0,196161.0,70.0,272096230.0
12352,11455,1687112.0,86744.0,65.0,109662280.0
12352,14425,1546532.0,83909.0,65.0,100524580.0
12352,17752,4650991.0,234857.0,70.0,325569370.0
12352,14060,1389009.0,67466.0,33.0,45837297.0
12352,10316,1655271.0,87689.0,65.0,107592615.0
12352,19134,4855905.0,246717.0,70.0,339913350.0
12352,13460,1631196.0,80750.0,65.0,106027740.0
12352,15686,4648946.0,234761.0,70.0,325426220.0
12352,11189,895001.0,48516.0,79.5564,71203057.5564
12352,10326,9626748.0,470902.0,80.0,770139840.0
12352,10269,290631.0,16966.0,128.0,37200768.0
12352,17464,6782176.0,340012.0,80.0,542574080.0
12352,19273,889856.0,50849.0,35.0,31144960.0
12352,13840,1250957.0,91362.0,24.255,30341962.035
12352,14704,2149924.0,104446.0,38.808,83434250.592
12352,19239,1570485.0,81151.0,65.0,102081525.0
12352,19502,1584120.0,82173.0,65.0,102967800.0
12352,17504,6134662.0,311175.0,80.0,490772960.0
12352,18110,1135374.0,58944.0,65.0,73799310.0
12352,11163,2762316.0,138546.0,66.0,182312856.0
12352,12633,8894212.0,437747.0,80.0,711536960.0
12352,16339,5339395.0,275348.0,80.0,427151600.0
12352,13989,2401743.0,121937.0,66.94,160772676.42
12352,18149,1135577.0,58868.0,65.0,73812505.0
12352,10177,8241416.0,407131.0,80.0,659313280.0
12352,12270,2449059.0,127097.0,66.0,161637894.0
12352,13100,3063753.0,148206.0,57.2418,175374736.4754
12352,17781,1529203.0,78563.0,65.0,99398195.0
12352,19971,3855175.0,194232.0,70.0,269862250.0
12352,16887,4223398.0,213046.0,70.0,295637860.0
12352,10985,2085979.0,101925.0,38.808,80952673.032
12352,15976,4050998.0,192223.0,70.0,283569860.0
17522,12652,1634794.0,77816.0,20.3742,33307619.914799996
17522,15008,1683900.0,79896.0,31.0464,52279032.96
17522,11112,1683853.0,80395.0,31.0464,52277573.779199995
17522,16325,1706018.0,81221.0,31.0464,52965717.235199995
17522,11561,343843.0,16940.0,20.3742,7005526.0506
17522,18441,1704313.0,81154.0,31.0464,52912783.1232
17522,16117,1824714.0,86163.0,31.0464,56650800.7296
17522,11209,1705520.0,81173.0,31.0464,52950256.128
17522,15891,1670518.0,79606.0,31.0464,51863570.0352
17522,18812,1713512.0,81396.0,31.0464,53198378.9568
17522,19915,2305155.0,117192.0,31.0464,71566764.192
17522,17282,1715139.0,81741.0,31.0464,53248891.449599996
17522,11147,1695030.0,84424.0,31.0464,52624579.392
17522,13417,1702651.0,80637.0,31.0464,52861184.0064
17522,12940,1562660.0,75794.0,20.3742,31837947.371999998
17522,12352,2437567.0,122369.0,31.0464,75677680.1088
17522,17522,0.0,0.0,221.2,0.0
17522,14234,1151612.0,53407.0,20.3742,23463173.210399996
17522,19300,1662210.0,79350.0,31.0464,51605636.544
17522,18542,1678428.0,80053.0,31.0464,52109147.0592
17522,16855,53203.0,3208.0,63.209999999999994,3362961.63
17522,13694,2361643.0,107847.0,31.0464,73320513.2352
17522,12205,2150151.0,107107.0,31.0464,66754448.0064
17522,18941,563538.0,28152.0,20.3742,11481635.919599999
17522,10748,1675006.0,80445.0,31.0464,52002906.2784
17522,10705,1631648.0,79170.0,20.3742,33243522.681599997
17522,15483,2343380.0,107311.0,31.0464,72753512.832
17522,13088,2443489.0,122556.0,31.0464,75861536.8896
17522,13917,928568.0,45524.0,20.3742,18918830.1456
17522,16236,1623695.0,77768.0,20.3742,33081486.668999996
17522,13073,1611199.0,76966.0,20.3742,32826890.665799998
17522,13636,1738503.0,81837.0,31.0464,53974259.5392
17522,18411,1268944.0,60377.0,20.3742,25853718.8448
17522,10916,1572504.0,80200.0,20.3742,32038510.996799998
17522,15270,2537431.0,127041.0,31.0464,78778097.7984
17522,13509,1738992.0,81959.0,31.0464,53989441.2288
17522,11200,1524958.0,75445.0,20.3742,31069799.2836
17522,12616,9796.0,836.0,221.2,2166875.1999999997
17522,12868,2412402.0,115856.0,31.0464,74896397.45279999
17522,13555,871334.0,41760.0,20.3742,17752733.1828
17522,14736,2345824.0,114749.0,31.0464,72829390.23359999
17522,17516,523495.0,26065.0,20.3742,10665791.829
17522,15183,2324114.0,120144.0,31.0464,72155372.8896
17522,13563,1840831.0,93555.0,31.0464,57151175.5584
17522,15077,999242.0,49020.0,20.3742,20358756.356399998
17522,11466,1139940.0,57451.0,20.3742,23225365.547999997
17522,15378,1701963.0,83033.0,31.0464,52839824.0832
17522,18827,905321.0,41695.0,20.3742,18445191.118199997
17522,16028,478962.0,24220.0,20.3742,9758467.5804
17522,15601,638369.0,28871.0,20.3742,13006257.679799998
17522,15264,866746.0,43081.0,20.3742,17659256.3532
17522,19333,1592295.0,83797.0,20.3742,32441736.788999997
17522,19880,2334015.0,109232.0,31.0464,72462763.296
17522,14519,1720926.0,81746.0,31.0464,53428556.9664
17522,12369,2467273.0,127643.0,31.0464,76599944.4672
17522,10044,26445.0,1725.0,105.33599999999998,2785610.5199999996
17522,19147,2998121.0,156018.0,31.0464,93080863.8144
17522,18448,3394758.0,172620.0,31.0464,105395014.7712
17522,17010,2770245.0,128623.0,31.0464,86006134.368
17522,17738,1786013.0,87786.0,31.0464,55449274.003199995
17522,10955,2150054.0,107064.0,31.0464,66751436.5056
17522,18219,1500766.0,71035.0,20.3742,30576906.637199998
17522,11853,1557887.0,75668.0,20.3742,31740701.315399997
17522,10657,1840685.0,86891.0,31.0464,57146642.783999994
17522,10568,910032.0,44232.0,20.3742,18541173.9744
17522,10867,2524308.0,126885.0,31.0464,78370675.89119999
17522,19500,2128113.0,108017.0,31.0464,66070247.4432
17522,13165,203375.0,10992.0,63.209999999999994,12855333.749999998
17522,11022,2072605.0,101249.0,31.0464,64346923.871999994
17522,19430,2742551.0,128740.0,31.0464,85146335.36639999
17522,15241,2115888.0,107042.0,31.0464,65690705.2032
17522,16683,1278055.0,60954.0,20.3742,26039348.180999998
17522,12216,570653.0,27238.0,20.3742,11626598.352599999
17522,10301,2280106.0,113434.0,31.0464,70789082.91839999
17522,12355,2797223.0,130146.0,31.0464,86843704.14719999
17522,14257,6593238.0,322000.0,31.0464,204696304.2432
17522,10963,1832161.0,93329.0,31.0464,56882003.270399995
17522,16193,1678959.0,80895.0,31.0464,52125632.6976
17522,16962,2150313.0,107098.0,31.0464,66759477.5232
17522,15724,1721467.0,90342.0,31.0464,53445353.068799995
17522,17789,1694268.0,80837.0,31.0464,52600922.0352
17522,14278,1765873.0,86374.0,31.0464,54823999.507199995
17522,19846,1852429.0,90852.0,31.0464,57511251.70559999
17522,11261,373505.0,17449.0,20.3742,7609865.5709999995
17522,17223,1306836.0,63976.0,20.3742,26625738.0312
17522,12562,2471502.0,127873.0,31.0464,76731239.6928
17522,13170,1714175.0,80963.0,31.0464,53218962.72
17522,13489,1699980.0,80915.0,31.0464,52778259.072
17522,13582,2003362.0,99199.0,31.0464,62197177.9968
17522,14358,2356925.0,119774.0,31.0464,73174036.32
17522,16108,1935955.0,98268.0,31.0464,60104433.312
17522,10796,1145917.0,54845.0,20.3742,23347142.1414
17522,18799,568113.0,27089.0,20.3742,11574847.884599999
17522,10375,2765102.0,140261.0,31.0464,85846462.73279999
17522,13665,934862.0,48173.0,20.3742,19047065.3604
17522,15185,1347177.0,67647.0,20.3742,27447653.633399997
17522,13454,1898988.0,104867.0,31.0464,58956741.04319999
17522,14053,1490349.0,70719.0,20.3742,30364668.595799997
17522,10901,1687356.0,83900.0,31.0464,52386329.318399996
17522,15948,2077959.0,100602.0,31.0464,64513146.29759999
17522,12973,1179186.0,57428.0,20.3742,24024971.401199996
17522,12746,1711266.0,81160.0,31.0464,53128648.7424
17522,11181,1879633.0,89550.0,31.0464,58355837.9712
17522,19143,171014.0,9244.0,63.209999999999994,10809794.94
17522,19785,1889900.0,92965.0,31.0464,58674591.36
17522,13237,1716898.0,81965.0,31.0464,53303502.0672
17522,15651,1579554.0,80843.0,20.3742,32182149.106799997
17522,15848,1583836.0,80314.0,20.3742,32269391.431199998
17522,11455,2179640.0,106613.0,31.0464,67669975.296
17522,14425,1060819.0,54117.0,20.3742,21613338.4698
17522,17752,2347738.0,119010.0,31.0464,72888813.0432
17522,14060,1623691.0,77767.0,20.3742,33081405.172199998
17522,10316,1040611.0,48389.0,20.3742,21201616.6362
17522,19134,2552652.0,130869.0,31.0464,79250655.0528
17522,13460,1562518.0,79953.0,20.3742,31835054.2356
17522,15686,2345693.0,118914.0,31.0464,72825323.15519999
17522,11189,2765114.0,140264.0,31.0464,85846835.2896
17522,10326,7323495.0,355055.0,31.0464,227368155.16799998
17522,10269,2708577.0,136679.0,31.0464,84091564.9728
17522,17464,4478923.0,224165.0,31.0464,139054435.02719998
17522,19273,2025689.0,100269.0,31.0464,62890350.9696
17522,13840,1577050.0,80920.0,20.3742,32131132.109999996
17522,14704,2674588.0,125876.0,31.0464,83036328.88319999
17522,19239,863509.0,41250.0,20.3742,17593305.0678
17522,19502,998761.0,48904.0,20.3742,20348956.3662
17522,17504,3831409.0,195328.0,31.0464,118951456.3776
17522,18110,1306613.0,63937.0,20.3742,26621194.584599998
17522,11163,388543.0,19619.0,20.3742,7916252.790599999
17522,12633,6590958.0,321900.0,31.0464,204625518.45119998
17522,16339,3036142.0,159501.0,31.0464,94261278.98879999
17522,13989,205117.0,11319.0,63.209999999999994,12965445.569999998
17522,18149,1321602.0,64719.0,20.3742,26926583.468399998
17522,10177,5938163.0,291284.0,31.0464,184358583.76319999
17522,12270,1271379.0,62818.0,20.3742,25903330.021799996
17522,13100,2759939.0,143736.0,31.0464,85686170.1696
17522,17781,910574.0,44297.0,20.3742,18552216.790799998
17522,19971,1440939.0,73121.0,20.3742,29357979.3738
17522,16887,1920145.0,97198.0,31.0464,59613589.728
17522,10985,2469294.0,115615.0,31.0464,76662689.24159999
17522,15976,2859712.0,132478.0,31.0464,88783762.63679999
14234,12652,2763188.0,130022.0,47.5398,131361404.8824
14234,15008,2812294.0,132102.0,56.756699999999995,159616526.86979997
14234,11112,2812247.0,132601.0,56.756699999999995,159613859.3049
14234,16325,2834412.0,133427.0,56.756699999999995,160871871.56039998
14234,11561,921697.0,41707.0,64.65,59587711.050000004
14234,18441,2832706.0,133360.0,56.756699999999995,160775044.6302
14234,16117,2953107.0,138369.0,67.545,199467612.315
14234,11209,2833913.0,133379.0,56.756699999999995,160843549.9671
14234,15891,2798912.0,131812.0,56.756699999999995,158857008.7104
14234,18812,2841905.0,133602.0,56.756699999999995,161297149.51349998
14234,19915,3269855.0,163707.0,67.545,220862355.975
14234,17282,2843533.0,133947.0,56.756699999999995,161389549.4211
14234,11147,2659730.0,130940.0,47.5398,126443032.254
14234,13417,2831045.0,132843.0,56.756699999999995,160680771.75149998
14234,12940,2527360.0,122309.0,47.5398,120150188.928
14234,12352,3402267.0,168885.0,67.545,229806124.51500002
14234,17522,1149836.0,53585.0,64.65,74336897.4
14234,14234,0.0,0.0,66.0,0.0
14234,19300,2790604.0,131556.0,56.756699999999995,158385474.0468
14234,18542,2806822.0,132259.0,56.756699999999995,159305954.2074
14234,16855,1164418.0,54158.0,64.65,75279623.7
14234,13694,3490037.0,160053.0,67.545,235734549.165
14234,12205,3114851.0,153623.0,67.545,210392610.79500002
14234,18941,1691932.0,80358.0,63.7,107776068.4
14234,10748,2803400.0,132651.0,56.756699999999995,159111732.77999997
14234,10705,2683139.0,131181.0,47.5398,127555891.4322
14234,15483,3471774.0,159517.0,67.545,234500974.83
14234,13088,3408189.0,169071.0,67.545,230206126.005
14234,13917,1534211.0,75558.0,46.5696,71447592.5856
14234,16236,2752089.0,129974.0,47.5398,130833760.6422
14234,13073,2739593.0,129172.0,47.5398,130239703.3014
14234,13636,2866897.0,134043.0,56.756699999999995,162715612.9599
14234,18411,2233644.0,106892.0,47.5398,106186989.03119999
14234,10916,1021474.0,47498.0,64.65,66038294.10000001
14234,15270,3422846.0,172659.0,67.545,231196133.07
14234,13509,2867386.0,134165.0,56.756699999999995,162743366.98619998
14234,11200,2653352.0,127651.0,47.5398,126139823.4096
14234,12616,1147725.0,53346.0,64.65,74200421.25
14234,12868,3540796.0,168062.0,67.545,239163065.82
14234,13555,1836034.0,88275.0,63.7,116955365.80000001
14234,14736,3474217.0,166955.0,67.545,234665987.26500002
14234,17516,1651889.0,78271.0,63.7,105225329.30000001
14234,15183,3288814.0,166660.0,67.545,222142941.63
14234,13563,1371039.0,59038.0,48.0,65809872.0
14234,15077,1976092.0,97518.0,63.7,125877060.4
14234,11466,1576323.0,74738.0,46.5696,73408731.5808
14234,15378,2666663.0,129549.0,47.5398,126772625.6874
14234,18827,2033715.0,93901.0,63.7,129547645.5
14234,16028,1094448.0,52285.0,64.65,70756063.2
14234,15601,1766763.0,81077.0,63.7,112542803.10000001
14234,15264,1995140.0,95287.0,63.7,127090418.0
14234,19333,2720689.0,136003.0,47.5398,129341010.9222
14234,19880,1592506.0,90555.0,46.5696,74162367.4176
14234,14519,2849320.0,133952.0,56.756699999999995,161718000.44399998
14234,12369,3431973.0,174159.0,67.545,231812616.285
14234,10044,1125827.0,52121.0,64.65,72784715.55000001
14234,19147,4126514.0,208224.0,67.545,278725388.13
14234,18448,2950694.0,140576.0,67.545,199304626.23000002
14234,17010,1870449.0,77370.0,46.5696,87106061.7504
14234,17738,2750713.0,134301.0,47.5398,130768345.8774
14234,10955,3114754.0,153579.0,67.545,210386058.93
14234,18219,2629160.0,123241.0,47.5398,124989740.568
14234,11853,2522587.0,122184.0,47.5398,119923281.4626
14234,10657,2969078.0,139097.0,67.545,200546373.51
14234,10568,1874733.0,90747.0,63.7,119420492.10000001
14234,10867,3409723.0,172503.0,67.545,230309740.035
14234,19500,2926746.0,149713.0,67.545,197687058.57
14234,13165,1044593.0,47780.0,64.65,67532937.45
14234,11022,3200999.0,153455.0,67.545,216211477.455
14234,19430,3870945.0,180946.0,67.545,261462980.025
14234,15241,2923662.0,149427.0,67.545,197478749.79
14234,16683,2406449.0,113160.0,47.5398,114402104.1702
14234,12216,1419164.0,68241.0,46.5696,66089899.8144
14234,10301,3244806.0,159950.0,67.545,219170421.27
14234,12355,1897428.0,78893.0,48.0,91076544.0
14234,14257,6149175.0,289955.0,67.545,415346025.375
14234,10963,1294130.0,62159.0,64.65,83665504.5
14234,16193,779164.0,29642.0,66.0,51424824.0
14234,16962,3115013.0,153613.0,67.545,210403553.085
14234,15724,2849861.0,142548.0,56.756699999999995,161748705.8187
14234,17789,2822662.0,133043.0,56.756699999999995,160204980.3354
14234,14278,2730573.0,132889.0,47.5398,129810894.3054
14234,19846,958552.0,39955.0,64.65,61970386.800000004
14234,11261,1501899.0,69655.0,46.5696,69942835.67040001
14234,17223,2271536.0,110492.0,47.5398,107988367.1328
14234,12562,3436202.0,174388.0,67.545,232098264.09
14234,13170,2842568.0,133169.0,56.756699999999995,161334779.2056
14234,13489,2828374.0,133121.0,56.756699999999995,160529174.60579997
14234,13582,2968062.0,145715.0,67.545,200477747.79
14234,14358,1912862.0,87730.0,63.7,121849309.4
14234,16108,1377903.0,59506.0,48.0,66139344.0
14234,10796,2110617.0,101360.0,63.7,134446302.9
14234,18799,1416625.0,68092.0,46.5696,65971659.6
14234,10375,3729802.0,186777.0,67.545,251929476.09
14234,13665,805495.0,34303.0,66.0,53162670.0
14234,15185,1783560.0,84934.0,63.7,113612772.0
14234,13454,3027382.0,157073.0,67.545,204484517.19
14234,14053,2618743.0,122925.0,47.5398,124494518.4714
14234,10901,2652056.0,130416.0,47.5398,126078211.8288
14234,15948,3206352.0,152808.0,67.545,216573045.84
14234,12973,1490076.0,70877.0,46.5696,69392243.2896
14234,12746,2839660.0,133366.0,56.756699999999995,161169730.72199997
14234,11181,3008027.0,141756.0,67.545,203177183.715
14234,19143,1274791.0,59832.0,64.65,82415238.15
14234,19785,2854600.0,139480.0,56.756699999999995,162017675.82
14234,13237,2845292.0,134171.0,56.756699999999995,161489384.45639998
14234,15651,1034910.0,48367.0,64.65,66906931.50000001
14234,15848,1045805.0,49143.0,64.65,67611293.25
14234,11455,3308034.0,158819.0,67.545,223441156.53
14234,14425,1952355.0,90541.0,63.7,124365013.5
14234,17752,1903675.0,86965.0,63.7,121264097.5
14234,14060,2752085.0,129973.0,47.5398,130833570.483
14234,10316,2169005.0,100595.0,63.7,138165618.5
14234,19134,2108589.0,98825.0,63.7,134317119.3
14234,13460,2690912.0,132159.0,47.5398,127925418.2976
14234,15686,1901630.0,86870.0,63.7,121133831.0
14234,11189,3729814.0,186780.0,67.545,251930286.63
14234,10326,6879431.0,323010.0,67.545,464671166.89500004
14234,10269,3673277.0,183194.0,67.545,248111494.965
14234,17464,4034859.0,192120.0,67.545,272534551.15500003
14234,19273,2990389.0,146785.0,67.545,201985825.005
14234,13840,2457167.0,116145.0,47.5398,116813227.7466
14234,14704,3802982.0,178082.0,67.545,256872419.19
14234,19239,1828209.0,87766.0,63.7,116456913.30000001
14234,19502,1975610.0,97403.0,63.7,125846357.0
14234,17504,3387346.0,163283.0,67.545,228798285.57
14234,18110,2271313.0,110453.0,47.5398,107977765.7574
14234,11163,1492320.0,70207.0,46.5696,69496745.472
14234,12633,6146895.0,289855.0,67.545,415192022.77500004
14234,16339,2592078.0,127456.0,47.5398,123226869.7044
14234,13989,1047303.0,48419.0,64.65,67708138.95
14234,18149,2286302.0,111235.0,47.5398,108690339.8196
14234,10177,5494099.0,259239.0,67.545,371098916.955
14234,12270,2399773.0,115024.0,47.5398,114084728.4654
14234,13100,3888332.0,195942.0,67.545,262637384.94
14234,17781,1875274.0,90813.0,63.7,119454953.80000001
14234,19971,1877322.0,90408.0,63.7,119585411.4
14234,16887,1128444.0,48109.0,64.65,72953904.60000001
14234,10985,3597687.0,167821.0,67.545,243005768.415
14234,15976,2138903.0,90304.0,64.65,138280078.95000002
19300,12652,52526.0,3754.0,148.0,7773848.0
19300,15008,30700.0,1877.0,225.0,6907500.0
19300,11112,24898.0,1800.0,225.0,5602050.0
19300,16325,46129.0,2562.0,135.0,6227415.0
19300,11561,1986622.0,95649.0,78.59,156128622.98000002
19300,18441,44423.0,2496.0,76.44,3395694.12
19300,16117,161480.0,7991.0,107.0,17278360.0
19300,11209,45630.0,2515.0,135.0,6160050.0
19300,15891,50358.0,2771.0,55.608,2800307.664
19300,18812,86124.0,4432.0,55.27199999999999,4760245.727999999
19300,19915,1434398.0,69172.0,78.59,112729338.82000001
19300,17282,55249.0,3082.0,68.03999999999999,3759141.9599999995
19300,11147,961194.0,48515.0,82.467,79266785.598
19300,13417,51225.0,2950.0,76.3,3908467.5
19300,12940,466954.0,24075.0,75.0,35021550.0
19300,12352,1343837.0,65562.0,78.59,105612149.83
19300,17522,1659762.0,79986.0,78.59,130440695.58
19300,14234,2794391.0,132116.0,53.3,148941040.29999998
19300,19300,0.0,0.0,225.0,0.0
19300,18542,18539.0,1394.0,225.0,4171275.0
19300,16855,1655520.0,79733.0,78.59,130107316.80000001
19300,13694,734255.0,30882.0,75.0,55069125.0
19300,12205,1056421.0,50300.0,82.467,87119870.607
19300,18941,1182902.0,60751.0,82.467,97550379.234
19300,10748,45097.0,2494.0,76.44,3447214.6799999997
19300,10705,167664.0,9319.0,107.0,17940048.0
19300,15483,715993.0,30346.0,75.0,53699475.0
19300,13088,1349759.0,65748.0,78.59,106077559.81
19300,13917,1489531.0,73700.0,78.59,117062241.29
19300,16236,40296.0,2876.0,194.0,7817424.0
19300,13073,61746.0,3541.0,63.699999999999996,3933220.1999999997
19300,13636,75269.0,3665.0,53.199999999999996,4004310.8
19300,18411,615661.0,33065.0,75.0,46174575.0
19300,10916,3215284.0,158909.0,90.0,289375560.0
19300,15270,1806300.0,91320.0,78.59,141957117.0
19300,13509,75758.0,3787.0,53.199999999999996,4030325.5999999996
19300,11200,293342.0,16002.0,75.0,22000650.0
19300,12616,1655325.0,79611.0,78.59,130091991.75
19300,12868,763659.0,37286.0,75.0,57274425.0
19300,13555,1061531.0,52168.0,82.467,87541276.977
19300,14736,683031.0,36606.0,75.0,51227325.0
19300,17516,1196668.0,61220.0,82.467,98685619.956
19300,15183,1570552.0,76219.0,78.59,123429681.68
19300,13563,3483610.0,172264.0,90.0,313524900.0
19300,15077,823264.0,41431.0,75.0,61744800.0
19300,11466,2782719.0,136160.0,53.3,148318922.7
19300,15378,442933.0,21456.0,75.0,33219975.0
19300,18827,805062.0,41087.0,75.0,60379650.0
19300,16028,1657331.0,84373.0,78.59,130249643.29
19300,15601,1030886.0,52773.0,82.467,85014075.762
19300,15264,959222.0,50404.0,82.467,79104160.674
19300,19333,476517.0,26363.0,75.0,35738775.0
19300,19880,3271392.0,151666.0,90.0,294425280.0
19300,14519,93307.0,4817.0,43.4,4049523.8
19300,12369,1754842.0,84789.0,78.59,137913032.78
19300,10044,1669224.0,80434.0,78.59,131184314.16000001
19300,19147,1966234.0,96194.0,78.59,154526330.06
19300,18448,5037537.0,251329.0,90.0,453378330.0
19300,17010,3976291.0,181469.0,90.0,357866190.0
19300,17738,499457.0,23840.0,75.0,37459275.0
19300,10955,1056324.0,50257.0,82.467,87111871.308
19300,18219,162674.0,8951.0,107.0,17406118.0
19300,11853,450373.0,23017.0,75.0,33777975.0
19300,10657,213297.0,9926.0,107.0,22822779.0
19300,10568,1100230.0,54640.0,82.467,90732667.41
19300,10867,1793178.0,91163.0,78.59,140925859.02
19300,19500,1396982.0,72296.0,78.59,109788815.38000001
19300,13165,1733363.0,86310.0,78.59,136224998.17000002
19300,11022,423862.0,22679.0,75.0,31789650.0
19300,19430,1093807.0,50170.0,82.467,90202981.869
19300,15241,1384758.0,71320.0,78.59,108828131.22
19300,16683,435430.0,23075.0,75.0,32657250.0
19300,12216,1314841.0,66018.0,78.59,103333354.19
19300,10301,1186376.0,56627.0,82.467,97836869.592
19300,12355,3946840.0,180794.0,90.0,355215600.0
19300,14257,8236017.0,400709.0,90.0,741241530.0
19300,10963,3474940.0,172038.0,90.0,312744600.0
19300,16193,3321738.0,159604.0,90.0,298956420.0
19300,16962,1056583.0,50290.0,82.467,87133230.26099999
19300,15724,509319.0,29642.0,75.0,38198925.0
19300,17789,34378.0,2179.0,225.0,7735050.0
19300,14278,510480.0,24326.0,75.0,38286000.0
19300,19846,3495208.0,169561.0,90.0,314568720.0
19300,11261,1454827.0,74457.0,78.59,114334853.93
19300,17223,847585.0,45650.0,75.0,63568875.0
19300,12562,1751792.0,84905.0,78.59,137673333.28
19300,13170,56175.0,2912.0,63.699999999999996,3578347.4999999995
19300,13489,40090.0,2256.0,194.0,7777460.0
19300,13582,530849.0,28199.0,75.0,39813675.0
19300,14358,3999705.0,198483.0,90.0,359973450.0
19300,16108,3578734.0,176977.0,90.0,322086060.0
19300,10796,741866.0,38846.0,75.0,55639950.0
19300,18799,1312302.0,65870.0,78.59,103133814.18
19300,10375,1671371.0,83454.0,78.59,131353046.89
19300,13665,2577641.0,126882.0,85.0,219099485.0
19300,15185,2989956.0,146356.0,90.0,269096040.0
19300,13454,1242827.0,66333.0,78.59,97673773.93
19300,14053,185768.0,9870.0,107.0,19877176.0
19300,10901,960609.0,48812.0,82.467,79218542.403
19300,15948,415166.0,22459.0,75.0,31137450.0
19300,12973,1740148.0,85604.0,78.59,136758231.32
19300,12746,83879.0,4195.0,44.099999999999994,3699063.8999999994
19300,11181,216399.0,11377.0,107.0,23154693.0
19300,19143,1773331.0,85769.0,78.59,139366083.29
19300,19785,622434.0,30367.0,75.0,46682550.0
19300,13237,57008.0,3306.0,63.699999999999996,3631409.5999999996
19300,15651,3222333.0,159552.0,90.0,290009970.0
19300,15848,3226615.0,159023.0,90.0,290395350.0
19300,11455,530897.0,28043.0,75.0,39817275.0
19300,14425,1369851.0,70197.0,78.59,107656590.09
19300,17752,3990517.0,197719.0,90.0,359146530.0
19300,14060,40292.0,2875.0,194.0,7816648.0
19300,10316,667974.0,34892.0,75.0,50098050.0
19300,19134,4195431.0,209578.0,90.0,377588790.0
19300,13460,289617.0,16183.0,75.0,21721275.0
19300,15686,3988472.0,197623.0,90.0,358962480.0
19300,11189,1671384.0,83457.0,78.59,131354068.56
19300,10326,8966274.0,433764.0,90.0,806964660.0
19300,10269,1614847.0,79871.0,78.59,126910825.73
19300,17464,6121702.0,302873.0,90.0,550953180.0
19300,19273,681120.0,36612.0,75.0,51084000.0
19300,13840,1728171.0,93683.0,78.59,135816958.89000002
19300,14704,1025845.0,47306.0,82.467,84598359.615
19300,19239,1018114.0,51788.0,82.467,83960807.238
19300,19502,822783.0,41316.0,75.0,61708725.0
19300,17504,5474188.0,274037.0,90.0,492676920.0
19300,18110,847362.0,45611.0,75.0,63552150.0
19300,11163,1990860.0,96144.0,78.59,156461687.4
19300,12633,8233737.0,400609.0,90.0,741036330.0
19300,16339,4678921.0,238210.0,90.0,421102890.0
19300,13989,1727979.0,86065.0,78.59,135801869.61
19300,18149,831982.0,44681.0,75.0,62398650.0
19300,10177,7580942.0,369992.0,90.0,682284780.0
19300,12270,1333856.0,68517.0,78.59,104827743.04
19300,13100,1728052.0,83911.0,78.59,135807606.68
19300,17781,1100771.0,54705.0,82.467,90777282.057
19300,19971,3083718.0,151830.0,90.0,277534620.0
19300,16887,3562924.0,175907.0,90.0,320663160.0
19300,10985,769495.0,38574.0,75.0,57712125.0
19300,15976,3797089.0,174912.0,90.0,341738010.0
18542,12652,67655.0,4112.0,55.3,3741321.5
18542,15008,45653.0,2644.0,80.5,3675066.5
18542,11112,8877.0,859.0,100.1,888587.7
18542,16325,31528.0,1766.0,100.1,3155952.8
18542,11561,2001751.0,96006.0,87.0,174152337.0
18542,18441,29823.0,1700.0,100.1,2985282.3
18542,16117,146879.0,7195.0,45.5,6682994.5
18542,11209,31029.0,1719.0,100.1,3106002.9
18542,15891,58837.0,2971.0,63.16799999999999,3716615.6159999995
18542,18812,90741.0,4579.0,55.3,5017977.3
18542,19915,1419567.0,68331.0,87.0,123502329.0
18542,17282,40649.0,2286.0,93.1,3784421.9
18542,11147,946363.0,47674.0,87.0,82333581.0
18542,13417,36394.0,2108.0,93.1,3388281.4
18542,12940,452123.0,23234.0,45.5,20571596.5
18542,12352,1329006.0,64721.0,87.0,115623522.0
18542,17522,1674891.0,80343.0,87.0,145715517.0
18542,14234,2809520.0,132474.0,87.0,244428240.0
18542,19300,17072.0,1086.0,100.1,1708907.2
18542,18542,0.0,0.0,100.1,0.0
18542,16855,1670648.0,80090.0,87.0,145346376.0
18542,13694,738872.0,31030.0,87.0,64281864.0
18542,12205,1041590.0,49459.0,87.0,90618330.0
18542,18941,1198031.0,61108.0,87.0,104228697.0
18542,10748,53575.0,2695.0,63.16799999999999,3384225.5999999996
18542,10705,188925.0,10012.0,45.5,8596087.5
18542,15483,720610.0,30494.0,87.0,62693070.0
18542,13088,1334928.0,64907.0,87.0,116138736.0
18542,13917,1504660.0,74057.0,87.0,130905420.0
18542,16236,55912.0,3100.0,63.16799999999999,3531849.2159999995
18542,13073,70225.0,3742.0,55.3,3883442.5
18542,13636,60668.0,2869.0,63.16799999999999,3832276.2239999995
18542,18411,636923.0,33758.0,87.0,55412301.0
18542,10916,3230412.0,159266.0,87.0,281045844.0
18542,15270,1791470.0,90478.0,87.0,155857890.0
18542,13509,61158.0,2991.0,63.16799999999999,3863228.5439999993
18542,11200,308470.0,16359.0,45.5,14035385.0
18542,12616,1670454.0,79969.0,87.0,145329498.0
18542,12868,749058.0,36490.0,87.0,65168046.0
18542,13555,1076660.0,52525.0,87.0,93669420.0
18542,14736,668430.0,35810.0,87.0,58153410.0
18542,17516,1211797.0,61577.0,87.0,105426339.0
18542,15183,1555721.0,75378.0,87.0,135347727.0
18542,13563,3498739.0,172621.0,87.0,304390293.0
18542,15077,838393.0,41789.0,87.0,72940191.0
18542,11466,2797848.0,136517.0,87.0,243412776.0
18542,15378,428102.0,20615.0,45.5,19478641.0
18542,18827,820191.0,41444.0,87.0,71356617.0
18542,16028,1672460.0,84730.0,87.0,145504020.0
18542,15601,1046015.0,53130.0,87.0,91003305.0
18542,15264,974350.0,50761.0,87.0,84768450.0
18542,19333,484996.0,26563.0,45.5,22067318.0
18542,19880,3286521.0,152024.0,87.0,285927327.0
18542,14519,97924.0,4965.0,55.3,5415197.2
18542,12369,1740011.0,83948.0,87.0,151380957.0
18542,10044,1684353.0,80791.0,87.0,146538711.0
18542,19147,1970850.0,96341.0,87.0,171463950.0
18542,18448,5052666.0,251687.0,87.0,439581942.0
18542,17010,3991420.0,181827.0,87.0,347253540.0
18542,17738,484626.0,22999.0,45.5,22050483.0
18542,10955,1041493.0,49415.0,87.0,90609891.0
18542,18219,177803.0,9308.0,45.5,8090036.5
18542,11853,435542.0,22175.0,45.5,19817161.0
18542,10657,217914.0,10074.0,45.5,9915087.0
18542,10568,1115359.0,54997.0,87.0,97036233.0
18542,10867,1778347.0,90322.0,87.0,154716189.0
18542,19500,1382152.0,71454.0,87.0,120247224.0
18542,13165,1748492.0,86668.0,87.0,152118804.0
18542,11022,409261.0,21883.0,45.5,18621375.5
18542,19430,1079207.0,49374.0,87.0,93891009.0
18542,15241,1369927.0,70479.0,87.0,119183649.0
18542,16683,450559.0,23432.0,45.5,20500434.5
18542,12216,1329970.0,66375.0,87.0,115707390.0
18542,10301,1171545.0,55786.0,87.0,101924415.0
18542,12355,3961969.0,181151.0,87.0,344691303.0
18542,14257,8251146.0,401066.0,87.0,717849702.0
18542,10963,3490069.0,172396.0,87.0,303636003.0
18542,16193,3336867.0,159961.0,87.0,290307429.0
18542,16962,1041752.0,49449.0,87.0,90632424.0
18542,15724,517797.0,29842.0,45.5,23559763.5
18542,17789,19778.0,1383.0,100.1,1979777.7999999998
18542,14278,495649.0,23484.0,45.5,22552029.5
18542,19846,3510337.0,169919.0,87.0,305399319.0
18542,11261,1469956.0,74814.0,87.0,127886172.0
18542,17223,840869.0,45190.0,87.0,73155603.0
18542,12562,1736961.0,84064.0,87.0,151115607.0
18542,13170,41574.0,2116.0,93.1,3870539.4
18542,13489,25490.0,1460.0,100.1,2551549.0
18542,13582,516249.0,27403.0,45.5,23489329.5
18542,14358,4014833.0,198841.0,87.0,349290471.0
18542,16108,3593863.0,177334.0,87.0,312666081.0
18542,10796,763127.0,39539.0,87.0,66392049.0
18542,18799,1327431.0,66227.0,87.0,115486497.0
18542,10375,1656540.0,82613.0,87.0,144118980.0
18542,13665,2592770.0,127239.0,87.0,225570990.0
18542,15185,3005085.0,146713.0,87.0,261442395.0
18542,13454,1251305.0,66533.0,87.0,108863535.0
18542,14053,200897.0,10228.0,45.5,9140813.5
18542,10901,945778.0,47971.0,87.0,82282686.0
18542,15948,400566.0,21663.0,45.5,18225753.0
18542,12973,1755277.0,85961.0,87.0,152709099.0
18542,12746,88496.0,4343.0,55.3,4893828.8
18542,11181,201798.0,10581.0,45.5,9181809.0
18542,19143,1788459.0,86126.0,87.0,155595933.0
18542,19785,607603.0,29526.0,87.0,52861461.0
18542,13237,42408.0,2510.0,93.1,3948184.8
18542,15651,3237462.0,159909.0,87.0,281659194.0
18542,15848,3241744.0,159380.0,87.0,282031728.0
18542,11455,516296.0,27247.0,45.5,23491468.0
18542,14425,1261316.0,69709.0,87.0,109734492.0
18542,17752,4005646.0,198076.0,87.0,348491202.0
18542,14060,55908.0,3099.0,63.16799999999999,3531596.5439999998
18542,10316,683103.0,35250.0,87.0,59429961.0
18542,19134,4210560.0,209936.0,87.0,366318720.0
18542,13460,298096.0,16383.0,45.5,13563368.0
18542,15686,4003601.0,197980.0,87.0,348313287.0
18542,11189,1656553.0,82616.0,87.0,144120111.0
18542,10326,8981403.0,434121.0,87.0,781382061.0
18542,10269,1600016.0,79030.0,87.0,139201392.0
18542,17464,6136831.0,303231.0,87.0,533904297.0
18542,19273,666519.0,35816.0,87.0,57987153.0
18542,13840,1720992.0,93169.0,87.0,149726304.0
18542,14704,1011244.0,46510.0,87.0,87978228.0
18542,19239,1033243.0,52145.0,87.0,89892141.0
18542,19502,837912.0,41673.0,87.0,72898344.0
18542,17504,5489317.0,274394.0,87.0,477570579.0
18542,18110,840646.0,45151.0,87.0,73136202.0
18542,11163,2005988.0,96501.0,87.0,174520956.0
18542,12633,8248866.0,400966.0,87.0,717651342.0
18542,16339,4694050.0,238567.0,87.0,408382350.0
18542,13989,1743107.0,86422.0,87.0,151650309.0
18542,18149,825267.0,44221.0,87.0,71798229.0
18542,10177,7596071.0,370350.0,87.0,660858177.0
18542,12270,1348985.0,68874.0,87.0,117361695.0
18542,13100,1732668.0,84059.0,87.0,150742116.0
18542,17781,1115900.0,55063.0,87.0,97083300.0
18542,19971,3098847.0,152187.0,87.0,269599689.0
18542,16887,3578053.0,176265.0,87.0,311290611.0
18542,10985,754894.0,37778.0,87.0,65675778.0
18542,15976,3812218.0,175269.0,87.0,331662966.0
16855,12652,1630976.0,77659.0,21.3444,34812204.1344
16855,15008,1680081.0,79740.0,21.3444,35860320.8964
16855,11112,1680034.0,80238.0,21.3444,35859317.7096
16855,16325,1702199.0,81065.0,21.3444,36332416.3356
16855,11561,342795.0,17442.0,12.224519999999998,4190504.3333999994
16855,18441,1700494.0,80998.0,21.3444,36296024.133600004
16855,16117,1820895.0,86007.0,68.44999999999999,124640262.74999999
16855,11209,1701701.0,81017.0,21.3444,36321786.8244
16855,15891,1666700.0,79450.0,21.3444,35574711.48
16855,18812,1709693.0,81240.0,21.3444,36492371.2692
16855,19915,2301337.0,117035.0,68.44999999999999,157526517.64999998
16855,17282,1711320.0,81585.0,21.3444,36527098.608
16855,11147,1691211.0,84268.0,21.3444,36097884.0684
16855,13417,1698832.0,80481.0,21.3444,36260549.7408
16855,12940,1558841.0,75637.0,95.0,148089895.0
16855,12352,2433748.0,122213.0,68.44999999999999,166590050.59999996
16855,17522,32346.0,2742.0,152.0,4916592.0
16855,14234,1150563.0,53910.0,19.404,22325524.452
16855,19300,1658392.0,79194.0,21.3444,35397382.2048
16855,18542,1674610.0,79897.0,21.3444,35743545.684
16855,16855,0.0,0.0,107.1,0.0
16855,13694,2357824.0,107691.0,68.44999999999999,161393052.79999998
16855,12205,2146332.0,106951.0,68.44999999999999,146916425.39999998
16855,18941,559719.0,27995.0,12.224519999999998,6842296.109879999
16855,10748,1671187.0,80289.0,21.3444,35670483.8028
16855,10705,1627829.0,79014.0,21.3444,34745033.3076
16855,15483,2339562.0,107155.0,68.44999999999999,160143018.89999998
16855,13088,2439671.0,122400.0,68.44999999999999,166995479.94999996
16855,13917,924749.0,45367.0,31.0464,28710127.3536
16855,16236,1619876.0,77611.0,21.3444,34575281.2944
16855,13073,1607380.0,76810.0,21.3444,34308561.672
16855,13636,1734684.0,81681.0,21.3444,37025789.1696
16855,18411,1265125.0,60221.0,19.404,24548485.5
16855,10916,1571456.0,80702.0,95.0,149288320.0
16855,15270,2533612.0,126884.0,68.44999999999999,173425741.39999998
16855,13509,1735173.0,81803.0,21.3444,37036226.5812
16855,11200,1521139.0,75288.0,95.0,144508205.0
16855,12616,24055.0,2176.0,107.1,2576290.5
16855,12868,2408584.0,115699.0,68.44999999999999,164867574.79999998
16855,13555,867515.0,41604.0,49.0,42508235.0
16855,14736,2342005.0,114593.0,68.44999999999999,160310242.24999997
16855,17516,519676.0,25909.0,12.224519999999998,6352789.65552
16855,15183,2320296.0,119988.0,68.44999999999999,158824261.2
16855,13563,1839783.0,94057.0,68.44999999999999,125933146.34999998
16855,15077,995423.0,48864.0,31.0464,30904300.6272
16855,11466,1138891.0,57954.0,19.404,22099040.964
16855,15378,1698145.0,82877.0,21.3444,36245886.138000004
16855,18827,901502.0,41539.0,31.0464,27988391.6928
16855,16028,498060.0,25924.0,12.224519999999998,6088544.4311999995
16855,15601,634551.0,28715.0,12.224519999999998,7757081.390519999
16855,15264,862928.0,42925.0,31.499999999999996,27182231.999999996
16855,19333,1588476.0,83641.0,95.0,150905220.0
16855,19880,2353113.0,110936.0,68.44999999999999,161070584.84999996
16855,14519,1717108.0,81590.0,21.3444,36650639.9952
16855,12369,2463455.0,127487.0,68.44999999999999,168623494.74999997
16855,10044,29126.0,2389.0,163.68,4767343.680000001
16855,19147,2994302.0,155862.0,68.44999999999999,204959971.89999998
16855,18448,3393709.0,173123.0,68.44999999999999,232299381.04999995
16855,17010,2769197.0,129126.0,68.44999999999999,189551534.64999998
16855,17738,1782194.0,87629.0,68.44999999999999,121991179.29999998
16855,10955,2146235.0,106908.0,68.44999999999999,146909785.74999997
16855,18219,1496948.0,70879.0,95.0,142210060.0
16855,11853,1554069.0,75512.0,95.0,147636555.0
16855,10657,1836866.0,86735.0,68.44999999999999,125733477.69999997
16855,10568,906214.0,44075.0,31.0464,28134682.3296
16855,10867,2520489.0,126728.0,68.44999999999999,172527472.04999998
16855,19500,2124294.0,107861.0,68.44999999999999,145407924.29999998
16855,13165,222474.0,12695.0,90.0,20022660.0
16855,11022,2068786.0,101093.0,68.44999999999999,141608401.7
16855,19430,2738732.0,128584.0,68.44999999999999,187466205.39999998
16855,15241,2112069.0,106885.0,68.44999999999999,144571123.04999998
16855,16683,1274236.0,60798.0,19.404,24725275.344
16855,12216,566834.0,27082.0,12.224519999999998,6929273.569679999
16855,10301,2276288.0,113278.0,68.44999999999999,155811913.59999996
16855,12355,2796175.0,130649.0,68.44999999999999,191398178.74999997
16855,14257,6592190.0,322503.0,68.44999999999999,451235405.49999994
16855,10963,1831112.0,93832.0,68.44999999999999,125339616.39999998
16855,16193,1677911.0,81397.0,21.3444,35814003.5484
16855,16962,2146494.0,106941.0,68.44999999999999,146927514.29999998
16855,15724,1717648.0,90186.0,21.3444,36662165.9712
16855,17789,1690449.0,80681.0,21.3444,36081619.6356
16855,14278,1762054.0,86218.0,68.44999999999999,120612596.29999998
16855,19846,1851380.0,91355.0,68.44999999999999,126726960.99999999
16855,11261,369686.0,17293.0,12.224519999999998,4519233.900719999
16855,17223,1303017.0,63820.0,19.404,25283741.868
16855,12562,2467684.0,127716.0,68.44999999999999,168912969.79999998
16855,13170,1710356.0,80806.0,21.3444,36506522.6064
16855,13489,1696161.0,80759.0,21.3444,36203538.8484
16855,13582,1999543.0,99043.0,68.44999999999999,136868718.34999996
16855,14358,2355877.0,120277.0,68.44999999999999,161259780.64999998
16855,16108,1934906.0,98771.0,68.44999999999999,132444315.69999997
16855,10796,1142098.0,54688.0,19.404,22161269.592
16855,18799,564294.0,26933.0,12.224519999999998,6898223.288879999
16855,10375,2761283.0,140105.0,68.44999999999999,189009821.34999996
16855,13665,933814.0,48676.0,31.0464,28991562.9696
16855,15185,1346129.0,68149.0,19.404,26120287.116
16855,13454,1895169.0,104711.0,68.44999999999999,129724318.04999998
16855,14053,1486530.0,70563.0,95.0,141220350.0
16855,10901,1683538.0,83744.0,21.3444,35934108.4872
16855,15948,2074140.0,100446.0,68.44999999999999,141974882.99999997
16855,12973,1175367.0,57271.0,19.404,22806821.268
16855,12746,1707448.0,81004.0,21.3444,36444453.0912
16855,11181,1875814.0,89393.0,68.44999999999999,128399468.29999998
16855,19143,131955.0,7263.0,90.0,11875950.0
16855,19785,1886082.0,92808.0,68.44999999999999,129102312.89999998
16855,13237,1713079.0,81808.0,21.3444,36564643.4076
16855,15651,1578505.0,81345.0,95.0,149957975.0
16855,15848,1582787.0,80816.0,95.0,150364765.0
16855,11455,2175821.0,106457.0,68.44999999999999,148934947.45
16855,14425,1057001.0,53961.0,31.0464,32816075.8464
16855,17752,2346690.0,119512.0,68.44999999999999,160630930.49999997
16855,14060,1619872.0,77611.0,21.3444,34575195.9168
16855,10316,1036793.0,48232.0,31.0464,32188690.1952
16855,19134,2551604.0,131372.0,68.44999999999999,174657293.79999998
16855,13460,1558699.0,79796.0,95.0,148076405.0
16855,15686,2344645.0,119417.0,68.44999999999999,160490950.24999997
16855,11189,2761296.0,140108.0,68.44999999999999,189010711.19999996
16855,10326,7322446.0,355557.0,68.44999999999999,501221428.6999999
16855,10269,2704759.0,136522.0,68.44999999999999,185140753.54999998
16855,17464,4477874.0,224667.0,68.44999999999999,306510475.29999995
16855,19273,2021871.0,100113.0,68.44999999999999,138397069.95
16855,13840,1573232.0,80764.0,95.0,149457040.0
16855,14704,2670769.0,125720.0,68.44999999999999,182814138.04999998
16855,19239,859690.0,41094.0,31.499999999999996,27080234.999999996
16855,19502,994942.0,48748.0,31.0464,30889367.308799997
16855,17504,3830361.0,195831.0,68.44999999999999,262188210.44999996
16855,18110,1302794.0,63781.0,19.404,25279414.776
16855,11163,349483.0,17637.0,12.224519999999998,4272261.92316
16855,12633,6589910.0,322402.0,68.44999999999999,451079339.49999994
16855,16339,3035093.0,160003.0,68.44999999999999,207752115.84999996
16855,13989,224216.0,13023.0,90.0,20179440.0
16855,18149,1317784.0,64563.0,19.404,25570280.736
16855,10177,5937114.0,291786.0,68.44999999999999,406395453.29999995
16855,12270,1267561.0,62662.0,19.404,24595753.644
16855,13100,2756120.0,143580.0,68.44999999999999,188656413.99999997
16855,17781,906755.0,44141.0,31.0464,28151478.432
16855,19971,1439891.0,73624.0,95.0,136789645.0
16855,16887,1919096.0,97701.0,68.44999999999999,131362121.19999997
16855,10985,2465475.0,115459.0,68.44999999999999,168761763.74999997
16855,15976,2878810.0,134181.0,68.44999999999999,197054544.49999997
13694,12652,780645.0,32885.0,53.0,41374185.0
13694,15008,762460.0,32308.0,53.0,40410380.0
13694,11112,732293.0,30900.0,53.0,38811529.0
13694,16325,753602.0,31587.0,53.0,39940906.0
13694,11561,2689632.0,124180.0,39.78,106993560.96000001
13694,18441,751897.0,31520.0,53.0,39850541.0
13694,16117,868953.0,37015.0,39.78,34566950.34
13694,11209,753104.0,31539.0,53.0,39914512.0
13694,15891,721170.0,30254.0,53.0,38222010.0
13694,18812,656361.0,27436.0,53.0,34787133.0
13694,19915,2153214.0,98699.0,39.78,85654852.92
13694,17282,734638.0,30998.0,53.0,38935814.0
13694,11147,1680010.0,78041.0,39.78,66830797.800000004
13694,13417,770041.0,32476.0,53.0,40812173.0
13694,12940,1185770.0,53602.0,39.78,47169930.6
13694,12352,2062652.0,95088.0,39.78,82052296.56
13694,17522,2362772.0,108517.0,39.78,93991070.16
13694,14234,3497401.0,160647.0,39.78,139126611.78
13694,19300,735500.0,30857.0,53.0,38981500.0
13694,18542,738435.0,30947.0,53.0,39137055.0
13694,16855,2358530.0,108264.0,39.78,93822323.4
13694,13694,0.0,0.0,222.7,0.0
13694,12205,1775236.0,79826.0,39.78,70618888.08
13694,18941,1885912.0,89282.0,39.78,75021579.36
13694,10748,696039.0,29119.0,53.0,36890067.0
13694,10705,899424.0,39750.0,39.78,35779086.72
13694,15483,16846.0,1198.0,222.7,3751604.1999999997
13694,13088,2068575.0,95275.0,39.78,82287913.5
13694,13917,2192541.0,102231.0,39.78,87219280.98
13694,16236,747651.0,31722.0,53.0,39625503.0
13694,13073,770163.0,32025.0,53.0,40818639.0
13694,13636,782743.0,32689.0,53.0,41485379.0
13694,18411,1347422.0,63496.0,39.78,53600447.160000004
13694,10916,3918293.0,187440.0,39.78,155869695.54
13694,15270,2525116.0,120846.0,39.78,100449114.48
13694,13509,783232.0,32811.0,53.0,41511296.0
13694,11200,942957.0,44000.0,39.78,37510829.46
13694,12616,2358335.0,108142.0,39.78,93814566.3
13694,12868,938000.0,46333.0,39.78,37313640.0
13694,13555,1764541.0,80699.0,39.78,70193440.98
13694,14736,959888.0,51090.0,39.78,38184344.64
13694,17516,1899678.0,89751.0,39.78,75569190.84
13694,15183,2289368.0,105746.0,39.78,91071059.04
13694,13563,4186620.0,200795.0,39.78,166543743.6
13694,15077,1526274.0,69962.0,39.78,60715179.72
13694,11466,3485729.0,164691.0,39.78,138662299.62
13694,15378,1161748.0,50983.0,39.78,46214335.44
13694,18827,1508072.0,69618.0,39.78,59991104.160000004
13694,16028,2360341.0,112904.0,39.78,93894364.98
13694,15601,1733896.0,81304.0,39.78,68974382.88
13694,15264,1370857.0,74152.0,39.78,54532691.46
13694,19333,643953.0,33728.0,53.0,34129509.0
13694,19880,3974402.0,180198.0,39.78,158101711.56
13694,14519,656067.0,27644.0,53.0,34771551.0
13694,12369,2473658.0,114315.0,39.78,98402115.24000001
13694,10044,2372234.0,108965.0,39.78,94367468.52
13694,19147,1331017.0,68481.0,39.78,52947856.26
13694,18448,5740547.0,279860.0,39.78,228358959.66
13694,17010,4679300.0,210001.0,39.78,186142554.0
13694,17738,1218273.0,53367.0,39.78,48462899.940000005
13694,10955,1775139.0,79783.0,39.78,70615029.42
13694,18219,865331.0,37435.0,39.78,34422867.18
13694,11853,1169189.0,52543.0,39.78,46510338.42
13694,10657,527638.0,22778.0,53.0,27964814.0
13694,10568,1803240.0,83171.0,39.78,71732887.2
13694,10867,2511994.0,120690.0,39.78,99927121.32000001
13694,19500,2115798.0,101822.0,39.78,84166444.44
13694,13165,2436373.0,114841.0,39.78,96918917.94
13694,11022,709086.0,38801.0,53.0,37581558.0
13694,19430,1090683.0,59097.0,39.78,43387369.74
13694,15241,2103574.0,100847.0,39.78,83680173.72
13694,16683,1138440.0,51606.0,39.78,45287143.2
13694,12216,2017851.0,94549.0,39.78,80270112.78
13694,10301,1905192.0,86153.0,39.78,75788537.76
13694,12355,4649850.0,209325.0,39.78,184971033.0
13694,14257,8939028.0,429240.0,39.78,355594533.84000003
13694,10963,4177950.0,200569.0,39.78,166198851.0
13694,16193,4024748.0,188135.0,39.78,160104475.44
13694,16962,1775399.0,79817.0,39.78,70625372.22
13694,15724,527367.0,27740.0,53.0,27950451.0
13694,17789,741852.0,31203.0,53.0,39318156.0
13694,14278,1229296.0,53852.0,39.78,48901394.88
13694,19846,4198218.0,198092.0,39.78,167005112.04
13694,11261,1866915.0,100154.0,39.78,74265878.7
13694,17223,1574516.0,75557.0,39.78,62634246.480000004
13694,12562,2470608.0,114431.0,39.78,98280786.24000001
13694,13170,763649.0,31937.0,53.0,40473397.0
13694,13489,747564.0,31280.0,53.0,39620892.0
13694,13582,1238323.0,57223.0,39.78,49260488.940000005
13694,14358,4702714.0,227014.0,39.78,187073962.92000002
13694,16108,4281744.0,205508.0,39.78,170327776.32
13694,10796,1473626.0,69277.0,39.78,58620842.28
13694,18799,2015312.0,94401.0,39.78,80169111.36
13694,10375,2390187.0,112980.0,39.78,95081638.86
13694,13665,3280651.0,155413.0,39.78,130504296.78
13694,15185,3692966.0,174887.0,39.78,146906187.48000002
13694,13454,1141997.0,63380.0,39.78,45428640.660000004
13694,14053,888778.0,38402.0,39.78,35355588.84
13694,10901,1679425.0,78339.0,39.78,66807526.5
13694,15948,1044684.0,50174.0,39.78,41557529.52
13694,12973,2443158.0,114135.0,39.78,97188825.24000001
13694,12746,655792.0,27275.0,53.0,34756976.0
13694,11181,866619.0,39219.0,39.78,34474103.82
13694,19143,2476340.0,114300.0,39.78,98508805.2
13694,19785,1341250.0,59893.0,39.78,53354925.0
13694,13237,735312.0,31057.0,53.0,38971536.0
13694,15651,3925343.0,188083.0,39.78,156150144.54
13694,15848,3929625.0,187554.0,39.78,156320482.5
13694,11455,705120.0,37078.0,53.0,37371360.0
13694,14425,2072861.0,98728.0,39.78,82458410.58
13694,17752,4693527.0,226250.0,39.78,186708504.06
13694,14060,747648.0,31721.0,53.0,39625344.0
13694,10316,1370984.0,63424.0,39.78,54537743.52
13694,19134,4898441.0,238109.0,39.78,194859982.98000002
13694,13460,837999.0,38518.0,39.78,33335600.220000003
13694,15686,4691482.0,226154.0,39.78,186627153.96
13694,11189,2390200.0,112983.0,39.78,95082156.0
13694,10326,9669284.0,462295.0,39.78,384644117.52000004
13694,10269,2333663.0,109398.0,39.78,92833114.14
13694,17464,6824712.0,331405.0,39.78,271487043.36
13694,19273,1388594.0,65636.0,39.78,55238269.32
13694,13840,2454639.0,123536.0,39.78,97645539.42
13694,14704,939673.0,49964.0,39.78,37380191.94
13694,19239,1721124.0,80319.0,39.78,68466312.72
13694,19502,1525793.0,69847.0,39.78,60696045.54
13694,17504,6177198.0,302568.0,39.78,245728936.44
13694,18110,1574293.0,75519.0,39.78,62625375.54
13694,11163,2294334.0,121928.0,39.78,91268606.52
13694,12633,8936748.0,429140.0,39.78,355503835.44
13694,16339,5381931.0,266741.0,39.78,214093215.18
13694,13989,2430989.0,114596.0,39.78,96704742.42
13694,18149,1558914.0,74588.0,39.78,62013598.92
13694,10177,8283952.0,398524.0,39.78,329535610.56
13694,12270,1499666.0,79445.0,39.78,59656713.480000004
13694,13100,1092835.0,56199.0,39.78,43472976.300000004
13694,17781,1803781.0,83236.0,39.78,71754408.18
13694,19971,3786728.0,180361.0,39.78,150636039.84
13694,16887,4265934.0,204438.0,39.78,169698854.52
13694,10985,291335.0,15954.0,162.0,47196270.0
13694,15976,4500099.0,203443.0,39.78,179013938.22
12205,12652,1101184.0,52292.0,35.0,38541440.0
12205,15008,1044287.0,50557.0,35.0,36550045.0
12205,11112,1048551.0,49996.0,35.0,36699285.0
12205,16325,1039605.0,49428.0,35.0,36386175.0
12205,11561,2465433.0,122946.0,31.0464,76542819.0912
12205,18441,1037900.0,49362.0,35.0,36326500.0
12205,16117,931422.0,46392.0,42.0,39119724.0
12205,11209,1035704.0,49423.0,35.0,36249640.0
12205,15891,1099292.0,52234.0,35.0,38475220.0
12205,18812,1129180.0,53622.0,35.0,39521300.0
12205,19915,385834.0,20257.0,25.128179999999997,9695306.202119999
12205,17282,1079088.0,51329.0,35.0,37768080.0
12205,11147,460324.0,23353.0,40.0,18412960.0
12205,13417,1010529.0,48218.0,39.0,39410631.0
12205,12940,744048.0,37269.0,33.0,24553584.0
12205,12352,295272.0,16647.0,67.48,19924954.560000002
12205,17522,2138573.0,107284.0,31.0464,66394992.7872
12205,14234,3120059.0,153722.0,31.0464,96866599.7376
12205,19300,1057527.0,50349.0,35.0,37013445.0
12205,18542,1041565.0,49533.0,35.0,36454775.0
12205,16855,2134331.0,107031.0,31.0464,66263293.958399996
12205,13694,1777311.0,80073.0,22.3146,39659984.040599994
12205,12205,0.0,0.0,777.8050000000001,0.0
12205,18941,1831651.0,94538.0,22.3146,40872559.404599994
12205,10748,1094030.0,51958.0,35.0,38291050.0
12205,10705,942545.0,48401.0,32.0,30161440.0
12205,15483,1759049.0,79537.0,22.3146,39252474.8154
12205,13088,301195.0,16833.0,77.62,23378755.900000002
12205,13917,1638843.0,83920.0,22.3146,36570126.0078
12205,16236,1096367.0,52363.0,35.0,38372845.0
12205,13073,1117168.0,52614.0,35.0,39100880.0
12205,13636,1017914.0,48710.0,35.0,35626990.0
12205,18411,926987.0,49329.0,47.0,43568389.0
12205,10916,3583112.0,180943.0,31.0464,111242728.3968
12205,15270,948333.0,46327.0,32.0,30346656.0
12205,13509,1018404.0,48833.0,35.0,35644140.0
12205,11200,1341044.0,64756.0,22.3146,29924860.442399997
12205,12616,2134136.0,106909.0,31.0464,66257239.910399996
12205,12868,1575174.0,78668.0,22.3146,35149377.7404
12205,13555,1270690.0,65707.0,22.3146,28354939.073999997
12205,14736,1288642.0,65588.0,22.3146,28755530.773199998
12205,17516,1845418.0,95007.0,22.3146,41179764.502799995
12205,15183,521988.0,27304.0,74.7054,38995322.3352
12205,13563,3851439.0,194298.0,31.0464,119573315.76959999
12205,15077,1291956.0,67185.0,22.3146,28829481.3576
12205,11466,3261530.0,163458.0,31.0464,101258764.992
12205,15378,674610.0,32740.0,74.7054,50397009.894
12205,18827,1479677.0,76448.0,22.3146,33018400.3842
12205,16028,2048178.0,105078.0,31.0464,63588553.459199995
12205,15601,1638917.0,84899.0,22.3146,36571777.2882
12205,15264,1781779.0,93880.0,22.3146,39759685.6734
12205,19333,1525451.0,75826.0,22.3146,34039828.8846
12205,19880,3232656.0,153874.0,31.0464,100362331.2384
12205,14519,1136363.0,54008.0,35.0,39772705.0
12205,12369,706278.0,35873.0,74.7054,52762780.5012
12205,10044,2148035.0,107732.0,31.0464,66688753.82399999
12205,19147,3009289.0,145384.0,31.0464,93427590.0096
12205,18448,5405365.0,273364.0,31.0464,167817123.936
12205,17010,3937554.0,183677.0,31.0464,122246876.50559999
12205,17738,569385.0,27858.0,13.579999999999998,7732248.299999999
12205,10955,335.0,75.0,777.8050000000001,260564.67500000002
12205,18219,1210377.0,57705.0,22.3146,27009078.604199998
12205,11853,746373.0,37156.0,33.0,24630309.0
12205,10657,1256353.0,59117.0,22.3146,28035014.6538
12205,10568,1236016.0,63394.0,22.3146,27581202.633599997
12205,10867,955762.0,46639.0,85.0,81239770.0
12205,19500,782024.0,40486.0,33.0,25806792.0
12205,13165,2114482.0,107078.0,31.0464,65647053.9648
12205,11022,1288935.0,66539.0,22.3146,28762068.950999998
12205,19430,1905659.0,91580.0,22.3146,42524018.321399994
12205,15241,778601.0,39970.0,33.0,25693833.0
12205,16683,1247350.0,66364.0,22.3146,27834116.31
12205,12216,1705688.0,86723.0,22.3146,38061745.4448
12205,10301,137812.0,7712.0,119.0,16399628.0
12205,12355,3908103.0,183001.0,31.0464,121332528.97919999
12205,14257,8603846.0,422743.0,31.0464,267118444.45439997
12205,10963,3842768.0,194073.0,31.0464,119304112.43519999
12205,16193,3689566.0,181638.0,31.0464,114547741.8624
12205,16962,410.0,93.0,683.655,280298.55
12205,15724,1558253.0,79105.0,22.3146,34771792.3938
12205,17789,1049718.0,49992.0,35.0,36740130.0
12205,14278,549245.0,26446.0,13.579999999999998,7458747.099999999
12205,19846,3863036.0,191596.0,31.0464,119933360.8704
12205,11261,2094550.0,106376.0,31.0464,65028237.12
12205,17223,842951.0,43878.0,33.0,27817383.0
12205,12562,703228.0,35990.0,74.7054,52534929.0312
12205,13170,1027132.0,48964.0,35.0,35949620.0
12205,13489,1041041.0,49493.0,35.0,36436435.0
12205,13582,782405.0,39010.0,33.0,25819365.0
12205,14358,4367533.0,220518.0,31.0464,135596176.5312
12205,16108,3946562.0,199011.0,31.0464,122526542.4768
12205,10796,1039641.0,54882.0,35.0,36387435.0
12205,18799,1703149.0,86575.0,22.3146,38005088.6754
12205,10375,615427.0,33385.0,80.53,49560336.31
12205,13665,2945469.0,148916.0,31.0464,91446208.7616
12205,15185,3468767.0,173654.0,31.0464,107692727.7888
12205,13454,2291760.0,115796.0,31.0464,71150897.66399999
12205,14053,1233470.0,58625.0,22.3146,27524389.661999997
12205,10901,465090.0,23725.0,40.0,18603600.0
12205,15948,1043832.0,52835.0,35.0,36534120.0
12205,12973,1720072.0,88135.0,22.3146,38382718.6512
12205,12746,1126935.0,53386.0,35.0,39442725.0
12205,11181,994128.0,48751.0,85.0,84500880.0
12205,19143,2252142.0,113067.0,31.0464,69920901.3888
12205,19785,668943.0,32776.0,74.7054,49973654.3922
12205,13237,1080847.0,51553.0,35.0,37829645.0
12205,15651,3590161.0,181586.0,31.0464,111461574.47039999
12205,15848,3594444.0,181057.0,31.0464,111594546.2016
12205,11455,1394466.0,71640.0,22.3146,31116951.003599998
12205,14425,1253886.0,68805.0,22.3146,27979964.5356
12205,17752,4358346.0,219753.0,31.0464,135310953.25439999
12205,14060,1096363.0,52362.0,35.0,38372705.0
12205,10316,1362626.0,72585.0,22.3146,30406454.139599998
12205,19134,4563260.0,231613.0,31.0464,141672795.264
12205,13460,1338551.0,65646.0,22.3146,29869230.144599997
12205,15686,4356301.0,219657.0,31.0464,135247463.3664
12205,11189,615439.0,33388.0,80.53,49561302.67
12205,10326,9334102.0,455798.0,31.0464,289790264.3328
12205,10269,566283.0,30956.0,13.579999999999998,7690123.139999999
12205,17464,6489530.0,324908.0,31.0464,201476544.192
12205,19273,597210.0,35745.0,74.7054,44614811.934
12205,13840,1509064.0,81355.0,22.3146,33674159.5344
12205,14704,1857278.0,89342.0,22.3146,41444415.6588
12205,19239,1277839.0,66047.0,22.3146,28514466.1494
12205,19502,1291475.0,67069.0,22.3146,28818748.034999996
12205,17504,5842017.0,296071.0,31.0464,181373596.58879998
12205,18110,842728.0,43840.0,33.0,27810024.0
12205,11163,2469670.0,123442.0,31.0464,76674362.688
12205,12633,8601566.0,422643.0,31.0464,267047658.66239998
12205,16339,5046749.0,260244.0,31.0464,156683388.15359998
12205,13989,2109097.0,106833.0,31.0464,65479869.1008
12205,18149,842932.0,43764.0,33.0,27816756.0
12205,10177,7948770.0,392027.0,31.0464,246780692.92799997
12205,12270,2156413.0,111993.0,31.0464,66948860.5632
12205,13100,2771108.0,133102.0,31.0464,86032927.4112
12205,17781,1236557.0,63459.0,22.3146,27593274.8322
12205,19971,3562529.0,179128.0,31.0464,110603700.3456
12205,16887,3930752.0,197942.0,31.0464,122035698.89279999
12205,10985,1793333.0,86821.0,22.3146,40017508.561799996
12205,15976,3758353.0,177119.0,31.0464,116683330.5792
18941,12652,1155045.0,58818.0,49.0,56597205.0
18941,15008,1204150.0,60899.0,49.0,59003350.0
18941,11112,1204103.0,61397.0,49.0,59001047.0
18941,16325,1226268.0,62223.0,49.0,60087132.0
18941,11561,889780.0,44111.0,37.099999999999994,33010837.999999996
18941,18441,1224563.0,62157.0,49.0,60003587.0
18941,16117,1344964.0,67166.0,49.0,65903236.0
18941,11209,1225770.0,62176.0,49.0,60062730.0
18941,15891,1190769.0,60609.0,49.0,58347681.0
18941,18812,1233762.0,62399.0,49.0,60454338.0
18941,19915,1996319.0,104500.0,49.0,97819631.0
18941,17282,1235389.0,62743.0,49.0,60534061.0
18941,11147,1386193.0,71733.0,49.0,67923457.0
18941,13417,1222901.0,61639.0,49.0,59922149.0
18941,12940,1194001.0,62419.0,49.0,58506049.0
18941,12352,2128730.0,109678.0,49.0,104307770.0
18941,17522,562920.0,28448.0,37.099999999999994,20884331.999999996
18941,14234,1697549.0,80578.0,49.0,83179901.0
18941,19300,1182461.0,60353.0,49.0,57940589.0
18941,18542,1198679.0,61056.0,49.0,58735271.0
18941,16855,558678.0,28195.0,73.7352,41194234.0656
18941,13694,1881893.0,88850.0,49.0,92212757.0
18941,12205,1841314.0,94416.0,49.0,90224386.0
18941,18941,0.0,0.0,29.7,0.0
18941,10748,1195256.0,61448.0,49.0,58567544.0
18941,10705,1151898.0,60173.0,49.0,56443002.0
18941,15483,1863631.0,88314.0,49.0,91317919.0
18941,13088,2134653.0,109865.0,49.0,104597997.0
18941,13917,738045.0,38792.0,37.099999999999994,27381469.499999996
18941,16236,1143945.0,58770.0,49.0,56053305.0
18941,13073,1131449.0,57969.0,49.0,55441001.0
18941,13636,1258753.0,62839.0,49.0,61678897.0
18941,18411,960107.0,47686.0,49.0,47045243.0
18941,10916,2118442.0,107371.0,49.0,103803658.0
18941,15270,2228594.0,114350.0,49.0,109201106.0
18941,13509,1259242.0,62962.0,49.0,61702858.0
18941,11200,1045208.0,56447.0,49.0,51215192.0
18941,12616,558483.0,28073.0,73.7352,41179855.7016
18941,12868,1932652.0,96858.0,49.0,94699948.0
18941,13555,562497.0,29069.0,37.099999999999994,20868638.699999996
18941,14736,1866074.0,95752.0,49.0,91437626.0
18941,17516,78447.0,4686.0,29.7,2329875.9
18941,15183,2015278.0,107453.0,49.0,98748622.0
18941,13563,2386769.0,120726.0,49.0,116951681.0
18941,15077,599175.0,31734.0,37.099999999999994,22229392.499999996
18941,11466,1685877.0,84622.0,49.0,82607973.0
18941,15378,1333305.0,69659.0,49.0,65331945.0
18941,18827,425571.0,22698.0,56.26,23942624.46
18941,16028,722620.0,38862.0,37.099999999999994,26809201.999999996
18941,15601,221189.0,12657.0,29.7,6569313.3
18941,15264,426519.0,23759.0,56.26,23995958.939999998
18941,19333,1153158.0,64545.0,49.0,56504742.0
18941,19880,2519907.0,116759.0,49.0,123475443.0
18941,14519,1241177.0,62748.0,49.0,60817673.0
18941,12369,2158437.0,114952.0,49.0,105763413.0
18941,10044,572382.0,28896.0,37.099999999999994,21235372.199999996
18941,19147,2558984.0,136766.0,49.0,125390216.0
18941,18448,3940695.0,199791.0,49.0,193094055.0
18941,17010,3224805.0,146562.0,49.0,158015445.0
18941,17738,1417354.0,74411.0,49.0,69450346.0
18941,10955,1841217.0,94373.0,49.0,90219633.0
18941,18219,1021016.0,52038.0,49.0,50029784.0
18941,11853,1189229.0,62294.0,49.0,58272221.0
18941,10657,1360935.0,67894.0,49.0,66685815.0
18941,10568,601196.0,31541.0,37.099999999999994,22304371.599999998
18941,10867,2215471.0,114193.0,49.0,108558079.0
18941,19500,1819276.0,95326.0,49.0,89144524.0
18941,13165,762793.0,38805.0,37.099999999999994,28299620.299999997
18941,11022,1592855.0,82251.0,49.0,78049895.0
18941,19430,2262801.0,109742.0,49.0,110877249.0
18941,15241,1807051.0,94350.0,49.0,88545499.0
18941,16683,798305.0,41957.0,37.099999999999994,29617115.499999996
18941,12216,380130.0,20507.0,56.26,21386113.8
18941,10301,1971270.0,100743.0,49.0,96592230.0
18941,12355,3195355.0,145887.0,49.0,156572395.0
18941,14257,7139176.0,349171.0,49.0,349819624.0
18941,10963,2378098.0,120500.0,49.0,116526802.0
18941,16193,2224896.0,108066.0,49.0,109019904.0
18941,16962,1841476.0,94406.0,49.0,90232324.0
18941,15724,1282330.0,71090.0,49.0,62834170.0
18941,17789,1214518.0,61840.0,49.0,59511382.0
18941,14278,1397214.0,72999.0,49.0,68463486.0
18941,19846,2398366.0,118023.0,49.0,117519934.0
18941,11261,270375.0,14322.0,29.7,8030137.5
18941,17223,997999.0,51285.0,49.0,48901951.0
18941,12562,2162666.0,115181.0,49.0,105970634.0
18941,13170,1234425.0,61965.0,49.0,60486825.0
18941,13489,1220230.0,61917.0,49.0,59791270.0
18941,13582,1634703.0,85825.0,49.0,80100447.0
18941,14358,2902863.0,146945.0,49.0,142240287.0
18941,16108,2481892.0,125439.0,49.0,121612708.0
18941,10796,837080.0,42153.0,37.099999999999994,31055667.999999996
18941,18799,377591.0,20358.0,56.26,21243269.66
18941,10375,2456265.0,127570.0,49.0,120356985.0
18941,13665,1480799.0,75344.0,49.0,72559151.0
18941,15185,1893115.0,94818.0,49.0,92762635.0
18941,13454,1459850.0,85615.0,49.0,71532650.0
18941,14053,1010599.0,51722.0,49.0,49519351.0
18941,10901,1378520.0,71209.0,49.0,67547480.0
18941,15948,1598209.0,81604.0,49.0,78312241.0
18941,12973,988663.0,50697.0,49.0,48444487.0
18941,12746,1231517.0,62163.0,49.0,60344333.0
18941,11181,1399883.0,70552.0,49.0,68594267.0
18941,19143,609355.0,31694.0,37.099999999999994,22607070.499999996
18941,19785,1521242.0,79590.0,49.0,74540858.0
18941,13237,1237148.0,62967.0,49.0,60620252.0
18941,15651,2125491.0,108014.0,49.0,104149059.0
18941,15848,2129774.0,107485.0,49.0,104358926.0
18941,11455,1699890.0,87616.0,49.0,83294610.0
18941,14425,777294.0,43206.0,37.099999999999994,28837607.399999995
18941,17752,2893676.0,146181.0,49.0,141790124.0
18941,14060,1143941.0,58769.0,49.0,56053109.0
18941,10316,560862.0,29391.0,37.099999999999994,20807980.199999996
18941,19134,3098590.0,158040.0,49.0,151830910.0
18941,13460,1123381.0,60700.0,49.0,55045669.0
18941,15686,2891631.0,146085.0,49.0,141689919.0
18941,11189,2456278.0,127573.0,49.0,120357622.0
18941,10326,7869432.0,382226.0,49.0,385602168.0
18941,10269,2399741.0,123987.0,49.0,117587309.0
18941,17464,5024860.0,251335.0,49.0,246218140.0
18941,19273,1657030.0,86895.0,49.0,81194470.0
18941,13840,1293525.0,70009.0,49.0,63382725.0
18941,14704,2194838.0,106879.0,49.0,107547062.0
18941,19239,554672.0,28559.0,73.7352,40898850.8544
18941,19502,598694.0,31619.0,37.099999999999994,22211547.399999995
18941,17504,4377347.0,222499.0,49.0,214490003.0
18941,18110,997776.0,51246.0,49.0,48891024.0
18941,11163,697794.0,36095.0,37.099999999999994,25888157.399999995
18941,12633,7136896.0,349071.0,49.0,349707904.0
18941,16339,3582079.0,186672.0,49.0,175521871.0
18941,13989,764536.0,39133.0,37.099999999999994,28364285.599999994
18941,18149,1012766.0,52028.0,49.0,49625534.0
18941,10177,6484100.0,318454.0,49.0,317720900.0
18941,12270,832242.0,43566.0,37.099999999999994,30876178.199999996
18941,13100,2320802.0,124484.0,49.0,113719298.0
18941,17781,601737.0,31606.0,37.099999999999994,22324442.699999996
18941,19971,1986877.0,100292.0,49.0,97356973.0
18941,16887,2466082.0,124369.0,49.0,120838018.0
18941,10985,1989544.0,96618.0,49.0,97487656.0
18941,15976,3045604.0,140005.0,49.0,149234596.0
10748,12652,76640.0,4553.0,130.0,9963200.0
10748,15008,72833.0,3919.0,57.4,4180614.1999999997
10748,11112,47990.0,2946.0,73.416,3523233.84
10748,16325,74592.0,3688.0,130.0,9696960.0
10748,11561,2003199.0,96735.0,87.0,174278313.0
10748,18441,72887.0,3621.0,57.4,4183713.8
10748,16117,189943.0,9117.0,116.0,22033388.0
10748,11209,74093.0,3641.0,151.0,11188043.0
10748,15891,31543.0,1865.0,91.392,2882777.8559999997
10748,18812,43614.0,2474.0,70.69999999999999,3083509.7999999993
10748,19915,1472814.0,70732.0,87.0,128134818.0
10748,17282,55627.0,3099.0,68.03999999999999,3784861.0799999996
10748,11147,999610.0,50075.0,87.0,86966070.0
10748,13417,89641.0,4510.0,53.199999999999996,4768901.199999999
10748,12940,505370.0,25636.0,100.0,50537000.0
10748,12352,1382252.0,67122.0,87.0,120255924.0
10748,17522,1676339.0,81072.0,87.0,145841493.0
10748,14234,2810968.0,133203.0,87.0,244554216.0
10748,19300,45873.0,2468.0,73.416,3367812.168
10748,18542,56955.0,2955.0,47.663,2714646.165
10748,16855,1672096.0,80819.0,87.0,145472352.0
10748,13694,691746.0,28925.0,100.0,69174600.0
10748,12205,1094836.0,51860.0,87.0,95250732.0
10748,18941,1199479.0,61837.0,87.0,104354673.0
10748,10748,0.0,0.0,91.392,0.0
10748,10705,209797.0,11361.0,45.5,9545763.5
10748,15483,673483.0,28389.0,100.0,67348300.0
10748,13088,1388175.0,67309.0,87.0,120771225.0
10748,13917,1506107.0,74786.0,87.0,131031309.0
10748,16236,58024.0,3333.0,47.663,2765597.912
10748,13073,72337.0,3974.0,57.4,4152143.8
10748,13636,103732.0,4790.0,42.699999999999996,4429356.399999999
10748,18411,657794.0,35107.0,100.0,65779400.0
10748,10916,3231860.0,159995.0,87.0,281171820.0
10748,15270,1844716.0,92880.0,87.0,160490292.0
10748,13509,104222.0,4913.0,42.699999999999996,4450279.399999999
10748,11200,309918.0,17088.0,40.068,12417794.423999999
10748,12616,1671902.0,80697.0,87.0,145455474.0
10748,12868,749811.0,36416.0,100.0,74981100.0
10748,13555,1078108.0,53254.0,87.0,93795396.0
10748,14736,688153.0,36705.0,100.0,68815300.0
10748,17516,1213245.0,62306.0,87.0,105552315.0
10748,15183,1608968.0,77779.0,87.0,139980216.0
10748,13563,3500187.0,173350.0,87.0,304516269.0
10748,15077,839841.0,42518.0,87.0,73066167.0
10748,11466,2799296.0,137246.0,87.0,243538752.0
10748,15378,481348.0,23017.0,100.0,48134800.0
10748,18827,821639.0,42173.0,87.0,71482593.0
10748,16028,1673908.0,85459.0,87.0,145629996.0
10748,15601,1047463.0,53859.0,87.0,91129281.0
10748,15264,937186.0,49932.0,87.0,81535182.0
10748,19333,457702.0,25457.0,100.0,45770200.0
10748,19880,3287969.0,152753.0,87.0,286053303.0
10748,14519,50797.0,2860.0,102.0,5181294.0
10748,12369,1793258.0,86349.0,87.0,156013446.0
10748,10044,1685801.0,81520.0,87.0,146664687.0
10748,19147,1923724.0,94236.0,87.0,167363988.0
10748,18448,5054114.0,252415.0,87.0,439707918.0
10748,17010,3992867.0,182556.0,87.0,347379429.0
10748,17738,537873.0,25400.0,100.0,53787300.0
10748,10955,1094740.0,51817.0,87.0,95242380.0
10748,18219,178898.0,9991.0,116.0,20752168.0
10748,11853,488789.0,24577.0,100.0,48878900.0
10748,10657,170787.0,7969.0,116.0,19811292.0
10748,10568,1116806.0,55726.0,87.0,97162122.0
10748,10867,1831594.0,92724.0,87.0,159348678.0
10748,19500,1435398.0,73856.0,87.0,124879626.0
10748,13165,1749940.0,87396.0,87.0,152244780.0
10748,11022,410014.0,21809.0,100.0,41001400.0
10748,19430,1079960.0,49300.0,87.0,93956520.0
10748,15241,1423174.0,72881.0,87.0,123816138.0
10748,16683,452007.0,24161.0,100.0,45200700.0
10748,12216,1331418.0,67104.0,87.0,115833366.0
10748,10301,1224792.0,58187.0,87.0,106556904.0
10748,12355,3963416.0,181880.0,87.0,344817192.0
10748,14257,8252594.0,401795.0,87.0,717975678.0
10748,10963,3491517.0,173125.0,87.0,303761979.0
10748,16193,3338315.0,160690.0,87.0,290433405.0
10748,16962,1094999.0,51850.0,87.0,95264913.0
10748,15724,490503.0,28736.0,100.0,49050300.0
10748,17789,62842.0,3304.0,57.4,3607130.8
10748,14278,548896.0,25886.0,100.0,54889600.0
10748,19846,3511785.0,170647.0,87.0,305525295.0
10748,11261,1471404.0,75543.0,87.0,128012148.0
10748,17223,894116.0,47591.0,87.0,77788092.0
10748,12562,1790208.0,86465.0,87.0,155748096.0
10748,13170,84638.0,4038.0,130.0,11002940.0
10748,13489,68554.0,3382.0,57.4,3934999.6
10748,13582,559313.0,29324.0,100.0,55931300.0
10748,14358,4016281.0,199569.0,87.0,349416447.0
10748,16108,3595311.0,178063.0,87.0,312792057.0
10748,10796,783999.0,40888.0,87.0,68207913.0
10748,18799,1328879.0,66956.0,87.0,115612473.0
10748,10375,1709787.0,85014.0,87.0,148751469.0
10748,13665,2594218.0,127968.0,87.0,225696966.0
10748,15185,3006533.0,147442.0,87.0,261568371.0
10748,13454,1224011.0,65427.0,87.0,106488957.0
10748,14053,202345.0,10957.0,45.5,9206697.5
10748,10901,999025.0,50373.0,87.0,86915175.0
10748,15948,420288.0,22558.0,100.0,42028800.0
10748,12973,1756725.0,86690.0,87.0,152835075.0
10748,12746,41369.0,2238.0,70.69999999999999,2924788.2999999993
10748,11181,210267.0,11541.0,45.5,9567148.5
10748,19143,1789907.0,86855.0,87.0,155721909.0
10748,19785,660850.0,31927.0,100.0,66085000.0
10748,13237,56302.0,3159.0,68.03999999999999,3830788.0799999996
10748,15651,3238910.0,160638.0,87.0,281785170.0
10748,15848,3243192.0,160109.0,87.0,282157704.0
10748,11455,517049.0,27174.0,100.0,51704900.0
10748,14425,1386428.0,71283.0,87.0,120619236.0
10748,17752,4007094.0,198805.0,87.0,348617178.0
10748,14060,58021.0,3332.0,47.663,2765454.923
10748,10316,684551.0,35979.0,100.0,68455100.0
10748,19134,4212008.0,210664.0,87.0,366444696.0
10748,13460,270802.0,15277.0,40.068,10850494.536
10748,15686,4005049.0,198709.0,87.0,348439263.0
10748,11189,1709800.0,85017.0,87.0,148752600.0
10748,10326,8982851.0,434850.0,87.0,781508037.0
10748,10269,1653263.0,81431.0,87.0,143833881.0
10748,17464,6138279.0,303960.0,87.0,534030273.0
10748,19273,709583.0,37738.0,100.0,70958300.0
10748,13840,1774239.0,95570.0,87.0,154358793.0
10748,14704,1011997.0,46437.0,87.0,88043739.0
10748,19239,1034691.0,52874.0,87.0,90018117.0
10748,19502,839359.0,42402.0,87.0,73024233.0
10748,17504,5490765.0,275123.0,87.0,477696555.0
10748,18110,893893.0,47553.0,87.0,77768691.0
10748,11163,2007436.0,97230.0,87.0,174646932.0
10748,12633,8250314.0,401695.0,87.0,717777318.0
10748,16339,4695498.0,239296.0,87.0,408508326.0
10748,13989,1744555.0,87151.0,87.0,151776285.0
10748,18149,878514.0,46622.0,87.0,76430718.0
10748,10177,7597519.0,371079.0,87.0,660984153.0
10748,12270,1311821.0,68045.0,87.0,114128427.0
10748,13100,1685542.0,81954.0,87.0,146642154.0
10748,17781,1117348.0,55792.0,87.0,97209276.0
10748,19971,3100295.0,152916.0,87.0,269725665.0
10748,16887,3579501.0,176993.0,87.0,311416587.0
10748,10985,799396.0,36693.0,87.0,69547452.0
10748,15976,3813666.0,175998.0,87.0,331788942.0
10705,12652,175247.0,9504.0,119.0,20854393.0
10705,15008,140372.0,7959.0,124.0,17406128.0
10705,11112,192264.0,10190.0,102.0,19610928.0
10705,16325,182968.0,9489.0,102.0,18662736.0
10705,11561,1957101.0,95522.0,82.0,160482282.0
10705,18441,181262.0,9423.0,117.0,21207654.0
10705,16117,194055.0,12507.0,102.0,19793610.0
10705,11209,179066.0,9484.0,117.0,20950722.0
10705,15891,210916.0,11409.0,66.91999999999999,14114498.719999997
10705,18812,246682.0,13070.0,44.8,11051353.6
10705,19915,1329023.0,67174.0,87.0,115625001.0
10705,17282,222800.0,11523.0,112.0,24953600.0
10705,11147,800415.0,41589.0,91.0,72837765.0
10705,13417,158983.0,8762.0,119.0,18918977.0
10705,12940,306175.0,17149.0,65.0,19901375.0
10705,12352,1238462.0,63564.0,93.0,115176966.0
10705,17522,1630241.0,79859.0,86.0,140200726.0
10705,14234,2701561.0,131414.0,87.0,235035807.0
10705,19300,167013.0,9208.0,119.0,19874547.0
10705,18542,185277.0,9726.0,102.0,18898254.0
10705,16855,1625998.0,79607.0,86.0,139835828.0
10705,13694,894813.0,39521.0,115.0,102903495.0
10705,12205,951046.0,48302.0,107.0,101761922.0
10705,18941,1153381.0,60624.0,95.0,109571195.0
10705,10748,205654.0,11133.0,66.91999999999999,13762365.679999998
10705,10705,0.0,0.0,124.0,0.0
10705,15483,876551.0,38985.0,115.0,100803365.0
10705,13088,1244384.0,63750.0,93.0,115727712.0
10705,13917,1286198.0,65767.0,87.0,111899226.0
10705,16236,188611.0,10583.0,102.0,19238322.0
10705,13073,191231.0,9826.0,102.0,19505562.0
10705,13636,194835.0,9962.0,102.0,19873170.0
10705,18411,451709.0,24490.0,46.9,21185152.099999998
10705,10916,3164615.0,158635.0,87.0,275321505.0
10705,15270,1645521.0,84393.0,86.0,141514806.0
10705,13509,195324.0,10084.0,102.0,19923048.0
10705,11200,359415.0,20079.0,39.199999999999996,14089067.999999998
10705,12616,1625804.0,79485.0,86.0,139819144.0
10705,12868,916123.0,44829.0,115.0,105354145.0
10705,13555,859802.0,43783.0,95.0,81681190.0
10705,14736,802156.0,42874.0,91.0,72996196.0
10705,17516,1167147.0,61093.0,95.0,110878965.0
10705,15183,1465177.0,74221.0,87.0,127470399.0
10705,13563,3432942.0,171990.0,87.0,298665954.0
10705,15077,709911.0,37530.0,91.0,64601901.0
10705,11466,2753198.0,136033.0,87.0,239528226.0
10705,15378,286125.0,16326.0,80.0,22890000.0
10705,18827,775541.0,40960.0,91.0,70574231.0
10705,16028,1629681.0,82771.0,86.0,140152566.0
10705,15601,1001365.0,52647.0,107.0,107146055.0
10705,15264,1025295.0,54481.0,107.0,109706565.0
10705,19333,646153.0,34487.0,91.0,58799923.0
10705,19880,3068059.0,143734.0,87.0,266921133.0
10705,14519,253865.0,13456.0,51.099999999999994,12972501.499999998
10705,12369,1649468.0,82791.0,86.0,141854248.0
10705,10044,1639703.0,80307.0,86.0,141014458.0
10705,19147,2126791.0,104833.0,87.0,185030817.0
10705,18448,4986868.0,251056.0,90.0,448818120.0
10705,17010,3772958.0,173537.0,87.0,328247346.0
10705,17738,394082.0,21842.0,39.199999999999996,15448014.399999999
10705,10955,950949.0,48258.0,107.0,101751543.0
10705,18219,284439.0,14917.0,80.0,22755120.0
10705,11853,289594.0,16090.0,80.0,23167520.0
10705,10657,373855.0,18565.0,39.199999999999996,14655115.999999998
10705,10568,898501.0,46255.0,115.0,103327615.0
10705,10867,1632398.0,84237.0,86.0,140386228.0
10705,19500,1236203.0,65369.0,93.0,114966879.0
10705,13165,1695985.0,84771.0,82.0,139070770.0
10705,11022,576326.0,30222.0,46.9,27029689.4
10705,19430,1246272.0,57713.0,93.0,115903296.0
10705,15241,1223978.0,64394.0,93.0,113829954.0
10705,16683,428756.0,24654.0,39.199999999999996,16807235.2
10705,12216,1287191.0,64416.0,87.0,111985617.0
10705,10301,1081001.0,54629.0,95.0,102695095.0
10705,12355,3743507.0,172861.0,87.0,325685109.0
10705,14257,8185349.0,400436.0,90.0,736681410.0
10705,10963,3424271.0,171765.0,87.0,297911577.0
10705,16193,3271069.0,159330.0,87.0,284583003.0
10705,16962,951208.0,48292.0,107.0,101779256.0
10705,15724,678954.0,37766.0,91.0,61784814.0
10705,17789,193080.0,10053.0,102.0,19694160.0
10705,14278,405105.0,22328.0,39.199999999999996,15880115.999999998
10705,19846,3444539.0,169288.0,87.0,299674893.0
10705,11261,1425306.0,74330.0,87.0,124001622.0
10705,17223,683632.0,37075.0,91.0,62210512.0
10705,12562,1646418.0,82907.0,86.0,141591948.0
10705,13170,170507.0,9088.0,119.0,20290333.0
10705,13489,184404.0,9554.0,102.0,18809208.0
10705,13582,504654.0,29963.0,46.9,23668272.599999998
10705,14358,3949036.0,198210.0,87.0,343566132.0
10705,16108,3528065.0,176704.0,87.0,306941655.0
10705,10796,577914.0,30271.0,46.9,27104166.599999998
10705,18799,1284652.0,64267.0,87.0,111764724.0
10705,10375,1565997.0,81456.0,86.0,134675742.0
10705,13665,2526972.0,126609.0,87.0,219846564.0
10705,15185,2960435.0,146229.0,87.0,257557845.0
10705,13454,1412462.0,74457.0,87.0,122884194.0
10705,14053,255612.0,14482.0,51.099999999999994,13061773.2
10705,10901,799830.0,41886.0,91.0,72784530.0
10705,15948,534291.0,28727.0,46.9,25058247.9
10705,12973,1536815.0,77671.0,86.0,132166090.0
10705,12746,244437.0,12834.0,44.8,10950777.6
10705,11181,269452.0,15901.0,51.099999999999994,13768997.2
10705,19143,1743809.0,85642.0,82.0,142992338.0
10705,19785,517060.0,28369.0,46.9,24250114.0
10705,13237,229530.0,11696.0,112.0,25707360.0
10705,15651,3171664.0,159279.0,87.0,275934768.0
10705,15848,3175947.0,158750.0,87.0,276307389.0
10705,11455,683361.0,35587.0,91.0,62185851.0
10705,14425,1104543.0,61648.0,95.0,104931585.0
10705,17752,3939849.0,197445.0,87.0,342766863.0
10705,14060,188607.0,10583.0,102.0,19237914.0
10705,10316,681707.0,36446.0,91.0,62035337.0
10705,19134,4144763.0,209305.0,87.0,360594381.0
10705,13460,459253.0,24307.0,46.9,21538965.7
10705,15686,3937804.0,197350.0,87.0,342588948.0
10705,11189,1566009.0,81459.0,86.0,134676774.0
10705,10326,8915605.0,433491.0,90.0,802404450.0
10705,10269,1509472.0,77873.0,87.0,131324064.0
10705,17464,6071033.0,302600.0,90.0,546392970.0
10705,19273,652848.0,35673.0,91.0,59409168.0
10705,13840,1564219.0,85108.0,86.0,134522834.0
10705,14704,1178309.0,54850.0,95.0,111939355.0
10705,19239,861906.0,43751.0,95.0,81881070.0
10705,19502,709430.0,37414.0,91.0,64558130.0
10705,17504,5423520.0,273764.0,90.0,488116800.0
10705,18110,683409.0,37036.0,91.0,62190219.0
10705,11163,1961338.0,96017.0,82.0,160829716.0
10705,12633,8183069.0,400335.0,90.0,736476210.0
10705,16339,4628252.0,237936.0,90.0,416542680.0
10705,13989,1690600.0,84526.0,82.0,138629200.0
10705,18149,668030.0,36106.0,91.0,60790730.0
10705,10177,7530273.0,369719.0,90.0,677724570.0
10705,12270,1399929.0,72594.0,87.0,121793823.0
10705,13100,1888609.0,92550.0,82.0,154865938.0
10705,17781,899042.0,46321.0,115.0,103389830.0
10705,19971,3054197.0,151703.0,87.0,265715139.0
10705,16887,3512255.0,175634.0,87.0,305566185.0
10705,10985,937046.0,47015.0,107.0,100263922.0
10705,15976,3593756.0,166979.0,87.0,312656772.0
15483,12652,764011.0,32487.0,42.2,32241264.200000003
15483,15008,745826.0,31910.0,45.96,34278162.96
15483,11112,715659.0,30502.0,45.96,32891687.64
15483,16325,736968.0,31189.0,45.96,33871049.28
15483,11561,2672998.0,123782.0,36.8676,98547021.06480001
15483,18441,735263.0,31122.0,45.96,33792687.480000004
15483,16117,852319.0,36617.0,31.36,26728723.84
15483,11209,736470.0,31141.0,45.96,33848161.2
15483,15891,704536.0,29856.0,45.96,32380474.560000002
15483,18812,639727.0,27038.0,35.0,22390445.0
15483,19915,2136580.0,98301.0,36.8676,78770576.80800001
15483,17282,718004.0,30600.0,45.96,32999463.84
15483,11147,1663376.0,77644.0,36.8676,61324681.01760001
15483,13417,753407.0,32078.0,33.32,25103521.24
15483,12940,1169136.0,53204.0,36.8676,43103238.3936
15483,12352,2046018.0,94691.0,36.8676,75431773.2168
15483,17522,2346138.0,108119.0,36.8676,86496477.32880001
15483,14234,3480767.0,160250.0,36.8676,128327525.4492
15483,19300,718866.0,30459.0,45.96,33039081.36
15483,18542,721801.0,30550.0,45.96,33173973.96
15483,16855,2341896.0,107866.0,36.8676,86340084.9696
15483,13694,20692.0,1335.0,233.12,4823719.04
15483,12205,1758602.0,79429.0,36.8676,64835435.0952
15483,18941,1869278.0,88884.0,36.8676,68915793.5928
15483,10748,679405.0,28721.0,45.96,31225453.8
15483,10705,882790.0,39352.0,46.53,41076218.7
15483,15483,0.0,0.0,202.29999999999998,0.0
15483,13088,2051941.0,94877.0,36.8676,75650140.0116
15483,13917,2175907.0,101833.0,36.8676,80220468.9132
15483,16236,731017.0,31324.0,45.96,33597541.32
15483,13073,753529.0,31627.0,33.32,25107586.28
15483,13636,766109.0,32291.0,42.2,32329799.8
15483,18411,1330788.0,63098.0,36.8676,49062959.668800004
15483,10916,3901659.0,187042.0,36.8676,143844803.34840003
15483,15270,2508482.0,120448.0,36.8676,92481710.98320001
15483,13509,766598.0,32414.0,42.2,32350435.6
15483,11200,926323.0,43603.0,36.8676,34151305.834800005
15483,12616,2341701.0,107745.0,36.8676,86332895.78760001
15483,12868,931916.0,46202.0,36.8676,34357506.321600005
15483,13555,1747907.0,80301.0,36.8676,64441136.11320001
15483,14736,953804.0,50960.0,36.8676,35164464.3504
15483,17516,1883044.0,89353.0,36.8676,69423312.9744
15483,15183,2272734.0,105348.0,36.8676,83790248.01840001
15483,13563,4169986.0,200397.0,36.8676,153737375.85360003
15483,15077,1509640.0,69565.0,36.8676,55656803.664000005
15483,11466,3469095.0,164293.0,36.8676,127897206.82200001
15483,15378,1145114.0,50585.0,36.8676,42217604.9064
15483,18827,1491438.0,69220.0,36.8676,54985739.6088
15483,16028,2343707.0,112506.0,36.8676,86406852.1932
15483,15601,1717262.0,80906.0,36.8676,63311328.5112
15483,15264,1510949.0,74405.0,36.8676,55705063.352400005
15483,19333,657973.0,34312.0,45.96,30240439.080000002
15483,19880,3957768.0,179800.0,36.8676,145913407.51680002
15483,14519,639433.0,27246.0,47.0,30053351.0
15483,12369,2457024.0,113918.0,36.8676,90584578.0224
15483,10044,2355600.0,108567.0,36.8676,86845318.56
15483,19147,1345037.0,69065.0,36.8676,49588286.10120001
15483,18448,5723913.0,279463.0,36.8676,211026934.91880003
15483,17010,4662666.0,209603.0,36.8676,171901305.0216
15483,17738,1201639.0,52969.0,36.8676,44301545.996400006
15483,10955,1758505.0,79385.0,36.8676,64831858.93800001
15483,18219,848697.0,37038.0,31.36,26615137.919999998
15483,11853,1152555.0,52145.0,36.8676,42491936.718
15483,10657,511004.0,22381.0,47.0,24017188.0
15483,10568,1786606.0,82773.0,36.8676,65867875.365600005
15483,10867,2495360.0,120292.0,36.8676,91997934.33600001
15483,19500,2099164.0,101424.0,36.8676,77391138.68640001
15483,13165,2419739.0,114444.0,36.8676,89209969.5564
15483,11022,703002.0,38671.0,45.96,32309971.92
15483,19430,1084598.0,58967.0,36.8676,39986525.224800006
15483,15241,2086940.0,100449.0,36.8676,76940469.14400001
15483,16683,1121806.0,51208.0,36.8676,41358294.8856
15483,12216,2001217.0,94151.0,36.8676,73780067.8692
15483,10301,1888558.0,85756.0,36.8676,69626600.9208
15483,12355,4633216.0,208927.0,36.8676,170815554.20160002
15483,14257,8922394.0,428842.0,36.8676,328947253.03440005
15483,10963,4161316.0,200172.0,36.8676,153417733.76160002
15483,16193,4008114.0,187737.0,36.8676,147769543.7064
15483,16962,1758765.0,79419.0,36.8676,64841444.514000006
15483,15724,541387.0,28324.0,47.0,25445189.0
15483,17789,725218.0,30805.0,45.96,33331019.28
15483,14278,1212662.0,53454.0,36.8676,44707937.5512
15483,19846,4181584.0,197695.0,36.8676,154164966.2784
15483,11261,2007006.0,100408.0,36.8676,73993494.40560001
15483,17223,1557882.0,75160.0,36.8676,57435370.423200004
15483,12562,2453974.0,114034.0,36.8676,90472131.84240001
15483,13170,747015.0,31539.0,45.96,34332809.4
15483,13489,730930.0,30883.0,45.96,33593542.8
15483,13582,1221689.0,56825.0,36.8676,45040741.3764
15483,14358,4686080.0,226617.0,36.8676,172764523.00800002
15483,16108,4265110.0,205110.0,36.8676,157244369.43600002
15483,10796,1456992.0,68879.0,36.8676,53715798.25920001
15483,18799,1998678.0,94003.0,36.8676,73686461.0328
15483,10375,2373553.0,112583.0,36.8676,87507202.5828
15483,13665,3264017.0,155016.0,36.8676,120336473.1492
15483,15185,3676332.0,174489.0,36.8676,135537537.6432
15483,13454,1156017.0,63964.0,36.8676,42619572.3492
15483,14053,872144.0,38004.0,46.53,40580860.32
15483,10901,1662791.0,77941.0,36.8676,61303113.4716
15483,15948,1028050.0,49776.0,36.8676,37901736.18
15483,12973,2426524.0,113737.0,36.8676,89460116.22240001
15483,12746,639158.0,26877.0,47.0,30040426.0
15483,11181,849985.0,38821.0,31.36,26655529.599999998
15483,19143,2459706.0,113902.0,36.8676,90683456.9256
15483,19785,1324616.0,59496.0,36.8676,48835412.8416
15483,13237,718678.0,30659.0,45.96,33030440.88
15483,15651,3908709.0,187685.0,36.8676,144104719.9284
15483,15848,3912991.0,187156.0,36.8676,144262586.9916
15483,11455,699036.0,36948.0,45.96,32127694.560000002
15483,14425,2056227.0,98330.0,36.8676,75808154.5452
15483,17752,4676893.0,225852.0,36.8676,172425820.3668
15483,14060,731014.0,31323.0,45.96,33597403.44
15483,10316,1354350.0,63026.0,36.8676,49931634.06
15483,19134,4881807.0,237712.0,36.8676,179980507.75320002
15483,13460,821365.0,38120.0,31.36,25758006.4
15483,15686,4674848.0,225757.0,36.8676,172350426.12480003
15483,11189,2373566.0,112586.0,36.8676,87507681.86160001
15483,10326,9652650.0,461897.0,36.8676,355870039.14000005
15483,10269,2317029.0,109000.0,36.8676,85423298.3604
15483,17464,6808078.0,331007.0,36.8676,250997496.47280002
15483,19273,1371960.0,65239.0,36.8676,50580872.49600001
15483,13840,2438005.0,123139.0,36.8676,89883393.13800001
15483,14704,933588.0,49834.0,36.8676,34419148.948800005
15483,19239,1704490.0,79921.0,36.8676,62840455.524000004
15483,19502,1509159.0,69449.0,36.8676,55639070.348400004
15483,17504,6160564.0,302170.0,36.8676,227125209.3264
15483,18110,1557659.0,75121.0,36.8676,57427148.948400006
15483,11163,2434426.0,122181.0,36.8676,89751443.9976
15483,12633,8920114.0,428742.0,36.8676,328863194.9064
15483,16339,5365297.0,266343.0,36.8676,197805623.67720002
15483,13989,2414355.0,114198.0,36.8676,89011474.398
15483,18149,1542280.0,74191.0,36.8676,56860162.128000006
15483,10177,8267318.0,398126.0,36.8676,304796173.0968
15483,12270,1513686.0,80029.0,36.8676,55805969.97360001
15483,13100,1106855.0,56782.0,36.8676,40807087.398
15483,17781,1787147.0,82839.0,36.8676,65887820.73720001
15483,19971,3770094.0,179963.0,36.8676,138994317.5544
15483,16887,4249300.0,204041.0,36.8676,156661492.68
15483,10985,285251.0,15823.0,233.12,66497713.120000005
15483,15976,4483465.0,203045.0,36.8676,165294594.23400003
13088,12652,1394567.0,67589.0,46.0,64150082.0
13088,15008,1337670.0,65853.0,46.0,61532820.0
13088,11112,1341934.0,65293.0,46.0,61728964.0
13088,16325,1332988.0,64725.0,46.0,61317448.0
13088,11561,2758816.0,138243.0,65.0,179323040.0
13088,18441,1331283.0,64658.0,46.0,61239018.0
13088,16117,1224805.0,61688.0,41.41,50719175.05
13088,11209,1329087.0,64720.0,46.0,61138002.0
13088,15891,1392675.0,67530.0,46.0,64063050.0
13088,18812,1422563.0,68919.0,46.0,65437898.0
13088,19915,293545.0,15885.0,12.224519999999998,3588446.7233999996
13088,17282,1372471.0,66626.0,46.0,63133666.0
13088,11147,753707.0,38650.0,52.0,39192764.0
13088,13417,1303912.0,63515.0,46.0,59979952.0
13088,12940,1037431.0,52565.0,52.0,53946412.0
13088,12352,19328.0,1915.0,155.25,3000672.0
13088,17522,2431956.0,122580.0,65.0,158077140.0
13088,14234,3413442.0,169018.0,65.0,221873730.0
13088,19300,1350910.0,65646.0,46.0,62141860.0
13088,18542,1334948.0,64829.0,46.0,61407608.0
13088,16855,2427714.0,122327.0,65.0,157801410.0
13088,13694,2070694.0,95370.0,65.0,134595110.0
13088,12205,302652.0,16784.0,62.38,18879431.76
13088,18941,2125034.0,109834.0,65.0,138127210.0
13088,10748,1387413.0,67254.0,46.0,63820998.0
13088,10705,1235928.0,63698.0,41.41,51179778.48
13088,15483,2052432.0,94833.0,65.0,133408080.0
13088,13088,0.0,0.0,155.25,0.0
13088,13917,1932226.0,99217.0,65.0,125594690.0
13088,16236,1389750.0,67659.0,46.0,63928500.0
13088,13073,1410551.0,67910.0,46.0,64885346.0
13088,13636,1311297.0,64007.0,46.0,60319662.0
13088,18411,1220371.0,64626.0,41.41,50535563.11
13088,10916,3876495.0,196239.0,65.0,251972175.0
13088,15270,856044.0,41955.0,52.0,44514288.0
13088,13509,1311787.0,64129.0,46.0,60342202.0
13088,11200,1634427.0,80052.0,46.0,75183642.0
13088,12616,2427519.0,122206.0,65.0,157788735.0
13088,12868,1868557.0,93964.0,46.0,85953622.0
13088,13555,1564074.0,81003.0,46.0,71947404.0
13088,14736,1582025.0,80885.0,46.0,72773150.0
13088,17516,2138801.0,110304.0,65.0,139022065.0
13088,15183,429699.0,22932.0,62.38,26804623.62
13088,13563,4144822.0,209594.0,65.0,269413430.0
13088,15077,1585339.0,82482.0,46.0,72925594.0
13088,11466,3554913.0,178754.0,65.0,231069345.0
13088,15378,967993.0,48037.0,52.0,50335636.0
13088,18827,1773060.0,91745.0,46.0,81560760.0
13088,16028,2341561.0,120375.0,65.0,152201465.0
13088,15601,1932300.0,100195.0,65.0,125599500.0
13088,15264,2075162.0,109177.0,65.0,134885530.0
13088,19333,1818834.0,91123.0,46.0,83666364.0
13088,19880,3526039.0,169170.0,65.0,229192535.0
13088,14519,1429746.0,69305.0,46.0,65768316.0
13088,12369,613989.0,31501.0,52.0,31927428.0
13088,10044,2441418.0,123028.0,65.0,158692170.0
13088,19147,3302672.0,160681.0,65.0,214673680.0
13088,18448,5698748.0,288660.0,65.0,370418620.0
13088,17010,4230937.0,198973.0,65.0,275010905.0
13088,17738,862768.0,43154.0,52.0,44863936.0
13088,10955,302555.0,16740.0,62.38,18873380.900000002
13088,18219,1503760.0,73002.0,46.0,69172960.0
13088,11853,1039756.0,52452.0,52.0,54067312.0
13088,10657,1549736.0,74414.0,46.0,71287856.0
13088,10568,1529399.0,78690.0,46.0,70352354.0
13088,10867,863473.0,42267.0,52.0,44900596.0
13088,19500,850537.0,45612.0,52.0,44227924.0
13088,13165,2407865.0,122375.0,65.0,156511225.0
13088,11022,1582318.0,81835.0,46.0,72786628.0
13088,19430,2199042.0,106876.0,65.0,142937730.0
13088,15241,847114.0,45096.0,52.0,44049928.0
13088,16683,1540733.0,81660.0,46.0,70873718.0
13088,12216,1999072.0,102020.0,65.0,129939680.0
13088,10301,185310.0,10222.0,155.25,28769377.5
13088,12355,4201487.0,198298.0,65.0,273096655.0
13088,14257,8897229.0,438040.0,65.0,578319885.0
13088,10963,4136151.0,209369.0,65.0,268849815.0
13088,16193,3982950.0,196934.0,65.0,258891750.0
13088,16962,302814.0,16774.0,62.38,18889537.32
13088,15724,1851636.0,94402.0,46.0,85175256.0
13088,17789,1343101.0,65288.0,46.0,61782646.0
13088,14278,842628.0,41743.0,52.0,43816656.0
13088,19846,4156420.0,206892.0,65.0,270167300.0
13088,11261,2387933.0,121672.0,65.0,155215645.0
13088,17223,1136335.0,59175.0,41.41,47055632.349999994
13088,12562,610939.0,31618.0,52.0,31768828.0
13088,13170,1320515.0,64260.0,46.0,60743690.0
13088,13489,1334424.0,64789.0,46.0,61383504.0
13088,13582,1075788.0,54307.0,41.41,44548381.08
13088,14358,4660916.0,235814.0,65.0,302959540.0
13088,16108,4239946.0,214308.0,65.0,275596490.0
13088,10796,1333024.0,70179.0,46.0,61319104.0
13088,18799,1996532.0,101871.0,65.0,129774580.0
13088,10375,895726.0,48705.0,52.0,46577752.0
13088,13665,3238853.0,164213.0,65.0,210525445.0
13088,15185,3762150.0,188950.0,65.0,244539750.0
13088,13454,2585143.0,131093.0,65.0,168034295.0
13088,14053,1526853.0,73921.0,46.0,70235238.0
13088,10901,758473.0,39021.0,52.0,39440596.0
13088,15948,1337215.0,68132.0,46.0,61511890.0
13088,12973,2013455.0,103431.0,65.0,130874575.0
13088,12746,1420318.0,68682.0,46.0,65334628.0
13088,11181,1287511.0,64048.0,46.0,59225506.0
13088,19143,2545525.0,128363.0,65.0,165459125.0
13088,19785,962326.0,48072.0,52.0,50040952.0
13088,13237,1374230.0,66850.0,46.0,63214580.0
13088,15651,3883544.0,196883.0,65.0,252430360.0
13088,15848,3887827.0,196354.0,65.0,252708755.0
13088,11455,1687849.0,86937.0,46.0,77641054.0
13088,14425,1547269.0,84102.0,46.0,71174374.0
13088,17752,4651729.0,235049.0,65.0,302362385.0
13088,14060,1389746.0,67659.0,46.0,63928316.0
13088,10316,1656009.0,87882.0,46.0,76176414.0
13088,19134,4856643.0,246909.0,65.0,315681795.0
13088,13460,1631934.0,80943.0,46.0,75068964.0
13088,15686,4649684.0,234954.0,65.0,302229460.0
13088,11189,895738.0,48708.0,52.0,46578376.0
13088,10326,9627485.0,471095.0,65.0,625786525.0
13088,10269,293479.0,16471.0,12.224519999999998,3587639.9050799995
13088,17464,6782913.0,340204.0,65.0,440889345.0
13088,19273,890593.0,51041.0,52.0,46310836.0
13088,13840,1256788.0,91577.0,46.0,57812248.0
13088,14704,2150661.0,104638.0,65.0,139792965.0
13088,19239,1571222.0,81344.0,46.0,72276212.0
13088,19502,1584858.0,82366.0,46.0,72903468.0
13088,17504,6135400.0,311368.0,65.0,398801000.0
13088,18110,1136111.0,59136.0,41.41,47046356.51
13088,11163,2763054.0,138738.0,65.0,179598510.0
13088,12633,8894949.0,437939.0,65.0,578171685.0
13088,16339,5340132.0,275540.0,65.0,347108580.0
13088,13989,2402481.0,122130.0,65.0,156161265.0
13088,18149,1136315.0,59061.0,41.41,47054804.15
13088,10177,8242153.0,407323.0,65.0,535739945.0
13088,12270,2449797.0,127289.0,65.0,159236805.0
13088,13100,3064491.0,148399.0,65.0,199191915.0
13088,17781,1529941.0,78756.0,46.0,70377286.0
13088,19971,3855912.0,194424.0,65.0,250634280.0
13088,16887,4224135.0,213238.0,65.0,274568775.0
13088,10985,2086716.0,102117.0,65.0,135636540.0
13088,15976,4051736.0,192416.0,65.0,263362840.0
13917,12652,1464923.0,72013.0,35.0,51272305.0
13917,15008,1422568.0,73038.0,35.0,49789880.0
13917,11112,1513981.0,74592.0,38.5,58288268.5
13917,16325,1465163.0,74568.0,38.5,56408775.5
13917,11561,1138184.0,59311.0,35.0,39836440.0
13917,18441,1463458.0,74501.0,38.5,56343133.0
13917,16117,1480798.0,76946.0,38.5,57010723.0
13917,11209,1461262.0,74563.0,38.5,56258587.0
13917,15891,1500647.0,73803.0,38.5,57774909.5
13917,18812,1543640.0,75594.0,38.5,59430140.0
13917,19915,1814127.0,94023.0,38.5,69843889.5
13917,17282,1545267.0,75938.0,38.5,59492779.5
13917,11147,1204001.0,61256.0,35.0,42140035.0
13917,13417,1441179.0,73841.0,35.0,50441265.0
13917,12940,1128754.0,56793.0,35.0,39506390.0
13917,12352,1946538.0,99201.0,38.5,74941713.0
13917,17522,929514.0,45702.0,35.0,32532990.0
13917,14234,1547633.0,75610.0,38.5,59583870.5
13917,19300,1492339.0,73547.0,38.5,57455051.5
13917,18542,1508557.0,74250.0,38.5,58079444.5
13917,16855,925272.0,45450.0,35.0,32384520.0
13917,13694,2191771.0,102044.0,38.5,84383183.5
13917,12205,1659122.0,83939.0,38.5,63876197.0
13917,18941,747931.0,38894.0,58.21,43537063.51
13917,10748,1505134.0,74643.0,38.5,57947659.0
13917,10705,1284533.0,65665.0,35.0,44958655.0
13917,15483,2173509.0,101508.0,38.5,83680096.5
13917,13088,1952460.0,99387.0,38.5,75169710.0
13917,13917,0.0,0.0,77.0,0.0
13917,16236,1453823.0,71965.0,35.0,50883805.0
13917,13073,1441327.0,71163.0,35.0,50446445.0
13917,13636,1477031.0,75040.0,38.5,56865693.5
13917,18411,835039.0,41376.0,58.21,48607620.19
13917,10916,2180285.0,110943.0,38.5,83940972.5
13917,15270,1796962.0,101145.0,38.5,69183037.0
13917,13509,1477520.0,75163.0,38.5,56884520.0
13917,11200,1355086.0,69642.0,35.0,47428010.0
13917,12616,925077.0,45328.0,35.0,32377695.0
13917,12868,2198319.0,109907.0,38.5,84635281.5
13917,13555,430426.0,22587.0,25.2,10846735.2
13917,14736,1964363.0,101881.0,38.5,75627975.5
13917,17516,667862.0,34664.0,58.21,38876247.02
13917,15183,1833086.0,96976.0,38.5,70573811.0
13917,13563,2448611.0,124298.0,38.5,94271523.5
13917,15077,635943.0,33630.0,58.21,37018242.03
13917,11466,1925310.0,99714.0,38.5,74124435.0
13917,15378,1268058.0,64033.0,35.0,44382030.0
13917,18827,759431.0,36886.0,58.21,44206478.51
13917,16028,444249.0,23893.0,25.2,11195074.799999999
13917,15601,567088.0,28776.0,58.21,33010192.48
13917,15264,1031511.0,53253.0,35.0,36102885.0
13917,19333,1623621.0,84512.0,38.5,62509408.5
13917,19880,1786572.0,78424.0,38.5,68783022.0
13917,14519,1551055.0,75943.0,38.5,59715617.5
13917,12369,1976245.0,104475.0,38.5,76085432.5
13917,10044,938977.0,46150.0,35.0,32864195.0
13917,19147,3029447.0,156733.0,38.5,116633709.5
13917,18448,4002538.0,203364.0,38.5,154097713.0
13917,17010,2491471.0,108227.0,38.5,95921633.5
13917,17738,1348089.0,68679.0,35.0,47183115.0
13917,10955,1659025.0,83895.0,38.5,63872462.5
13917,18219,1330895.0,65233.0,35.0,46581325.0
13917,11853,1123982.0,56668.0,35.0,39339370.0
13917,10657,1670813.0,81088.0,38.5,64326300.5
13917,10568,418672.0,21621.0,25.2,10550534.4
13917,10867,1783840.0,100989.0,38.5,68677840.0
13917,19500,1300863.0,78200.0,35.0,45530205.0
13917,13165,726590.0,37812.0,58.21,42294803.9
13917,11022,1858522.0,95301.0,38.5,71553097.0
13917,19430,2528468.0,122792.0,38.5,97346018.0
13917,15241,1297779.0,77913.0,35.0,45422265.0
13917,16683,1108183.0,55152.0,35.0,38786405.0
13917,12216,367233.0,18778.0,25.2,9254271.6
13917,10301,1789077.0,90266.0,38.5,68879464.5
13917,12355,2462020.0,107552.0,38.5,94787770.0
13917,14257,7201018.0,352743.0,38.5,277239193.0
13917,10963,2439941.0,124073.0,38.5,93937728.5
13917,16193,2294309.0,103657.0,38.5,88330896.5
13917,16962,1659284.0,83929.0,38.5,63882434.0
13917,15724,1752793.0,91057.0,38.5,67482530.5
13917,17789,1524396.0,75034.0,38.5,58689246.0
13917,14278,1327949.0,67267.0,35.0,46478215.0
13917,19846,2473698.0,113970.0,38.5,95237373.0
13917,11261,885491.0,44794.0,58.21,51544431.11
13917,17223,805722.0,40792.0,58.21,46901077.62
13917,12562,1980474.0,104704.0,38.5,76248249.0
13917,13170,1452703.0,74166.0,35.0,50844605.0
13917,13489,1466600.0,74632.0,38.5,56464100.0
13917,13582,1561038.0,79827.0,38.5,60099963.0
13917,14358,2964706.0,150518.0,38.5,114141181.0
13917,16108,2543735.0,129011.0,38.5,97933797.5
13917,10796,712011.0,35844.0,58.21,41446160.31
13917,18799,364745.0,18645.0,25.2,9191574.0
13917,10375,2274073.0,117093.0,38.5,87551810.5
13917,13665,1542642.0,78917.0,38.5,59391717.0
13917,15185,2132548.0,109910.0,38.5,82103098.0
13917,13454,2158177.0,112573.0,38.5,83089814.5
13917,14053,1320477.0,64917.0,35.0,46216695.0
13917,10901,1196328.0,60731.0,35.0,41871480.0
13917,15948,1696498.0,87734.0,38.5,65315173.0
13917,12973,255329.0,12362.0,77.0,19660333.0
13917,12746,1541395.0,75357.0,38.5,59343707.5
13917,11181,1556196.0,80339.0,38.5,59913546.0
13917,19143,1043083.0,51485.0,35.0,36507905.0
13917,19785,1447577.0,73593.0,35.0,50665195.0
13917,13237,1547026.0,76162.0,38.5,59560501.0
13917,15651,2187334.0,111586.0,38.5,84212359.0
13917,15848,2191616.0,111057.0,38.5,84377216.0
13917,11455,1965557.0,100665.0,38.5,75673944.5
13917,14425,315053.0,17828.0,25.2,7939335.6
13917,17752,2955518.0,149753.0,38.5,113787443.0
13917,14060,1453819.0,71964.0,35.0,50883665.0
13917,10316,870740.0,42586.0,58.21,50685775.4
13917,19134,3160432.0,161613.0,38.5,121676632.0
13917,13460,1479463.0,76823.0,38.5,56959325.5
13917,15686,2953473.0,149658.0,38.5,113708710.5
13917,11189,2274085.0,117096.0,38.5,87552272.5
13917,10326,7931275.0,385798.0,38.5,305354087.5
13917,10269,2217549.0,113510.0,38.5,85375636.5
13917,17464,5086703.0,254908.0,38.5,195838065.5
13917,19273,1583365.0,80897.0,38.5,60959552.5
13917,13840,831283.0,44632.0,58.21,48388983.43
13917,14704,2460505.0,119928.0,38.5,94729442.5
13917,19239,434509.0,22583.0,25.2,10949626.799999999
13917,19502,635461.0,33514.0,58.21,36990184.81
13917,17504,4439189.0,226071.0,38.5,170908776.5
13917,18110,805499.0,40753.0,58.21,46888096.79
13917,11163,1260612.0,61860.0,35.0,44121420.0
13917,12633,7198738.0,352643.0,38.5,277151413.0
13917,16339,3643922.0,190244.0,38.5,140290997.0
13917,13989,718821.0,37543.0,58.21,41842570.410000004
13917,18149,820488.0,41535.0,58.21,47760606.480000004
13917,10177,6545943.0,322027.0,38.5,252018805.5
13917,12270,1437235.0,73060.0,35.0,50303225.0
13917,13100,2791265.0,144451.0,38.5,107463702.5
13917,17781,419213.0,21687.0,25.2,10564167.6
13917,19971,2226310.0,115384.0,38.5,85712935.0
13917,16887,2643589.0,122123.0,38.5,101778176.5
13917,10985,2299422.0,109813.0,38.5,88527747.0
13917,15976,2312269.0,101670.0,38.5,89022356.5
16236,12652,22695.0,1749.0,255.0,5787225.0
16236,15008,67793.0,4226.0,121.0,8202953.0
16236,11112,56849.0,3641.0,60.9,3462104.1
16236,16325,85756.0,4519.0,60.9,5222540.399999999
16236,11561,1949254.0,93930.0,85.0,165686590.0
16236,18441,84051.0,4452.0,124.0,10422324.0
16236,16117,201107.0,9947.0,41.3,8305719.1
16236,11209,85258.0,4472.0,124.0,10571992.0
16236,15891,39983.0,3452.0,61.31999999999999,2451757.5599999996
16236,18812,97203.0,5200.0,51.099999999999994,4967073.3
16236,19915,1474026.0,71129.0,85.0,125292210.0
16236,17282,94877.0,5039.0,139.0,13187903.0
16236,11147,1000822.0,50472.0,78.0,78064116.0
16236,13417,90853.0,4906.0,118.0,10720654.0
16236,12940,506582.0,26032.0,75.6756,38335896.7992
16236,12352,1383464.0,67519.0,85.0,117594440.0
16236,17522,1622393.0,78267.0,85.0,137903405.0
16236,14234,2757023.0,130398.0,85.0,234346955.0
16236,19300,40832.0,2775.0,194.0,7921408.0
16236,18542,58167.0,3351.0,63.16799999999999,3674293.0559999994
16236,16855,1618151.0,78015.0,85.0,137542835.0
16236,13694,745335.0,31650.0,115.0,85713525.0
16236,12205,1096048.0,52257.0,80.0,87683840.0
16236,18941,1145533.0,59032.0,80.0,91642640.0
16236,10748,56176.0,3262.0,47.663,2677516.6879999996
16236,10705,186649.0,10561.0,118.3644,22092596.895600002
16236,15483,727072.0,31114.0,115.0,83613280.0
16236,13088,1389387.0,67705.0,85.0,118097895.0
16236,13917,1452162.0,71981.0,85.0,123433770.0
16236,16236,0.0,0.0,332.5,0.0
16236,13073,18392.0,1170.0,127.39999999999999,2343140.8
16236,13636,114896.0,5621.0,122.0,14017312.0
16236,18411,634646.0,34307.0,115.0,72984290.0
16236,10916,3177915.0,157190.0,67.914,215824919.31
16236,15270,1845928.0,93276.0,85.0,156903880.0
16236,13509,115386.0,5744.0,122.0,14077092.0
16236,11200,255973.0,14283.0,40.0,10238920.0
16236,12616,1617956.0,77893.0,85.0,137526260.0
16236,12868,779955.0,38999.0,80.0,62396400.0
16236,13555,1024162.0,50450.0,80.0,81932960.0
16236,14736,722659.0,38563.0,115.0,83105785.0
16236,17516,1159300.0,59501.0,80.0,92744000.0
16236,15183,1610180.0,78176.0,85.0,136865300.0
16236,13563,3446242.0,170545.0,90.0,310161780.0
16236,15077,785895.0,39713.0,80.0,62871600.0
16236,11466,2745350.0,134442.0,85.0,233354750.0
16236,15378,482560.0,23413.0,75.6756,36518017.536
16236,18827,767694.0,39368.0,80.0,61415520.0
16236,16028,1619962.0,82655.0,85.0,137696770.0
16236,15601,993518.0,51055.0,78.0,77494404.0
16236,15264,921853.0,48686.0,80.0,73748240.0
16236,19333,486507.0,26537.0,75.6756,36816709.129200004
16236,19880,3234024.0,149948.0,90.0,291062160.0
16236,14519,104386.0,5585.0,127.0,13257022.0
16236,12369,1794470.0,86746.0,85.0,152529950.0
16236,10044,1631856.0,78715.0,85.0,138707760.0
16236,19147,1977313.0,96962.0,85.0,168071605.0
16236,18448,5000168.0,249611.0,90.0,450015120.0
16236,17010,3938922.0,179751.0,90.0,354502980.0
16236,17738,539084.0,25797.0,75.6756,40795505.1504
16236,10955,1095951.0,52213.0,80.0,87676080.0
16236,18219,124952.0,7186.0,104.5,13057484.0
16236,11853,490001.0,24973.0,75.6756,37081119.6756
16236,10657,224377.0,10694.0,41.3,9266770.1
16236,10568,1062861.0,52921.0,80.0,85028880.0
16236,10867,1832806.0,93120.0,85.0,155788510.0
16236,19500,1436610.0,74252.0,85.0,122111850.0
16236,13165,1695994.0,84592.0,85.0,144159490.0
16236,11022,440158.0,24392.0,75.6756,33309220.7448
16236,19430,1110103.0,51883.0,80.0,88808240.0
16236,15241,1424385.0,73277.0,85.0,121072725.0
16236,16683,398061.0,21356.0,75.6756,30123505.011600003
16236,12216,1277473.0,64300.0,85.0,108585205.0
16236,10301,1226004.0,58584.0,85.0,104210340.0
16236,12355,3909471.0,179075.0,90.0,351852390.0
16236,14257,8198649.0,398990.0,61.38,503233075.62
16236,10963,3437571.0,170320.0,90.0,309381390.0
16236,16193,3284370.0,157885.0,90.0,295593300.0
16236,16962,1096210.0,52247.0,80.0,87696800.0
16236,15724,519308.0,29816.0,75.6756,39298944.4848
16236,17789,74006.0,4135.0,121.0,8954726.0
16236,14278,550107.0,26282.0,115.0,63262305.0
16236,19846,3457840.0,167843.0,90.0,311205600.0
16236,11261,1417459.0,72738.0,85.0,120484015.0
16236,17223,866569.0,46892.0,80.0,69325520.0
16236,12562,1791420.0,86862.0,85.0,152270700.0
16236,13170,95803.0,4869.0,47.599999999999994,4560222.8
16236,13489,79718.0,4213.0,124.0,9885032.0
16236,13582,570477.0,30155.0,115.0,65604855.0
16236,14358,3962336.0,196765.0,90.0,356610240.0
16236,16108,3541365.0,175259.0,90.0,318722850.0
16236,10796,760851.0,40088.0,80.0,60868080.0
16236,18799,1274933.0,64151.0,85.0,108369305.0
16236,10375,1710999.0,85411.0,85.0,145434915.0
16236,13665,2540273.0,125164.0,85.0,215923205.0
16236,15185,2952588.0,144637.0,67.914,200522061.432
16236,13454,1252816.0,66507.0,85.0,106489360.0
16236,14053,148399.0,8152.0,104.5,15507695.5
16236,10901,1000237.0,50769.0,78.0,78018486.0
16236,15948,454794.0,24416.0,75.6756,34416808.826400004
16236,12973,1702780.0,83885.0,85.0,144736300.0
16236,12746,94958.0,4963.0,46.9,4453530.2
16236,11181,256026.0,13334.0,40.0,10241040.0
16236,19143,1735962.0,84050.0,85.0,147556770.0
16236,19785,662062.0,32324.0,115.0,76137130.0
16236,13237,96636.0,5263.0,47.599999999999994,4599873.6
16236,15651,3184964.0,157833.0,90.0,286646760.0
16236,15848,3189247.0,157304.0,90.0,287032230.0
16236,11455,547192.0,29757.0,115.0,62927080.0
16236,14425,1332482.0,68478.0,85.0,113260970.0
16236,17752,3953149.0,196000.0,90.0,355783410.0
16236,14060,3.0,0.0,332.5,997.5
16236,10316,630606.0,33174.0,115.0,72519690.0
16236,19134,4158063.0,207860.0,85.0,353435355.0
16236,13460,299607.0,16357.0,40.0,11984280.0
16236,15686,3951104.0,195905.0,90.0,355599360.0
16236,11189,1711011.0,85414.0,85.0,145435935.0
16236,10326,8928905.0,432045.0,61.38,548056188.9
16236,10269,1654475.0,81828.0,85.0,140630375.0
16236,17464,6084333.0,301155.0,90.0,547589970.0
16236,19273,720747.0,38569.0,115.0,82885905.0
16236,13840,1747156.0,94925.0,85.0,148508260.0
16236,14704,1042141.0,49020.0,80.0,83371280.0
16236,19239,980746.0,50070.0,78.0,76498188.0
16236,19502,785414.0,39597.0,80.0,62833120.0
16236,17504,5436820.0,272318.0,90.0,489313800.0
16236,18110,866346.0,46853.0,80.0,69307680.0
16236,11163,1953491.0,94425.0,85.0,166046735.0
16236,12633,8196369.0,398890.0,74.0,606531306.0
16236,16339,4641552.0,236491.0,90.0,417739680.0
16236,13989,1690610.0,84347.0,85.0,143701850.0
16236,18149,850967.0,45923.0,80.0,68077360.0
16236,10177,7543573.0,368274.0,74.0,558224402.0
16236,12270,1296487.0,66798.0,85.0,110201395.0
16236,13100,1739131.0,84679.0,85.0,147826135.0
16236,17781,1063402.0,52987.0,80.0,85072160.0
16236,19971,3046350.0,150112.0,67.914,206889813.9
16236,16887,3525555.0,174189.0,90.0,317299950.0
16236,10985,852985.0,39419.0,80.0,68238800.0
16236,15976,3759721.0,173193.0,90.0,338374890.0
13073,12652,24404.0,1648.0,238.8,5827675.2
13073,15008,85903.0,4008.0,56.699999999999996,4870700.1
13073,11112,78400.0,4646.0,56.699999999999996,4445280.0
13073,16325,128638.0,5476.0,53.199999999999996,6843541.6
13073,11561,1931590.0,92843.0,45.5,87887345.0
13073,18441,126933.0,5410.0,53.199999999999996,6752835.6
13073,16117,226716.0,10275.0,45.5,10315578.0
13073,11209,124737.0,5471.0,57.4,7159903.8
13073,15891,72939.0,3400.0,56.699999999999996,4135641.3
13073,18812,115932.0,5190.0,57.4,6654496.8
13073,19915,1487147.0,70940.0,45.5,67665188.5
13073,17282,116429.0,6044.0,57.4,6683024.6
13073,11147,995395.0,50201.0,45.5,45290472.5
13073,13417,104654.0,4749.0,56.699999999999996,5933881.8
13073,12940,501155.0,25762.0,45.5,22802552.5
13073,12352,1396585.0,67330.0,45.5,63544617.5
13073,17522,1604729.0,77181.0,45.5,73015169.5
13073,14234,2739359.0,129311.0,45.5,124640834.5
13073,19300,66848.0,3724.0,56.699999999999996,3790281.5999999996
13073,18542,79719.0,4356.0,56.699999999999996,4520067.3
13073,16855,1600487.0,76928.0,45.5,72822158.5
13073,13694,764064.0,31641.0,45.5,34764912.0
13073,12205,1109169.0,52067.0,45.5,50467189.5
13073,18941,1127869.0,57946.0,45.5,51318039.5
13073,10748,77728.0,4268.0,56.699999999999996,4407177.6
13073,10705,187279.0,9666.0,45.5,8521194.5
13073,15483,745801.0,31105.0,45.5,33933945.5
13073,13088,1402508.0,67516.0,45.5,63814114.0
13073,13917,1434498.0,70895.0,45.5,65269659.0
13073,16236,26417.0,1590.0,98.69999999999999,2607357.9
13073,13073,0.0,0.0,238.8,0.0
13073,13636,140506.0,5949.0,53.199999999999996,7474919.199999999
13073,18411,635276.0,33412.0,45.5,28905058.0
13073,10916,3160251.0,156104.0,45.5,143791420.5
13073,15270,1840501.0,93006.0,45.5,83742795.5
13073,13509,140995.0,6071.0,53.199999999999996,7500933.999999999
13073,11200,238309.0,13197.0,45.5,10843059.5
13073,12616,1600293.0,76806.0,45.5,72813331.5
13073,12868,801507.0,40004.0,45.5,36468568.5
13073,13555,1006498.0,49363.0,45.5,45795659.0
13073,14736,747826.0,38861.0,45.5,34026083.0
13073,17516,1141636.0,58415.0,45.5,51944438.0
13073,15183,1623301.0,77987.0,45.5,73860195.5
13073,13563,3428578.0,169458.0,45.5,156000299.0
13073,15077,768231.0,38626.0,45.5,34954510.5
13073,11466,2727686.0,133355.0,45.5,124109713.0
13073,15378,495681.0,23224.0,45.5,22553485.5
13073,18827,750030.0,38282.0,45.5,34126365.0
13073,16028,1602298.0,81568.0,45.5,72904559.0
13073,15601,975854.0,49968.0,45.5,44401357.0
13073,15264,904189.0,47599.0,45.5,41140599.5
13073,19333,468843.0,25450.0,45.5,21332356.5
13073,19880,3216360.0,148861.0,45.5,146344380.0
13073,14519,123347.0,5539.0,57.4,7080117.8
13073,12369,1807591.0,86556.0,45.5,82245390.5
13073,10044,1614192.0,77629.0,45.5,73445736.0
13073,19147,1996042.0,96952.0,45.5,90819911.0
13073,18448,4982504.0,248524.0,45.5,226703932.0
13073,17010,3921258.0,178664.0,45.5,178417239.0
13073,17738,552205.0,25608.0,45.5,25125327.5
13073,10955,1109072.0,52024.0,45.5,50462776.0
13073,18219,107288.0,6099.0,56.699999999999996,6083229.6
13073,11853,484574.0,24703.0,45.5,22048117.0
13073,10657,243105.0,10685.0,45.5,11061277.5
13073,10568,1045197.0,51835.0,45.5,47556463.5
13073,10867,1827379.0,92850.0,45.5,83145744.5
13073,19500,1431183.0,73982.0,45.5,65118826.5
13073,13165,1678331.0,83505.0,45.5,76364060.5
13073,11022,461710.0,25398.0,45.5,21007805.0
13073,19430,1131655.0,52889.0,45.5,51490302.5
13073,15241,1418959.0,73007.0,45.5,64562634.5
13073,16683,380397.0,20270.0,45.5,17308063.5
13073,12216,1259809.0,63213.0,45.5,57321309.5
13073,10301,1239125.0,58395.0,45.5,56380187.5
13073,12355,3891807.0,177989.0,45.5,177077218.5
13073,14257,8180985.0,397904.0,45.5,372234817.5
13073,10963,3419908.0,169233.0,45.5,155605814.0
13073,16193,3266706.0,156798.0,45.5,148635123.0
13073,16962,1109331.0,52058.0,45.5,50474560.5
13073,15724,501644.0,28729.0,45.5,22824802.0
13073,17789,95558.0,5141.0,56.699999999999996,5418138.6
13073,14278,563228.0,26093.0,45.5,25626874.0
13073,19846,3440176.0,166756.0,45.5,156528008.0
13073,11261,1399795.0,71652.0,45.5,63690672.5
13073,17223,867200.0,45996.0,45.5,39457600.0
13073,12562,1804541.0,86673.0,45.5,82106615.5
13073,13170,116177.0,5075.0,57.4,6668559.8
13073,13489,101270.0,5218.0,56.699999999999996,5742009.0
13073,13582,596086.0,30483.0,45.5,27121913.0
13073,14358,3944672.0,195678.0,45.5,179482576.0
13073,16108,3523702.0,174172.0,45.5,160328441.0
13073,10796,761481.0,39192.0,45.5,34647385.5
13073,18799,1257269.0,63065.0,45.5,57205739.5
13073,10375,1724120.0,85222.0,45.5,78447460.0
13073,13665,2522609.0,124077.0,45.5,114778709.5
13073,15185,2934924.0,143551.0,45.5,133539042.0
13073,13454,1235152.0,65420.0,45.5,56199416.0
13073,14053,130735.0,7065.0,53.199999999999996,6955101.999999999
13073,10901,994810.0,50499.0,45.5,45263855.0
13073,15948,479962.0,24714.0,45.5,21838271.0
13073,12973,1685116.0,82799.0,45.5,76672778.0
13073,12746,113687.0,4954.0,57.4,6525633.8
13073,11181,281636.0,13662.0,45.5,12814438.0
13073,19143,1718298.0,82964.0,45.5,78182559.0
13073,19785,675183.0,32135.0,45.5,30720826.5
13073,13237,118188.0,6268.0,57.4,6783991.2
13073,15651,3167301.0,156747.0,45.5,144112195.5
13073,15848,3171583.0,156218.0,45.5,144307026.5
13073,11455,568744.0,30762.0,45.5,25877852.0
13073,14425,1314818.0,67392.0,45.5,59824219.0
13073,17752,3935485.0,194914.0,45.5,179064567.5
13073,14060,26413.0,1589.0,98.69999999999999,2606963.0999999996
13073,10316,612942.0,32087.0,45.5,27888861.0
13073,19134,4140399.0,206773.0,45.5,188388154.5
13073,13460,281943.0,15270.0,45.5,12828406.5
13073,15686,3933440.0,194818.0,45.5,178971520.0
13073,11189,1724132.0,85225.0,45.5,78448006.0
13073,10326,8911242.0,430959.0,45.5,405461511.0
13073,10269,1667596.0,81639.0,45.5,75875618.0
13073,17464,6066670.0,300068.0,45.5,276033485.0
13073,19273,746357.0,38897.0,45.5,33959243.5
13073,13840,1747786.0,94030.0,45.5,79524263.0
13073,14704,1063693.0,50025.0,45.5,48398031.5
13073,19239,963082.0,48983.0,45.5,43820231.0
13073,19502,767750.0,38511.0,45.5,34932625.0
13073,17504,5419156.0,271232.0,45.5,246571598.0
13073,18110,866977.0,45958.0,45.5,39447453.5
13073,11163,1935827.0,93339.0,45.5,88080128.5
13073,12633,8178705.0,397803.0,45.5,372131077.5
13073,16339,4623888.0,235404.0,45.5,210386904.0
13073,13989,1672946.0,83260.0,45.5,76119043.0
13073,18149,851597.0,45027.0,45.5,38747663.5
13073,10177,7525910.0,367187.0,45.5,342428905.0
13073,12270,1278823.0,65712.0,45.5,58186446.5
13073,13100,1757860.0,84670.0,45.5,79982630.0
13073,17781,1045738.0,51900.0,45.5,47581079.0
13073,19971,3028686.0,149025.0,45.5,137805213.0
13073,16887,3507891.0,173102.0,45.5,159609040.5
13073,10985,871714.0,39409.0,45.5,39662987.0
13073,15976,3742057.0,172107.0,45.5,170263593.5
13636,12652,130713.0,6010.0,46.9,6130439.7
13636,15008,82551.0,4371.0,54.599999999999994,4507284.6
13636,11112,60193.0,2761.0,53.9,3244402.6999999997
13636,16325,37775.0,1740.0,475.29999999999995,17954457.5
13636,11561,2063854.0,98120.0,46.9,96794752.6
13636,18441,36070.0,1673.0,475.29999999999995,17144071.0
13636,16117,88128.0,4581.0,54.599999999999994,4811788.8
13636,11209,33874.0,1735.0,475.29999999999995,16100312.2
13636,15891,116130.0,5415.0,43.4,5040042.0
13636,18812,135518.0,6303.0,46.9,6355794.2
13636,19915,1393119.0,67348.0,46.9,65337281.1
13636,17282,85426.0,4010.0,54.599999999999994,4664259.6
13636,11147,919915.0,46691.0,46.9,43144013.5
13636,13417,43187.0,2342.0,475.29999999999995,20526781.099999998
13636,12940,425675.0,22251.0,46.9,19964157.5
13636,12352,1302557.0,63738.0,46.9,61089923.3
13636,17522,1736993.0,82457.0,46.9,81464971.7
13636,14234,2871623.0,134588.0,46.9,134679118.7
13636,19300,74365.0,3530.0,53.9,4008273.5
13636,18542,59080.0,2763.0,53.9,3184412.0
13636,16855,1732751.0,82205.0,46.9,81266021.89999999
13636,13694,783650.0,32753.0,46.9,36753185.0
13636,12205,1015141.0,48476.0,46.9,47610112.9
13636,18941,1260133.0,63222.0,46.9,59100237.699999996
13636,10748,106651.0,4978.0,43.4,4628653.399999999
13636,10705,196144.0,10132.0,46.9,9199153.6
13636,15483,765387.0,32217.0,46.9,35896650.3
13636,13088,1308479.0,63924.0,46.9,61367665.1
13636,13917,1478629.0,75155.0,46.9,69347700.1
13636,16236,113205.0,5544.0,43.4,4913097.0
13636,13073,127518.0,6186.0,46.9,5980594.2
13636,13636,0.0,0.0,475.29999999999995,0.0
13636,18411,644141.0,33878.0,46.9,30210212.9
13636,10916,3292515.0,161380.0,46.9,154418953.5
13636,15270,1765021.0,89495.0,46.9,82779484.89999999
13636,13509,596.0,145.0,475.29999999999995,283278.8
13636,11200,370573.0,18473.0,46.9,17379873.7
13636,12616,1732557.0,82083.0,46.9,81256923.3
13636,12868,770903.0,37131.0,46.9,36155350.699999996
13636,13555,1052234.0,53171.0,46.9,49349774.6
13636,14736,642570.0,34235.0,46.9,30136533.0
13636,17516,1273900.0,63692.0,46.9,59745910.0
13636,15183,1529273.0,74395.0,46.9,71722903.7
13636,13563,3560842.0,174735.0,46.9,167003489.79999998
13636,15077,900496.0,43903.0,46.9,42233262.4
13636,11466,2859950.0,138632.0,46.9,134131655.0
13636,15378,401653.0,19632.0,46.9,18837525.7
13636,18827,882294.0,43558.0,46.9,41379588.6
13636,16028,1734562.0,86845.0,46.9,81350957.8
13636,15601,1108118.0,55245.0,46.9,51970734.199999996
13636,15264,1036453.0,52876.0,46.9,48609645.699999996
13636,19333,542289.0,29007.0,46.9,25433354.099999998
13636,19880,3260491.0,153121.0,46.9,152917027.9
13636,14519,142701.0,6688.0,46.9,6692676.899999999
13636,12369,1713563.0,82965.0,46.9,80366104.7
13636,10044,1746456.0,82905.0,46.9,81908786.39999999
13636,19147,2015628.0,98065.0,46.9,94532953.2
13636,18448,5114768.0,253801.0,46.9,239882619.2
13636,17010,3965390.0,182924.0,46.9,185976791.0
13636,17738,458177.0,22016.0,46.9,21488501.3
13636,10955,1015044.0,48432.0,46.9,47605563.6
13636,18219,239906.0,11423.0,46.9,11251591.4
13636,11853,409094.0,21192.0,46.9,19186508.599999998
13636,10657,262691.0,11797.0,46.9,12320207.9
13636,10568,1090933.0,55643.0,46.9,51164757.699999996
13636,10867,1751899.0,89339.0,46.9,82164063.1
13636,19500,1355703.0,70472.0,46.9,63582470.699999996
13636,13165,1810595.0,88782.0,46.9,84916905.5
13636,11022,431106.0,22525.0,46.9,20218871.4
13636,19430,1101051.0,50016.0,46.9,51639291.9
13636,15241,1343478.0,69496.0,46.9,63009118.199999996
13636,16683,512661.0,25547.0,46.9,24043800.9
13636,12216,1392073.0,68490.0,46.9,65288223.699999996
13636,10301,1145097.0,54803.0,46.9,53705049.3
13636,12355,3935939.0,182249.0,46.9,184595539.1
13636,14257,8313249.0,403181.0,46.9,389891378.09999996
13636,10963,3552172.0,174510.0,46.9,166596866.79999998
13636,16193,3398970.0,162075.0,46.9,159411693.0
13636,16962,1015303.0,48466.0,46.9,47617710.699999996
13636,15724,575091.0,32286.0,46.9,26971767.9
13636,17789,47888.0,2304.0,475.29999999999995,22761166.4
13636,14278,469200.0,22502.0,46.9,22005480.0
13636,19846,3572440.0,172033.0,46.9,167547436.0
13636,11261,1532059.0,76928.0,46.9,71853567.1
13636,17223,814421.0,44207.0,46.9,38196344.9
13636,12562,1710513.0,83081.0,46.9,80223059.7
13636,13170,28860.0,1386.0,475.29999999999995,13717157.999999998
13636,13489,39211.0,1805.0,475.29999999999995,18636988.299999997
13636,13582,457498.0,24789.0,46.9,21456656.2
13636,14358,4076936.0,200955.0,46.9,191208298.4
13636,16108,3655966.0,179449.0,46.9,171464805.4
13636,10796,770346.0,39658.0,46.9,36129227.4
13636,18799,1389533.0,68341.0,46.9,65169097.699999996
13636,10375,1630092.0,81630.0,46.9,76451314.8
13636,13665,2654873.0,129354.0,46.9,124513543.7
13636,15185,3067188.0,148827.0,46.9,143851117.2
13636,13454,1308598.0,68977.0,46.9,61373246.199999996
13636,14053,262999.0,12342.0,46.9,12334653.1
13636,10901,919330.0,46988.0,46.9,43116577.0
13636,15948,374705.0,20088.0,46.9,17573664.5
13636,12973,1729247.0,87059.0,46.9,81101684.3
13636,12746,133273.0,6066.0,46.9,6250503.7
13636,11181,143048.0,7967.0,46.9,6708951.2
13636,19143,1850562.0,88241.0,46.9,86791357.8
13636,19785,581155.0,28543.0,46.9,27256169.5
13636,13237,84310.0,3998.0,54.599999999999994,4603325.999999999
13636,15651,3299565.0,162023.0,46.9,154749598.5
13636,15848,3303847.0,161494.0,46.9,154950424.29999998
13636,11455,538141.0,27889.0,46.9,25238812.9
13636,14425,1234868.0,68726.0,46.9,57915309.199999996
13636,17752,4067749.0,200190.0,46.9,190777428.1
13636,14060,113202.0,5543.0,43.4,4912966.8
13636,10316,745206.0,37364.0,46.9,34950161.4
13636,19134,4272663.0,212050.0,46.9,200387894.7
13636,13460,355389.0,18827.0,46.9,16667744.1
13636,15686,4065704.0,200095.0,46.9,190681517.6
13636,11189,1630104.0,81633.0,46.9,76451877.6
13636,10326,9043506.0,436235.0,46.9,424140431.4
13636,10269,1573568.0,78047.0,46.9,73800339.2
13636,17464,6198934.0,305345.0,46.9,290730004.59999996
13636,19273,607768.0,33202.0,46.9,28504319.2
13636,13840,1694543.0,92186.0,46.9,79474066.7
13636,14704,1033089.0,47152.0,46.9,48451874.1
13636,19239,1054338.0,53139.0,46.9,49448452.199999996
13636,19502,900014.0,43787.0,46.9,42210656.6
13636,17504,5551420.0,276509.0,46.9,260361598.0
13636,18110,814198.0,44168.0,46.9,38185886.199999996
13636,11163,2068091.0,98615.0,46.9,96993467.89999999
13636,12633,8310969.0,403080.0,46.9,389784446.09999996
13636,16339,4756152.0,240681.0,46.9,223063528.79999998
13636,13989,1805210.0,88537.0,46.9,84664349.0
13636,18149,798818.0,43238.0,46.9,37464564.199999996
13636,10177,7658174.0,372464.0,46.9,359168360.59999996
13636,12270,1411087.0,70988.0,46.9,66179980.3
13636,13100,1777446.0,85782.0,46.9,83362217.39999999
13636,17781,1091474.0,55708.0,46.9,51190130.6
13636,19971,3160950.0,154302.0,46.9,148248555.0
13636,16887,3640155.0,178379.0,46.9,170723269.5
13636,10985,799672.0,39501.0,46.9,37504616.8
13636,15976,3786188.0,176367.0,46.9,177572217.2
18411,12652,622663.0,33294.0,50.3,31319948.9
18411,15008,587789.0,31749.0,48.21,28337307.69
18411,11112,639680.0,33980.0,50.3,32175904.0
18411,16325,630384.0,33279.0,50.3,31708315.2
18411,11561,1595518.0,76229.0,79.0,126045922.0
18411,18441,628679.0,33213.0,50.3,31622553.7
18411,16117,646019.0,35657.0,50.3,32494755.7
18411,11209,626483.0,33274.0,50.3,31512094.9
18411,15891,658332.0,35199.0,50.3,33114099.599999998
18411,18812,694098.0,36860.0,50.3,34913129.4
18411,19915,1201501.0,63298.0,79.0,94918579.0
18411,17282,670217.0,35313.0,50.3,33711915.1
18411,11147,591375.0,30531.0,48.21,28510188.75
18411,13417,606399.0,32552.0,50.3,30501869.7
18411,12940,306469.0,15693.0,50.256359999999994,15402016.392839998
18411,12352,1215621.0,64673.0,79.0,96034059.0
18411,17522,1268658.0,60566.0,79.0,100223982.0
18411,14234,2250144.0,107004.0,79.0,177761376.0
18411,19300,614429.0,32998.0,50.3,30905778.7
18411,18542,632693.0,33516.0,50.3,31824457.9
18411,16855,1264416.0,60313.0,79.0,99888864.0
18411,13694,1342229.0,63311.0,79.0,106036091.0
18411,12205,928205.0,49411.0,79.0,73328195.0
18411,18941,961736.0,47820.0,79.0,75977144.0
18411,10748,653071.0,34923.0,50.3,32849471.299999997
18411,10705,449754.0,24376.0,48.21,21682640.34
18411,15483,1323967.0,62775.0,79.0,104593393.0
18411,13088,1221543.0,64860.0,79.0,96501897.0
18411,13917,834780.0,41356.0,79.0,65947620.0
18411,16236,636028.0,34373.0,50.3,31992208.4
18411,13073,638647.0,33616.0,50.3,32123944.099999998
18411,13636,642251.0,33752.0,50.3,32305225.299999997
18411,18411,0.0,0.0,50.256359999999994,0.0
18411,10916,2713197.0,134225.0,79.0,214342563.0
18411,15270,1433776.0,73147.0,79.0,113268304.0
18411,13509,642741.0,33874.0,50.3,32329872.299999997
18411,11200,678976.0,35395.0,50.3,34152492.8
18411,12616,1264221.0,60191.0,79.0,99873459.0
18411,12868,1363540.0,68619.0,79.0,107719660.0
18411,13555,408385.0,19373.0,48.21,19688240.85
18411,14736,1142077.0,60781.0,79.0,90224083.0
18411,17516,975503.0,48289.0,79.0,77064737.0
18411,15183,1220460.0,66251.0,79.0,96416340.0
18411,13563,2981524.0,147580.0,79.0,235540396.0
18411,15077,409395.0,20294.0,48.21,19736932.95
18411,11466,2391615.0,116740.0,79.0,188937585.0
18411,15378,445772.0,22933.0,48.21,21490668.12
18411,18827,547734.0,28643.0,48.21,26406256.14
18411,16028,1178263.0,58360.0,79.0,93082777.0
18411,15601,769002.0,38181.0,79.0,60751158.0
18411,15264,872740.0,45383.0,79.0,68946460.0
18411,19333,993666.0,52860.0,79.0,78499614.0
18411,19880,2616641.0,119323.0,79.0,206714639.0
18411,14519,701281.0,37246.0,50.3,35274434.3
18411,12369,1363619.0,73750.0,79.0,107725901.0
18411,10044,1278120.0,61014.0,79.0,100971480.0
18411,19147,2399492.0,125081.0,79.0,189559868.0
18411,18448,4535451.0,226646.0,79.0,358300629.0
18411,17010,3321540.0,149126.0,79.0,262401660.0
18411,17738,529822.0,27685.0,48.21,25542718.62
18411,10955,928108.0,49368.0,79.0,73320532.0
18411,18219,585589.0,30114.0,48.21,28231245.69
18411,11853,301696.0,15568.0,50.256359999999994,15162142.786559999
18411,10657,821271.0,42355.0,79.0,64880409.0
18411,10568,447084.0,21845.0,48.21,21553919.64
18411,10867,1420653.0,72991.0,79.0,112231587.0
18411,19500,1024458.0,54123.0,79.0,80932182.0
18411,13165,1244567.0,60360.0,79.0,98320793.0
18411,11022,1023743.0,54012.0,79.0,80875697.0
18411,19430,1693688.0,81503.0,79.0,133801352.0
18411,15241,1012233.0,53148.0,79.0,79966407.0
18411,16683,400136.0,21132.0,48.21,19290556.56
18411,12216,835774.0,40005.0,79.0,66026146.0
18411,10301,1058160.0,55738.0,79.0,83594640.0
18411,12355,3292089.0,148451.0,79.0,260075031.0
18411,14257,7733931.0,376025.0,79.0,610980549.0
18411,10963,2972854.0,147355.0,79.0,234855466.0
18411,16193,2819652.0,134920.0,79.0,222752508.0
18411,16962,928367.0,49401.0,79.0,73340993.0
18411,15724,1064802.0,58567.0,79.0,84119358.0
18411,17789,640497.0,33843.0,50.3,32216999.099999998
18411,14278,509682.0,26274.0,48.21,24571769.22
18411,19846,2993122.0,144878.0,79.0,236456638.0
18411,11261,1224635.0,59658.0,79.0,96746165.0
18411,17223,250801.0,13480.0,50.256359999999994,12604345.344359998
18411,12562,1367848.0,73979.0,79.0,108059992.0
18411,13170,617923.0,32878.0,50.3,31081526.9
18411,13489,631820.0,33344.0,50.3,31780546.0
18411,13582,747171.0,39099.0,79.0,59026509.0
18411,14358,3497618.0,173800.0,79.0,276311822.0
18411,16108,3076648.0,152293.0,79.0,243055192.0
18411,10796,126496.0,5860.0,50.256359999999994,6357228.514559999
18411,18799,833234.0,39857.0,79.0,65825486.0
18411,10375,1543156.0,82565.0,79.0,121909324.0
18411,13665,2075555.0,102199.0,79.0,163968845.0
18411,15185,2598853.0,126936.0,79.0,205309387.0
18411,13454,1685644.0,92440.0,79.0,133165876.0
18411,14053,575172.0,29798.0,48.21,27729042.12
18411,10901,583702.0,30006.0,48.21,28140273.42
18411,15948,874213.0,46634.0,79.0,69062827.0
18411,12973,1085398.0,53260.0,79.0,85746442.0
18411,12746,691853.0,36624.0,50.3,34800205.9
18411,11181,721417.0,39050.0,50.3,36287275.1
18411,19143,1382227.0,66349.0,79.0,109195933.0
18411,19785,633709.0,32865.0,50.3,31875562.7
18411,13237,676946.0,35486.0,50.3,34050383.8
18411,15651,2720247.0,134868.0,79.0,214899513.0
18411,15848,2724529.0,134339.0,79.0,215237791.0
18411,11455,1130777.0,59377.0,79.0,89331383.0
18411,14425,716705.0,37402.0,50.3,36050261.5
18411,17752,3488431.0,173035.0,79.0,275586049.0
18411,14060,636024.0,34373.0,50.3,31992007.2
18411,10316,453586.0,24089.0,48.21,21867381.06
18411,19134,3693345.0,184895.0,79.0,291774255.0
18411,13460,807492.0,42760.0,79.0,63791868.0
18411,15686,3486386.0,172940.0,79.0,275424494.0
18411,11189,1543168.0,82568.0,79.0,121910272.0
18411,10326,8464188.0,409080.0,79.0,668670852.0
18411,10269,1486632.0,78982.0,79.0,117443928.0
18411,17464,5619616.0,278190.0,79.0,443949664.0
18411,19273,769498.0,40169.0,79.0,60790342.0
18411,13840,1131387.0,61513.0,79.0,89379573.0
18411,14704,1625725.0,78640.0,79.0,128432275.0
18411,19239,410488.0,19341.0,48.21,19789626.48
18411,19502,408914.0,20178.0,48.21,19713743.94
18411,17504,4972102.0,249353.0,79.0,392796058.0
18411,18110,250577.0,13441.0,50.256359999999994,12593087.919719998
18411,11163,1599756.0,76724.0,79.0,126380724.0
18411,12633,7731651.0,375925.0,79.0,610800429.0
18411,16339,4176835.0,213526.0,79.0,329969965.0
18411,13989,1239183.0,60115.0,79.0,97895457.0
18411,18149,235198.0,12511.0,50.256359999999994,11820195.359279998
18411,10177,7078856.0,345309.0,79.0,559229624.0
18411,12270,1247374.0,63496.0,79.0,98542546.0
18411,13100,2161310.0,112799.0,79.0,170743490.0
18411,17781,447625.0,21910.0,48.21,21580001.25
18411,19971,2692615.0,132410.0,79.0,212716585.0
18411,16887,3060838.0,151224.0,79.0,241806202.0
18411,10985,1384462.0,70805.0,79.0,109372498.0
18411,15976,3142338.0,142569.0,79.0,248244702.0
10916,12652,3183841.0,156608.0,40.0,127353640.0
10916,15008,3232947.0,158689.0,23.2848,75278524.3056
10916,11112,3232900.0,159187.0,23.2848,75277429.92
10916,16325,3255065.0,160013.0,23.2848,75793537.51200001
10916,11561,1278128.0,65507.0,31.0464,39681273.139199995
10916,18441,3253359.0,159947.0,23.2848,75753813.6432
10916,16117,3373760.0,164955.0,23.2848,78557326.848
10916,11209,3254566.0,159966.0,23.2848,75781918.3968
10916,15891,3219565.0,158399.0,23.2848,74966927.112
10916,18812,3262558.0,160189.0,23.2848,75968010.5184
10916,19915,3749028.0,190982.0,23.2848,87295367.1744
10916,17282,3264186.0,160533.0,23.2848,76005918.1728
10916,11147,3138902.0,158214.0,40.0,125556080.0
10916,13417,3251698.0,159429.0,23.2848,75715137.5904
10916,12940,3006533.0,149584.0,14.0,42091462.0
10916,12352,3881439.0,196160.0,23.2848,90378530.8272
10916,17522,1570489.0,80172.0,112.0,175894768.0
10916,14234,1019348.0,47322.0,94.11,95930840.28
10916,19300,3211257.0,158143.0,23.2848,74773476.9936
10916,18542,3227475.0,158845.0,23.2848,75151109.88
10916,16855,1585070.0,80745.0,112.0,177527840.0
10916,13694,3910690.0,186640.0,23.2848,91059634.51200001
10916,12205,3594023.0,180897.0,23.2848,83686106.7504
10916,18941,2112585.0,106944.0,82.0,173231970.0
10916,10748,3224053.0,159238.0,23.2848,75071429.2944
10916,10705,3180695.0,157962.0,40.0,127227800.0
10916,15483,3892427.0,186104.0,23.2848,90634384.2096
10916,13088,3887362.0,196346.0,23.2848,90516446.6976
10916,13917,2181612.0,110806.0,82.0,178892184.0
10916,16236,3172742.0,156560.0,40.0,126909680.0
10916,13073,3160246.0,155759.0,40.0,126409840.0
10916,13636,3287550.0,160629.0,23.2848,76549944.24
10916,18411,2712817.0,134167.0,14.0,37979438.0
10916,10916,0.0,0.0,136.0,0.0
10916,15270,3981303.0,200831.0,23.2848,92703844.0944
10916,13509,3288039.0,160752.0,23.2848,76561330.5072
10916,11200,3074004.0,154237.0,40.0,122960160.0
10916,12616,1568378.0,79932.0,112.0,175658336.0
10916,12868,3961449.0,194648.0,23.2848,92241547.6752
10916,13555,2315207.0,115550.0,23.2848,53909131.953600004
10916,14736,3894870.0,193541.0,23.2848,90691268.976
10916,17516,2072542.0,104858.0,82.0,169948444.0
10916,15183,3767987.0,193935.0,23.2848,87736823.6976
10916,13563,280486.0,14954.0,101.871,28573389.305999998
10916,15077,2455264.0,124793.0,23.2848,57170331.1872
10916,11466,1437408.0,90010.0,112.0,160989696.0
10916,15378,3145836.0,156824.0,40.0,125833440.0
10916,18827,2454368.0,120488.0,23.2848,57149468.006400004
10916,16028,1741849.0,87533.0,112.0,195087088.0
10916,15601,2187416.0,107664.0,82.0,179368112.0
10916,15264,2415793.0,121873.0,23.2848,56251256.8464
10916,19333,3141341.0,162590.0,40.0,125653640.0
10916,19880,2503085.0,116345.0,23.2848,58283833.608
10916,14519,3269973.0,160538.0,23.2848,76140667.31040001
10916,12369,3911146.0,201433.0,23.2848,91070252.38080001
10916,10044,1546480.0,78708.0,112.0,173205760.0
10916,19147,4547167.0,234811.0,23.2848,105879874.16160001
10916,18448,1841218.0,94590.0,82.0,150979876.0
10916,17010,1792307.0,85909.0,82.0,146969174.0
10916,17738,3229886.0,161576.0,23.2848,75207249.5328
10916,10955,3593926.0,180854.0,23.2848,83683848.1248
10916,18219,3049813.0,149828.0,14.0,42697382.0
10916,11853,3001760.0,149458.0,14.0,42024640.0
10916,10657,3389731.0,165684.0,23.2848,78929208.3888
10916,10568,2353905.0,118022.0,23.2848,54810207.144
10916,10867,3968180.0,200675.0,23.2848,92398277.664
10916,19500,3571985.0,181807.0,23.2848,83172956.32800001
10916,13165,1465246.0,74366.0,112.0,164107552.0
10916,11022,3621652.0,180041.0,23.2848,84329442.4896
10916,19430,4291598.0,207532.0,23.2848,99929001.1104
10916,15241,3559760.0,180832.0,23.2848,82888299.648
10916,16683,2827101.0,139747.0,14.0,39579414.0
10916,12216,1898337.0,95515.0,82.0,155663634.0
10916,10301,3723979.0,187225.0,23.2848,86712106.2192
10916,12355,1819286.0,87432.0,82.0,149181452.0
10916,14257,5039699.0,243970.0,23.2848,117348383.27520001
10916,10963,278622.0,15299.0,101.871,28383501.762
10916,16193,761665.0,41166.0,101.11,77011948.15
10916,16962,3594185.0,180888.0,23.2848,83689878.888
10916,15724,3270513.0,169135.0,23.2848,76153241.1024
10916,17789,3243315.0,159630.0,23.2848,75519941.112
10916,14278,3209746.0,160164.0,23.2848,74738293.6608
10916,19846,233601.0,12554.0,101.871,23797167.470999997
10916,11261,1922552.0,96241.0,82.0,157649264.0
10916,17223,2750709.0,137766.0,14.0,38509926.0
10916,12562,3915375.0,201663.0,23.2848,91168723.8
10916,13170,3263221.0,159755.0,23.2848,75983448.3408
10916,13489,3249027.0,159707.0,23.2848,75652943.88960001
10916,13582,3447235.0,172989.0,23.2848,80268177.528
10916,14358,803386.0,41744.0,94.11,75606656.46
10916,16108,375509.0,18919.0,101.871,38253477.339
10916,10796,2589789.0,128635.0,14.0,36257046.0
10916,18799,1895797.0,95367.0,82.0,155455354.0
10916,10375,4208974.0,214052.0,23.2848,98005117.7952
10916,13665,648071.0,33745.0,31.0464,20120271.4944
10916,15185,1228797.0,79871.0,31.0464,38149723.1808
10916,13454,3448034.0,183660.0,23.2848,80286782.08320001
10916,14053,3039396.0,149512.0,14.0,42551544.0
10916,10901,3131229.0,157690.0,40.0,125249160.0
10916,15948,3627005.0,179394.0,23.2848,84454086.024
10916,12973,2160247.0,113541.0,82.0,177140254.0
10916,12746,3260313.0,159953.0,23.2848,75915736.1424
10916,11181,3428680.0,168342.0,23.2848,79836128.064
10916,19143,1695443.0,86418.0,112.0,189889616.0
10916,19785,3333773.0,166755.0,23.2848,77626237.5504
10916,13237,3265945.0,160757.0,23.2848,76046876.136
10916,15651,19108.0,1494.0,136.0,2598688.0
10916,15848,31844.0,2290.0,140.0,4458160.0
10916,11455,3728687.0,185406.0,23.2848,86821731.0576
10916,14425,2504693.0,127907.0,23.2848,58321275.5664
10916,17752,794199.0,40979.0,101.11,80301460.89
10916,14060,3172738.0,156559.0,40.0,126909520.0
10916,10316,2589658.0,127181.0,14.0,36255212.0
10916,19134,999113.0,52839.0,94.11,94026524.42999999
10916,13460,3111565.0,158745.0,40.0,124462600.0
10916,15686,792154.0,40884.0,101.11,80094690.94
10916,11189,4208987.0,214055.0,23.2848,98005420.4976
10916,10326,5769955.0,277024.0,23.2848,134352248.18400002
10916,10269,4152450.0,210469.0,23.2848,96688967.76
10916,17464,2925383.0,146134.0,14.0,40955362.0
10916,19273,3469562.0,174059.0,23.2848,80788057.25760001
10916,13840,3020923.0,154710.0,14.0,42292922.0
10916,14704,4223635.0,204669.0,23.2848,98346496.248
10916,19239,2307382.0,115041.0,23.2848,53726928.3936
10916,19502,2454783.0,124677.0,23.2848,57159131.1984
10916,17504,2277870.0,117298.0,23.2848,53039747.376
10916,18110,2750486.0,137728.0,14.0,38506804.0
10916,11163,1912972.0,96793.0,82.0,156863704.0
10916,12633,5037419.0,243869.0,23.2848,117295293.9312
10916,16339,1482602.0,81470.0,112.0,166051424.0
10916,13989,1467956.0,75006.0,112.0,164411072.0
10916,18149,2765475.0,138509.0,14.0,38716650.0
10916,10177,4384624.0,213253.0,23.2848,102095092.91520001
10916,12270,2820426.0,141611.0,14.0,39485964.0
10916,13100,4308985.0,222528.0,23.2848,100333853.928
10916,17781,2354447.0,118088.0,23.2848,54822827.5056
10916,19971,1694263.0,103193.0,112.0,189757456.0
10916,16887,349244.0,17371.0,101.871,35577835.524
10916,10985,4018340.0,194408.0,23.2848,93566243.23200001
10916,15976,2060760.0,98843.0,82.0,168982320.0
15270,12652,1829850.0,93048.0,23.799999999999997,43550429.99999999
15270,15008,1792289.0,91492.0,23.799999999999997,42656478.199999996
15270,11112,1796553.0,90932.0,23.799999999999997,42757961.4
15270,16325,1787607.0,90364.0,23.799999999999997,42545046.599999994
15270,11561,2851897.0,142774.0,23.799999999999997,67875148.6
15270,18441,1785901.0,90297.0,23.799999999999997,42504443.8
15270,16117,1765157.0,89472.0,23.799999999999997,42010736.599999994
15270,11209,1783705.0,90359.0,23.799999999999997,42452178.99999999
15270,15891,1847293.0,93169.0,23.799999999999997,43965573.39999999
15270,18812,1877181.0,94558.0,23.799999999999997,44676907.8
15270,19915,564641.0,26498.0,55.0,31055255.0
15270,17282,1827089.0,92265.0,23.799999999999997,43484718.199999996
15270,11147,848581.0,43258.0,23.799999999999997,20196227.799999997
15270,13417,1758530.0,89154.0,23.799999999999997,41853013.99999999
15270,12940,1368210.0,69455.0,23.799999999999997,32563397.999999996
15270,12352,855828.0,42129.0,23.799999999999997,20368706.4
15270,17522,2525037.0,127111.0,23.799999999999997,60095880.599999994
15270,14234,3436509.0,172652.0,23.799999999999997,81788914.19999999
15270,19300,1805528.0,91285.0,23.799999999999997,42971566.4
15270,18542,1789566.0,90468.0,23.799999999999997,42591670.8
15270,16855,2520794.0,126858.0,23.799999999999997,59994897.199999996
15270,13694,2525313.0,121009.0,23.799999999999997,60102449.39999999
15270,12205,948989.0,46438.0,23.799999999999997,22585938.199999996
15270,18941,2218115.0,114365.0,23.799999999999997,52791136.99999999
15270,10748,1842032.0,92893.0,23.799999999999997,43840361.599999994
15270,10705,1645806.0,84417.0,23.799999999999997,39170182.8
15270,15483,2507050.0,120472.0,23.799999999999997,59667789.99999999
15270,13088,868633.0,41993.0,23.799999999999997,20673465.4
15270,13917,1796143.0,101058.0,23.799999999999997,42748203.4
15270,16236,1844369.0,93298.0,23.799999999999997,43895982.199999996
15270,13073,1845834.0,93370.0,23.799999999999997,43930849.199999996
15270,13636,1765916.0,89646.0,23.799999999999997,42028800.8
15270,18411,1433727.0,73160.0,23.799999999999997,34122702.599999994
15270,10916,3969575.0,200770.0,23.799999999999997,94475884.99999999
15270,15270,0.0,0.0,132.93,0.0
15270,13509,1766405.0,89768.0,23.799999999999997,42040438.99999999
15270,11200,1956952.0,101247.0,23.799999999999997,46575457.599999994
15270,12616,2520600.0,126736.0,23.799999999999997,59990279.99999999
15270,12868,2408909.0,121748.0,23.799999999999997,57332034.199999996
15270,13555,1657154.0,85534.0,23.799999999999997,39440265.199999996
15270,14736,2122377.0,108669.0,23.799999999999997,50512572.599999994
15270,17516,2231882.0,114834.0,23.799999999999997,53118791.599999994
15270,15183,429695.0,19594.0,55.0,23633225.0
15270,13563,4237902.0,214125.0,23.799999999999997,100862067.6
15270,15077,1678420.0,87012.0,23.799999999999997,39946395.99999999
15270,11466,3647993.0,183285.0,23.799999999999997,86822233.39999999
15270,15378,1508345.0,75821.0,23.799999999999997,35898610.99999999
15270,18827,1866141.0,96276.0,23.799999999999997,44414155.8
15270,16028,2229125.0,124079.0,23.799999999999997,53053174.99999999
15270,15601,2025381.0,104726.0,23.799999999999997,48204067.8
15270,15264,2296540.0,116641.0,23.799999999999997,54657651.99999999
15270,19333,2273452.0,116762.0,23.799999999999997,54108157.599999994
15270,19880,3457391.0,168190.0,23.799999999999997,82285905.8
15270,14519,1884364.0,94944.0,23.799999999999997,44847863.199999996
15270,12369,261312.0,11965.0,37.422,9778817.663999999
15270,10044,2534499.0,127559.0,23.799999999999997,60321076.199999996
15270,19147,3757291.0,186320.0,23.799999999999997,89423525.79999998
15270,18448,5791829.0,293191.0,23.799999999999997,137845530.2
15270,17010,4162289.0,197993.0,23.799999999999997,99062478.19999999
15270,17738,1403120.0,70939.0,23.799999999999997,33394255.999999996
15270,10955,948892.0,46395.0,23.799999999999997,22583629.599999998
15270,18219,1864460.0,96093.0,23.799999999999997,44374147.99999999
15270,11853,1369922.0,69311.0,23.799999999999997,32604143.599999998
15270,10657,2004354.0,100053.0,23.799999999999997,47703625.199999996
15270,10568,1622480.0,83221.0,23.799999999999997,38615023.99999999
15270,10867,10659.0,632.0,132.93,1416900.87
15270,19500,505272.0,23803.0,55.0,27789960.0
15270,13165,2500946.0,126905.0,23.799999999999997,59522514.79999999
15270,11022,2122670.0,109619.0,23.799999999999997,50519545.99999999
15270,19430,2739394.0,134660.0,23.799999999999997,65197577.199999996
15270,15241,504278.0,23361.0,55.0,27735290.0
15270,16683,1815915.0,93460.0,23.799999999999997,43218776.99999999
15270,12216,2092152.0,106550.0,23.799999999999997,49793217.599999994
15270,10301,831647.0,39877.0,23.799999999999997,19793198.599999998
15270,12355,4132838.0,197318.0,23.799999999999997,98361544.39999999
15270,14257,8990310.0,442570.0,23.799999999999997,213969377.99999997
15270,10963,4229232.0,213900.0,23.799999999999997,100655721.6
15270,16193,4183185.0,200699.0,23.799999999999997,99559802.99999999
15270,16962,949152.0,46428.0,23.799999999999997,22589817.599999998
15270,15724,2306254.0,120041.0,23.799999999999997,54888845.199999996
15270,17789,1797719.0,90927.0,23.799999999999997,42785712.199999996
15270,14278,1382980.0,69527.0,23.799999999999997,32914923.999999996
15270,19846,4362574.0,211012.0,23.799999999999997,103829261.19999999
15270,11261,2481014.0,126203.0,23.799999999999997,59048133.199999996
15270,17223,1229415.0,63706.0,23.799999999999997,29260076.999999996
15270,12562,271510.0,12256.0,37.422,10160447.219999999
15270,13170,1775134.0,89899.0,23.799999999999997,42248189.199999996
15270,13489,1789043.0,90428.0,23.799999999999997,42579223.4
15270,13582,1616140.0,82091.0,23.799999999999997,38464131.99999999
15270,14358,4753996.0,240345.0,23.799999999999997,113145104.79999998
15270,16108,4333026.0,218838.0,23.799999999999997,103126018.79999998
15270,10796,1449509.0,75927.0,23.799999999999997,34498314.199999996
15270,18799,2089613.0,106402.0,23.799999999999997,49732789.39999999
15270,10375,1542063.0,78359.0,23.799999999999997,36701099.4
15270,13665,3331933.0,168744.0,23.799999999999997,79300005.39999999
15270,15185,3855231.0,193481.0,23.799999999999997,91754497.79999998
15270,13454,3039761.0,156732.0,23.799999999999997,72346311.8
15270,14053,1853148.0,95650.0,23.799999999999997,44104922.39999999
15270,10901,851554.0,43552.0,23.799999999999997,20266985.2
15270,15948,1877567.0,95916.0,23.799999999999997,44686094.599999994
15270,12973,1944807.0,102451.0,23.799999999999997,46286406.599999994
15270,12746,1874936.0,94321.0,23.799999999999997,44623476.8
15270,11181,1827863.0,91832.0,23.799999999999997,43503139.4
15270,19143,2638605.0,132894.0,23.799999999999997,62798798.99999999
15270,19785,1502678.0,75856.0,23.799999999999997,35763736.4
15270,13237,1828848.0,92489.0,23.799999999999997,43526582.4
15270,15651,3976625.0,201413.0,23.799999999999997,94643674.99999999
15270,15848,3980907.0,200884.0,23.799999999999997,94745586.6
15270,11455,2228201.0,114721.0,23.799999999999997,53031183.8
15270,14425,1482267.0,83410.0,23.799999999999997,35277954.599999994
15270,17752,4744809.0,239580.0,23.799999999999997,112926454.19999999
15270,14060,1844365.0,93298.0,23.799999999999997,43895886.99999999
15270,10316,1869365.0,96416.0,23.799999999999997,44490886.99999999
15270,19134,4949723.0,251440.0,23.799999999999997,117803407.39999999
15270,13460,2086552.0,106582.0,23.799999999999997,49659937.599999994
15270,15686,4742764.0,239485.0,23.799999999999997,112877783.19999999
15270,11189,1542076.0,78362.0,23.799999999999997,36701408.8
15270,10326,9720566.0,475625.0,23.799999999999997,231349470.79999998
15270,10269,999255.0,50129.0,23.799999999999997,23782268.999999996
15270,17464,6875994.0,344735.0,23.799999999999997,163648657.2
15270,19273,1522609.0,79400.0,23.799999999999997,36238094.199999996
15270,13840,911523.0,69768.0,23.799999999999997,21694247.4
15270,14704,2691013.0,132422.0,23.799999999999997,64046109.39999999
15270,19239,1664303.0,85874.0,23.799999999999997,39610411.4
15270,19502,1677939.0,86897.0,23.799999999999997,39934948.199999996
15270,17504,6228480.0,315898.0,23.799999999999997,148237823.99999997
15270,18110,1229192.0,63667.0,23.799999999999997,29254769.599999998
15270,11163,2856134.0,143269.0,23.799999999999997,67975989.19999999
15270,12633,8988030.0,442470.0,23.799999999999997,213915113.99999997
15270,16339,5433213.0,280071.0,23.799999999999997,129310469.39999999
15270,13989,2495561.0,126660.0,23.799999999999997,59394351.79999999
15270,18149,1229396.0,63591.0,23.799999999999997,29259624.799999997
15270,10177,8335234.0,411854.0,23.799999999999997,198378569.2
15270,12270,2671174.0,134754.0,23.799999999999997,63573941.199999996
15270,13100,3519109.0,174038.0,23.799999999999997,83754794.19999999
15270,17781,1623021.0,83286.0,23.799999999999997,38627899.8
15270,19971,3948993.0,198955.0,23.799999999999997,93986033.39999999
15270,16887,4317216.0,217769.0,23.799999999999997,102749740.79999998
15270,10985,2541335.0,127756.0,23.799999999999997,60483772.99999999
15270,15976,3983088.0,191436.0,23.799999999999997,94797494.39999999
13509,12652,131202.0,6129.0,53.199999999999996,6979946.399999999
13509,15008,83040.0,4490.0,88.19999999999999,7324127.999999999
13509,11112,60682.0,2880.0,88.19999999999999,5352152.399999999
13509,16325,38264.0,1860.0,81.89999999999999,3133821.5999999996
13509,11561,2064343.0,98240.0,72.0,148632696.0
13509,18441,36559.0,1793.0,72.1,2635903.9
13509,16117,88618.0,4700.0,56.28,4987421.04
13509,11209,34363.0,1854.0,72.1,2477572.3
13509,15891,116619.0,5534.0,121.0,14110899.0
13509,18812,136008.0,6422.0,53.199999999999996,7235625.6
13509,19915,1393608.0,67468.0,72.0,100339776.0
13509,17282,85916.0,4129.0,53.9,4630872.399999999
13509,11147,920404.0,46810.0,87.0,80075148.0
13509,13417,43677.0,2462.0,81.89999999999999,3577146.3
13509,12940,426164.0,22371.0,68.8842,29355966.208800003
13509,12352,1303047.0,63857.0,72.0,93819384.0
13509,17522,1737483.0,82577.0,72.0,125098776.0
13509,14234,2872112.0,134707.0,72.0,206792064.0
13509,19300,74854.0,3650.0,88.19999999999999,6602122.799999999
13509,18542,59569.0,2882.0,88.19999999999999,5253985.799999999
13509,16855,1733241.0,82324.0,72.0,124793352.0
13509,13694,784139.0,32873.0,87.0,68220093.0
13509,12205,1015631.0,48595.0,87.0,88359897.0
13509,18941,1260623.0,63342.0,72.0,90764856.0
13509,10748,107140.0,5097.0,121.0,12963940.0
13509,10705,196633.0,10251.0,53.199999999999996,10460875.6
13509,15483,765877.0,32337.0,87.0,66631299.0
13509,13088,1308969.0,64044.0,72.0,94245768.0
13509,13917,1479119.0,75274.0,72.0,106496568.0
13509,16236,113695.0,5663.0,121.0,13757095.0
13509,13073,128008.0,6305.0,53.199999999999996,6810025.6
13509,13636,596.0,149.0,393.4,234466.4
13509,18411,644630.0,33997.0,68.8842,44404821.846
13509,10916,3293004.0,161500.0,72.0,237096288.0
13509,15270,1765510.0,89615.0,72.0,127116720.0
13509,13509,0.0,0.0,393.4,0.0
13509,11200,371063.0,18593.0,68.8842,25560377.904600002
13509,12616,1733046.0,82202.0,72.0,124779312.0
13509,12868,771393.0,37251.0,87.0,67111191.0
13509,13555,1052724.0,53290.0,72.0,75796128.0
13509,14736,643059.0,34355.0,68.8842,44296604.7678
13509,17516,1274389.0,63811.0,72.0,91756008.0
13509,15183,1529762.0,74515.0,72.0,110142864.0
13509,13563,3561331.0,174855.0,72.0,256415832.0
13509,15077,900985.0,44022.0,87.0,78385695.0
13509,11466,2860440.0,138751.0,72.0,205951680.0
13509,15378,402143.0,19752.0,68.8842,27701298.840600003
13509,18827,882783.0,43678.0,87.0,76802121.0
13509,16028,1735052.0,86964.0,72.0,124923744.0
13509,15601,1108607.0,55364.0,72.0,79819704.0
13509,15264,1036942.0,52995.0,72.0,74659824.0
13509,19333,542778.0,29127.0,68.8842,37388828.30760001
13509,19880,3260981.0,153241.0,72.0,234790632.0
13509,14519,143191.0,6808.0,53.199999999999996,7617761.199999999
13509,12369,1714052.0,83084.0,72.0,123411744.0
13509,10044,1746945.0,83025.0,72.0,125780040.0
13509,19147,2016117.0,98184.0,72.0,145160424.0
13509,18448,5115258.0,253920.0,72.0,368298576.0
13509,17010,3965879.0,183044.0,72.0,285543288.0
13509,17738,458667.0,22135.0,68.8842,31594909.361400004
13509,10955,1015534.0,48552.0,87.0,88351458.0
13509,18219,240395.0,11542.0,53.199999999999996,12789013.999999998
13509,11853,409583.0,21312.0,68.8842,28213797.2886
13509,10657,263181.0,11917.0,53.199999999999996,14001229.2
13509,10568,1091423.0,55762.0,72.0,78582456.0
13509,10867,1752388.0,89459.0,72.0,126171936.0
13509,19500,1356192.0,70591.0,72.0,97645824.0
13509,13165,1811084.0,88901.0,72.0,130398048.0
13509,11022,431596.0,22644.0,68.8842,29730145.1832
13509,19430,1101541.0,50135.0,72.0,79310952.0
13509,15241,1343968.0,69616.0,72.0,96765696.0
13509,16683,513151.0,25666.0,68.8842,35347996.1142
13509,12216,1392562.0,68609.0,72.0,100264464.0
13509,10301,1145586.0,54922.0,72.0,82482192.0
13509,12355,3936428.0,182368.0,72.0,283422816.0
13509,14257,8313738.0,403300.0,72.0,598589136.0
13509,10963,3552661.0,174629.0,72.0,255791592.0
13509,16193,3399459.0,162195.0,72.0,244761048.0
13509,16962,1015793.0,48585.0,87.0,88373991.0
13509,15724,575580.0,32406.0,68.8842,39648367.836
13509,17789,48377.0,2423.0,81.89999999999999,3962076.3
13509,14278,469690.0,22621.0,68.8842,32354219.898000002
13509,19846,3572929.0,172152.0,72.0,257250888.0
13509,11261,1532548.0,77048.0,72.0,110343456.0
13509,17223,814910.0,44326.0,87.0,70897170.0
13509,12562,1711002.0,83200.0,72.0,123192144.0
13509,13170,29349.0,1505.0,72.1,2116062.9
13509,13489,39701.0,1924.0,81.89999999999999,3251511.8999999994
13509,13582,457987.0,24908.0,68.8842,31548068.105400003
13509,14358,4077425.0,201074.0,72.0,293574600.0
13509,16108,3656455.0,179568.0,72.0,263264760.0
13509,10796,770835.0,39778.0,87.0,67062645.0
13509,18799,1390023.0,68461.0,72.0,100081656.0
13509,10375,1630581.0,81749.0,72.0,117401832.0
13509,13665,2655362.0,129473.0,72.0,191186064.0
13509,15185,3067677.0,148947.0,72.0,220872744.0
13509,13454,1309088.0,69097.0,72.0,94254336.0
13509,14053,263489.0,12462.0,53.199999999999996,14017614.799999999
13509,10901,919819.0,47108.0,87.0,80024253.0
13509,15948,375195.0,20207.0,68.8842,25845007.419000003
13509,12973,1729737.0,87178.0,72.0,124541064.0
13509,12746,133763.0,6186.0,53.199999999999996,7116191.6
13509,11181,143537.0,8087.0,53.199999999999996,7636168.399999999
13509,19143,1851052.0,88360.0,72.0,133275744.0
13509,19785,581644.0,28662.0,68.8842,40066081.624800004
13509,13237,84799.0,4118.0,53.9,4570666.1
13509,15651,3300054.0,162143.0,72.0,237603888.0
13509,15848,3304336.0,161614.0,72.0,237912192.0
13509,11455,538630.0,28008.0,68.8842,37103096.646000005
13509,14425,1235357.0,68845.0,72.0,88945704.0
13509,17752,4068238.0,200310.0,72.0,292913136.0
13509,14060,113691.0,5663.0,121.0,13756611.0
13509,10316,745695.0,37484.0,87.0,64875465.0
13509,19134,4273152.0,212169.0,72.0,307666944.0
13509,13460,355878.0,18947.0,68.8842,24514371.327600002
13509,15686,4066193.0,200214.0,72.0,292765896.0
13509,11189,1630594.0,81752.0,72.0,117402768.0
13509,10326,9043995.0,436355.0,72.0,651167640.0
13509,10269,1574057.0,78167.0,72.0,113332104.0
13509,17464,6199423.0,305465.0,72.0,446358456.0
13509,19273,608258.0,33322.0,68.8842,41899365.72360001
13509,13840,1695033.0,92305.0,72.0,122042376.0
13509,14704,1033578.0,47272.0,72.0,74417616.0
13509,19239,1054827.0,53258.0,72.0,75947544.0
13509,19502,900504.0,43907.0,87.0,78343848.0
13509,17504,5551909.0,276628.0,72.0,399737448.0
13509,18110,814687.0,44288.0,87.0,70877769.0
13509,11163,2068580.0,98735.0,72.0,148937760.0
13509,12633,8311458.0,403200.0,72.0,598424976.0
13509,16339,4756642.0,240801.0,72.0,342478224.0
13509,13989,1805699.0,88656.0,72.0,130010328.0
13509,18149,799308.0,43357.0,87.0,69539796.0
13509,10177,7658663.0,372584.0,72.0,551423736.0
13509,12270,1411577.0,71108.0,72.0,101633544.0
13509,13100,1777935.0,85902.0,72.0,128011320.0
13509,17781,1091964.0,55828.0,72.0,78621408.0
13509,19971,3161439.0,154421.0,72.0,227623608.0
13509,16887,3640645.0,178498.0,72.0,262126440.0
13509,10985,800161.0,39621.0,87.0,69614007.0
13509,15976,3786678.0,176486.0,72.0,272640816.0
11200,12652,270376.0,14593.0,103.8114,28068111.086400002
11200,15008,319482.0,16673.0,90.0,28753380.0
11200,11112,319435.0,17172.0,90.0,28749150.0
11200,16325,341600.0,17998.0,90.0,30744000.0
11200,11561,1849913.0,92078.0,45.5,84171041.5
11200,18441,339894.0,17931.0,90.0,30590460.0
11200,16117,460295.0,22940.0,45.5,20943422.5
11200,11209,341101.0,17951.0,90.0,30699090.0
11200,15891,294780.0,16170.0,90.0,26530200.0
11200,18812,339090.0,18027.0,90.0,30518100.0
11200,19915,1720726.0,83605.0,45.5,78293033.0
11200,17282,350721.0,18518.0,90.0,31564890.0
11200,11147,1116202.0,58634.0,45.5,50787191.0
11200,13417,338233.0,17414.0,90.0,30440970.0
11200,12940,608990.0,34189.0,45.5,27709045.0
11200,12352,1630164.0,79995.0,45.5,74172462.0
11200,17522,1523053.0,76416.0,45.5,69298911.5
11200,14234,2657682.0,128546.0,45.5,120924531.0
11200,19300,297792.0,16127.0,90.0,26801280.0
11200,18542,314010.0,16830.0,90.0,28260900.0
11200,16855,1518811.0,76163.0,45.5,69105900.5
11200,13694,941371.0,43960.0,45.5,42832380.5
11200,12205,1342748.0,64732.0,45.5,61095034.0
11200,18941,1046193.0,57181.0,45.5,47601781.5
11200,10748,310588.0,17222.0,90.0,27952920.0
11200,10705,363512.0,20152.0,45.5,16539796.0
11200,15483,923108.0,43424.0,45.5,42001414.0
11200,13088,1636087.0,80181.0,45.5,74441958.5
11200,13917,1352822.0,70130.0,45.5,61553401.0
11200,16236,259277.0,14545.0,103.81,26915545.37
11200,13073,246781.0,13743.0,103.81,25618335.61
11200,13636,374085.0,18614.0,45.5,17020867.5
11200,18411,682901.0,35622.0,45.5,31071995.5
11200,10916,3078574.0,155339.0,45.5,140075117.0
11200,15270,1961308.0,101438.0,45.5,89239514.0
11200,13509,374574.0,18736.0,45.5,17043117.0
11200,11200,0.0,0.0,88.2882,0.0
11200,12616,1518616.0,76041.0,45.5,69097028.0
11200,12868,1047984.0,52633.0,45.5,47683272.0
11200,13555,932252.0,48773.0,45.5,42417466.0
11200,14736,981405.0,51526.0,45.5,44653927.5
11200,17516,1059959.0,57650.0,45.5,48228134.5
11200,15183,1856880.0,90652.0,45.5,84488040.0
11200,13563,3346901.0,168693.0,45.5,152283995.5
11200,15077,693985.0,38037.0,45.5,31576317.5
11200,11466,2646010.0,132590.0,45.5,120393455.0
11200,15378,618299.0,33874.0,45.5,28132604.5
11200,18827,626867.0,35257.0,45.5,28522448.5
11200,16028,1520622.0,80803.0,45.5,69188301.0
11200,15601,894177.0,49203.0,45.5,40685053.5
11200,15264,671738.0,34798.0,45.5,30564079.0
11200,19333,313666.0,17485.0,90.0,28229940.0
11200,19880,3134683.0,148096.0,45.5,142628076.5
11200,14519,346505.0,18377.0,90.0,31185450.0
11200,12369,2041170.0,99221.0,45.5,92873235.0
11200,10044,1532515.0,76864.0,45.5,69729432.5
11200,19147,1719492.0,89706.0,45.5,78236886.0
11200,18448,4900828.0,247759.0,45.5,222987674.0
11200,17010,3839582.0,177899.0,45.5,174700981.0
11200,17738,785784.0,38273.0,45.5,35753172.0
11200,10955,1342651.0,64689.0,45.5,61090620.5
11200,18219,135952.0,7724.0,111.0,15090672.0
11200,11853,605633.0,33148.0,45.5,27556301.5
11200,10657,432884.0,23250.0,45.5,19696222.0
11200,10568,970951.0,51245.0,45.5,44178270.5
11200,10867,1948185.0,101282.0,45.5,88642417.5
11200,19500,1551990.0,82414.0,45.5,70615545.0
11200,13165,1596654.0,82740.0,45.5,72647757.0
11200,11022,708187.0,38026.0,45.5,32222508.5
11200,19430,1378132.0,65517.0,45.5,62705006.0
11200,15241,1539765.0,81439.0,45.5,70059307.5
11200,16683,266812.0,16122.0,103.8114,27698127.256800003
11200,12216,1178132.0,62448.0,45.5,53605006.0
11200,10301,1472704.0,71060.0,45.5,67008032.0
11200,12355,3810131.0,177224.0,45.5,173360960.5
11200,14257,8099308.0,397139.0,45.5,368518514.0
11200,10963,3338231.0,168468.0,45.5,151889510.5
11200,16193,3185029.0,156033.0,45.5,144918819.5
11200,16962,1342910.0,64723.0,45.5,61102405.0
11200,15724,384803.0,23193.0,45.5,17508536.5
11200,17789,329850.0,17614.0,90.0,29686500.0
11200,14278,796807.0,38758.0,45.5,36254718.5
11200,19846,3358499.0,165991.0,45.5,152811704.5
11200,11261,1167795.0,60800.0,45.5,53134672.5
11200,17223,914596.0,48174.0,45.5,41614118.0
11200,12562,2038120.0,99338.0,45.5,92734460.0
11200,13170,349756.0,17740.0,90.0,31478040.0
11200,13489,335562.0,17692.0,90.0,30200580.0
11200,13582,829665.0,43148.0,45.5,37749757.5
11200,14358,3862995.0,194913.0,45.5,175766272.5
11200,16108,3442025.0,173407.0,45.5,156612137.5
11200,10796,809106.0,41403.0,45.5,36814323.0
11200,18799,1175593.0,62300.0,45.5,53489481.5
11200,10375,1957699.0,97887.0,45.5,89075304.5
11200,13665,2440932.0,123312.0,45.5,111062406.0
11200,15185,2853247.0,142786.0,45.5,129822738.5
11200,13454,1079975.0,57455.0,45.5,49138862.5
11200,14053,122592.0,7031.0,88.2882,10823427.0144
11200,10901,1115617.0,58931.0,45.5,50760573.5
11200,15948,713541.0,37379.0,45.5,32466115.5
11200,12973,1603439.0,82034.0,45.5,72956474.5
11200,12746,336845.0,17791.0,90.0,30316050.0
11200,11181,515215.0,26327.0,45.5,23442282.5
11200,19143,1506775.0,78172.0,45.5,68558262.5
11200,19785,908762.0,44800.0,45.5,41348671.0
11200,13237,352480.0,18742.0,90.0,31723200.0
11200,15651,3085624.0,155982.0,45.5,140395892.0
11200,15848,3089906.0,155453.0,45.5,140590723.0
11200,11455,815222.0,43390.0,45.5,37092601.0
11200,14425,1240572.0,66802.0,45.5,56446026.0
11200,17752,3853808.0,194149.0,45.5,175348264.0
11200,14060,259273.0,14544.0,103.81,26915130.13
11200,10316,488218.0,27745.0,45.5,22213919.0
11200,19134,4058722.0,206008.0,45.5,184671851.0
11200,13460,127492.0,7385.0,88.2882,11256039.194400001
11200,15686,3851763.0,194053.0,45.5,175255216.5
11200,11189,1957711.0,97890.0,45.5,89075850.5
11200,10326,8829565.0,430194.0,45.5,401745207.5
11200,10269,1901175.0,94304.0,45.5,86503462.5
11200,17464,5984993.0,299303.0,45.5,272317181.5
11200,19273,979936.0,51562.0,45.5,44587088.0
11200,13840,1756803.0,93605.0,45.5,79934536.5
11200,14704,1310170.0,62654.0,45.5,59612735.0
11200,19239,888835.0,48393.0,45.5,40441992.5
11200,19502,693504.0,37921.0,45.5,31554432.0
11200,17504,5337479.0,270467.0,45.5,242855294.5
11200,18110,914373.0,48135.0,45.5,41603971.5
11200,11163,1595214.0,82574.0,45.5,72582237.0
11200,12633,8097028.0,397038.0,45.5,368414774.0
11200,16339,4542212.0,234639.0,45.5,206670646.0
11200,13989,1591269.0,82495.0,45.5,72402739.5
11200,18149,898994.0,47204.0,45.5,40904227.0
11200,10177,7444233.0,366422.0,45.5,338712601.5
11200,12270,1046372.0,52910.0,45.5,47609926.0
11200,13100,1481310.0,77424.0,45.5,67399605.0
11200,17781,971492.0,51311.0,45.5,44202886.0
11200,19971,2947009.0,148260.0,45.5,134088909.5
11200,16887,3426215.0,172337.0,45.5,155892782.5
11200,10985,1049022.0,51729.0,45.5,47730501.0
11200,15976,3660380.0,171342.0,45.5,166547290.0
12616,12652,1628616.0,77401.0,40.0,65144640.0
12616,15008,1677721.0,79481.0,56.0,93952376.0
12616,11112,1677674.0,79979.0,56.0,93949744.0
12616,16325,1699839.0,80806.0,56.0,95190984.0
12616,11561,342582.0,16748.0,65.79,22538469.78
12616,18441,1698134.0,80739.0,56.0,95095504.0
12616,16117,1818535.0,85748.0,40.0,72741400.0
12616,11209,1699341.0,80758.0,56.0,95163096.0
12616,15891,1664340.0,79191.0,56.0,93203040.0
12616,18812,1707333.0,80981.0,56.0,95610648.0
12616,19915,2298977.0,116776.0,77.0,177021229.0
12616,17282,1708960.0,81326.0,56.0,95701760.0
12616,11147,1688851.0,84009.0,56.0,94575656.0
12616,13417,1696472.0,80222.0,56.0,95002432.0
12616,12940,1556481.0,75378.0,95.0,147865695.0
12616,12352,2431388.0,121954.0,77.0,187216876.0
12616,17522,9792.0,834.0,221.2,2165990.4
12616,14234,1150351.0,53216.0,110.0,126538610.0
12616,19300,1656032.0,78935.0,56.0,92737792.0
12616,18542,1672250.0,79638.0,56.0,93646000.0
12616,16855,47025.0,2793.0,70.0,3291750.0
12616,13694,2355464.0,107432.0,77.0,181370728.0
12616,12205,2143972.0,106692.0,68.88,147676791.35999998
12616,18941,557359.0,27737.0,45.0,25081155.0
12616,10748,1668827.0,80030.0,56.0,93454312.0
12616,10705,1625469.0,78755.0,40.0,65018760.0
12616,15483,2337202.0,106896.0,77.0,179964554.0
12616,13088,2437310.0,122141.0,77.0,187672870.0
12616,13917,922389.0,45108.0,95.0,87626955.0
12616,16236,1617516.0,77353.0,40.0,64700640.0
12616,13073,1605020.0,76551.0,40.0,64200800.0
12616,13636,1732324.0,81422.0,56.0,97010144.0
12616,18411,1262765.0,59962.0,110.0,138904150.0
12616,10916,1571243.0,80008.0,95.0,149268085.0
12616,15270,2531252.0,126626.0,77.0,194906404.0
12616,13509,1732813.0,81544.0,56.0,97037528.0
12616,11200,1518779.0,75029.0,95.0,144284005.0
12616,12616,0.0,0.0,221.2,0.0
12616,12868,2406224.0,115441.0,77.0,185279248.0
12616,13555,865155.0,41345.0,95.0,82189725.0
12616,14736,2339645.0,114334.0,77.0,180152665.0
12616,17516,517316.0,25650.0,45.0,23279220.0
12616,15183,2317935.0,119729.0,77.0,178480995.0
12616,13563,1839570.0,93363.0,95.0,174759150.0
12616,15077,993063.0,48605.0,95.0,94340985.0
12616,11466,1138678.0,57259.0,110.0,125254580.0
12616,15378,1695785.0,82618.0,56.0,94963960.0
12616,18827,899142.0,41280.0,95.0,85418490.0
12616,16028,485686.0,24534.0,37.8,18358930.799999997
12616,15601,632190.0,28456.0,45.0,28448550.0
12616,15264,860568.0,42666.0,95.0,81753960.0
12616,19333,1586116.0,83382.0,84.41,133884051.55999999
12616,19880,2340740.0,109547.0,77.0,180236980.0
12616,14519,1714748.0,81331.0,56.0,96025888.0
12616,12369,2461094.0,127228.0,77.0,189504238.0
12616,10044,25184.0,1533.0,104.3,2626691.1999999997
12616,19147,2991942.0,155603.0,77.0,230379534.0
12616,18448,3393496.0,172428.0,93.0,315595128.0
12616,17010,2768984.0,128431.0,77.0,213211768.0
12616,17738,1779834.0,87370.0,40.0,71193360.0
12616,10955,2143875.0,106649.0,68.88,147670110.0
12616,18219,1494588.0,70620.0,95.0,141985860.0
12616,11853,1551709.0,75253.0,95.0,147412355.0
12616,10657,1834506.0,86476.0,95.0,174278070.0
12616,10568,903854.0,43817.0,95.0,85866130.0
12616,10867,2518129.0,126469.0,77.0,193895933.0
12616,19500,2121934.0,107602.0,68.88,146158813.92
12616,13165,210100.0,11306.0,90.0,18909000.0
12616,11022,2066426.0,100834.0,68.88,142335422.88
12616,19430,2736372.0,128325.0,77.0,210700644.0
12616,15241,2109709.0,106626.0,68.88,145316755.92
12616,16683,1271876.0,60539.0,110.0,139906360.0
12616,12216,564474.0,26823.0,45.0,25401330.0
12616,10301,2273927.0,113019.0,77.0,175092379.0
12616,12355,2795962.0,129954.0,77.0,215289074.0
12616,14257,6591977.0,321808.0,67.0,441662459.0
12616,10963,1830900.0,93138.0,95.0,173935500.0
12616,16193,1677698.0,80703.0,56.0,93951088.0
12616,16962,2144134.0,106682.0,68.88,147687949.92
12616,15724,1715288.0,89927.0,56.0,96056128.0
12616,17789,1688089.0,80422.0,56.0,94532984.0
12616,14278,1759694.0,85959.0,40.0,70387760.0
12616,19846,1851168.0,90660.0,95.0,175860960.0
12616,11261,367326.0,17034.0,38.031,13969775.105999999
12616,17223,1300657.0,63561.0,110.0,143072270.0
12616,12562,2465324.0,127457.0,77.0,189829948.0
12616,13170,1707996.0,80548.0,56.0,95647776.0
12616,13489,1693801.0,80500.0,56.0,94852856.0
12616,13582,1997183.0,98784.0,68.88,137565965.04
12616,14358,2355664.0,119582.0,77.0,181386128.0
12616,16108,1934694.0,98076.0,95.0,183795930.0
12616,10796,1139738.0,54429.0,110.0,125371180.0
12616,18799,561934.0,26674.0,45.0,25287030.0
12616,10375,2758923.0,139846.0,77.0,212437071.0
12616,13665,933601.0,47981.0,95.0,88692095.0
12616,15185,1345916.0,67455.0,110.0,148050760.0
12616,13454,1892809.0,104452.0,95.0,179816855.0
12616,14053,1484170.0,70304.0,95.0,140996150.0
12616,10901,1681178.0,83485.0,56.0,94145968.0
12616,15948,2071780.0,100187.0,68.88,142704206.39999998
12616,12973,1173007.0,57013.0,110.0,129030770.0
12616,12746,1705088.0,80745.0,56.0,95484928.0
12616,11181,1873454.0,89134.0,95.0,177978130.0
12616,19143,152968.0,8726.0,90.0,13767120.0
12616,19785,1883722.0,92549.0,95.0,178953590.0
12616,13237,1710719.0,81550.0,56.0,95800264.0
12616,15651,1578293.0,80651.0,84.41,133223712.13
12616,15848,1582575.0,80122.0,84.41,133585155.75
12616,11455,2173461.0,106198.0,68.88,149707993.67999998
12616,14425,1054641.0,53702.0,95.0,100190895.0
12616,17752,2346477.0,118818.0,77.0,180678729.0
12616,14060,1617512.0,77352.0,40.0,64700480.0
12616,10316,1034433.0,47973.0,95.0,98271135.0
12616,19134,2551391.0,130677.0,77.0,196457107.0
12616,13460,1556339.0,79537.0,95.0,147852205.0
12616,15686,2344432.0,118722.0,77.0,180521264.0
12616,11189,2758935.0,139849.0,77.0,212437995.0
12616,10326,7322233.0,354863.0,67.0,490589611.0
12616,10269,2702399.0,136263.0,77.0,208084723.0
12616,17464,4477661.0,223973.0,67.0,300003287.0
12616,19273,2019510.0,99854.0,68.88,139103848.79999998
12616,13840,1570872.0,80505.0,95.0,149232840.0
12616,14704,2668409.0,125461.0,77.0,205467493.0
12616,19239,857330.0,40835.0,95.0,81446350.0
12616,19502,992582.0,48489.0,95.0,94295290.0
12616,17504,3830148.0,195136.0,93.0,356203764.0
12616,18110,1300434.0,63522.0,110.0,143047740.0
12616,11163,370496.0,19101.0,31.499999999999996,11670623.999999998
12616,12633,6589697.0,321708.0,67.0,441509699.0
12616,16339,3034880.0,159309.0,77.0,233685760.0
12616,13989,211842.0,11634.0,90.0,19065780.0
12616,18149,1315423.0,64304.0,110.0,144696530.0
12616,10177,5936901.0,291092.0,67.0,397772367.0
12616,12270,1265201.0,62403.0,110.0,139172110.0
12616,13100,2753760.0,143321.0,77.0,212039520.0
12616,17781,904395.0,43882.0,95.0,85917525.0
12616,19971,1439678.0,72929.0,95.0,136769410.0
12616,16887,1918883.0,97006.0,95.0,182293885.0
12616,10985,2463115.0,115200.0,77.0,189659855.0
12616,15976,2866437.0,132792.0,77.0,220715649.0
12868,12652,803747.0,40013.0,36.8676,29632222.897200003
12868,15008,793518.0,38676.0,36.56,29011018.080000002
12868,11112,743005.0,36535.0,36.8676,27392811.138000004
12868,16325,760683.0,36618.0,36.8676,28044556.570800003
12868,11561,2737843.0,131908.0,79.0,216289597.0
12868,18441,758977.0,36551.0,36.8676,27981660.445200004
12868,16117,799966.0,39722.0,36.56,29246756.96
12868,11209,756781.0,36613.0,36.8676,27900699.195600003
12868,15891,778475.0,37657.0,36.56,28461046.0
12868,18812,747801.0,36762.0,36.8676,27569628.147600003
12868,19915,1982793.0,97351.0,79.0,156640647.0
12868,17282,710766.0,34596.0,33.96,24137613.36
12868,11147,1625502.0,81638.0,79.0,128414658.0
12868,13417,765661.0,37195.0,36.8676,28228083.4836
12868,12940,1115581.0,58134.0,79.0,88130899.0
12868,12352,1892232.0,93741.0,79.0,149486328.0
12868,17522,2410982.0,116245.0,79.0,190467578.0
12868,14234,3545611.0,168375.0,79.0,280103269.0
12868,19300,764936.0,37118.0,36.8676,28201354.473600004
12868,18542,749651.0,36351.0,36.8676,27637833.2076
12868,16855,2406740.0,115992.0,79.0,190132460.0
12868,13694,878530.0,46186.0,79.0,69403870.0
12868,12205,1604816.0,78479.0,79.0,126780464.0
12868,18941,1934122.0,97010.0,79.0,152795638.0
12868,10748,753344.0,36523.0,36.8676,27773985.254400004
12868,10705,918541.0,44905.0,79.0,72564739.0
12868,15483,874124.0,46123.0,79.0,69055796.0
12868,13088,1898154.0,93928.0,79.0,149954166.0
12868,13917,2201026.0,109928.0,79.0,173881054.0
12868,16236,784915.0,38886.0,36.56,28696492.400000002
12868,13073,799228.0,39528.0,36.56,29219775.680000003
12868,13636,770614.0,37004.0,36.8676,28410688.706400003
12868,18411,1366538.0,68651.0,79.0,107956502.0
12868,10916,3966504.0,195168.0,79.0,313353816.0
12868,15270,2440110.0,121661.0,79.0,192768690.0
12868,13509,771103.0,37126.0,36.8676,28428716.962800004
12868,11200,1044562.0,52261.0,79.0,82520398.0
12868,12616,2406545.0,115870.0,79.0,190117055.0
12868,12868,0.0,0.0,67.0,0.0
12868,13555,1774631.0,87944.0,79.0,140195849.0
12868,14736,318898.0,13231.0,73.0,23279554.0
12868,17516,1947889.0,97479.0,79.0,153883231.0
12868,15183,2118947.0,104398.0,79.0,167396813.0
12868,13563,4234831.0,208523.0,79.0,334551649.0
12868,15077,1574484.0,77690.0,79.0,124384236.0
12868,11466,3533939.0,172419.0,79.0,279181181.0
12868,15378,954142.0,49678.0,79.0,75377218.0
12868,18827,1556283.0,77346.0,79.0,122946357.0
12868,16028,2408551.0,120632.0,79.0,190275529.0
12868,15601,1782106.0,89032.0,79.0,140786374.0
12868,15264,1684119.0,85725.0,79.0,133045401.0
12868,19333,1204634.0,61250.0,79.0,95166086.0
12868,19880,3982888.0,187895.0,79.0,314648152.0
12868,14519,745468.0,36542.0,36.8676,27483616.0368
12868,12369,2303237.0,112968.0,79.0,181955723.0
12868,10044,2420445.0,116693.0,79.0,191215155.0
12868,19147,2199361.0,113698.0,79.0,173749519.0
12868,18448,5788757.0,287588.0,79.0,457311803.0
12868,17010,4687786.0,217698.0,79.0,370335094.0
12868,17738,1010814.0,52161.0,79.0,79854306.0
12868,10955,1604719.0,78436.0,79.0,126772801.0
12868,18219,913894.0,45210.0,79.0,72197626.0
12868,11853,1099000.0,57075.0,79.0,86821000.0
12868,10657,746808.0,36462.0,36.8676,27533018.620800003
12868,10568,1813330.0,90416.0,79.0,143253070.0
12868,10867,2426987.0,121505.0,79.0,191731973.0
12868,19500,2061291.0,105419.0,79.0,162841989.0
12868,13165,2484583.0,122569.0,79.0,196282057.0
12868,11022,352892.0,15466.0,60.0,21173520.0
12868,19430,355369.0,14715.0,60.0,21322140.0
12868,15241,2049066.0,104443.0,79.0,161876214.0
12868,16683,1186650.0,59334.0,79.0,93745350.0
12868,12216,2066062.0,102277.0,79.0,163218898.0
12868,10301,1734771.0,84806.0,79.0,137046909.0
12868,12355,4658335.0,217022.0,79.0,368008465.0
12868,14257,8987238.0,436968.0,79.0,709991802.0
12868,10963,4226161.0,208297.0,79.0,333866719.0
12868,16193,4072958.0,195863.0,79.0,321763682.0
12868,16962,1604978.0,78469.0,79.0,126793262.0
12868,15724,1144357.0,59266.0,79.0,90404203.0
12868,17789,740121.0,36585.0,33.96,25134509.16
12868,14278,1021837.0,52647.0,79.0,80725123.0
12868,19846,4246428.0,205820.0,79.0,335467812.0
12868,11261,2206048.0,110716.0,79.0,174277792.0
12868,17223,1579856.0,79697.0,79.0,124808624.0
12868,12562,2300188.0,113084.0,79.0,181714852.0
12868,13170,751333.0,36238.0,36.8676,27699844.510800004
12868,13489,762119.0,36682.0,36.8676,28097498.4444
12868,13582,807698.0,39977.0,36.8676,29777886.784800004
12868,14358,4750925.0,234742.0,79.0,375323075.0
12868,16108,4329955.0,213236.0,79.0,342066445.0
12868,10796,1492743.0,74432.0,79.0,117926697.0
12868,18799,2063522.0,102129.0,79.0,163018238.0
12868,10375,2020705.0,110725.0,79.0,159635695.0
12868,13665,3328861.0,163141.0,79.0,262980019.0
12868,15185,3741177.0,182615.0,79.0,295552983.0
12868,13454,1970943.0,101220.0,79.0,155704497.0
12868,14053,936988.0,46130.0,79.0,74022052.0
12868,10901,1624917.0,81935.0,79.0,128368443.0
12868,15948,534240.0,27100.0,33.96,18142790.400000002
12868,12973,2451644.0,121832.0,79.0,193679876.0
12868,12746,751394.0,36817.0,36.8676,27702093.434400003
12868,11181,687973.0,33572.0,33.96,23363563.080000002
12868,19143,2524551.0,122028.0,79.0,199439529.0
12868,19785,974804.0,48175.0,79.0,77009516.0
12868,13237,707160.0,34299.0,33.96,24015153.6
12868,15651,3973553.0,195811.0,79.0,313910687.0
12868,15848,3977836.0,195282.0,79.0,314249044.0
12868,11455,248164.0,10124.0,67.0,16626988.0
12868,14425,1924775.0,104609.0,79.0,152057225.0
12868,17752,4741738.0,233978.0,79.0,374597302.0
12868,14060,784912.0,38885.0,36.56,28696382.720000003
12868,10316,1419195.0,71152.0,79.0,112116405.0
12868,19134,4946652.0,245837.0,79.0,390785508.0
12868,13460,1017734.0,51070.0,79.0,80400986.0
12868,15686,4739693.0,233882.0,79.0,374435747.0
12868,11189,2020717.0,110728.0,79.0,159636643.0
12868,10326,9717494.0,470023.0,79.0,767682026.0
12868,10269,2163242.0,108050.0,79.0,170896118.0
12868,17464,6872922.0,339133.0,79.0,542960838.0
12868,19273,938916.0,46662.0,79.0,74174364.0
12868,13840,2384450.0,128069.0,79.0,188371550.0
12868,14704,279439.0,11490.0,67.0,18722413.0
12868,19239,1776735.0,87912.0,79.0,140362065.0
12868,19502,1574003.0,77575.0,79.0,124346237.0
12868,17504,6225409.0,310296.0,79.0,491807311.0
12868,18110,1579633.0,79659.0,79.0,124791007.0
12868,11163,2742080.0,132403.0,79.0,216624320.0
12868,12633,8984958.0,436868.0,79.0,709811682.0
12868,16339,5430141.0,274469.0,79.0,428981139.0
12868,13989,2479199.0,122324.0,79.0,195856721.0
12868,18149,1488725.0,79121.0,79.0,117609275.0
12868,10177,8332162.0,406252.0,79.0,658240798.0
12868,12270,2058753.0,103838.0,79.0,162641487.0
12868,13100,1961179.0,101415.0,79.0,154933141.0
12868,17781,1813871.0,90482.0,79.0,143295809.0
12868,19971,3834939.0,188089.0,79.0,302960181.0
12868,16887,4314144.0,212166.0,79.0,340817376.0
12868,10985,596928.0,31360.0,33.96,20271674.88
12868,15976,4508585.0,211140.0,79.0,356178215.0
13555,12652,1034132.0,50477.0,49.0,50672468.0
13555,15008,995081.0,50868.0,23.28,23165485.68
13555,11112,1083191.0,53055.0,55.0,59575505.0
13555,16325,1037677.0,52398.0,49.0,50846173.0
13555,11561,1195268.0,57286.0,87.0,103988316.0
13555,18441,1035971.0,52331.0,49.0,50762579.0
13555,16117,1053311.0,54776.0,55.0,57932105.0
13555,11209,1033775.0,52393.0,49.0,50654975.0
13555,15891,1069856.0,52267.0,55.0,58842080.0
13555,18812,1112849.0,54057.0,55.0,61206695.0
13555,19915,1446490.0,75811.0,87.0,125844630.0
13555,17282,1114477.0,54402.0,55.0,61296235.0
13555,11147,836365.0,43043.0,47.0,39309155.0
13555,13417,1013692.0,51671.0,49.0,49670908.0
13555,12940,701267.0,34623.0,82.0,57503894.0
13555,12352,1578902.0,80988.0,87.0,137364474.0
13555,17522,868408.0,41623.0,40.0,34736320.0
13555,14234,1849894.0,88061.0,87.0,160940778.0
13555,19300,1061548.0,52011.0,55.0,58385140.0
13555,18542,1039986.0,52635.0,49.0,50959314.0
13555,16855,864166.0,41370.0,90.0,77774940.0
13555,13694,1760981.0,80508.0,87.0,153205347.0
13555,12205,1291486.0,65726.0,87.0,112359282.0
13555,18941,561486.0,28877.0,82.0,46041852.0
13555,10748,1074344.0,53106.0,55.0,59088920.0
13555,10705,857046.0,43495.0,40.0,34281840.0
13555,15483,1742718.0,79972.0,87.0,151616466.0
13555,13088,1584824.0,81175.0,87.0,137879688.0
13555,13917,432380.0,22495.0,43.4,18765292.0
13555,16236,1023033.0,50429.0,49.0,50128617.0
13555,13073,1010537.0,49627.0,23.28,23525301.36
13555,13636,1049544.0,52871.0,55.0,57724920.0
13555,18411,407552.0,19206.0,43.4,17687756.8
13555,10916,2312947.0,115282.0,79.0,182722813.0
13555,15270,1678765.0,85660.0,87.0,146052555.0
13555,13509,1050033.0,52993.0,55.0,57751815.0
13555,11200,930816.0,48646.0,90.0,83773440.0
13555,12616,863971.0,41249.0,90.0,77757390.0
13555,12868,1770832.0,87738.0,87.0,154062384.0
13555,13555,0.0,0.0,244.29999999999998,0.0
13555,14736,1536876.0,79711.0,87.0,133708212.0
13555,17516,575253.0,29347.0,82.0,47170746.0
13555,15183,1465449.0,78763.0,87.0,127494063.0
13555,13563,2581274.0,128637.0,81.0,209083194.0
13555,15077,209108.0,11434.0,42.0,8782536.0
13555,11466,1991365.0,97797.0,79.0,157317835.0
13555,15378,840571.0,41863.0,90.0,75651390.0
13555,18827,375009.0,19767.0,44.14,16552897.26
13555,16028,778013.0,39418.0,82.0,63797066.0
13555,15601,368752.0,19238.0,31.499999999999996,11615687.999999998
13555,15264,746198.0,40575.0,82.0,61188236.0
13555,19333,1241367.0,65927.0,87.0,107998929.0
13555,19880,2214241.0,100462.0,79.0,174925039.0
13555,14519,1120264.0,54407.0,55.0,61614520.0
13555,12369,1608608.0,86262.0,87.0,139948896.0
13555,10044,877870.0,42071.0,90.0,79008300.0
13555,19147,2647193.0,138148.0,81.0,214422633.0
13555,18448,4135200.0,207703.0,78.0,322545600.0
13555,17010,2919140.0,130265.0,81.0,236450340.0
13555,17738,924621.0,46615.0,90.0,83215890.0
13555,10955,1291389.0,65683.0,87.0,112350843.0
13555,18219,900104.0,43696.0,90.0,81009360.0
13555,11853,696495.0,34498.0,82.0,57112590.0
13555,10657,1240023.0,59552.0,87.0,107882001.0
13555,10568,41282.0,2835.0,84.672,3495429.5039999997
13555,10867,1665643.0,85504.0,87.0,144910941.0
13555,19500,1269447.0,66636.0,87.0,110441889.0
13555,13165,844317.0,41418.0,70.0,59102190.0
13555,11022,1431035.0,73131.0,87.0,124500045.0
13555,19430,2100981.0,100622.0,79.0,165977499.0
13555,15241,1257223.0,65661.0,87.0,109378401.0
13555,16683,683913.0,34156.0,82.0,56080866.0
13555,12216,435524.0,21063.0,85.0,37019540.0
13555,10301,1421441.0,72054.0,87.0,123665367.0
13555,12355,2889689.0,129589.0,81.0,234064809.0
13555,14257,7333681.0,357083.0,78.0,572027118.0
13555,10963,2572604.0,128412.0,81.0,208380924.0
13555,16193,2419402.0,115977.0,79.0,191132758.0
13555,16962,1291648.0,65717.0,87.0,112373376.0
13555,15724,1312503.0,71635.0,87.0,114187761.0
13555,17789,1047789.0,52962.0,55.0,57628395.0
13555,14278,904480.0,45203.0,90.0,81403200.0
13555,19846,2592872.0,125935.0,81.0,210022632.0
13555,11261,824385.0,40715.0,47.0,38746095.0
13555,17223,438086.0,22580.0,85.0,37237310.0
13555,12562,1612837.0,86492.0,87.0,140316819.0
13555,13170,1025216.0,51997.0,49.0,50235584.0
13555,13489,1039113.0,52462.0,49.0,50916537.0
13555,13582,1141970.0,58029.0,87.0,99351390.0
13555,14358,3097368.0,154857.0,81.0,250886808.0
13555,16108,2676398.0,133351.0,81.0,216788238.0
13555,10796,284524.0,13674.0,31.499999999999996,8962505.999999998
13555,18799,432984.0,20914.0,85.0,36803640.0
13555,10375,1906436.0,98881.0,87.0,165859932.0
13555,13665,1675305.0,83256.0,87.0,145751535.0
13555,15185,2198602.0,107993.0,79.0,173689558.0
13555,13454,1773756.0,95455.0,87.0,154316772.0
13555,14053,889687.0,43380.0,90.0,80071830.0
13555,10901,828691.0,42519.0,47.0,38948477.0
13555,15948,1269011.0,65564.0,87.0,110403957.0
13555,12973,682997.0,34399.0,82.0,56005754.0
13555,12746,1110604.0,53821.0,55.0,61083220.0
13555,11181,1128709.0,58169.0,87.0,98197683.0
13555,19143,981977.0,47406.0,23.28,22860424.560000002
13555,19785,1028508.0,51794.0,49.0,50396892.0
13555,13237,1084239.0,54605.0,55.0,59633145.0
13555,15651,2319997.0,115926.0,79.0,183279763.0
13555,15848,2324279.0,115397.0,79.0,183618041.0
13555,11455,1538070.0,78495.0,87.0,133812090.0
13555,14425,310904.0,18392.0,31.499999999999996,9793475.999999998
13555,17752,3088181.0,154092.0,81.0,250142661.0
13555,14060,1023029.0,50428.0,49.0,50128421.0
13555,10316,485566.0,23235.0,85.0,41273110.0
13555,19134,3293095.0,165952.0,81.0,266740695.0
13555,13460,1055193.0,55827.0,49.0,51704457.0
13555,15686,3086136.0,153997.0,81.0,249977016.0
13555,11189,1906449.0,98884.0,87.0,165861063.0
13555,10326,8063938.0,390138.0,78.0,628987164.0
13555,10269,1849912.0,95298.0,87.0,160942344.0
13555,17464,5219366.0,259247.0,78.0,407110548.0
13555,19273,1164297.0,59099.0,87.0,101293839.0
13555,13840,827134.0,45196.0,47.0,38875298.0
13555,14704,2033018.0,97758.0,79.0,160608422.0
13555,19239,7674.0,387.0,244.29999999999998,1874758.2
13555,19502,208627.0,11318.0,42.0,8762334.0
13555,17504,4571852.0,230411.0,78.0,356604456.0
13555,18110,437863.0,22541.0,85.0,37218355.0
13555,11163,1199506.0,57781.0,87.0,104357022.0
13555,12633,7331401.0,356982.0,78.0,571849278.0
13555,16339,3776584.0,194583.0,78.0,294573552.0
13555,13989,838933.0,41173.0,47.0,39429851.0
13555,18149,452852.0,23323.0,85.0,38492420.0
13555,10177,6678606.0,326366.0,78.0,520931268.0
13555,12270,1199428.0,59728.0,87.0,104350236.0
13555,13100,2409011.0,125866.0,79.0,190311869.0
13555,17781,41823.0,2901.0,74.89999999999999,3132542.6999999997
13555,19971,2292364.0,113467.0,79.0,181096756.0
13555,16887,2660587.0,132281.0,81.0,215507547.0
13555,10985,1868632.0,88276.0,87.0,162570984.0
13555,15976,2739938.0,123707.0,81.0,221934978.0
14736,12652,737935.0,38958.0,31.0464,22910225.184
14736,15008,689773.0,37319.0,33.96,23424691.080000002
14736,11112,667849.0,35734.0,33.96,22680152.04
14736,16325,634154.0,34572.0,33.96,21535869.84
14736,11561,2671076.0,131068.0,71.5,190981934.0
14736,18441,643726.0,34647.0,33.96,21860934.96
14736,16117,622258.0,33672.0,37.84,23546242.720000003
14736,11209,635936.0,34692.0,33.96,21596386.560000002
14736,15891,714807.0,38004.0,33.96,24274845.72
14736,18812,694102.0,37686.0,33.96,23571703.92
14736,19915,1665068.0,84316.0,71.5,119052362.0
14736,17282,633444.0,33998.0,33.96,21511758.240000002
14736,11147,1307777.0,68602.0,71.5,93506055.5
14736,13417,650409.0,35290.0,33.96,22087889.64
14736,12940,853735.0,46539.0,31.0464,26505398.303999998
14736,12352,1574506.0,80705.0,71.5,112577179.0
14736,17522,2344216.0,115405.0,71.5,167611444.0
14736,14234,3478845.0,167536.0,71.5,248737417.5
14736,19300,682021.0,36504.0,33.96,23161433.16
14736,18542,666736.0,35736.0,33.96,22642354.560000002
14736,16855,2339973.0,115153.0,71.5,167308069.5
14736,13694,958129.0,51104.0,31.0464,29746456.185599998
14736,12205,1287090.0,65443.0,71.5,92026935.0
14736,18941,1867356.0,96170.0,71.5,133515954.0
14736,10748,689676.0,36869.0,33.96,23421396.96
14736,10705,803366.0,43080.0,31.0464,24941622.1824
14736,15483,953723.0,51041.0,31.0464,29609665.747199997
14736,13088,1580429.0,80892.0,71.5,113000673.5
14736,13917,1958831.0,101932.0,71.5,140056416.5
14736,16236,720862.0,38518.0,33.96,24480473.52
14736,13073,735174.0,39159.0,31.0464,22824506.073599998
14736,13636,643921.0,34324.0,33.96,21867557.16
14736,18411,1137768.0,60881.0,31.0464,35323600.4352
14736,10916,3899737.0,194328.0,71.5,278831195.5
14736,15270,2122384.0,108625.0,71.5,151750456.0
14736,13509,644410.0,34446.0,33.96,21884163.6
14736,11200,977795.0,51421.0,31.0464,30357014.687999997
14736,12616,2339779.0,115031.0,71.5,167294198.5
14736,12868,320514.0,13463.0,45.0,14423130.0
14736,13555,1532436.0,79948.0,71.5,109569174.0
14736,14736,0.0,0.0,45.0,0.0
14736,17516,1881122.0,96640.0,71.5,134500223.0
14736,15183,1801222.0,91363.0,71.5,128787373.0
14736,13563,4168064.0,207683.0,71.5,298016576.0
14736,15077,1507718.0,76851.0,71.5,107801837.0
14736,11466,3467172.0,171580.0,71.5,247902798.0
14736,15378,692296.0,38083.0,33.96,23510372.16
14736,18827,1489516.0,76506.0,71.5,106500394.0
14736,16028,2302314.0,118936.0,71.5,164615451.0
14736,15601,1715340.0,88193.0,71.5,122646810.0
14736,15264,1643675.0,85824.0,71.5,117522762.5
14736,19333,1140966.0,61596.0,31.0464,35422886.822399996
14736,19880,3651835.0,176657.0,71.5,261106202.5
14736,14519,691769.0,37466.0,33.96,23492475.240000002
14736,12369,1985512.0,99932.0,71.5,141964108.0
14736,10044,2353678.0,115853.0,71.5,168287977.0
14736,19147,2278960.0,118616.0,71.5,162945640.0
14736,18448,5721990.0,286749.0,71.5,409122285.0
14736,17010,4356734.0,206460.0,71.5,311506481.0
14736,17738,749978.0,39899.0,31.0464,23284116.979199998
14736,10955,1286993.0,65400.0,71.5,92019999.5
14736,18219,847128.0,44371.0,31.0464,26300274.7392
14736,11853,837154.0,45480.0,31.0464,25990617.9456
14736,10657,739023.0,40117.0,31.0464,22944003.6672
14736,10568,1571135.0,82420.0,71.5,112336152.5
14736,10867,2109262.0,108469.0,71.5,150812233.0
14736,19500,1743565.0,92383.0,71.5,124664897.5
14736,13165,2368618.0,120936.0,71.5,169356187.0
14736,11022,360564.0,19977.0,45.0,16225380.0
14736,19430,650999.0,26375.0,33.96,22107926.04
14736,15241,1731340.0,91408.0,71.5,123790810.0
14736,16683,1119883.0,58495.0,31.0464,34768335.5712
14736,12216,1959825.0,100581.0,71.5,140127487.5
14736,10301,1417046.0,71771.0,71.5,101318789.0
14736,12355,4327283.0,205784.0,71.5,309400734.5
14736,14257,8920471.0,436129.0,71.5,637813676.5
14736,10963,4159393.0,207458.0,71.5,297396599.5
14736,16193,4006192.0,195023.0,71.5,286442728.0
14736,16962,1287252.0,65434.0,71.5,92038518.0
14736,15724,1136572.0,62921.0,31.0464,35286468.940799996
14736,17789,638048.0,34891.0,33.96,21668110.080000002
14736,14278,744776.0,39696.0,31.0464,23122613.606399998
14736,19846,4179662.0,204981.0,71.5,298845833.0
14736,11261,2139281.0,109876.0,71.5,152958591.5
14736,17223,1262131.0,66662.0,71.5,90242366.5
14736,12562,1982462.0,100049.0,71.5,141746033.0
14736,13170,636082.0,34334.0,33.96,21601344.72
14736,13489,636508.0,34747.0,33.96,21615811.68
14736,13582,489973.0,26942.0,37.84,18540578.32
14736,14358,4684158.0,233903.0,71.5,334917297.0
14736,16108,4263188.0,212397.0,71.5,304817942.0
14736,10796,1250547.0,66435.0,71.5,89414110.5
14736,18799,1957285.0,100432.0,71.5,139945877.5
14736,10375,1702979.0,97689.0,71.5,121762998.5
14736,13665,3262095.0,162302.0,71.5,233239792.5
14736,15185,3674410.0,181775.0,71.5,262720315.0
14736,13454,1907275.0,101566.0,71.5,136370162.5
14736,14053,870222.0,45290.0,31.0464,27017260.3008
14736,10901,1307192.0,68900.0,71.5,93464228.0
14736,15948,293959.0,16406.0,45.0,13228155.0
14736,12973,2139252.0,110918.0,71.5,152956518.0
14736,12746,697696.0,37741.0,33.96,23693756.16
14736,11181,510265.0,27522.0,37.84,19308427.6
14736,19143,2457784.0,121189.0,71.5,175731556.0
14736,19785,657079.0,35139.0,33.96,22314402.84
14736,13237,631548.0,33941.0,33.96,21447370.080000002
14736,15651,3906786.0,194971.0,71.5,279335199.0
14736,15848,3911069.0,194442.0,71.5,279641433.5
14736,11455,254891.0,14153.0,45.0,11470095.0
14736,14425,1673065.0,91589.0,71.5,119624147.5
14736,17752,4674971.0,233138.0,71.5,334260426.5
14736,14060,720858.0,38517.0,33.96,24480337.68
14736,10316,1352428.0,70312.0,71.5,96698602.0
14736,19134,4879885.0,244998.0,71.5,348911777.5
14736,13460,954066.0,51416.0,31.0464,29620314.6624
14736,15686,4672926.0,233043.0,71.5,334114209.0
14736,11189,1702992.0,97692.0,71.5,121763928.0
14736,10326,9650727.0,469183.0,71.5,690026980.5
14736,10269,1845517.0,95015.0,71.5,131954465.5
14736,17464,6806155.0,338293.0,71.5,486640082.5
14736,19273,621190.0,33627.0,37.84,23505829.6
14736,13840,2132741.0,115049.0,71.5,152490981.5
14736,14704,602619.0,24137.0,37.84,22803102.96
14736,19239,1534539.0,79916.0,71.5,109719538.5
14736,19502,1507236.0,76735.0,71.5,107767374.0
14736,17504,6158642.0,309457.0,71.5,440342903.0
14736,18110,1261908.0,66623.0,71.5,90226422.0
14736,11163,2675313.0,131563.0,71.5,191284879.5
14736,12633,8918191.0,436028.0,71.5,637650656.5
14736,16339,5363374.0,273629.0,71.5,383481241.0
14736,13989,2363234.0,120690.0,71.5,168971231.0
14736,18149,1250000.0,66125.0,71.5,89375000.0
14736,10177,8265395.0,405412.0,71.5,590975742.5
14736,12270,2018310.0,103936.0,71.5,144309165.0
14736,13100,2040778.0,106333.0,71.5,145915627.0
14736,17781,1571676.0,82485.0,71.5,112374834.0
14736,19971,3768172.0,187250.0,71.5,269424298.0
14736,16887,4247377.0,211327.0,71.5,303687455.5
14736,10985,676528.0,36278.0,33.96,22974890.88
14736,15976,4177532.0,199902.0,71.5,298693538.0
17516,12652,1145558.0,59357.0,35.0,40094530.0
17516,15008,1194664.0,61438.0,35.0,41813240.0
17516,11112,1194617.0,61936.0,35.0,41811595.0
17516,16325,1216782.0,62763.0,35.0,42587370.0
17516,11561,849751.0,41980.0,35.0,29741285.0
17516,18441,1215077.0,62696.0,35.0,42527695.0
17516,16117,1335478.0,67705.0,35.0,46741730.0
17516,11209,1216284.0,62715.0,35.0,42569940.0
17516,15891,1181282.0,61148.0,35.0,41344870.0
17516,18812,1224276.0,62938.0,35.0,42849660.0
17516,19915,1986833.0,105040.0,81.0,160933473.0
17516,17282,1225903.0,63283.0,35.0,42906605.0
17516,11147,1376707.0,72272.0,35.0,48184745.0
17516,13417,1213415.0,62179.0,35.0,42469525.0
17516,12940,1184515.0,62958.0,35.0,41458025.0
17516,12352,2119244.0,110217.0,87.0,184374228.0
17516,17522,522891.0,26317.0,90.0,47060190.0
17516,14234,1657520.0,78448.0,35.0,58013200.0
17516,19300,1172974.0,60892.0,35.0,41054090.0
17516,18542,1189193.0,61595.0,35.0,41621755.0
17516,16855,518649.0,26065.0,90.0,46678410.0
17516,13694,1872407.0,89389.0,81.0,151664967.0
17516,12205,1831828.0,94955.0,81.0,148378068.0
17516,18941,85090.0,4675.0,53.9,4586351.0
17516,10748,1185770.0,61987.0,35.0,41501950.0
17516,10705,1142412.0,60712.0,35.0,39984420.0
17516,15483,1854145.0,88853.0,81.0,150185745.0
17516,13088,2125166.0,110404.0,87.0,184889442.0
17516,13917,664922.0,34574.0,85.0,56518370.0
17516,16236,1134459.0,59309.0,35.0,39706065.0
17516,13073,1121963.0,58508.0,35.0,39268705.0
17516,13636,1249267.0,63379.0,35.0,43724345.0
17516,18411,950621.0,48225.0,35.0,33271735.0
17516,10916,2078412.0,105240.0,81.0,168351372.0
17516,15270,2219108.0,114889.0,87.0,193062396.0
17516,13509,1249756.0,63501.0,35.0,43741460.0
17516,11200,1035722.0,56986.0,35.0,36250270.0
17516,12616,518454.0,25943.0,90.0,46660860.0
17516,12868,1923166.0,97397.0,81.0,155776446.0
17516,13555,553011.0,29608.0,90.0,49770990.0
17516,14736,1856588.0,96291.0,81.0,150383628.0
17516,17516,0.0,0.0,53.9,0.0
17516,15183,2005791.0,107992.0,81.0,162469071.0
17516,13563,2346739.0,118595.0,87.0,204166293.0
17516,15077,589689.0,32274.0,90.0,53072010.0
17516,11466,1645848.0,82491.0,35.0,57604680.0
17516,15378,1323818.0,70198.0,35.0,46333630.0
17516,18827,416085.0,23237.0,38.5,16019272.5
17516,16028,649496.0,34643.0,85.0,55207160.0
17516,15601,211703.0,13196.0,110.0,23287330.0
17516,15264,487020.0,27034.0,90.0,43831800.0
17516,19333,1197498.0,67041.0,35.0,41912430.0
17516,19880,2446783.0,112541.0,87.0,212870121.0
17516,14519,1231690.0,63288.0,35.0,43109150.0
17516,12369,2148950.0,115491.0,87.0,186958650.0
17516,10044,532353.0,26765.0,90.0,47911770.0
17516,19147,2603323.0,139262.0,87.0,226489101.0
17516,18448,3900666.0,197661.0,87.0,339357942.0
17516,17010,3151682.0,142344.0,87.0,274196334.0
17516,17738,1407868.0,74950.0,35.0,49275380.0
17516,10955,1831731.0,94912.0,81.0,148370211.0
17516,18219,1011530.0,52577.0,35.0,35403550.0
17516,11853,1179742.0,62833.0,35.0,41290970.0
17516,10657,1351449.0,68433.0,35.0,47300715.0
17516,10568,591710.0,32080.0,90.0,53253900.0
17516,10867,2205985.0,114733.0,87.0,191920695.0
17516,19500,1809790.0,95865.0,81.0,146592990.0
17516,13165,699582.0,35928.0,36.4,25464784.8
17516,11022,1583369.0,82791.0,35.0,55417915.0
17516,19430,2253315.0,110282.0,87.0,196038405.0
17516,15241,1797565.0,94890.0,81.0,145602765.0
17516,16683,788819.0,42496.0,36.4,28713011.599999998
17516,12216,307007.0,16288.0,110.0,33770770.0
17516,10301,1961783.0,101282.0,81.0,158904423.0
17516,12355,3122231.0,141668.0,87.0,271634097.0
17516,14257,7099146.0,347040.0,87.0,617625702.0
17516,10963,2338069.0,118370.0,87.0,203412003.0
17516,16193,2184867.0,105935.0,87.0,190083429.0
17516,16962,1831990.0,94946.0,81.0,148391190.0
17516,15724,1326670.0,73586.0,35.0,46433450.0
17516,17789,1205032.0,62379.0,35.0,42176120.0
17516,14278,1387728.0,73539.0,35.0,48570480.0
17516,19846,2358337.0,115893.0,87.0,205175319.0
17516,11261,312182.0,17161.0,110.0,34340020.0
17516,17223,988513.0,51824.0,35.0,34597955.0
17516,12562,2153180.0,115721.0,87.0,187326660.0
17516,13170,1224939.0,62504.0,35.0,42872865.0
17516,13489,1210744.0,62457.0,35.0,42376040.0
17516,13582,1625217.0,86364.0,35.0,56882595.0
17516,14358,2862833.0,144815.0,87.0,249066471.0
17516,16108,2441863.0,123308.0,87.0,212442081.0
17516,10796,827594.0,42693.0,35.0,28965790.0
17516,18799,304467.0,16140.0,110.0,33491370.0
17516,10375,2446779.0,128109.0,87.0,212869773.0
17516,13665,1440770.0,73214.0,35.0,50426950.0
17516,15185,1853085.0,92687.0,81.0,150099885.0
17516,13454,1520352.0,88890.0,35.0,53212320.0
17516,14053,1001113.0,52261.0,35.0,35038955.0
17516,10901,1369034.0,71748.0,35.0,47916190.0
17516,15948,1588723.0,82144.0,35.0,55605305.0
17516,12973,915540.0,46478.0,35.0,32043900.0
17516,12746,1222030.0,62702.0,35.0,42771050.0
17516,11181,1390397.0,71091.0,35.0,48663895.0
17516,19143,636460.0,32100.0,85.0,54099100.0
17516,19785,1511755.0,80129.0,35.0,52911425.0
17516,13237,1227662.0,63506.0,35.0,42968170.0
17516,15651,2085462.0,105883.0,87.0,181435194.0
17516,15848,2089744.0,105354.0,87.0,181807728.0
17516,11455,1690404.0,88155.0,81.0,136922724.0
17516,14425,764624.0,42850.0,36.4,27832313.599999998
17516,17752,2853646.0,144050.0,87.0,248267202.0
17516,14060,1134455.0,59309.0,35.0,39705925.0
17516,10316,551376.0,29930.0,90.0,49623840.0
17516,19134,3058560.0,155910.0,87.0,266094720.0
17516,13460,1167721.0,63196.0,35.0,40870235.0
17516,15686,2851601.0,143955.0,87.0,248089287.0
17516,11189,2446791.0,128112.0,87.0,212870817.0
17516,10326,7829403.0,380095.0,87.0,681158061.0
17516,10269,2390255.0,124527.0,87.0,207952185.0
17516,17464,4984831.0,249205.0,87.0,433680297.0
17516,19273,1647544.0,87434.0,35.0,57664040.0
17516,13840,1280855.0,69654.0,35.0,44829925.0
17516,14704,2185352.0,107418.0,87.0,190125624.0
17516,19239,545186.0,29098.0,90.0,49066740.0
17516,19502,589208.0,32158.0,90.0,53028720.0
17516,17504,4337317.0,220368.0,87.0,377346579.0
17516,18110,988290.0,51785.0,35.0,34590150.0
17516,11163,739601.0,38934.0,36.4,26921476.4
17516,12633,7096866.0,346940.0,87.0,617427342.0
17516,16339,3542050.0,184541.0,87.0,308158350.0
17516,13989,694198.0,35683.0,36.4,25268807.2
17516,18149,1003279.0,52567.0,35.0,35114765.0
17516,10177,6444071.0,316324.0,87.0,560634177.0
17516,12270,892743.0,46841.0,35.0,31246005.0
17516,13100,2365141.0,126980.0,87.0,205767267.0
17516,17781,592251.0,32145.0,90.0,53302590.0
17516,19971,1946847.0,98161.0,81.0,157694607.0
17516,16887,2426053.0,122239.0,87.0,211066611.0
17516,10985,1980058.0,97157.0,81.0,160384698.0
17516,15976,2972480.0,135786.0,87.0,258605760.0
15183,12652,1614935.0,78069.0,35.29,56991056.15
15183,15008,1558038.0,76333.0,35.29,54983161.019999996
15183,11112,1562302.0,75773.0,35.29,55133637.58
15183,16325,1553356.0,75205.0,35.29,54817933.24
15183,11561,2639236.0,135923.0,35.29,93138638.44
15183,18441,1551651.0,75138.0,35.29,54757763.79
15183,16117,1445173.0,72168.0,35.29,51000155.17
15183,11209,1549455.0,75200.0,35.29,54680266.949999996
15183,15891,1613043.0,78010.0,35.29,56924287.47
15183,18812,1642931.0,79399.0,35.29,57979034.99
15183,19915,138671.0,7324.0,76.6458,10628549.7318
15183,17282,1592839.0,77106.0,35.29,56211288.309999995
15183,11147,635920.0,36407.0,35.29,22441616.8
15183,13417,1524280.0,73995.0,35.29,53791841.199999996
15183,12940,1155549.0,62604.0,35.29,40779324.21
15183,12352,429859.0,22954.0,42.69,18350680.709999997
15183,17522,2312376.0,120260.0,35.29,81603749.03999999
15183,14234,3293861.0,166698.0,35.29,116240354.69
15183,19300,1571278.0,76126.0,35.29,55450400.62
15183,18542,1555316.0,75309.0,35.29,54887101.64
15183,16855,2308133.0,120007.0,35.29,81454013.57
15183,13694,2291062.0,105850.0,35.29,80851577.98
15183,12205,523020.0,27264.0,35.29,18457375.8
15183,18941,2005454.0,107514.0,35.29,70772471.66
15183,10748,1607781.0,77734.0,35.29,56738591.49
15183,10705,1456296.0,74178.0,35.29,51392685.839999996
15183,15483,2272800.0,105313.0,35.29,80207112.0
15183,13088,442664.0,22819.0,42.69,18897326.16
15183,13917,1812645.0,96897.0,35.29,63968242.05
15183,16236,1610118.0,78139.0,35.29,56821064.22
15183,13073,1630919.0,78390.0,35.29,57555131.51
15183,13636,1531665.0,74487.0,35.29,54052457.85
15183,18411,1221066.0,66309.0,35.29,43091419.14
15183,10916,3756915.0,193919.0,35.29,132581530.35
15183,15270,429283.0,19405.0,42.69,18326091.27
15183,13509,1532155.0,74609.0,35.29,54069749.949999996
15183,11200,1854795.0,90532.0,35.29,65455715.55
15183,12616,2307939.0,119885.0,35.29,81447167.31
15183,12868,2088925.0,104444.0,35.29,73718163.25
15183,13555,1444493.0,78683.0,35.29,50976157.97
15183,14736,1802393.0,91365.0,35.29,63606448.97
15183,17516,2019220.0,107983.0,35.29,71258273.8
15183,15183,0.0,0.0,76.6458,0.0
15183,13563,4025242.0,207274.0,35.29,142050790.18
15183,15077,1465759.0,80161.0,35.29,51726635.11
15183,11466,3435332.0,176434.0,35.29,121232866.28
15183,15378,1188361.0,58517.0,35.29,41937259.69
15183,18827,1653480.0,89425.0,35.29,58351309.199999996
15183,16028,2221981.0,118055.0,35.29,78413709.49
15183,15601,1812720.0,97875.0,35.29,63970888.8
15183,15264,2083879.0,109790.0,35.29,73540089.91
15183,19333,2039202.0,101603.0,35.29,71963438.58
15183,19880,3402424.0,166505.0,35.29,120071542.96
15183,14519,1650114.0,79785.0,35.29,58232523.059999995
15183,12369,187228.0,8952.0,76.6458,14350239.8424
15183,10044,2321838.0,120708.0,35.29,81937663.02
15183,19147,3523040.0,171161.0,35.29,124328081.6
15183,18448,5579168.0,286340.0,35.29,196888838.72
15183,17010,4107323.0,196308.0,35.29,144947428.67
15183,17738,1083136.0,53634.0,35.29,38223869.44
15183,10955,522923.0,27220.0,35.29,18453952.669999998
15183,18219,1724128.0,83482.0,35.29,60844477.12
15183,11853,1157260.0,62460.0,35.29,40839705.4
15183,10657,1770104.0,84894.0,35.29,62466970.16
15183,10568,1409819.0,76370.0,35.29,49752512.51
15183,10867,436712.0,19717.0,42.69,18643235.279999997
15183,19500,628825.0,30290.0,35.29,22191234.25
15183,13165,2288285.0,120055.0,35.29,80753577.64999999
15183,11022,1802686.0,92315.0,35.29,63616788.94
15183,19430,2419410.0,117356.0,35.29,85380978.89999999
15183,15241,627831.0,29848.0,35.29,22156155.99
15183,16683,1603254.0,86609.0,35.29,56578833.66
15183,12216,1879491.0,99700.0,35.29,66327237.39
15183,10301,405678.0,20702.0,42.69,17318393.82
15183,12355,4077872.0,195632.0,35.29,143908102.88
15183,14257,8777649.0,435719.0,35.29,309763233.21
15183,10963,4016571.0,207049.0,35.29,141744790.59
15183,16193,3863369.0,194614.0,35.29,136338292.01
15183,16962,523182.0,27254.0,35.29,18463092.78
15183,15724,2072004.0,104882.0,35.29,73121021.16
15183,17789,1563469.0,75768.0,35.29,55174821.01
15183,14278,1062996.0,52223.0,35.29,37513128.839999996
15183,19846,4036839.0,204572.0,35.29,142460048.31
15183,11261,2268353.0,119352.0,35.29,80050177.37
15183,17223,1016754.0,56855.0,35.29,35881248.66
15183,12562,184178.0,9068.0,76.6458,14116470.152399998
15183,13170,1540883.0,74740.0,35.29,54377761.07
15183,13489,1554792.0,75269.0,35.29,54868609.68
15183,13582,1296156.0,64787.0,35.29,45741345.24
15183,14358,4541336.0,233494.0,35.29,160263747.44
15183,16108,4120365.0,211987.0,35.29,145407680.85
15183,10796,1236847.0,69076.0,35.29,43648330.629999995
15183,18799,1876952.0,99551.0,35.29,66237636.08
15183,10375,1116094.0,59185.0,35.29,39386957.26
15183,13665,3119272.0,161893.0,35.29,110079108.88
15183,15185,3642570.0,186630.0,35.29,128546295.3
15183,13454,2805511.0,141573.0,35.29,99006483.19
15183,14053,1747221.0,84401.0,35.29,61659429.089999996
15183,10901,638893.0,36701.0,35.29,22546533.97
15183,15948,1557583.0,78612.0,35.29,54967104.07
15183,12973,1889841.0,100766.0,35.29,66692488.89
15183,12746,1640686.0,79162.0,35.29,57899808.94
15183,11181,1507879.0,74528.0,35.29,53213049.91
15183,19143,2425944.0,126043.0,35.29,85611563.76
15183,19785,1182694.0,58552.0,35.29,41737271.26
15183,13237,1594598.0,77330.0,35.29,56273363.42
15183,15651,3763964.0,194562.0,35.29,132830289.56
15183,15848,3768247.0,194033.0,35.29,132981436.63
15183,11455,1908217.0,97417.0,35.29,67340977.92999999
15183,14425,1427300.0,81725.0,35.29,50369417.0
15183,17752,4532149.0,232729.0,35.29,159939538.21
15183,14060,1610114.0,78139.0,35.29,56820923.059999995
15183,10316,1656704.0,89565.0,35.29,58465084.16
15183,19134,4737063.0,244589.0,35.29,167170953.27
15183,13460,1852302.0,91423.0,35.29,65367737.58
15183,15686,4530104.0,232634.0,35.29,159867370.16
15183,11189,1116106.0,59188.0,35.29,39387380.74
15183,10326,9507905.0,468774.0,35.29,335533967.45
15183,10269,573285.0,30955.0,35.29,20231227.65
15183,17464,6663333.0,337884.0,35.29,235149021.57
15183,19273,1110961.0,61521.0,35.29,39205813.69
15183,13840,1035076.0,76255.0,35.29,36527832.04
15183,14704,2371029.0,115118.0,35.29,83673613.41
15183,19239,1451642.0,79023.0,35.29,51228446.18
15183,19502,1465277.0,80046.0,35.29,51709625.33
15183,17504,6015820.0,309047.0,35.29,212298287.79999998
15183,18110,1016531.0,56816.0,35.29,35873378.99
15183,11163,2643473.0,136418.0,35.29,93288162.17
15183,12633,8775369.0,435619.0,35.29,309682772.01
15183,16339,5220552.0,273220.0,35.29,184233280.07999998
15183,13989,2282900.0,119809.0,35.29,80563541.0
15183,18149,1016734.0,56740.0,35.29,35880542.86
15183,10177,8122573.0,405003.0,35.29,286645601.17
15183,12270,2458513.0,127903.0,35.29,86760923.77
15183,13100,3284859.0,158879.0,35.29,115922674.11
15183,17781,1410360.0,76435.0,35.29,49771604.4
15183,19971,3736332.0,192104.0,35.29,131855156.28
15183,16887,4104555.0,210918.0,35.29,144849745.95
15183,10985,2307085.0,112597.0,35.29,81417029.64999999
15183,15976,3928121.0,189750.0,35.29,138623390.09
13563,12652,3442497.0,170136.0,40.0,137699880.0
13563,15008,3491603.0,172217.0,28.1358,98239043.6874
13563,11112,3491556.0,172715.0,28.1358,98237721.3048
13563,16325,3513721.0,173541.0,28.1358,98861351.3118
13563,11561,1536784.0,79035.0,23.2848,35783708.0832
13563,18441,3512015.0,173475.0,28.1358,98813351.637
13563,16117,3632416.0,178483.0,28.1358,102200930.0928
13563,11209,3513222.0,173494.0,28.1358,98847311.5476
13563,15891,3478221.0,171927.0,28.1358,97862530.4118
13563,18812,3521214.0,173717.0,28.1358,99072172.8612
13563,19915,4007684.0,204510.0,28.1358,112759395.48719999
13563,17282,3522842.0,174061.0,28.1358,99117977.9436
13563,11147,3397559.0,171742.0,40.0,135902360.0
13563,13417,3510354.0,172957.0,28.1358,98766618.0732
13563,12940,3265189.0,163112.0,40.0,130607560.0
13563,12352,4140096.0,209688.0,28.1358,116484913.0368
13563,17522,1829145.0,93700.0,23.2848,42591275.496
13563,14234,1364649.0,58837.0,23.2848,31775579.0352
13563,19300,3469913.0,171671.0,28.1358,97628778.1854
13563,18542,3486131.0,172373.0,28.1358,98085084.5898
13563,16855,1843727.0,94273.0,23.2848,42930814.4496
13563,13694,4169346.0,200168.0,28.1358,117307885.1868
13563,12205,3852680.0,194425.0,28.1358,108398233.944
13563,18941,2371241.0,120472.0,23.2848,55213872.4368
13563,10748,3482709.0,172766.0,28.1358,97988803.8822
13563,10705,3439351.0,171490.0,40.0,137574040.0
13563,15483,4151083.0,199632.0,28.1358,116794041.0714
13563,13088,4146018.0,209874.0,28.1358,116651533.2444
13563,13917,2440268.0,124334.0,23.2848,56821152.326400004
13563,16236,3431398.0,170088.0,40.0,137255920.0
13563,13073,3418902.0,169287.0,40.0,136756080.0
13563,13636,3546206.0,174157.0,28.1358,99775342.7748
13563,18411,2971473.0,147695.0,40.0,118858920.0
13563,10916,281819.0,15121.0,30.0762,8476044.6078
13563,15270,4239960.0,214359.0,28.1358,119294666.568
13563,13509,3546695.0,174280.0,28.1358,99789101.181
13563,11200,3332660.0,167765.0,40.0,133306400.0
13563,12616,1827034.0,93460.0,23.2848,42542121.2832
13563,12868,4220105.0,208176.0,28.1358,118736030.259
13563,13555,2573863.0,129078.0,23.2848,59931885.1824
13563,14736,4153526.0,207069.0,28.1358,116862776.8308
13563,17516,2331198.0,118386.0,23.2848,54281479.190400004
13563,15183,4026643.0,207463.0,28.1358,113292822.1194
13563,13563,0.0,0.0,16.3944,0.0
13563,15077,2713921.0,138321.0,23.2848,63193107.7008
13563,11466,1696065.0,103538.0,23.2848,39492534.312
13563,15378,3404492.0,170352.0,40.0,136179680.0
13563,18827,2713024.0,134016.0,23.2848,63172221.2352
13563,16028,2000506.0,101061.0,23.2848,46581382.1088
13563,15601,2446072.0,121192.0,23.2848,56956297.3056
13563,15264,2674449.0,135401.0,23.2848,62274010.0752
13563,19333,3399998.0,176118.0,40.0,135999920.0
13563,19880,2681010.0,123134.0,23.2848,62426781.648
13563,14519,3528629.0,174066.0,28.1358,99280799.81819999
13563,12369,4169802.0,214961.0,28.1358,117320715.1116
13563,10044,1805136.0,92236.0,23.2848,42032230.7328
13563,19147,4805823.0,248339.0,28.1358,135215674.7634
13563,18448,1580092.0,81657.0,23.2848,36792126.2016
13563,17010,1970232.0,92698.0,23.2848,45876458.0736
13563,17738,3488542.0,175104.0,28.1358,98152920.0036
13563,10955,3852583.0,194382.0,28.1358,108395504.7714
13563,18219,3308469.0,163356.0,40.0,132338760.0
13563,11853,3260416.0,162986.0,40.0,130416640.0
13563,10657,3648387.0,179212.0,28.1358,102650286.9546
13563,10568,2612561.0,131550.0,23.2848,60832960.3728
13563,10867,4226837.0,214203.0,28.1358,118925440.4646
13563,19500,3830642.0,195335.0,28.1358,107778177.1836
13563,13165,1723902.0,87894.0,23.2848,40140713.2896
13563,11022,3880308.0,193569.0,28.1358,109175569.8264
13563,19430,4550254.0,221060.0,28.1358,128025036.4932
13563,15241,3818417.0,194360.0,28.1358,107434217.02859999
13563,16683,3085757.0,153275.0,40.0,123430280.0
13563,12216,2156993.0,109043.0,23.2848,50225150.6064
13563,10301,3982635.0,200753.0,28.1358,112054621.833
13563,12355,1997210.0,94221.0,23.2848,46504635.408
13563,14257,4778573.0,231037.0,28.1358,134448974.2134
13563,10963,227335.0,12342.0,16.3944,3727020.924
13563,16193,939590.0,47956.0,105.0,98656950.0
13563,16962,3852842.0,194416.0,28.1358,108402791.9436
13563,15724,3529170.0,182663.0,28.1358,99296021.286
13563,17789,3501971.0,173158.0,28.1358,98530755.6618
13563,14278,3468402.0,173692.0,28.1358,97586264.99159999
13563,19846,411525.0,19344.0,105.0,43210125.0
13563,11261,2181208.0,109769.0,23.2848,50788992.0384
13563,17223,3009365.0,151294.0,40.0,120374600.0
13563,12562,4174031.0,215191.0,28.1358,117439701.4098
13563,13170,3521877.0,173283.0,28.1358,99090826.8966
13563,13489,3507683.0,173235.0,28.1358,98691467.3514
13563,13582,3705891.0,186517.0,28.1358,104268207.9978
13563,14358,542260.0,28811.0,105.0,56937300.0
13563,16108,208394.0,9024.0,16.3944,3416494.5936000003
13563,10796,2848446.0,142163.0,23.2848,66325495.4208
13563,18799,2154454.0,108895.0,23.2848,50166030.4992
13563,10375,4467631.0,227580.0,28.1358,125700372.2898
13563,13665,906728.0,47273.0,105.0,95206440.0
13563,15185,1487453.0,93399.0,23.2848,34635045.6144
13563,13454,3706691.0,197188.0,28.1358,104290716.6378
13563,14053,3298052.0,163040.0,40.0,131922080.0
13563,10901,3389885.0,171218.0,40.0,135595400.0
13563,15948,3885661.0,192922.0,28.1358,109326180.7638
13563,12973,2418903.0,127069.0,23.2848,56323672.5744
13563,12746,3518969.0,173481.0,28.1358,99009007.9902
13563,11181,3687336.0,181870.0,28.1358,103746148.2288
13563,19143,1954100.0,99946.0,23.2848,45500827.68
13563,19785,3592429.0,180283.0,28.1358,101075863.8582
13563,13237,3524601.0,174285.0,28.1358,99167468.8158
13563,15651,263092.0,13769.0,30.0762,7912807.6104
13563,15848,251245.0,13933.0,16.3944,4119011.0280000004
13563,11455,3987343.0,198934.0,28.1358,112187085.1794
13563,14425,2763349.0,141435.0,23.2848,64344028.795200005
13563,17752,533072.0,28047.0,105.0,55972560.0
13563,14060,3431394.0,170087.0,40.0,137255760.0
13563,10316,2848314.0,140709.0,23.2848,66322421.8272
13563,19134,737986.0,39906.0,105.0,77488530.0
13563,13460,3370221.0,172273.0,40.0,134808840.0
13563,15686,531027.0,27951.0,105.0,55757835.0
13563,11189,4467643.0,227583.0,28.1358,125700709.91939999
13563,10326,5508829.0,264092.0,69.0,380109201.0
13563,10269,4411106.0,223997.0,28.1358,124109996.1948
13563,17464,2664257.0,133202.0,23.2848,62036691.3936
13563,19273,3728218.0,187587.0,28.1358,104896396.0044
13563,13840,3279579.0,168238.0,40.0,131183160.0
13563,14704,4482291.0,218197.0,28.1358,126112843.1178
13563,19239,2566038.0,128569.0,23.2848,59749681.6224
13563,19502,2713439.0,138205.0,23.2848,63181884.427200004
13563,17504,2016743.0,104365.0,23.2848,46959457.4064
13563,18110,3009142.0,151256.0,40.0,120365680.0
13563,11163,2171629.0,110321.0,23.2848,50565946.9392
13563,12633,4776293.0,230937.0,28.1358,134384824.5894
13563,16339,1221476.0,68538.0,23.2848,28441824.364800002
13563,13989,1726612.0,88534.0,23.2848,40203815.0976
13563,18149,3024131.0,152037.0,40.0,120965240.0
13563,10177,4123497.0,200321.0,28.1358,116017886.8926
13563,12270,3079082.0,155139.0,40.0,123163280.0
13563,13100,4567641.0,236056.0,28.1358,128514233.6478
13563,17781,2613103.0,131616.0,23.2848,60845580.734400004
13563,19971,1952919.0,116721.0,23.2848,45473328.3312
13563,16887,463602.0,23201.0,105.0,48678210.0
13563,10985,4276996.0,207936.0,28.1358,120336704.0568
13563,15976,2238685.0,105632.0,23.2848,52127332.488
15077,12652,797263.0,39955.0,39.92,31826738.96
15077,15008,846368.0,42035.0,27.44,23224337.92
15077,11112,846321.0,42533.0,27.44,23223048.240000002
15077,16325,868487.0,43360.0,27.44,23831283.28
15077,11561,1326389.0,65093.0,27.44,36396114.160000004
15077,18441,866781.0,43293.0,27.44,23784470.64
15077,16117,987182.0,48302.0,27.44,27088274.080000002
15077,11209,867988.0,43312.0,27.44,23817590.720000003
15077,15891,832987.0,41745.0,27.44,22857163.28
15077,18812,875980.0,43535.0,27.44,24036891.200000003
15077,19915,1447277.0,77192.0,27.44,39713280.88
15077,17282,877608.0,43880.0,27.44,24081563.52
15077,11147,837152.0,44424.0,27.44,22971450.880000003
15077,13417,865120.0,42776.0,27.44,23738892.8
15077,12940,659687.0,35028.0,39.92,26334705.040000003
15077,12352,1579689.0,82369.0,27.44,43346666.160000004
15077,17522,999529.0,49430.0,27.44,27427075.76
15077,14234,1991486.0,97616.0,27.44,54646375.84
15077,19300,824679.0,41489.0,27.44,22629191.76
15077,18542,840897.0,42192.0,27.44,23074213.68
15077,16855,995287.0,49178.0,27.44,27310675.28
15077,13694,1524112.0,69986.0,27.44,41821633.28
15077,12205,1292273.0,67107.0,27.44,35459971.120000005
15077,18941,599512.0,32005.0,39.92,23932519.040000003
15077,10748,837475.0,42584.0,27.44,22980314.0
15077,10705,712910.0,37587.0,39.92,28459367.200000003
15077,15483,1505849.0,69450.0,27.44,41320496.56
15077,13088,1585611.0,82556.0,27.44,43509165.84
15077,13917,633267.0,33653.0,39.92,25280018.64
15077,16236,786164.0,39907.0,39.92,31383666.880000003
15077,13073,773668.0,39105.0,39.92,30884826.560000002
15077,13636,900971.0,43976.0,27.44,24722644.240000002
15077,18411,409952.0,20273.0,39.92,16365283.84
15077,10916,2454540.0,124837.0,27.44,67352577.60000001
15077,15270,1679553.0,87041.0,27.44,46086934.32
15077,13509,901461.0,44098.0,27.44,24736089.84
15077,11200,693946.0,38124.0,39.92,27702324.32
15077,12616,995092.0,49056.0,27.44,27305324.48
15077,12868,1574871.0,77995.0,27.44,43214460.24
15077,13555,206761.0,11627.0,42.0,8683962.0
15077,14736,1508292.0,76888.0,27.44,41387532.480000004
15077,17516,613278.0,32475.0,39.92,24482057.76
15077,15183,1466236.0,80144.0,27.44,40233515.84
15077,13563,2722867.0,138192.0,27.44,74715470.48
15077,15077,0.0,0.0,1715.6999999999998,0.0
15077,11466,2122486.0,105605.0,27.44,58241015.84
15077,15378,798990.0,42268.0,39.92,31895680.8
15077,18827,221160.0,12268.0,13.72,3034315.2
15077,16028,919606.0,48973.0,27.44,25233988.64
15077,15601,396752.0,23059.0,39.92,15838339.84
15077,15264,657046.0,32925.0,39.92,26229276.32
15077,19333,1004498.0,55405.0,27.44,27563425.12
15077,19880,2415128.0,111620.0,27.44,66271112.32
15077,14519,883395.0,43885.0,27.44,24240358.8
15077,12369,1609395.0,87643.0,27.44,44161798.800000004
15077,10044,1008991.0,49878.0,27.44,27686713.040000003
15077,19147,2410323.0,127626.0,27.44,66139263.120000005
15077,18448,4276793.0,217258.0,27.44,117355199.92
15077,17010,3120027.0,141423.0,27.44,85613540.88000001
15077,17738,883040.0,47020.0,27.44,24230617.6
15077,10955,1292176.0,67064.0,27.44,35457309.440000005
15077,18219,663235.0,33174.0,39.92,26476341.200000003
15077,11853,654914.0,34903.0,39.92,26144166.880000003
15077,10657,1003153.0,49030.0,27.44,27526518.32
15077,10568,245459.0,14099.0,13.72,3367697.48
15077,10867,1666430.0,86885.0,27.44,45726839.2
15077,19500,1270235.0,68017.0,27.44,34855248.4
15077,13165,985910.0,50973.0,27.44,27053370.400000002
15077,11022,1235074.0,63388.0,27.44,33890430.56
15077,19430,1905019.0,90879.0,27.44,52273721.36
15077,15241,1258010.0,67042.0,27.44,34519794.4
15077,16683,447043.0,23634.0,39.92,17845956.560000002
15077,12216,577116.0,30618.0,39.92,23038470.720000003
15077,10301,1422228.0,73435.0,27.44,39025936.32
15077,12355,3090576.0,140747.0,27.44,84805405.44
15077,14257,7475274.0,366637.0,27.44,205121518.56
15077,10963,2714196.0,137967.0,27.44,74477538.24000001
15077,16193,2560994.0,125532.0,27.44,70273675.36
15077,16962,1292435.0,67098.0,27.44,35464416.4
15077,15724,1075634.0,61113.0,27.44,29515396.96
15077,17789,856736.0,42976.0,27.44,23508835.84
15077,14278,862900.0,45609.0,27.44,23677976.0
15077,19846,2734464.0,135490.0,27.44,75033692.16
15077,11261,871437.0,45711.0,27.44,23912231.28
15077,17223,462858.0,24672.0,39.92,18477291.36
15077,12562,1613624.0,87873.0,27.44,44277842.56
15077,13170,876643.0,43102.0,27.44,24055083.92
15077,13489,862449.0,43054.0,27.44,23665600.560000002
15077,13582,1100389.0,58434.0,27.44,30194674.16
15077,14358,3238961.0,164412.0,27.44,88877089.84
15077,16108,2817990.0,142906.0,27.44,77325645.60000001
15077,10796,286925.0,14740.0,13.72,3936611.0
15077,18799,574577.0,30469.0,39.92,22937113.84
15077,10375,1907223.0,100262.0,27.44,52334199.120000005
15077,13665,1816897.0,92811.0,27.44,49855653.68
15077,15185,2329723.0,115800.0,27.44,63927599.120000005
15077,13454,1606008.0,86765.0,27.44,44068859.52
15077,14053,652818.0,32858.0,39.92,26060494.560000002
15077,10901,829478.0,43900.0,27.44,22760876.32
15077,15948,1240427.0,62741.0,27.44,34037316.88
15077,12973,883884.0,45557.0,27.44,24253776.96
15077,12746,873735.0,43299.0,27.44,23975288.400000002
15077,11181,1042101.0,51688.0,27.44,28595251.44
15077,19143,1113098.0,55213.0,27.44,30543409.12
15077,19785,986927.0,52199.0,27.44,27081276.880000003
15077,13237,879366.0,44104.0,27.44,24129803.040000003
15077,15651,2461589.0,125480.0,27.44,67546002.16
15077,15848,2465872.0,124951.0,27.44,67663527.68
15077,11455,1342108.0,68752.0,27.44,36827443.52
15077,14425,515081.0,29656.0,39.92,20562033.52
15077,17752,3229774.0,163647.0,27.44,88624998.56
15077,14060,786160.0,39906.0,39.92,31383507.200000003
15077,10316,248697.0,12713.0,13.72,3412122.8400000003
15077,19134,3434688.0,175507.0,27.44,94247838.72
15077,13460,818324.0,45305.0,27.44,22454810.560000002
15077,15686,3227729.0,163552.0,27.44,88568883.76
15077,11189,1907236.0,100265.0,27.44,52334555.84
15077,10326,8205530.0,399692.0,27.44,225159743.20000002
15077,10269,1850699.0,96679.0,27.44,50783180.56
15077,17464,5360958.0,268802.0,27.44,147104687.52
15077,19273,1122716.0,59504.0,27.44,30807327.040000003
15077,13840,1031311.0,56459.0,27.44,28299173.84
15077,14704,1837057.0,88015.0,27.44,50408844.080000006
15077,19239,198936.0,11117.0,42.0,8355312.0
15077,19502,669.0,164.0,1715.6999999999998,1147803.2999999998
15077,17504,4713445.0,239965.0,27.44,129336930.80000001
15077,18110,462635.0,24634.0,39.92,18468389.2
15077,11163,1330626.0,65588.0,27.44,36512377.440000005
15077,12633,7472994.0,366537.0,27.44,205058955.36
15077,16339,3918177.0,204138.0,27.44,107514776.88000001
15077,13989,980525.0,50727.0,27.44,26905606.0
15077,18149,460442.0,25055.0,39.92,18380844.64
15077,10177,6820198.0,335921.0,27.44,187146233.12
15077,12270,1031681.0,51038.0,27.44,28309326.64
15077,13100,2172141.0,115344.0,27.44,59603549.04
15077,17781,246001.0,14164.0,13.72,3375133.72
15077,19971,2423485.0,121275.0,27.44,66500428.400000006
15077,16887,2802180.0,141836.0,27.44,76891819.2
15077,10985,1631762.0,77754.0,27.44,44775549.28
15077,15976,2940825.0,134865.0,27.44,80696238.0
11466,12652,2745813.0,133313.0,23.52,64581521.76
11466,15008,2794918.0,135394.0,23.52,65736471.36
11466,11112,2794871.0,135892.0,23.52,65735365.92
11466,16325,2817036.0,136719.0,23.52,66256686.72
11466,11561,792532.0,39824.0,17.4636,13840461.8352
11466,18441,2815331.0,136652.0,23.52,66216585.12
11466,16117,2935732.0,141661.0,23.52,69048416.64
11466,11209,2816538.0,136671.0,23.52,66244973.76
11466,15891,2781537.0,135104.0,23.52,65421750.24
11466,18812,2824530.0,136894.0,23.52,66432945.6
11466,19915,3416174.0,172689.0,23.52,80348412.48
11466,17282,2826157.0,137239.0,23.52,66471212.64
11466,11147,2806048.0,139922.0,23.52,65998248.96
11466,13417,2813669.0,136135.0,23.52,66177494.879999995
11466,12940,2673678.0,131291.0,23.52,62884906.56
11466,12352,3548585.0,177867.0,23.52,83462719.2
11466,17522,1132460.0,56877.0,18.0,20384280.0
11466,14234,1572083.0,73792.0,27.0,42446241.0
11466,19300,2773229.0,134848.0,23.52,65226346.08
11466,18542,2789447.0,135551.0,23.52,65607793.44
11466,16855,1147042.0,57450.0,18.0,20646756.0
11466,13694,3472661.0,163345.0,23.52,81676986.72
11466,12205,3261169.0,162605.0,23.52,76702694.88
11466,18941,1674556.0,83649.0,27.0,45213012.0
11466,10748,2786024.0,135943.0,23.52,65527284.48
11466,10705,2742666.0,134668.0,23.52,64507504.32
11466,15483,3454399.0,162809.0,23.52,81247464.48
11466,13088,3554507.0,178054.0,23.52,83602004.64
11466,13917,1931386.0,98893.0,27.0,52147422.0
11466,16236,2734713.0,133265.0,23.52,64320449.76
11466,13073,2722218.0,132464.0,23.52,64026567.36
11466,13636,2849521.0,137335.0,23.52,67020733.92
11466,18411,2379962.0,115875.0,23.52,55976706.24
11466,10916,1436641.0,90194.0,27.0,38789307.0
11466,15270,3648449.0,182538.0,23.52,85811520.48
11466,13509,2850010.0,137457.0,23.52,67032235.199999996
11466,11200,2635976.0,130942.0,23.52,61998155.519999996
11466,12616,1130349.0,56637.0,18.0,20346282.0
11466,12868,3523421.0,171353.0,23.52,82870861.92
11466,13555,1982352.0,97258.0,27.0,53523504.0
11466,14736,3456842.0,170247.0,23.52,81304923.84
11466,17516,1634513.0,81563.0,27.0,44131851.0
11466,15183,3435133.0,175642.0,23.52,80794328.16
11466,13563,1704968.0,103549.0,27.0,46034136.0
11466,15077,2110260.0,104518.0,27.0,56977020.0
11466,11466,0.0,0.0,93.68,0.0
11466,15378,2812982.0,138531.0,23.52,66161336.64
11466,18827,2016339.0,97193.0,27.0,54441153.0
11466,16028,1491623.0,75620.0,27.0,40273821.0
11466,15601,1749387.0,84369.0,27.0,47233449.0
11466,15264,1977765.0,98579.0,27.0,53399655.0
11466,19333,2703313.0,139295.0,23.52,63581921.76
11466,19880,3150532.0,152251.0,23.52,74100512.64
11466,14519,2831945.0,137244.0,23.52,66607346.4
11466,12369,3578292.0,183141.0,23.52,84161427.84
11466,10044,1108451.0,55413.0,18.0,19952118.0
11466,19147,4109139.0,211516.0,23.52,96646949.28
11466,18448,2883448.0,178603.0,23.52,67818696.96
11466,17010,3089716.0,146103.0,23.52,72670120.32
11466,17738,2897031.0,143283.0,23.52,68138169.12
11466,10955,3261072.0,162562.0,23.52,76700413.44
11466,18219,2611785.0,126533.0,23.52,61429183.199999996
11466,11853,2668906.0,131166.0,23.52,62772669.12
11466,10657,2951703.0,142389.0,23.52,69424054.56
11466,10568,2021051.0,99729.0,27.0,54568377.0
11466,10867,3635326.0,182382.0,23.52,85502867.52
11466,19500,3239131.0,163515.0,23.52,76184361.12
11466,13165,1215020.0,62453.0,18.0,21870360.0
11466,11022,3183624.0,156747.0,23.52,74878836.48
11466,19430,3853569.0,184238.0,23.52,90635942.88
11466,15241,3226906.0,162539.0,23.52,75896829.12
11466,16683,2389073.0,116452.0,23.52,56190996.96
11466,12216,1681671.0,82736.0,27.0,45405117.0
11466,10301,3391124.0,168932.0,23.52,79759236.48
11466,12355,3116694.0,147626.0,23.52,73304642.88
11466,14257,6081928.0,327983.0,23.52,143046946.56
11466,10963,1258286.0,95021.0,18.0,22649148.0
11466,16193,1998430.0,98375.0,27.0,53957610.0
11466,16962,3261331.0,162595.0,23.52,76706505.12
11466,15724,2832485.0,145840.0,23.52,66620047.199999996
11466,17789,2805286.0,136335.0,23.52,65980326.72
11466,14278,2876891.0,141872.0,23.52,67664476.32
11466,19846,1668638.0,102375.0,27.0,45053226.0
11466,11261,1484523.0,72947.0,27.0,40082121.0
11466,17223,2417854.0,119474.0,23.52,56867926.08
11466,12562,3582521.0,183370.0,23.52,84260893.92
11466,13170,2825193.0,136460.0,23.52,66448539.36
11466,13489,2810998.0,136413.0,23.52,66114672.96
11466,13582,3114380.0,154697.0,23.52,73250217.6
11466,14358,1845616.0,125757.0,27.0,49831632.0
11466,16108,1800092.0,108262.0,27.0,48602484.0
11466,10796,2256935.0,110342.0,27.0,60937245.0
11466,18799,1679131.0,82587.0,27.0,45336537.0
11466,10375,3876120.0,195759.0,23.52,91166342.39999999
11466,13665,1244114.0,64951.0,18.0,22394052.0
11466,15185,211717.0,10693.0,93.68,19833648.560000002
11466,13454,3010006.0,160365.0,23.52,70795341.12
11466,14053,2601368.0,126217.0,23.52,61184175.36
11466,10901,2798375.0,139398.0,23.52,65817780.0
11466,15948,3188977.0,156100.0,23.52,75004739.03999999
11466,12973,2088196.0,107562.0,27.0,56381292.0
11466,12746,2822285.0,136658.0,23.52,66380143.199999996
11466,11181,2990651.0,145047.0,23.52,70340111.52
11466,19143,1257415.0,63124.0,18.0,22633470.0
11466,19785,3000919.0,148462.0,23.52,70581614.88
11466,13237,2827916.0,137462.0,23.52,66512584.32
11466,15651,1443691.0,90837.0,27.0,38979657.0
11466,15848,1447973.0,90308.0,27.0,39095271.0
11466,11455,3290658.0,162111.0,23.52,77396276.16
11466,14425,2171838.0,109615.0,27.0,58639626.0
11466,17752,1836429.0,124992.0,27.0,49583583.0
11466,14060,2734710.0,133265.0,23.52,64320379.199999996
11466,10316,2151630.0,103886.0,27.0,58094010.0
11466,19134,2041343.0,136852.0,27.0,55116261.0
11466,13460,2673536.0,135450.0,23.52,62881566.72
11466,15686,1834384.0,124897.0,27.0,49528368.0
11466,11189,3876132.0,195762.0,23.52,91166624.64
11466,10326,6812185.0,361038.0,23.52,160222591.2
11466,10269,3819595.0,192176.0,23.52,89836874.39999999
11466,17464,3967613.0,230147.0,23.52,93318257.76
11466,19273,3136708.0,155767.0,23.52,73775372.16
11466,13840,2688069.0,136418.0,23.52,63223382.879999995
11466,14704,3785607.0,181374.0,23.52,89037476.64
11466,19239,1974527.0,96748.0,27.0,53312229.0
11466,19502,2109779.0,104402.0,27.0,56964033.0
11466,17504,3320100.0,201311.0,23.52,78088752.0
11466,18110,2417631.0,119435.0,23.52,56862681.12
11466,11163,1049178.0,54938.0,18.0,18885204.0
11466,12633,6079648.0,327882.0,23.52,142993320.96
11466,16339,2524832.0,165483.0,23.52,59384048.64
11466,13989,1217729.0,63093.0,18.0,21919122.0
11466,18149,2432621.0,120217.0,23.52,57215245.92
11466,10177,5426853.0,297266.0,23.52,127639582.56
11466,12270,2382398.0,118316.0,23.52,56034000.96
11466,13100,3870957.0,199234.0,23.52,91044908.64
11466,17781,2021592.0,99795.0,27.0,54582984.0
11466,19971,311373.0,16680.0,93.68,29169422.64
11466,16887,1784282.0,107192.0,27.0,48175614.0
11466,10985,3580312.0,171113.0,23.52,84208938.24
11466,15976,3358169.0,159037.0,23.52,78984134.88
15378,12652,486777.0,23309.0,16.296,7932517.992
15378,15008,429881.0,21573.0,16.296,7005340.776
15378,11112,434145.0,21013.0,16.296,7074826.92
15378,16325,425199.0,20445.0,16.296,6929042.904
15378,11561,2028259.0,98867.0,16.296,33052508.663999997
15378,18441,423493.0,20378.0,16.29936,6902664.86448
15378,16117,317015.0,17408.0,36.0,11412540.0
15378,11209,421297.0,20440.0,16.29936,6866871.46992
15378,15891,484885.0,23251.0,16.296,7901685.96
15378,18812,514773.0,24639.0,16.296,8388740.808
15378,19915,1052966.0,51464.0,16.296,17159133.936
15378,17282,464681.0,22346.0,16.296,7572441.575999999
15378,11147,656664.0,33042.0,16.296,10700996.544
15378,13417,396122.0,19235.0,16.29936,6456535.08192
15378,12940,162424.0,8602.0,25.0,4060600.0
15378,12352,962405.0,47854.0,16.296,15683351.879999999
15378,17522,1701398.0,83204.0,16.296,27725981.808
15378,14234,2682884.0,129642.0,16.296,43720277.664
15378,19300,443120.0,21366.0,16.296,7221083.52
15378,18542,427158.0,20549.0,16.296,6960966.768
15378,16855,1697156.0,82951.0,16.296,27656854.176
15378,13694,1162905.0,51090.0,16.296,18950699.88
15378,12205,674989.0,32591.0,16.296,10999620.743999999
15378,18941,1334257.0,69971.0,16.296,21743052.072
15378,10748,479624.0,22974.0,16.296,7815952.704
15378,10705,286841.0,16289.0,36.0,10326276.0
15378,15483,1144642.0,50554.0,16.296,18653086.031999998
15378,13088,968327.0,48040.0,16.296,15779856.792
15378,13917,1267520.0,63995.0,16.296,20655505.919999998
15378,16236,481961.0,23380.0,16.296,7854036.455999999
15378,13073,502762.0,23631.0,16.296,8193009.552
15378,13636,403508.0,19727.0,16.29936,6576922.15488
15378,18411,446458.0,22944.0,16.296,7275479.568
15378,10916,3145937.0,156863.0,16.296,51266189.352
15378,15270,1510282.0,75773.0,16.296,24611555.472
15378,13509,403997.0,19849.0,16.29936,6584892.54192
15378,11200,615150.0,33786.0,16.296,10024484.4
15378,12616,1696962.0,82830.0,16.296,27653692.752
15378,12868,960767.0,49684.0,16.296,15656659.032
15378,13555,841125.0,42011.0,16.296,13706973.0
15378,14736,697290.0,37999.0,16.296,11363037.84
15378,17516,1348024.0,70441.0,16.296,21967399.104
15378,15183,1189120.0,58511.0,16.296,19377899.52
15378,13563,3414264.0,170218.0,16.296,55638846.144
15378,15077,794730.0,42139.0,16.296,12950920.08
15378,11466,2824355.0,139378.0,16.296,46025689.08
15378,15378,0.0,0.0,25.0,0.0
15378,18827,956418.0,50307.0,16.296,15585787.728
15378,16028,1611004.0,80999.0,16.296,26252921.184
15378,15601,1201743.0,60819.0,16.296,19583603.928
15378,15264,1206679.0,64878.0,16.296,19664040.984
15378,19333,911044.0,46843.0,16.296,14846373.024
15378,19880,2950387.0,140145.0,16.296,48079506.552
15378,14519,521956.0,25025.0,16.296,8505794.976
15378,12369,1373410.0,67080.0,16.296,22381089.36
15378,10044,1710861.0,83652.0,16.296,27880190.856
15378,19147,2394883.0,116401.0,16.296,39027013.368
15378,18448,4968191.0,249284.0,16.296,80961640.536
15378,17010,3655286.0,169948.0,16.296,59566540.655999996
15378,17738,118025.0,6132.0,25.0,2950625.0
15378,10955,674892.0,32548.0,16.296,10998040.032
15378,18219,522658.0,28633.0,16.296,8517234.768
15378,11853,145843.0,7543.0,25.0,3646075.0
15378,10657,641947.0,30134.0,16.296,10461168.311999999
15378,10568,879824.0,44483.0,16.296,14337611.904
15378,10867,1497160.0,75617.0,16.296,24397719.36
15378,19500,1092452.0,56823.0,16.296,17802597.792
15378,13165,1677308.0,82999.0,16.296,27333411.167999998
15378,11022,674528.0,37555.0,16.296,10992108.287999999
15378,19430,1291252.0,62596.0,16.296,21042242.592
15378,15241,1080228.0,55847.0,16.296,17603395.487999998
15378,16683,606641.0,34610.0,16.296,9885821.736
15378,12216,1268514.0,62644.0,16.296,20671704.143999998
15378,10301,804944.0,38919.0,16.296,13117367.423999999
15378,12355,3625835.0,169272.0,16.296,59086607.16
15378,14257,8166671.0,398664.0,16.296,133084070.616
15378,10963,3405594.0,169993.0,16.296,55497559.824
15378,16193,3252392.0,157558.0,16.296,53000980.032
15378,16962,675151.0,32582.0,16.296,11002260.696
15378,15724,943846.0,50122.0,16.296,15380914.416
15378,17789,435311.0,21008.0,16.296,7093828.056
15378,14278,129048.0,6617.0,25.0,3226200.0
15378,19846,3425862.0,167516.0,16.296,55827847.151999995
15378,11261,1657375.0,82296.0,16.296,27008583.0
15378,17223,551170.0,30558.0,16.296,8981866.32
15378,12562,1370360.0,67197.0,16.296,22331386.56
15378,13170,412726.0,19980.0,16.29936,6727169.65536
15378,13489,426635.0,20509.0,16.296,6952443.96
15378,13582,320998.0,18115.0,36.0,11555928.0
15378,14358,3930358.0,196438.0,16.296,64049113.967999995
15378,16108,3509388.0,174932.0,16.296,57188986.848
15378,10796,559237.0,28499.0,16.296,9113326.151999999
15378,18799,1265974.0,62495.0,16.296,20630312.303999998
15378,10375,1289939.0,65746.0,16.296,21020845.944
15378,13665,2508295.0,124837.0,16.296,40875175.32
15378,15185,3031593.0,149574.0,16.296,49402839.528
15378,13454,1677354.0,86813.0,16.296,27334160.783999998
15378,14053,511346.0,28189.0,16.296,8332894.415999999
15378,10901,656079.0,33339.0,16.296,10691463.384
15378,15948,429425.0,23852.0,16.296,6997909.8
15378,12973,1437804.0,74406.0,16.296,23430453.983999997
15378,12746,512528.0,24403.0,16.296,8352156.288
15378,11181,379721.0,19768.0,16.29936,6189209.2785600005
15378,19143,1814967.0,88987.0,16.296,29576702.231999997
15378,19785,241002.0,12659.0,36.0,8676072.0
15378,13237,466440.0,22570.0,16.296,7601106.239999999
15378,15651,3152987.0,157507.0,16.296,51381076.151999995
15378,15848,3157269.0,156978.0,16.296,51450855.624
15378,11455,780060.0,42657.0,16.296,12711857.76
15378,14425,971617.0,55077.0,16.296,15833470.632
15378,17752,3921171.0,195673.0,16.296,63899402.616
15378,14060,481957.0,23379.0,16.296,7853971.272
15378,10316,862270.0,45754.0,16.296,14051551.92
15378,19134,4126085.0,207533.0,16.296,67238681.16
15378,13460,724144.0,36663.0,16.296,11800650.624
15378,15686,3919126.0,195578.0,16.296,63866077.296
15378,11189,1289952.0,65749.0,16.296,21021057.792
15378,10326,8896928.0,431719.0,16.296,144984338.688
15378,10269,1233415.0,62163.0,16.296,20099730.84
15378,17464,6052356.0,300828.0,16.296,98629193.376
15378,19273,376791.0,19963.0,16.29936,6141452.15376
15378,13840,1431293.0,78537.0,16.296,23324350.728
15378,14704,1242872.0,60358.0,16.296,20253842.112
15378,19239,843228.0,41979.0,16.296,13741243.488
15378,19502,794249.0,42023.0,16.296,12943081.704
15378,17504,5404842.0,271992.0,16.296,88077305.232
15378,18110,550947.0,30519.0,16.296,8978232.311999999
15378,11163,2032496.0,99362.0,16.296,33121554.816
15378,12633,8164391.0,398563.0,16.296,133046915.736
15378,16339,4609575.0,236164.0,16.296,75117634.2
15378,13989,1671923.0,82754.0,16.296,27245657.208
15378,18149,535568.0,29589.0,16.296,8727616.128
15378,10177,7511596.0,367947.0,16.296,122408968.416
15378,12270,1581313.0,82991.0,16.296,25769076.648
15378,13100,2156701.0,104119.0,16.296,35145599.496
15378,17781,880365.0,44549.0,16.296,14346428.04
15378,19971,3125355.0,155048.0,16.296,50930785.08
15378,16887,3493578.0,173862.0,16.296,56931347.088
15378,10985,1178927.0,57837.0,16.296,19211794.392
15378,15976,3476084.0,163390.0,16.296,56646264.864
18827,12652,775175.0,39244.0,65.0,50386375.0
18827,15008,824281.0,41325.0,65.0,53578265.0
18827,11112,824234.0,41823.0,65.0,53575210.0
18827,16325,846399.0,42649.0,65.0,55015935.0
18827,11561,1232080.0,57983.0,76.0,93638080.0
18827,18441,844694.0,42583.0,65.0,54905110.0
18827,16117,965095.0,47592.0,65.0,62731175.0
18827,11209,845901.0,42602.0,65.0,54983565.0
18827,15891,810899.0,41035.0,39.390119999999996,31941408.917879995
18827,18812,853893.0,42825.0,65.0,55503045.0
18827,19915,1632188.0,86256.0,54.33,88676774.03999999
18827,17282,855520.0,43169.0,65.0,55608800.0
18827,11147,1022063.0,53488.0,71.7948,73378808.6724
18827,13417,843032.0,42065.0,65.0,54797080.0
18827,12940,814132.0,42845.0,27.86,22681717.52
18827,12352,1764600.0,91433.0,54.33,95870718.0
18827,17522,905220.0,42320.0,85.0,76943700.0
18827,14234,2039849.0,94451.0,62.5762,127645998.9938
18827,19300,802591.0,40779.0,39.390119999999996,31614155.80092
18827,18542,818809.0,41482.0,65.0,53222585.0
18827,16855,900977.0,42067.0,85.0,76583045.0
18827,13694,1502024.0,69276.0,75.0,112651800.0
18827,12205,1477184.0,76171.0,75.0,110788800.0
18827,18941,428360.0,23085.0,73.7352,31585210.272000004
18827,10748,815387.0,41874.0,27.86,22716681.82
18827,10705,772029.0,40599.0,45.0,34741305.0
18827,15483,1483762.0,68740.0,75.0,111282150.0
18827,13088,1770522.0,91620.0,54.33,96192460.25999999
18827,13917,759286.0,37016.0,71.7948,54512786.51279999
18827,16236,764076.0,39196.0,71.7948,54856683.60479999
18827,13073,751580.0,38395.0,71.7948,53959535.783999994
18827,13636,878884.0,43265.0,65.0,57127460.0
18827,18411,545987.0,28499.0,78.4,42805380.800000004
18827,10916,2460741.0,121243.0,81.0,199320021.0
18827,15270,1864463.0,96105.0,75.46,140692377.98
18827,13509,879373.0,43388.0,65.0,57159245.0
18827,11200,623726.0,34605.0,36.673559999999995,22874252.884559996
18827,12616,900783.0,41946.0,85.0,76566555.0
18827,12868,1552783.0,77284.0,75.0,116458725.0
18827,13555,372952.0,20016.0,80.5266,30032556.5232
18827,14736,1486204.0,76178.0,75.0,111465300.0
18827,17516,442126.0,23554.0,45.0,19895670.0
18827,15183,1651147.0,89208.0,54.33,89706816.50999999
18827,13563,2729068.0,134598.0,85.0,231970780.0
18827,15077,218872.0,12104.0,43.903999999999996,9609356.287999999
18827,11466,2028176.0,98494.0,82.0,166310432.0
18827,15378,953435.0,50085.0,65.0,61973275.0
18827,18827,0.0,0.0,115.0,0.0
18827,16028,928735.0,47360.0,85.0,78942475.0
18827,15601,276344.0,15107.0,82.467,22789260.648
18827,15264,458643.0,22842.0,81.4968,37377936.8424
18827,19333,873048.0,48621.0,65.0,56748120.0
18827,19880,2541147.0,114983.0,90.0,228703230.0
18827,14519,861307.0,43174.0,65.0,55984955.0
18827,12369,1794306.0,96707.0,75.46,135398330.76
18827,10044,914682.0,42768.0,85.0,77747970.0
18827,19147,2278874.0,120842.0,62.5762,142603275.1988
18827,18448,4282995.0,213664.0,90.0,385469550.0
18827,17010,3246046.0,144786.0,52.0,168794392.0
18827,17738,1037485.0,54837.0,71.7948,74486028.078
18827,10955,1477087.0,76128.0,75.0,110781525.0
18827,18219,641147.0,32464.0,36.673559999999995,23513142.973319996
18827,11853,809359.0,42720.0,39.390119999999996,31880748.13308
18827,10657,981066.0,48320.0,71.7948,70435437.2568
18827,10568,411650.0,22488.0,71.7948,29554329.419999998
18827,10867,1851341.0,95949.0,75.46,139702191.85999998
18827,19500,1455145.0,77081.0,75.0,109135875.0
18827,13165,978821.0,48645.0,71.7948,70274257.93079999
18827,11022,1212986.0,62677.0,76.0,92186936.0
18827,19430,1882932.0,90168.0,75.46,142086048.72
18827,15241,1442921.0,76105.0,75.0,108219075.0
18827,16683,376823.0,20115.0,80.5266,30344274.9918
18827,12216,586245.0,29005.0,72.0,42209640.0
18827,10301,1607139.0,82498.0,54.33,87315861.86999999
18827,12355,3216595.0,144110.0,52.0,167262940.0
18827,14257,7481475.0,363043.0,90.0,673332750.0
18827,10963,2720398.0,134373.0,85.0,231233830.0
18827,16193,2567196.0,121938.0,90.0,231047640.0
18827,16962,1477346.0,76161.0,75.0,110800950.0
18827,15724,1002220.0,55166.0,71.7948,71954184.456
18827,17789,834649.0,42266.0,65.0,54252185.0
18827,14278,1017345.0,53425.0,71.7948,73040080.806
18827,19846,2740666.0,131896.0,73.0,200068618.0
18827,11261,610075.0,35127.0,71.79,43797284.25000001
18827,17223,647769.0,33736.0,36.673559999999995,23755995.287639998
18827,12562,1798535.0,96936.0,75.46,135717451.1
18827,13170,854556.0,42391.0,65.0,55546140.0
18827,13489,840361.0,42343.0,65.0,54623465.0
18827,13582,1254834.0,66251.0,76.0,95367384.0
18827,14358,3245162.0,160818.0,88.0,285574256.0
18827,16108,2824192.0,139311.0,73.0,206166016.0
18827,10796,471836.0,23804.0,59.0,27838324.0
18827,18799,583706.0,28856.0,78.4,45762550.400000006
18827,10375,2092134.0,109325.0,62.5762,130917795.6108
18827,13665,1823099.0,89217.0,75.46,137571050.54
18827,15185,2235414.0,108690.0,62.5762,139883713.5468
18827,13454,1407604.0,76682.0,75.0,105570300.0
18827,14053,630730.0,32148.0,36.673559999999995,23131114.4988
18827,10901,1014389.0,52964.0,71.7948,72827855.37719999
18827,15948,1218340.0,62030.0,76.0,92593840.0
18827,12973,1009904.0,48920.0,71.7948,72505855.69919999
18827,12746,851647.0,42589.0,65.0,55357055.0
18827,11181,1020014.0,50978.0,71.7948,73231701.12719999
18827,19143,1018788.0,48103.0,71.7948,73143680.7024
18827,19785,1141372.0,60016.0,71.7948,81944574.4656
18827,13237,857279.0,43393.0,65.0,55723135.0
18827,15651,2467791.0,121886.0,90.0,222101190.0
18827,15848,2472073.0,121357.0,90.0,222486570.0
18827,11455,1320021.0,68042.0,75.0,99001575.0
18827,14425,681272.0,38045.0,36.673559999999995,24984669.568319995
18827,17752,3235975.0,160053.0,88.0,284765800.0
18827,14060,764072.0,39195.0,71.7948,54856396.4256
18827,10316,139380.0,7549.0,115.0,16028700.0
18827,19134,3440889.0,171913.0,52.0,178926228.0
18827,13460,748104.0,41786.0,71.7948,53709977.0592
18827,15686,3233930.0,159958.0,88.0,284585840.0
18827,11189,2092147.0,109328.0,62.5762,130918609.1014
18827,10326,8211732.0,396098.0,90.0,739055880.0
18827,10269,2035610.0,105743.0,62.5762,127380738.482
18827,17464,5367160.0,265208.0,90.0,483044400.0
18827,19273,1277161.0,67321.0,76.0,97064236.0
18827,13840,1197503.0,64848.0,76.0,91010228.0
18827,14704,1814969.0,87305.0,75.46,136957560.73999998
18827,19239,365127.0,19507.0,71.7948,26214219.9396
18827,19502,218391.0,11988.0,43.903999999999996,9588238.464
18827,17504,4719646.0,236371.0,90.0,424768140.0
18827,18110,647546.0,33697.0,36.673559999999995,23747817.083759997
18827,11163,1037494.0,56900.0,71.7948,74486674.2312
18827,12633,7479195.0,362943.0,90.0,673127550.0
18827,16339,3924379.0,200544.0,90.0,353194110.0
18827,13989,973436.0,48399.0,65.0,63273340.0
18827,18149,645353.0,34119.0,36.673559999999995,23667391.966679998
18827,10177,6826400.0,332327.0,90.0,614376000.0
18827,12270,833277.0,40955.0,65.0,54163005.0
18827,13100,2040692.0,108559.0,62.5762,127698750.7304
18827,17781,412191.0,22554.0,71.7948,29593170.406799998
18827,19971,2329176.0,114164.0,62.5762,145750983.2112
18827,16887,2808382.0,138242.0,73.0,205011886.0
18827,10985,1609675.0,77044.0,54.33,87453642.75
18827,15976,3066844.0,138228.0,52.0,159475888.0
16028,12652,1630659.0,82721.0,35.0,57073065.0
16028,15008,1679764.0,84801.0,35.0,58791740.0
16028,11112,1679717.0,85300.0,35.0,58790095.0
16028,16325,1701883.0,86126.0,35.0,59565905.0
16028,11561,700232.0,36088.0,35.0,24508120.0
16028,18441,1700177.0,86059.0,35.0,59506195.0
16028,16117,1820578.0,91068.0,35.0,63720230.0
16028,11209,1701384.0,86079.0,35.0,59548440.0
16028,15891,1666383.0,84512.0,35.0,58323405.0
16028,18812,1709376.0,86302.0,35.0,59828160.0
16028,19915,2214055.0,115238.0,35.0,77491925.0
16028,17282,1711003.0,86646.0,35.0,59885105.0
16028,11147,1603929.0,82471.0,35.0,56137515.0
16028,13417,1698515.0,85542.0,35.0,59448025.0
16028,12940,1471559.0,73840.0,35.0,51504565.0
16028,12352,2346466.0,120416.0,35.0,82126310.0
16028,17522,482819.0,24515.0,35.0,16898665.0
16028,14234,1109681.0,52387.0,35.0,38838835.0
16028,19300,1658075.0,84255.0,35.0,58032625.0
16028,18542,1674293.0,84958.0,35.0,58600255.0
16028,16855,521943.0,26565.0,35.0,18268005.0
16028,13694,2357507.0,112753.0,35.0,82512745.0
16028,12205,2059050.0,105154.0,35.0,72066750.0
16028,18941,729860.0,39020.0,35.0,25545100.0
16028,10748,1670870.0,85351.0,35.0,58480450.0
16028,10705,1627338.0,82712.0,35.0,56956830.0
16028,15483,2339245.0,112216.0,35.0,81873575.0
16028,13088,2352389.0,120603.0,35.0,82333615.0
16028,13917,443207.0,23786.0,35.0,15512245.0
16028,16236,1619559.0,82673.0,35.0,56684565.0
16028,13073,1607064.0,81872.0,35.0,56247240.0
16028,13636,1734367.0,86742.0,35.0,60702845.0
16028,18411,1177844.0,58424.0,35.0,41224540.0
16028,10916,1742333.0,87721.0,35.0,60981655.0
16028,15270,2228006.0,124147.0,35.0,77980210.0
16028,13509,1734857.0,86865.0,35.0,60719995.0
16028,11200,1520822.0,80350.0,35.0,53228770.0
16028,12616,488041.0,24839.0,35.0,17081435.0
16028,12868,2408267.0,120761.0,35.0,84289345.0
16028,13555,780233.0,39807.0,35.0,27308155.0
16028,14736,2307168.0,118928.0,35.0,80750880.0
16028,17516,649792.0,34790.0,35.0,22742720.0
16028,15183,2233014.0,118191.0,35.0,78155490.0
16028,13563,2010660.0,101075.0,35.0,70373100.0
16028,15077,920291.0,49050.0,35.0,32210185.0
16028,11466,1487359.0,76492.0,35.0,52057565.0
16028,15378,1610863.0,81080.0,35.0,56380205.0
16028,18827,928362.0,47113.0,35.0,32492670.0
16028,16028,0.0,0.0,48.21,0.0
16028,15601,661411.0,34289.0,35.0,23149385.0
16028,15264,1165268.0,60588.0,35.0,40784380.0
16028,19333,1792553.0,94740.0,35.0,62739355.0
16028,19880,1960913.0,93645.0,35.0,68631955.0
16028,14519,1716791.0,86651.0,35.0,60087685.0
16028,12369,2376173.0,125690.0,35.0,83166055.0
16028,10044,480634.0,24629.0,35.0,16822190.0
16028,19147,3198378.0,166961.0,35.0,111943230.0
16028,18448,3564586.0,180141.0,35.0,124760510.0
16028,17010,2665811.0,123448.0,35.0,93303385.0
16028,17738,1694912.0,85832.0,35.0,59321920.0
16028,10955,2058953.0,105111.0,35.0,72063355.0
16028,18219,1496631.0,75941.0,35.0,52382085.0
16028,11853,1466787.0,73715.0,35.0,51337545.0
16028,10657,1836549.0,91797.0,35.0,64279215.0
16028,10568,818932.0,42279.0,35.0,28662620.0
16028,10867,2214883.0,123991.0,35.0,77520905.0
16028,19500,1731907.0,101201.0,35.0,60616745.0
16028,13165,288639.0,14589.0,48.21,13915286.19
16028,11022,2068470.0,106154.0,35.0,72396450.0
16028,19430,2738415.0,133645.0,35.0,95844525.0
16028,15241,1728822.0,100915.0,35.0,60508770.0
16028,16683,1273919.0,65860.0,35.0,44587165.0
16028,12216,337330.0,18566.0,48.21,16262679.3
16028,10301,2189006.0,111481.0,35.0,76615210.0
16028,12355,2636360.0,122772.0,35.0,92272600.0
16028,14257,6763067.0,329521.0,35.0,236707345.0
16028,10963,2001990.0,100850.0,35.0,70069650.0
16028,16193,1856357.0,80434.0,35.0,64972495.0
16028,16962,2059212.0,105144.0,35.0,72072420.0
16028,15724,1921725.0,101285.0,35.0,67260375.0
16028,17789,1690132.0,85743.0,35.0,59154620.0
16028,14278,1674772.0,84421.0,35.0,58617020.0
16028,19846,2035746.0,90747.0,35.0,71251110.0
16028,11261,757338.0,38374.0,35.0,26506830.0
16028,17223,1215736.0,62023.0,35.0,42550760.0
16028,12562,2380402.0,125919.0,35.0,83314070.0
16028,13170,1710039.0,85868.0,35.0,59851365.0
16028,13489,1695844.0,85820.0,35.0,59354540.0
16028,13582,1912262.0,97246.0,35.0,66929170.0
16028,14358,2526754.0,127295.0,35.0,88436390.0
16028,16108,2105784.0,105789.0,35.0,73702440.0
16028,10796,1054816.0,52891.0,35.0,36918560.0
16028,18799,346675.0,18771.0,48.21,16713201.75
16028,10375,2674001.0,138308.0,35.0,93590035.0
16028,13665,1104691.0,55694.0,35.0,38664185.0
16028,15185,1694596.0,86687.0,35.0,59310860.0
16028,13454,2274329.0,121252.0,35.0,79601515.0
16028,14053,1486214.0,75625.0,35.0,52017490.0
16028,10901,1596256.0,81947.0,35.0,55868960.0
16028,15948,2039303.0,104781.0,35.0,71375605.0
16028,12973,695796.0,35586.0,35.0,24352860.0
16028,12746,1707131.0,86065.0,35.0,59749585.0
16028,11181,1875497.0,94455.0,35.0,65642395.0
16028,19143,632316.0,32239.0,35.0,22131060.0
16028,19785,1798800.0,91011.0,35.0,62958000.0
16028,13237,1712762.0,86870.0,35.0,59946670.0
16028,15651,1749383.0,88364.0,35.0,61228405.0
16028,15848,1753665.0,87835.0,35.0,61378275.0
16028,11455,2175504.0,111519.0,35.0,76142640.0
16028,14425,746096.0,40830.0,35.0,26113360.0
16028,17752,2517567.0,126531.0,35.0,88114845.0
16028,14060,1619556.0,82672.0,35.0,56684460.0
16028,10316,1036476.0,53294.0,35.0,36276660.0
16028,19134,2722481.0,138390.0,35.0,95286835.0
16028,13460,1645199.0,87531.0,35.0,57581965.0
16028,15686,2515522.0,126435.0,35.0,88043270.0
16028,11189,2674014.0,138311.0,35.0,93590490.0
16028,10326,7493323.0,362576.0,35.0,262266305.0
16028,10269,2617477.0,134725.0,35.0,91611695.0
16028,17464,4648751.0,231685.0,35.0,162706285.0
16028,19273,1934589.0,98316.0,35.0,67710615.0
16028,13840,1262327.0,67633.0,35.0,44181445.0
16028,14704,2670453.0,130782.0,35.0,93465855.0
16028,19239,772408.0,39297.0,35.0,27034280.0
16028,19502,919810.0,48934.0,35.0,32193350.0
16028,17504,4001238.0,202849.0,35.0,140043330.0
16028,18110,1215513.0,61984.0,35.0,42542955.0
16028,11163,849845.0,42614.0,35.0,29744575.0
16028,12633,6760787.0,329420.0,35.0,236627545.0
16028,16339,3205970.0,167021.0,35.0,112208950.0
16028,13989,280870.0,14321.0,48.21,13540742.700000001
16028,18149,1230502.0,62766.0,35.0,43067570.0
16028,10177,6107991.0,298804.0,35.0,213779685.0
16028,12270,1570992.0,80395.0,35.0,54984720.0
16028,13100,2960196.0,154679.0,35.0,103606860.0
16028,17781,819473.0,42344.0,35.0,28681555.0
16028,19971,1788359.0,92162.0,35.0,62592565.0
16028,16887,2205638.0,98901.0,35.0,77197330.0
16028,10985,2465158.0,120521.0,35.0,86280530.0
16028,15976,2486610.0,116890.0,35.0,87031350.0
15601,12652,1004404.0,51026.0,44.5,44695978.0
15601,15008,1053510.0,53107.0,35.0,36872850.0
15601,11112,1053463.0,53605.0,35.0,36871205.0
15601,16325,1075628.0,54432.0,46.0,49478888.0
15601,11561,964280.0,44946.0,53.0,51106840.0
15601,18441,1073922.0,54365.0,54.0,57991788.0
15601,16117,1194323.0,59374.0,60.0,71659380.0
15601,11209,1075129.0,54384.0,46.0,49455934.0
15601,15891,1040128.0,52817.0,35.0,36404480.0
15601,18812,1083122.0,54607.0,46.0,49823612.0
15601,19915,1804274.0,94954.0,47.0,84800878.0
15601,17282,1084749.0,54952.0,46.0,49898454.0
15601,11147,1194148.0,62187.0,60.0,71648880.0
15601,13417,1072261.0,53848.0,54.0,57902094.0
15601,12940,1061778.0,53556.0,46.0,48841788.0
15601,12352,1936685.0,100132.0,47.0,91024195.0
15601,17522,637420.0,29283.0,57.0,36332940.0
15601,14234,1772049.0,81414.0,47.0,83286303.0
15601,19300,1031820.0,52561.0,35.0,36113700.0
15601,18542,1048038.0,53264.0,35.0,36681330.0
15601,16855,633177.0,29030.0,57.0,36091089.0
15601,13694,1731253.0,81058.0,47.0,81368891.0
15601,12205,1649269.0,84870.0,47.0,77515643.0
15601,18941,221398.0,12785.0,110.0,24353780.0
15601,10748,1044616.0,53656.0,35.0,36561560.0
15601,10705,1001258.0,52381.0,53.0,53066674.0
15601,15483,1712990.0,80522.0,47.0,80510530.0
15601,13088,1942607.0,100318.0,47.0,91302529.0
15601,13917,564634.0,28813.0,57.0,32184138.0
15601,16236,993305.0,50978.0,53.0,52645165.0
15601,13073,980809.0,50177.0,53.0,51982877.0
15601,13636,1108113.0,55048.0,54.0,59838102.0
15601,18411,768062.0,38139.0,57.0,43779534.0
15601,10916,2192941.0,108206.0,47.0,103068227.0
15601,15270,2036549.0,104803.0,47.0,95717803.0
15601,13509,1108602.0,55170.0,54.0,59864508.0
15601,11200,894568.0,48655.0,57.0,50990376.0
15601,12616,632983.0,28909.0,57.0,36080031.0
15601,12868,1782012.0,89066.0,47.0,83754564.0
15601,13555,370452.0,19522.0,32.9,12187870.799999999
15601,14736,1715433.0,87960.0,47.0,80625351.0
15601,17516,235165.0,13254.0,110.0,25868150.0
15601,15183,1823233.0,97907.0,47.0,85691951.0
15601,13563,2461268.0,121561.0,47.0,115679596.0
15601,15077,401842.0,23015.0,32.9,13220601.799999999
15601,11466,1760377.0,85457.0,47.0,82737719.0
15601,15378,1201082.0,60796.0,60.0,72064920.0
15601,18827,274931.0,14906.0,67.53,18566090.43
15601,16028,660935.0,34323.0,57.0,37673295.0
15601,15601,0.0,0.0,110.0,0.0
15601,15264,511837.0,28381.0,57.0,29174709.0
15601,19333,1139121.0,62532.0,54.0,61512534.0
15601,19880,2346495.0,106780.0,47.0,110285265.0
15601,14519,1090536.0,54957.0,46.0,50164656.0
15601,12369,1966392.0,105406.0,47.0,92420424.0
15601,10044,646882.0,29731.0,57.0,36872274.0
15601,19147,2544947.0,134753.0,47.0,119612509.0
15601,18448,4015195.0,200627.0,47.0,188714165.0
15601,17010,3051394.0,136583.0,47.0,143415518.0
15601,17738,1285131.0,65548.0,47.0,60401157.0
15601,10955,1649172.0,84826.0,47.0,77511084.0
15601,18219,870376.0,44246.0,57.0,49611432.0
15601,11853,1057006.0,53431.0,54.0,57078324.0
15601,10657,1210295.0,60102.0,60.0,72617700.0
15601,10568,409151.0,21994.0,32.9,13461067.899999999
15601,10867,2023426.0,104647.0,47.0,95101022.0
15601,19500,1627231.0,85779.0,47.0,76479857.0
15601,13165,711021.0,35608.0,57.0,40528197.0
15601,11022,1442215.0,74460.0,47.0,67784105.0
15601,19430,2112161.0,101951.0,47.0,99271567.0
15601,15241,1615006.0,84804.0,47.0,75905282.0
15601,16683,647665.0,34165.0,57.0,36916905.0
15601,12216,318445.0,15968.0,67.53,21504590.85
15601,10301,1779225.0,91197.0,47.0,83623575.0
15601,12355,3021943.0,135907.0,47.0,142031321.0
15601,14257,7213675.0,350006.0,47.0,339042725.0
15601,10963,2452598.0,121336.0,47.0,115272106.0
15601,16193,2299396.0,108901.0,47.0,108071612.0
15601,16962,1649431.0,84860.0,47.0,77523257.0
15601,15724,1268293.0,69078.0,47.0,59609771.0
15601,17789,1063878.0,54048.0,54.0,57449412.0
15601,14278,1264991.0,64136.0,47.0,59454577.0
15601,19846,2472866.0,118859.0,47.0,116224702.0
15601,11261,493323.0,26491.0,57.0,28119411.0
15601,17223,805954.0,41739.0,57.0,45939378.0
15601,12562,1970621.0,105635.0,47.0,92619187.0
15601,13170,1083785.0,54173.0,46.0,49854110.0
15601,13489,1069590.0,54126.0,54.0,57757860.0
15601,13582,1502481.0,76962.0,47.0,70616607.0
15601,14358,2977362.0,147781.0,47.0,139936014.0
15601,16108,2556392.0,126274.0,47.0,120150424.0
15601,10796,645035.0,32607.0,57.0,36766995.0
15601,18799,315906.0,15819.0,67.53,21333132.18
15601,10375,2264220.0,118024.0,47.0,106418340.0
15601,13665,1555299.0,76180.0,47.0,73099053.0
15601,15185,1967614.0,95653.0,47.0,92477858.0
15601,13454,1620898.0,89044.0,47.0,76182206.0
15601,14053,859959.0,43930.0,57.0,49017663.0
15601,10901,1186475.0,61663.0,60.0,71188500.0
15601,15948,1447569.0,73813.0,47.0,68035743.0
15601,12973,815252.0,40717.0,57.0,46469364.0
15601,12746,1080876.0,54371.0,46.0,49720296.0
15601,11181,1249243.0,62760.0,47.0,58714421.0
15601,19143,750988.0,35066.0,57.0,42806316.0
15601,19785,1389019.0,70727.0,47.0,65283893.0
15601,13237,1086508.0,55175.0,46.0,49979368.0
15601,15651,2199991.0,108849.0,47.0,103399577.0
15601,15848,2204273.0,108320.0,47.0,103600831.0
15601,11455,1549250.0,79824.0,47.0,72814750.0
15601,14425,585839.0,32938.0,57.0,33392823.0
15601,17752,2968175.0,147016.0,47.0,139504225.0
15601,14060,993301.0,50978.0,53.0,52644953.0
15601,10316,410221.0,21599.0,32.9,13496270.899999999
15601,19134,3173089.0,158876.0,47.0,149135183.0
15601,13460,1018945.0,55836.0,35.0,35663075.0
15601,15686,2966130.0,146921.0,47.0,139408110.0
15601,11189,2264232.0,118027.0,47.0,106418904.0
15601,10326,7943932.0,383061.0,47.0,373364804.0
15601,10269,2207696.0,114441.0,47.0,103761712.0
15601,17464,5099360.0,252171.0,47.0,239669920.0
15601,19273,1524808.0,78032.0,47.0,71665976.0
15601,13840,1102069.0,59741.0,46.0,50695174.0
15601,14704,2044198.0,99087.0,47.0,96077306.0
15601,19239,362627.0,19013.0,32.9,11930428.299999999
15601,19502,401361.0,22899.0,32.9,13204776.899999999
15601,17504,4451846.0,223334.0,47.0,209236762.0
15601,18110,805731.0,41700.0,57.0,45926667.0
15601,11163,968517.0,45441.0,53.0,51331401.0
15601,12633,7211395.0,349906.0,47.0,338935565.0
15601,16339,3656579.0,187507.0,47.0,171859213.0
15601,13989,705636.0,35362.0,57.0,40221252.0
15601,18149,820721.0,42482.0,57.0,46781097.0
15601,10177,6558600.0,319290.0,47.0,308254200.0
15601,12270,917560.0,48188.0,57.0,52300920.0
15601,13100,2306765.0,122471.0,47.0,108417955.0
15601,17781,409692.0,22060.0,32.9,13478866.799999999
15601,19971,2061376.0,101127.0,47.0,96884672.0
15601,16887,2540582.0,125205.0,47.0,119407354.0
15601,10985,1838904.0,88826.0,47.0,86428488.0
15601,15976,2872192.0,130025.0,47.0,134993024.0
15264,12652,932759.0,48805.0,31.0,28915529.0
15264,15008,981864.0,50885.0,40.0,39274560.0
15264,11112,961909.0,51337.0,40.0,38476360.0
15264,16325,1003983.0,52210.0,40.0,40159320.0
15264,11561,1188117.0,58744.0,40.0,47524680.0
15264,18441,1002277.0,52143.0,40.0,40091080.0
15264,16117,1122678.0,57152.0,40.0,44907120.0
15264,11209,1003484.0,52163.0,40.0,40139360.0
15264,15891,908882.0,48588.0,31.0,28175342.0
15264,18812,953193.0,50446.0,31.0,29548983.0
15264,19915,2064858.0,106688.0,40.0,82594320.0
15264,17282,988332.0,52436.0,40.0,39533280.0
15264,11147,1454732.0,73920.0,40.0,58189280.0
15264,13417,1000616.0,51626.0,40.0,40024640.0
15264,12940,1140568.0,59754.0,40.0,45622720.0
15264,12352,2068940.0,109152.0,40.0,82757600.0
15264,17522,861257.0,43082.0,52.5,45215992.5
15264,14234,1995886.0,95212.0,40.0,79835440.0
15264,19300,960175.0,50339.0,40.0,38407000.0
15264,18542,976393.0,51042.0,40.0,39055720.0
15264,16855,857015.0,42829.0,52.5,44993287.5
15264,13694,1369951.0,74132.0,40.0,54798040.0
15264,12205,1781524.0,93890.0,40.0,71260960.0
15264,18941,427031.0,23822.0,39.389,16820324.059
15264,10748,935292.0,49873.0,31.0,28994052.0
15264,10705,1025895.0,54364.0,40.0,41035800.0
15264,15483,1508409.0,74269.0,40.0,60336360.0
15264,13088,2074862.0,109339.0,40.0,82994480.0
15264,13917,1019804.0,53336.0,40.0,40792160.0
15264,16236,921660.0,48757.0,31.0,28571460.0
15264,13073,909164.0,47955.0,31.0,28184084.0
15264,13636,1036467.0,52826.0,40.0,41458680.0
15264,18411,872424.0,45408.0,52.5,45802260.0
15264,10916,2416779.0,122004.0,40.0,96671160.0
15264,15270,2297133.0,116537.0,40.0,91885320.0
15264,13509,1036957.0,52948.0,40.0,41478280.0
15264,11200,671424.0,34815.0,52.5,35249760.0
15264,12616,856820.0,42707.0,52.5,44983050.0
15264,12868,1682517.0,85753.0,40.0,67300680.0
15264,13555,741847.0,40708.0,52.5,38946967.5
15264,14736,1643788.0,85738.0,40.0,65751520.0
15264,17516,489930.0,27102.0,50.5,24741465.0
15264,15183,2083817.0,109640.0,40.0,83352680.0
15264,13563,2685106.0,135359.0,40.0,107404240.0
15264,15077,657029.0,32826.0,52.5,34494022.5
15264,11466,1984214.0,99256.0,40.0,79368560.0
15264,15378,1206870.0,64912.0,40.0,48274800.0
15264,18827,456672.0,22702.0,50.5,23061936.0
15264,16028,1163832.0,60863.0,40.0,46553280.0
15264,15601,511441.0,28610.0,50.5,25827770.5
15264,15264,0.0,0.0,39.389,0.0
15264,19333,728606.0,40981.0,52.5,38251815.0
15264,19880,2801666.0,131303.0,40.0,112066640.0
15264,14519,960607.0,50796.0,40.0,38424280.0
15264,12369,2226976.0,117139.0,40.0,89079040.0
15264,10044,870719.0,43530.0,52.5,45712747.5
15264,19147,2134432.0,113202.0,40.0,85377280.0
15264,18448,4239032.0,214425.0,40.0,169561280.0
15264,17010,3506564.0,161106.0,40.0,140262560.0
15264,17738,1314827.0,70428.0,40.0,52593080.0
15264,10955,1781427.0,93847.0,40.0,71257080.0
15264,18219,798335.0,41936.0,52.5,41912587.5
15264,11853,1135796.0,59629.0,40.0,45431840.0
15264,10657,1018184.0,54095.0,40.0,40727360.0
15264,10568,780545.0,43180.0,52.5,40978612.5
15264,10867,2284010.0,116381.0,40.0,91360400.0
15264,19500,1887815.0,97513.0,40.0,75512600.0
15264,13165,1061130.0,53439.0,40.0,42445200.0
15264,11022,1342720.0,71146.0,40.0,53708800.0
15264,19430,2012665.0,98637.0,40.0,80506600.0
15264,15241,1875590.0,96537.0,40.0,75023600.0
15264,16683,613152.0,32342.0,52.5,32190480.0
15264,12216,821342.0,42508.0,52.5,43120455.0
15264,10301,1911480.0,100218.0,40.0,76459200.0
15264,12355,3477113.0,160431.0,40.0,139084520.0
15264,14257,7437513.0,363805.0,40.0,297500520.0
15264,10963,2676435.0,135134.0,40.0,107057400.0
15264,16193,2523233.0,122699.0,40.0,100929320.0
15264,16962,1781686.0,93881.0,40.0,71267440.0
15264,15724,857778.0,47526.0,52.5,45033345.0
15264,17789,992232.0,51826.0,40.0,39689280.0
15264,14278,1343781.0,70334.0,40.0,53751240.0
15264,19846,2696703.0,132657.0,40.0,107868120.0
15264,11261,497992.0,26196.0,50.5,25148596.0
15264,17223,1080438.0,54168.0,40.0,43217520.0
15264,12562,2231205.0,117368.0,40.0,89248200.0
15264,13170,1012139.0,51952.0,40.0,40485560.0
15264,13489,997944.0,51904.0,40.0,39917760.0
15264,13582,1492048.0,77360.0,40.0,59681920.0
15264,14358,3201200.0,161579.0,40.0,128048000.0
15264,16108,2780229.0,140073.0,40.0,111209160.0
15264,10796,904505.0,44236.0,31.0,28039655.0
15264,18799,818803.0,42359.0,52.5,42987157.5
15264,10375,2396475.0,127045.0,40.0,95859000.0
15264,13665,1779136.0,89978.0,40.0,71165440.0
15264,15185,2191451.0,109452.0,40.0,87658040.0
15264,13454,1035298.0,62051.0,40.0,41411920.0
15264,14053,784975.0,41243.0,52.5,41211187.5
15264,10901,1447059.0,73396.0,40.0,57882360.0
15264,15948,1375923.0,71591.0,40.0,55036920.0
15264,12973,1270422.0,65241.0,40.0,50816880.0
15264,12746,950947.0,50210.0,31.0,29479357.0
15264,11181,1177597.0,60539.0,40.0,47103880.0
15264,19143,836972.0,43567.0,52.5,43941030.0
15264,19785,1467809.0,76925.0,40.0,58712360.0
15264,13237,989007.0,52495.0,40.0,39560280.0
15264,15651,2423828.0,122648.0,40.0,96953120.0
15264,15848,2428111.0,122119.0,40.0,97124440.0
15264,11455,1449754.0,76510.0,40.0,57990160.0
15264,14425,1029101.0,56867.0,40.0,41164040.0
15264,17752,3192013.0,160814.0,40.0,127680520.0
15264,14060,921656.0,48756.0,31.0,28571336.0
15264,10316,420525.0,21626.0,39.389,16564059.225000001
15264,19134,3396927.0,172674.0,40.0,135877080.0
15264,13460,698829.0,37136.0,52.5,36688522.5
15264,15686,3189968.0,160719.0,40.0,127598720.0
15264,11189,2396487.0,127048.0,40.0,95859480.0
15264,10326,8167769.0,396860.0,40.0,326710760.0
15264,10269,2339951.0,123462.0,40.0,93598040.0
15264,17464,5323197.0,265969.0,40.0,212927880.0
15264,19273,1603598.0,84230.0,40.0,64143920.0
15264,13840,1545332.0,83671.0,40.0,61813280.0
15264,14704,1944702.0,95773.0,40.0,77788080.0
15264,19239,734022.0,40199.0,52.5,38536155.0
15264,19502,656548.0,32711.0,52.5,34468770.0
15264,17504,4675684.0,237133.0,40.0,187027360.0
15264,18110,1080215.0,54129.0,40.0,43208600.0
15264,11163,925411.0,47969.0,31.0,28687741.0
15264,12633,7435233.0,363704.0,40.0,297409320.0
15264,16339,3880416.0,201305.0,40.0,155216640.0
15264,13989,1062873.0,53767.0,40.0,42514920.0
15264,18149,1078022.0,54551.0,40.0,43120880.0
15264,10177,6782437.0,333088.0,40.0,271297480.0
15264,12270,407690.0,20002.0,39.389,16058501.410000002
15264,13100,1896250.0,100919.0,40.0,75850000.0
15264,17781,781086.0,43246.0,52.5,41007015.0
15264,19971,2285213.0,114926.0,40.0,91408520.0
15264,16887,2764419.0,139003.0,40.0,110576760.0
15264,10985,1634322.0,82573.0,40.0,65372880.0
15264,15976,3327363.0,154549.0,40.0,133094520.0
19333,12652,463248.0,26860.0,40.15,18599407.2
19333,15008,502020.0,27745.0,35.0,17570700.0
19333,11112,481845.0,26842.0,40.15,19346076.75
19333,16325,513731.0,27949.0,35.0,17980585.0
19333,11561,1913841.0,99515.0,42.0,80381322.0
19333,18441,512025.0,27882.0,35.0,17920875.0
19333,16117,629082.0,33377.0,42.0,26421444.0
19333,11209,513232.0,27901.0,35.0,17963120.0
19333,15891,428819.0,24093.0,12.222,5241025.818
19333,18812,473129.0,25951.0,40.15,18996129.349999998
19333,19915,1902000.0,94559.0,42.0,79884000.0
19333,17282,508269.0,27941.0,35.0,17789415.0
19333,11147,1428797.0,73901.0,42.0,60009474.0
19333,13417,518827.0,28336.0,80.15,41583984.050000004
19333,12940,934557.0,49462.0,42.0,39251394.0
19333,12352,1811439.0,90948.0,42.0,76080438.0
19333,17522,1586981.0,83852.0,42.0,66653202.0
19333,14234,2721610.0,135982.0,42.0,114307620.0
19333,19300,475059.0,26294.0,40.15,19073618.849999998
19333,18542,486141.0,26781.0,40.15,19518561.15
19333,16855,1582738.0,83599.0,42.0,66474996.0
19333,13694,641017.0,33640.0,42.0,26922714.0
19333,12205,1524023.0,75686.0,42.0,64008966.0
19333,18941,1151496.0,64504.0,42.0,48362832.0
19333,10748,455229.0,25378.0,12.222,5563808.8379999995
19333,10705,656944.0,35121.0,42.0,27591648.0
19333,15483,654782.0,34339.0,42.0,27500844.0
19333,13088,1817361.0,91135.0,42.0,76329162.0
19333,13917,1622495.0,84561.0,42.0,68144790.0
19333,16236,463221.0,26772.0,40.15,18598323.15
19333,13073,454298.0,25991.0,12.222,5552430.1559999995
19333,13636,542871.0,29051.0,80.15,43511110.650000006
19333,18411,992495.0,52909.0,42.0,41684790.0
19333,10916,3142502.0,162775.0,42.0,131985084.0
19333,15270,2273903.0,116706.0,42.0,95503926.0
19333,13509,543361.0,29173.0,80.15,43550384.150000006
19333,11200,314869.0,17593.0,12.222,3848328.918
19333,12616,1582544.0,83477.0,42.0,66466848.0
19333,12868,1202453.0,61257.0,42.0,50503026.0
19333,13555,1242071.0,66081.0,42.0,52166982.0
19333,14736,1140794.0,61546.0,42.0,47913348.0
19333,17516,1197028.0,67105.0,42.0,50275176.0
19333,15183,2038154.0,101606.0,42.0,85602468.0
19333,13563,3410829.0,176130.0,42.0,143254818.0
19333,15077,1003804.0,55344.0,42.0,42159768.0
19333,11466,2709937.0,140026.0,42.0,113817354.0
19333,15378,910535.0,46843.0,42.0,38242470.0
19333,18827,870654.0,48468.0,42.0,36567468.0
19333,16028,1791944.0,94905.0,42.0,75261648.0
19333,15601,1139553.0,62652.0,42.0,47861226.0
19333,15264,727658.0,40963.0,42.0,30561636.0
19333,19333,0.0,0.0,35.0,0.0
19333,19880,3404357.0,162528.0,42.0,142982994.0
19333,14519,480544.0,26300.0,40.15,19293841.599999998
19333,12369,2222444.0,110175.0,42.0,93342648.0
19333,10044,1596443.0,84300.0,42.0,67050606.0
19333,19147,1405280.0,72752.0,42.0,59021760.0
19333,18448,4964755.0,255195.0,42.0,208519710.0
19333,17010,4109255.0,192331.0,42.0,172588710.0
19333,17738,967059.0,49227.0,42.0,40616478.0
19333,10955,1523926.0,75643.0,42.0,64004892.0
19333,18219,445546.0,25011.0,12.222,5445463.211999999
19333,11853,917976.0,48403.0,42.0,38554992.0
19333,10657,523028.0,28329.0,80.15,41920694.2
19333,10568,1280770.0,68552.0,42.0,53792340.0
19333,10867,2260780.0,116550.0,42.0,94952760.0
19333,19500,1864585.0,97682.0,42.0,78312570.0
19333,13165,1786854.0,94209.0,42.0,75047868.0
19333,11022,862656.0,46650.0,42.0,36231552.0
19333,19430,1532601.0,74142.0,42.0,64369242.0
19333,15241,1852360.0,96707.0,42.0,77799120.0
19333,16683,576631.0,33429.0,80.15,46216974.650000006
19333,12216,1449455.0,76550.0,42.0,60877110.0
19333,10301,1653978.0,82013.0,42.0,69467076.0
19333,12355,4079804.0,191655.0,42.0,171351768.0
19333,14257,8163236.0,404575.0,42.0,342855912.0
19333,10963,3402159.0,175904.0,42.0,142890678.0
19333,16193,3248957.0,163470.0,42.0,136456194.0
19333,16962,1524185.0,75677.0,42.0,64015770.0
19333,15724,128844.0,7035.0,35.0,4509540.0
19333,17789,501981.0,27565.0,35.0,17569335.0
19333,14278,978082.0,49712.0,42.0,41079444.0
19333,19846,3422427.0,173427.0,42.0,143741934.0
19333,11261,1223716.0,66966.0,42.0,51396072.0
19333,17223,1224191.0,65460.0,42.0,51416022.0
19333,12562,2219395.0,110291.0,42.0,93214590.0
19333,13170,523777.0,28299.0,80.15,41980726.550000004
19333,13489,507693.0,27643.0,35.0,17769255.0
19333,13582,998451.0,53585.0,42.0,41934942.0
19333,14358,3926923.0,202349.0,42.0,164930766.0
19333,16108,3505953.0,180843.0,42.0,147250026.0
19333,10796,1118700.0,58689.0,42.0,46985400.0
19333,18799,1446915.0,76401.0,42.0,60770430.0
19333,10375,2138973.0,108840.0,42.0,89836866.0
19333,13665,2504860.0,130748.0,42.0,105204120.0
19333,15185,2917175.0,150222.0,42.0,122521350.0
19333,13454,773135.0,40697.0,42.0,32471670.0
19333,14053,432186.0,24318.0,12.222,5282177.291999999
19333,10901,1428212.0,74199.0,42.0,59984904.0
19333,15948,872929.0,47399.0,42.0,36663018.0
19333,12973,1873113.0,96465.0,42.0,78670746.0
19333,12746,470884.0,25715.0,40.15,18905992.599999998
19333,11181,662909.0,36382.0,42.0,27842178.0
19333,19143,1562696.0,84338.0,42.0,65633232.0
19333,19785,1090037.0,55753.0,42.0,45781554.0
19333,13237,508944.0,28000.0,35.0,17813040.0
19333,15651,3149552.0,163418.0,42.0,132281184.0
19333,15848,3153834.0,162889.0,42.0,132461028.0
19333,11455,969691.0,52015.0,42.0,40727022.0
19333,14425,1550391.0,84109.0,42.0,65116422.0
19333,17752,3917736.0,201585.0,42.0,164544912.0
19333,14060,463218.0,26772.0,40.15,18598202.7
19333,10316,798037.0,45052.0,42.0,33517554.0
19333,19134,4122650.0,213444.0,42.0,173151300.0
19333,13460,197203.0,10967.0,35.0,6902105.0
19333,15686,3915691.0,201489.0,42.0,164459022.0
19333,11189,2138986.0,108843.0,42.0,89837412.0
19333,10326,8893493.0,437630.0,42.0,373526706.0
19333,10269,2082449.0,105258.0,42.0,87462858.0
19333,17464,6048921.0,306739.0,42.0,254054682.0
19333,19273,1148722.0,61999.0,42.0,48246324.0
19333,13840,2066622.0,110913.0,42.0,86798124.0
19333,14704,1464639.0,71278.0,42.0,61514838.0
19333,19239,1198654.0,65701.0,42.0,50343468.0
19333,19502,1003323.0,55228.0,42.0,42139566.0
19333,17504,5401407.0,277903.0,42.0,226859094.0
19333,18110,1223967.0,65422.0,42.0,51406614.0
19333,11163,1651135.0,88739.0,42.0,69347670.0
19333,12633,8160956.0,404475.0,42.0,342760152.0
19333,16339,4606139.0,242076.0,42.0,193457838.0
19333,13989,1788596.0,94537.0,42.0,75121032.0
19333,18149,1208588.0,64491.0,42.0,50760696.0
19333,10177,7508161.0,373858.0,42.0,315342762.0
19333,12270,858354.0,46387.0,42.0,36050868.0
19333,13100,1167098.0,60470.0,42.0,49018116.0
19333,17781,1281311.0,68618.0,42.0,53815062.0
19333,19971,3010937.0,155696.0,42.0,126459354.0
19333,16887,3490142.0,179773.0,42.0,146585964.0
19333,10985,835621.0,43820.0,42.0,35096082.0
19333,15976,3930054.0,185773.0,42.0,165062268.0
19880,12652,3250214.0,149857.0,2186.0,7104967804.0
19880,15008,3203437.0,150938.0,2186.0,7002713282.0
19880,11112,3299273.0,152436.0,2186.0,7212210778.0
19880,16325,3246033.0,152468.0,2186.0,7095828138.0
19880,11561,2419833.0,113787.0,2186.0,5289754938.0
19880,18441,3244327.0,152401.0,2186.0,7092098822.0
19880,16117,3198275.0,154043.0,2186.0,6991429150.0
19880,11209,3242131.0,152463.0,2186.0,7087298366.0
19880,15891,3285938.0,151647.0,2186.0,7183060468.0
19880,18812,3328931.0,153437.0,2186.0,7277043166.0
19880,19915,3382848.0,163521.0,2186.0,7394905728.0
19880,17282,3330559.0,153782.0,2186.0,7280601974.0
19880,11147,2778074.0,131168.0,2186.0,6072869764.0
19880,13417,3222048.0,151741.0,2186.0,7043396928.0
19880,12940,2809664.0,132844.0,2186.0,6141925504.0
19880,12352,3518892.0,169056.0,2186.0,7692297912.0
19880,17522,2336880.0,109361.0,2186.0,5108419680.0
19880,14234,1503489.0,72527.0,2186.0,3286626954.0
19880,19300,3277630.0,151391.0,2186.0,7164899180.0
19880,18542,3293848.0,152094.0,2186.0,7200351728.0
19880,16855,2376004.0,111411.0,2186.0,5193944744.0
19880,13694,3977063.0,179888.0,2186.0,8693859718.0
19880,12205,3231476.0,153794.0,2186.0,7064006536.0
19880,18941,2533222.0,116737.0,2186.0,5537623292.0
19880,10748,3290426.0,152486.0,2186.0,7192871236.0
19880,10705,3065403.0,143565.0,2186.0,6700970958.0
19880,15483,3958800.0,179352.0,2186.0,8653936800.0
19880,13088,3524814.0,169242.0,2186.0,7705243404.0
19880,13917,1785534.0,78353.0,2186.0,3903177324.0
19880,16236,3239115.0,149809.0,2186.0,7080705390.0
19880,13073,3226619.0,149007.0,2186.0,7053389134.0
19880,13636,3257900.0,152941.0,2186.0,7121769400.0
19880,18411,2615908.0,119276.0,2186.0,5718374888.0
19880,10916,2501340.0,116173.0,2186.0,5467929240.0
19880,15270,3457488.0,168182.0,2186.0,7558068768.0
19880,13509,3258390.0,153063.0,2186.0,7122840540.0
19880,11200,3140377.0,147486.0,2186.0,6864864122.0
19880,12616,2342102.0,109685.0,2186.0,5119834972.0
19880,12868,3979189.0,187808.0,2186.0,8698507154.0
19880,13555,2211295.0,100487.0,2186.0,4833890870.0
19880,14736,3652517.0,176641.0,2186.0,7984402162.0
19880,17516,2453154.0,112508.0,2186.0,5362594644.0
19880,15183,3401806.0,166474.0,2186.0,7436347916.0
19880,13563,2680036.0,122765.0,2186.0,5858558696.0
19880,15077,2416812.0,111530.0,2186.0,5283151032.0
19880,11466,3074459.0,146819.0,2186.0,6720767374.0
19880,15378,2948968.0,140084.0,2186.0,6446444048.0
19880,18827,2544722.0,114730.0,2186.0,5562762292.0
19880,16028,1962511.0,93701.0,2186.0,4290049046.0
19880,15601,2352379.0,106620.0,2186.0,5142300494.0
19880,15264,2816803.0,131097.0,2186.0,6157531358.0
19880,19333,3408913.0,162356.0,2186.0,7451883818.0
19880,19880,0.0,0.0,2186.0,0.0
19880,14519,3336346.0,153787.0,2186.0,7293252356.0
19880,12369,3566599.0,173511.0,2186.0,7796585414.0
19880,10044,2334695.0,109475.0,2186.0,5103643270.0
19880,19147,4814738.0,234577.0,2186.0,10525017268.0
19880,18448,4259691.0,204302.0,2186.0,9311684526.0
19880,17010,720426.0,30622.0,2186.0,1574851236.0
19880,17738,2933331.0,138914.0,2186.0,6412261566.0
19880,10955,3231379.0,153751.0,2186.0,7063794494.0
19880,18219,3116186.0,143076.0,2186.0,6811982596.0
19880,11853,2804892.0,132719.0,2186.0,6131493912.0
19880,10657,3456104.0,158932.0,2186.0,7555043344.0
19880,10568,2199542.0,99522.0,2186.0,4808198812.0
19880,10867,3444365.0,168025.0,2186.0,7529381890.0
19880,19500,2961388.0,145236.0,2186.0,6473594168.0
19880,13165,2123668.0,98879.0,2186.0,4642338248.0
19880,11022,3639391.0,173201.0,2186.0,7955708726.0
19880,19430,4309337.0,200692.0,2186.0,9420210682.0
19880,15241,2958304.0,144949.0,2186.0,6466852544.0
19880,16683,2893474.0,132995.0,2186.0,6325134164.0
19880,12216,2152524.0,96622.0,2186.0,4705417464.0
19880,10301,3361431.0,160121.0,2186.0,7348088166.0
19880,12355,690976.0,29946.0,2186.0,1510473536.0
19880,14257,7458172.0,353682.0,2186.0,16303563992.0
19880,10963,2771326.0,130579.0,2186.0,6058118636.0
19880,16193,1804745.0,77919.0,2186.0,3945172570.0
19880,16962,3231638.0,153784.0,2186.0,7064360668.0
19880,15724,3538085.0,168901.0,2186.0,7734253810.0
19880,17789,3309688.0,152878.0,2186.0,7234977968.0
19880,14278,2913191.0,137503.0,2186.0,6368235526.0
19880,19846,2280932.0,104276.0,2186.0,4986117352.0
19880,11261,2670783.0,122638.0,2186.0,5838331638.0
19880,17223,2390773.0,110209.0,2186.0,5226229778.0
19880,12562,3576797.0,173802.0,2186.0,7818878242.0
19880,13170,3233572.0,152066.0,2186.0,7068588392.0
19880,13489,3247469.0,152532.0,2186.0,7098967234.0
19880,13582,3146280.0,150063.0,2186.0,6877768080.0
19880,14358,3221859.0,151456.0,2186.0,7042983774.0
19880,16108,2686900.0,123233.0,2186.0,5873563400.0
19880,10796,2492881.0,113744.0,2186.0,5449437866.0
19880,18799,2150037.0,96489.0,2186.0,4699980882.0
19880,10375,3846427.0,186948.0,2186.0,8408289422.0
19880,13665,2303631.0,106383.0,2186.0,5035737366.0
19880,15185,3281696.0,157014.0,2186.0,7173787456.0
19880,13454,3943469.0,190417.0,2186.0,8620423234.0
19880,14053,3105769.0,142760.0,2186.0,6789211034.0
19880,10901,2770401.0,130644.0,2186.0,6056096586.0
19880,15948,3377408.0,163785.0,2186.0,7383013888.0
19880,12973,1524718.0,66400.0,2186.0,3333033548.0
19880,12746,3326686.0,153201.0,2186.0,7272135596.0
19880,11181,3273673.0,157436.0,2186.0,7156249178.0
19880,19143,2486377.0,117085.0,2186.0,5435220122.0
19880,19785,3032819.0,143829.0,2186.0,6629742334.0
19880,13237,3332318.0,154006.0,2186.0,7284447148.0
19880,15651,2511106.0,116777.0,2186.0,5489277716.0
19880,15848,2524548.0,117570.0,2186.0,5518661928.0
19880,11455,3746426.0,178565.0,2186.0,8189687236.0
19880,14425,1986997.0,86064.0,2186.0,4343575442.0
19880,17752,3212672.0,150692.0,2186.0,7022900992.0
19880,14060,3239111.0,149808.0,2186.0,7080696646.0
19880,10316,2656031.0,120430.0,2186.0,5806083766.0
19880,19134,3417586.0,162551.0,2186.0,7470842996.0
19880,13460,3264754.0,154667.0,2186.0,7136752244.0
19880,15686,3210627.0,150596.0,2186.0,7018430622.0
19880,11189,3846439.0,186951.0,2186.0,8408315654.0
19880,10326,8188429.0,386737.0,2186.0,17899905794.0
19880,10269,3789902.0,183365.0,2186.0,8284725772.0
19880,17464,5343857.0,255846.0,2186.0,11681671402.0
19880,19273,3168608.0,151133.0,2186.0,6926577088.0
19880,13840,2491809.0,111668.0,2186.0,5447094474.0
19880,14704,4241374.0,197828.0,2186.0,9271643564.0
19880,19239,2215378.0,100483.0,2186.0,4842816308.0
19880,19502,2416331.0,111414.0,2186.0,5282099566.0
19880,17504,4696343.0,227010.0,2186.0,10266205798.0
19880,18110,2390838.0,110184.0,2186.0,5226371868.0
19880,11163,2703906.0,127460.0,2186.0,5910738516.0
19880,12633,7455892.0,353581.0,2186.0,16298579912.0
19880,16339,3901075.0,191182.0,2186.0,8527749950.0
19880,13989,2115899.0,98611.0,2186.0,4625355214.0
19880,18149,2425041.0,112120.0,2186.0,5301139626.0
19880,10177,6803097.0,322965.0,2186.0,14871570042.0
19880,12270,3222526.0,150904.0,2186.0,7044441836.0
19880,13100,4576556.0,222295.0,2186.0,10004351416.0
19880,17781,2200083.0,99587.0,2186.0,4809381438.0
19880,19971,3375458.0,162489.0,2186.0,7378751188.0
19880,16887,2299954.0,109692.0,2186.0,5027699444.0
19880,10985,4084713.0,187656.0,2186.0,8929182618.0
19880,15976,541225.0,24064.0,2186.0,1183117850.0
14519,12652,113662.0,6420.0,57.4,6524198.8
14519,15008,109855.0,5786.0,57.4,6305677.0
14519,11112,79688.0,4378.0,123.0,9801624.0
14519,16325,92416.0,4971.0,123.0,11367168.0
14519,11561,2051944.0,98355.0,95.0,194934680.0
14519,18441,90710.0,4904.0,123.0,11157330.0
14519,16117,207767.0,10399.0,96.0,19945632.0
14519,11209,91917.0,4924.0,123.0,11305791.0
14519,15891,68565.0,3732.0,137.0,9393405.0
14519,18812,14153.0,1293.0,238.0,3368414.0
14519,19915,1492027.0,72083.0,95.0,141742565.0
14519,17282,73451.0,4382.0,137.0,10062787.0
14519,11147,1018824.0,51426.0,95.0,96788280.0
14519,13417,108854.0,5861.0,121.0,13171334.0
14519,12940,524583.0,26986.0,96.0,50359968.0
14519,12352,1401466.0,68473.0,95.0,133139270.0
14519,17522,1725084.0,82692.0,95.0,163882980.0
14519,14234,2859713.0,134822.0,95.0,271672735.0
14519,19300,82895.0,4335.0,123.0,10196085.0
14519,18542,77249.0,4332.0,137.0,10583113.0
14519,16855,1720842.0,82439.0,95.0,163479990.0
14519,13694,668352.0,28132.0,96.0,64161792.0
14519,12205,1114050.0,53211.0,95.0,105834750.0
14519,18941,1248224.0,63457.0,95.0,118581280.0
14519,10748,43434.0,2597.0,179.0,7774686.0
14519,10705,246819.0,13228.0,96.0,23694624.0
14519,15483,650089.0,27596.0,96.0,62408544.0
14519,13088,1407388.0,68659.0,95.0,133701860.0
14519,13917,1554853.0,76406.0,95.0,147711035.0
14519,16236,95046.0,5200.0,123.0,11690658.0
14519,13073,109359.0,5842.0,121.0,13232439.0
14519,13636,121556.0,6073.0,57.4,6977314.399999999
14519,18411,694816.0,36974.0,96.0,66702336.0
14519,10916,3280606.0,161615.0,95.0,311657570.0
14519,15270,1863930.0,94230.0,95.0,177073350.0
14519,13509,122045.0,6196.0,57.4,7005383.0
14519,11200,358664.0,18708.0,96.0,34431744.0
14519,12616,1720647.0,82317.0,95.0,163461465.0
14519,12868,759409.0,37534.0,96.0,72903264.0
14519,13555,1126853.0,54874.0,95.0,107051035.0
14519,14736,705976.0,37988.0,96.0,67773696.0
14519,17516,1261991.0,63926.0,95.0,119889145.0
14519,15183,1628181.0,79130.0,95.0,154677195.0
14519,13563,3548933.0,174970.0,95.0,337148635.0
14519,15077,888586.0,44137.0,95.0,84415670.0
14519,11466,2848041.0,138866.0,95.0,270563895.0
14519,15378,500562.0,24367.0,96.0,48053952.0
14519,18827,870385.0,43793.0,95.0,82686575.0
14519,16028,1722653.0,87079.0,95.0,163652035.0
14519,15601,1096208.0,55479.0,95.0,104139760.0
14519,15264,966365.0,51257.0,95.0,91804675.0
14519,19333,486880.0,26781.0,96.0,46740480.0
14519,19880,3336714.0,154372.0,95.0,316987830.0
14519,14519,0.0,0.0,238.0,0.0
14519,12369,1812471.0,87700.0,95.0,172184745.0
14519,10044,1734546.0,83140.0,95.0,164781870.0
14519,19147,1900330.0,93444.0,95.0,180531350.0
14519,18448,5102859.0,254035.0,95.0,484771605.0
14519,17010,4041613.0,184175.0,95.0,383953235.0
14519,17738,557086.0,26751.0,96.0,53480256.0
14519,10955,1113953.0,53167.0,95.0,105825535.0
14519,18219,227643.0,11610.0,96.0,21853728.0
14519,11853,508003.0,25927.0,96.0,48768288.0
14519,10657,147394.0,7176.0,57.4,8460415.6
14519,10568,1165552.0,57346.0,95.0,110727440.0
14519,10867,1850807.0,94074.0,95.0,175826665.0
14519,19500,1454612.0,75207.0,95.0,138188140.0
14519,13165,1798685.0,89016.0,95.0,170875075.0
14519,11022,419612.0,22927.0,96.0,40282752.0
14519,19430,1089557.0,50418.0,95.0,103507915.0
14519,15241,1442387.0,74231.0,95.0,137026765.0
14519,16683,500752.0,25781.0,96.0,48072192.0
14519,12216,1380164.0,68724.0,95.0,131115580.0
14519,10301,1244005.0,59538.0,95.0,118180475.0
14519,12355,4012162.0,183500.0,95.0,381155390.0
14519,14257,8301340.0,403415.0,95.0,788627300.0
14519,10963,3540262.0,174744.0,95.0,336324890.0
14519,16193,3387060.0,162310.0,95.0,321770700.0
14519,16962,1114212.0,53201.0,95.0,105850140.0
14519,15724,533538.0,28705.0,96.0,51219648.0
14519,17789,80665.0,4587.0,123.0,9921795.0
14519,14278,568109.0,27237.0,96.0,54538464.0
14519,19846,3560530.0,172267.0,95.0,338250350.0
14519,11261,1520149.0,77163.0,95.0,144414155.0
14519,17223,913330.0,48942.0,95.0,86766350.0
14519,12562,1809422.0,87816.0,95.0,171895090.0
14519,13170,102462.0,5321.0,123.0,12602826.0
14519,13489,86378.0,4665.0,123.0,10624494.0
14519,13582,577136.0,30607.0,96.0,55405056.0
14519,14358,4065027.0,201189.0,95.0,386177565.0
14519,16108,3644056.0,179683.0,95.0,346185320.0
14519,10796,821021.0,42755.0,95.0,77996995.0
14519,18799,1377624.0,68576.0,95.0,130874280.0
14519,10375,1729000.0,86365.0,95.0,164255000.0
14519,13665,2642963.0,129588.0,95.0,251081485.0
14519,15185,3055279.0,149062.0,95.0,290251505.0
14519,13454,1253189.0,66752.0,95.0,119052955.0
14519,14053,251090.0,12576.0,96.0,24104640.0
14519,10901,1018238.0,51723.0,95.0,96732610.0
14519,15948,438112.0,23841.0,96.0,42058752.0
14519,12973,1805470.0,88310.0,95.0,171519650.0
14519,12746,17746.0,1348.0,165.2,2931639.1999999997
14519,11181,228091.0,12824.0,96.0,21896736.0
14519,19143,1838653.0,88475.0,95.0,174672035.0
14519,19785,680063.0,33278.0,96.0,65286048.0
14519,13237,74126.0,4442.0,137.0,10155262.0
14519,15651,3287655.0,162258.0,95.0,312327225.0
14519,15848,3291938.0,161729.0,95.0,312734110.0
14519,11455,526646.0,28291.0,96.0,50558016.0
14519,14425,1435173.0,72903.0,95.0,136341435.0
14519,17752,4055840.0,200425.0,95.0,385304800.0
14519,14060,95043.0,5199.0,123.0,11690289.0
14519,10316,733296.0,37598.0,96.0,70396416.0
14519,19134,4260754.0,212284.0,95.0,404771630.0
14519,13460,299980.0,16601.0,96.0,28798080.0
14519,15686,4053795.0,200329.0,95.0,385110525.0
14519,11189,1729013.0,86368.0,95.0,164256235.0
14519,10326,9031596.0,436470.0,95.0,858001620.0
14519,10269,1672476.0,82782.0,95.0,158885220.0
14519,17464,6187024.0,305579.0,95.0,587767280.0
14519,19273,727407.0,39021.0,96.0,69831072.0
14519,13840,1793452.0,96921.0,95.0,170377940.0
14519,14704,1021595.0,47554.0,95.0,97051525.0
14519,19239,1083436.0,54494.0,95.0,102926420.0
14519,19502,888105.0,44022.0,95.0,84369975.0
14519,17504,5539511.0,276743.0,95.0,526253545.0
14519,18110,913107.0,48903.0,95.0,86745165.0
14519,11163,2056182.0,98850.0,95.0,195337290.0
14519,12633,8299060.0,403315.0,95.0,788410700.0
14519,16339,4744243.0,240916.0,95.0,450703085.0
14519,13989,1793301.0,88771.0,95.0,170363595.0
14519,18149,897727.0,47973.0,95.0,85284065.0
14519,10177,7646264.0,372698.0,95.0,726395080.0
14519,12270,1340999.0,69369.0,95.0,127394905.0
14519,13100,1662148.0,81161.0,95.0,157904060.0
14519,17781,1166093.0,57411.0,95.0,110778835.0
14519,19971,3149041.0,154536.0,95.0,299158895.0
14519,16887,3628246.0,178613.0,95.0,344683370.0
14519,10985,776002.0,35900.0,96.0,74496192.0
14519,15976,3862411.0,177618.0,95.0,366929045.0
12369,12652,1798996.0,86622.0,50.0,89949800.0
12369,15008,1742099.0,84886.0,50.0,87104950.0
12369,11112,1746363.0,84326.0,50.0,87318150.0
12369,16325,1737417.0,83758.0,50.0,86870850.0
12369,11561,2781348.0,143356.0,50.0,139067400.0
12369,18441,1735712.0,83691.0,50.0,86785600.0
12369,16117,1629234.0,80721.0,50.0,81461700.0
12369,11209,1733516.0,83753.0,50.0,86675800.0
12369,15891,1797104.0,86563.0,50.0,89855200.0
12369,18812,1826992.0,87952.0,50.0,91349600.0
12369,19915,322732.0,15877.0,24.884999999999998,8031185.819999999
12369,17282,1776900.0,85659.0,50.0,88845000.0
12369,11147,778032.0,43841.0,50.0,38901600.0
12369,13417,1708341.0,82548.0,50.0,85417050.0
12369,12940,1297662.0,70037.0,50.0,64883100.0
12369,12352,613920.0,31507.0,50.0,30696000.0
12369,17522,2454488.0,127693.0,50.0,122724400.0
12369,14234,3435973.0,174131.0,50.0,171798650.0
12369,19300,1755339.0,84679.0,50.0,87766950.0
12369,18542,1739377.0,83862.0,50.0,86968850.0
12369,16855,2450246.0,127440.0,50.0,122512300.0
12369,13694,2475123.0,114403.0,50.0,123756150.0
12369,12205,707081.0,35817.0,50.0,35354050.0
12369,18941,2147566.0,114947.0,50.0,107378300.0
12369,10748,1791842.0,86287.0,50.0,89592100.0
12369,10705,1640357.0,82731.0,50.0,82017850.0
12369,15483,2456861.0,113866.0,50.0,122843050.0
12369,13088,626725.0,31372.0,50.0,31336250.0
12369,13917,1954758.0,104330.0,50.0,97737900.0
12369,16236,1794179.0,86692.0,50.0,89708950.0
12369,13073,1814980.0,86943.0,50.0,90749000.0
12369,13636,1715726.0,83040.0,50.0,85786300.0
12369,18411,1363178.0,73742.0,50.0,68158900.0
12369,10916,3899027.0,201352.0,50.0,194951350.0
12369,15270,261363.0,11807.0,24.884999999999998,6504018.255
12369,13509,1716216.0,83162.0,50.0,85810800.0
12369,11200,2038856.0,99085.0,50.0,101942800.0
12369,12616,2450051.0,127319.0,50.0,122502550.0
12369,12868,2272986.0,112997.0,50.0,113649300.0
12369,13555,1586605.0,86116.0,50.0,79330250.0
12369,14736,1986454.0,99918.0,50.0,99322700.0
12369,17516,2161333.0,115417.0,50.0,108066650.0
12369,15183,187787.0,8973.0,24.884999999999998,4673079.494999999
12369,13563,4167354.0,214707.0,50.0,208367700.0
12369,15077,1607871.0,87595.0,50.0,80393550.0
12369,11466,3577445.0,183867.0,50.0,178872250.0
12369,15378,1372422.0,67070.0,50.0,68621100.0
12369,18827,1795592.0,96858.0,50.0,89779600.0
12369,16028,2364093.0,125488.0,50.0,118204650.0
12369,15601,1954832.0,105308.0,50.0,97741600.0
12369,15264,2225991.0,117224.0,50.0,111299550.0
12369,19333,2223263.0,110156.0,50.0,111163150.0
12369,19880,3566838.0,173373.0,50.0,178341900.0
12369,14519,1834175.0,88338.0,50.0,91708750.0
12369,12369,0.0,0.0,119.44799999999998,0.0
12369,10044,2463950.0,128141.0,50.0,123197500.0
12369,19147,3707101.0,179714.0,50.0,185355050.0
12369,18448,5721280.0,293773.0,50.0,286064000.0
12369,17010,4271737.0,203176.0,50.0,213586850.0
12369,17738,1267197.0,62187.0,50.0,63359850.0
12369,10955,706984.0,35773.0,50.0,35349200.0
12369,18219,1908189.0,92035.0,50.0,95409450.0
12369,11853,1299373.0,69893.0,50.0,64968650.0
12369,10657,1954165.0,93447.0,50.0,97708250.0
12369,10568,1551931.0,83803.0,50.0,77596550.0
12369,10867,268792.0,12118.0,24.884999999999998,6688888.92
12369,19500,614720.0,28986.0,50.0,30736000.0
12369,13165,2430397.0,127488.0,50.0,121519850.0
12369,11022,1986747.0,100868.0,50.0,99337350.0
12369,19430,2603471.0,125909.0,50.0,130173550.0
12369,15241,613725.0,28545.0,50.0,30686250.0
12369,16683,1745366.0,94042.0,50.0,87268300.0
12369,12216,2021603.0,107133.0,50.0,101080150.0
12369,10301,589739.0,29255.0,50.0,29486950.0
12369,12355,4242286.0,202501.0,50.0,212114300.0
12369,14257,8919761.0,443153.0,50.0,445988050.0
12369,10963,4158683.0,214482.0,50.0,207934150.0
12369,16193,4005481.0,202047.0,50.0,200274050.0
12369,16962,707243.0,35807.0,50.0,35362150.0
12369,15724,2256065.0,113435.0,50.0,112803250.0
12369,17789,1747530.0,84321.0,50.0,87376500.0
12369,14278,1247057.0,60776.0,50.0,62352850.0
12369,19846,4178951.0,212005.0,50.0,208947550.0
12369,11261,2410465.0,126785.0,50.0,120523250.0
12369,17223,1158866.0,64288.0,50.0,57943300.0
12369,12562,10511.0,950.0,119.44799999999998,1255517.9279999998
12369,13170,1724944.0,83293.0,50.0,86247200.0
12369,13489,1738853.0,83822.0,50.0,86942650.0
12369,13582,1480217.0,73340.0,50.0,74010850.0
12369,14358,4683448.0,240927.0,50.0,234172400.0
12369,16108,4262478.0,219421.0,50.0,213123900.0
12369,10796,1378960.0,76510.0,50.0,68948000.0
12369,18799,2019064.0,106984.0,50.0,100953200.0
12369,10375,1300155.0,67738.0,50.0,65007750.0
12369,13665,3261384.0,169326.0,50.0,163069200.0
12369,15185,3784682.0,194063.0,50.0,189234100.0
12369,13454,2989572.0,150126.0,50.0,149478600.0
12369,14053,1931282.0,92954.0,50.0,96564100.0
12369,10901,781005.0,44134.0,50.0,39050250.0
12369,15948,1741644.0,87165.0,50.0,87082200.0
12369,12973,2054255.0,107634.0,50.0,102712750.0
12369,12746,1824747.0,87715.0,50.0,91237350.0
12369,11181,1691940.0,83081.0,50.0,84597000.0
12369,19143,2568056.0,133476.0,50.0,128402800.0
12369,19785,1366755.0,67105.0,50.0,68337750.0
12369,13237,1778659.0,85883.0,50.0,88932950.0
12369,15651,3906076.0,201996.0,50.0,195303800.0
12369,15848,3910359.0,201467.0,50.0,195517950.0
12369,11455,2092278.0,105970.0,50.0,104613900.0
12369,14425,1591715.0,88594.0,50.0,79585750.0
12369,17752,4674261.0,240162.0,50.0,233713050.0
12369,14060,1794175.0,86692.0,50.0,89708750.0
12369,10316,1798816.0,96998.0,50.0,89940800.0
12369,19134,4879175.0,252022.0,50.0,243958750.0
12369,13460,2036363.0,99976.0,50.0,101818150.0
12369,15686,4672216.0,240067.0,50.0,233610800.0
12369,11189,1300167.0,67741.0,50.0,65008350.0
12369,10326,9650017.0,476208.0,50.0,482500850.0
12369,10269,757346.0,39508.0,50.0,37867300.0
12369,17464,6805445.0,345317.0,50.0,340272250.0
12369,19273,1295022.0,70074.0,50.0,64751100.0
12369,13840,1020971.0,74951.0,50.0,51048550.0
12369,14704,2555090.0,123671.0,50.0,127754500.0
12369,19239,1593754.0,86457.0,50.0,79687700.0
12369,19502,1607390.0,87479.0,50.0,80369500.0
12369,17504,6157932.0,316481.0,50.0,307896600.0
12369,18110,1158643.0,64249.0,50.0,57932150.0
12369,11163,2785585.0,143851.0,50.0,139279250.0
12369,12633,8917481.0,443052.0,50.0,445874050.0
12369,16339,5362664.0,280653.0,50.0,268133200.0
12369,13989,2425012.0,127243.0,50.0,121250600.0
12369,18149,1158847.0,64174.0,50.0,57942350.0
12369,10177,8264685.0,412436.0,50.0,413234250.0
12369,12270,2600625.0,135336.0,50.0,130031250.0
12369,13100,3468919.0,167432.0,50.0,173445950.0
12369,17781,1552472.0,83869.0,50.0,77623600.0
12369,19971,3878444.0,199537.0,50.0,193922200.0
12369,16887,4246667.0,218351.0,50.0,212333350.0
12369,10985,2491146.0,121150.0,50.0,124557300.0
12369,15976,4092535.0,196619.0,50.0,204626750.0
10044,12652,1641981.0,78201.0,21.34,35039874.54
10044,15008,1691087.0,80281.0,26.197200000000002,44301744.356400006
10044,11112,1691039.0,80779.0,26.197200000000002,44300486.89080001
10044,16325,1713205.0,81606.0,21.3444,36567332.802
10044,11561,316996.0,15547.0,71.7948,22758664.420799997
10044,18441,1711499.0,81539.0,21.3444,36530919.2556
10044,16117,1831900.0,86548.0,95.0,174030500.0
10044,11209,1712706.0,81558.0,21.3444,36556681.9464
10044,15891,1677705.0,79991.0,26.197200000000002,43951173.42600001
10044,18812,1720698.0,81781.0,21.3444,36727266.3912
10044,19915,2312342.0,117576.0,68.8842,159283828.7964
10044,17282,1722326.0,82126.0,21.3444,36762015.0744
10044,11147,1702217.0,84809.0,21.3444,36332800.5348
10044,13417,1709838.0,81022.0,26.197200000000002,44792968.053600006
10044,12940,1569847.0,76178.0,84.4074,132506703.6678
10044,12352,2444754.0,122754.0,68.8842,168404923.48680001
10044,17522,26060.0,1748.0,232.0,6045920.0
10044,14234,1124765.0,52014.0,110.0,123724150.0
10044,19300,1669397.0,79735.0,26.197200000000002,43733527.08840001
10044,18542,1685615.0,80438.0,26.197200000000002,44158393.278000005
10044,16855,45877.0,2733.0,67.053,3076190.4809999997
10044,13694,2368830.0,108232.0,68.8842,163174959.48600003
10044,12205,2157338.0,107492.0,68.8842,148606502.2596
10044,18941,570725.0,28537.0,45.0,25682625.0
10044,10748,1682193.0,80830.0,26.197200000000002,44068746.4596
10044,10705,1638835.0,79555.0,21.34,34972738.9
10044,15483,2350567.0,107696.0,68.8842,161916927.34140003
10044,13088,2450676.0,122941.0,68.8842,168812855.71920002
10044,13917,935755.0,45908.0,31.0464,29051824.031999998
10044,16236,1630882.0,78153.0,21.34,34803021.88
10044,13073,1618386.0,77351.0,21.34,34536357.24
10044,13636,1745690.0,82222.0,21.3444,37260705.636
10044,18411,1276131.0,60762.0,10.1871,13000074.1101
10044,10916,1545657.0,78807.0,84.4074,130464888.6618
10044,15270,2544617.0,127426.0,68.8842,175283906.35140002
10044,13509,1746179.0,82344.0,21.3444,37271143.0476
10044,11200,1532145.0,75829.0,84.4074,129324375.873
10044,12616,23949.0,1508.0,232.0,5556168.0
10044,12868,2419589.0,116241.0,68.8842,166671452.5938
10044,13555,878521.0,42145.0,49.0,43047529.0
10044,14736,2353010.0,115134.0,68.8842,162085211.442
10044,17516,530682.0,26450.0,45.0,23880690.0
10044,15183,2331301.0,120529.0,68.8842,160589804.34420002
10044,13563,1813984.0,92162.0,95.0,172328480.0
10044,15077,1006429.0,49405.0,31.0464,31245997.3056
10044,11466,1113092.0,56058.0,110.0,122440120.0
10044,15378,1709150.0,83418.0,21.3444,36480781.26
10044,18827,912508.0,42080.0,31.0464,28330088.3712
10044,16028,477519.0,24317.0,45.0,21488355.0
10044,15601,645556.0,29256.0,45.0,29050020.0
10044,15264,873933.0,43466.0,49.0,42822717.0
10044,19333,1599482.0,84182.0,21.34,34132945.88
10044,19880,2332572.0,109329.0,68.8842,160677356.1624
10044,14519,1728113.0,82131.0,21.3444,36885535.1172
10044,12369,2474460.0,128028.0,68.8842,170451197.532
10044,10044,0.0,0.0,232.0,0.0
10044,19147,3005308.0,156403.0,68.8842,207018237.3336
10044,18448,3367910.0,171227.0,93.0,313215630.0
10044,17010,2743398.0,127230.0,68.8842,188976776.51160002
10044,17738,1793200.0,88170.0,95.0,170354000.0
10044,10955,2157241.0,107449.0,68.8842,148599820.49220002
10044,18219,1507953.0,71420.0,84.4074,127282392.05219999
10044,11853,1565074.0,76053.0,84.4074,132103827.1476
10044,10657,1847871.0,87276.0,95.0,175547745.0
10044,10568,917219.0,44617.0,31.0464,28476347.9616
10044,10867,2531495.0,127269.0,68.8842,174380007.879
10044,19500,2135299.0,108402.0,68.8842,147088363.3758
10044,13165,201932.0,11088.0,90.0,18173880.0
10044,11022,2079792.0,101634.0,68.8842,143264808.0864
10044,19430,2749737.0,129125.0,68.8842,189413433.45540002
10044,15241,2123075.0,107426.0,68.8842,146246322.91500002
10044,16683,1285242.0,61339.0,10.1871,13092888.778199999
10044,12216,577840.0,27623.0,45.0,26002800.0
10044,10301,2287293.0,113819.0,68.8842,157558348.4706
10044,12355,2770376.0,128753.0,68.8842,190835134.45920002
10044,14257,6566391.0,320607.0,93.0,610674363.0
10044,10963,1805314.0,91936.0,95.0,171504830.0
10044,16193,1652112.0,79502.0,21.34,35256070.08
10044,16962,2157500.0,107482.0,68.8842,148617661.50000003
10044,15724,1728654.0,90727.0,21.3444,36897082.4376
10044,17789,1701454.0,81222.0,26.197200000000002,44573330.728800006
10044,14278,1773060.0,86759.0,95.0,168440700.0
10044,19846,1825582.0,89459.0,95.0,173430290.0
10044,11261,380692.0,17834.0,38.03184,14478417.233280001
10044,17223,1314023.0,64361.0,10.1871,13386083.7033
10044,12562,2478689.0,128257.0,68.8842,170742508.8138
10044,13170,1721361.0,81348.0,21.3444,36741417.7284
10044,13489,1707167.0,81300.0,26.197200000000002,44722995.3324
10044,13582,2010549.0,99584.0,68.8842,138495059.42580003
10044,14358,2330078.0,118381.0,68.8842,160505558.96760002
10044,16108,1909108.0,96875.0,95.0,181365260.0
10044,10796,1153103.0,55229.0,110.0,126841330.0
10044,18799,575300.0,27474.0,45.0,25888500.0
10044,10375,2772289.0,140646.0,68.8842,190966909.9338
10044,13665,908015.0,46780.0,85.0,77181275.0
10044,15185,1320330.0,66254.0,10.1871,13450333.742999999
10044,13454,1906174.0,105252.0,95.0,181086530.0
10044,14053,1497536.0,71104.0,84.4074,126403120.1664
10044,10901,1694543.0,84285.0,26.197200000000002,44392281.8796
10044,15948,2085145.0,100987.0,68.8842,143633545.20900002
10044,12973,1186373.0,57813.0,110.0,130501030.0
10044,12746,1718453.0,81545.0,21.3444,36679348.2132
10044,11181,1886819.0,89934.0,95.0,179247805.0
10044,19143,156250.0,8407.0,46.87199999999999,7323749.999999999
10044,19785,1897087.0,93349.0,95.0,180223265.0
10044,13237,1724084.0,82350.0,21.3444,36799538.5296
10044,15651,1552707.0,79450.0,84.4074,131059960.8318
10044,15848,1556989.0,78921.0,84.4074,131421393.3186
10044,11455,2186826.0,106998.0,68.8842,150637759.54920003
10044,14425,1068006.0,54502.0,31.0464,33157741.4784
10044,17752,2320891.0,117617.0,68.8842,159872719.82220003
10044,14060,1630878.0,78152.0,21.34,34802936.52
10044,10316,1047798.0,48773.0,31.0464,32530355.8272
10044,19134,2525805.0,129476.0,68.8842,173988056.78100002
10044,13460,1569705.0,80337.0,84.4074,132494717.81699999
10044,15686,2318846.0,117521.0,68.8842,159731851.63320002
10044,11189,2772301.0,140649.0,68.8842,190967736.54420003
10044,10326,7296647.0,353662.0,93.0,678588171.0
10044,10269,2715764.0,137063.0,68.8842,187073230.5288
10044,17464,4452075.0,222771.0,93.0,414042975.0
10044,19273,2032876.0,100654.0,68.8842,140033036.95920002
10044,13840,1584237.0,81305.0,84.4074,133721326.1538
10044,14704,2681775.0,126261.0,68.8842,184731925.455
10044,19239,870696.0,41635.0,49.0,42664104.0
10044,19502,1005947.0,49289.0,31.0464,31231032.9408
10044,17504,3804562.0,193935.0,93.0,353824266.0
10044,18110,1313800.0,64322.0,10.1871,13383811.979999999
10044,11163,373779.0,18782.0,31.499999999999996,11774038.499999998
10044,12633,6564111.0,320507.0,93.0,610462323.0
10044,16339,3009294.0,158108.0,68.8842,207292809.75480002
10044,13989,203675.0,11416.0,90.0,18330750.0
10044,18149,1328789.0,65104.0,10.1871,13536506.421899999
10044,10177,5911315.0,289890.0,93.0,549752295.0
10044,12270,1278566.0,63203.0,10.1871,13024879.6986
10044,13100,2767126.0,144121.0,68.8842,190611260.80920002
10044,17781,917760.0,44682.0,31.0464,28493144.064
10044,19971,1414092.0,71728.0,10.1871,14405496.6132
10044,16887,1893297.0,95805.0,95.0,179863215.0
10044,10985,2476480.0,116000.0,68.8842,170590343.61600003
10044,15976,2858269.0,132574.0,68.8842,196889573.4498
19147,12652,2014414.0,98237.0,15.5232,31270151.404799998
19147,15008,1996229.0,97660.0,15.5232,30987862.012799997
19147,11112,1966061.0,96251.0,15.5232,30519558.115199998
19147,16325,1987371.0,96938.0,15.5232,30850357.5072
19147,11561,3319614.0,171783.0,15.5232,51531032.0448
19147,18441,1985666.0,96871.0,15.5232,30823890.451199997
19147,16117,2102722.0,102367.0,15.5232,32640974.150399998
19147,11209,1986873.0,96891.0,15.5232,30842626.953599997
19147,15891,1954938.0,95605.0,15.5232,30346893.5616
19147,18812,1890129.0,92787.0,15.5232,29340850.492799997
19147,19915,3386982.0,164050.0,15.5232,52576798.9824
19147,17282,1968406.0,96349.0,15.5232,30555960.019199997
19147,11147,2913779.0,143393.0,15.5232,45231174.1728
19147,13417,2003809.0,97828.0,15.5232,31105527.8688
19147,12940,2419539.0,118953.0,15.5232,37558987.8048
19147,12352,3296421.0,160440.0,15.5232,51171002.467199996
19147,17522,2992754.0,156120.0,15.5232,46457118.892799996
19147,14234,4127383.0,208251.0,15.5232,64070191.7856
19147,19300,1969269.0,96208.0,15.5232,30569356.540799998
19147,18542,1972204.0,96299.0,15.5232,30614917.132799998
19147,16855,2988511.0,155867.0,15.5232,46391253.955199994
19147,13694,1327391.0,68208.0,15.5232,20605355.9712
19147,12205,3009005.0,145178.0,15.5232,46709386.416
19147,18941,2557269.0,136773.0,15.5232,39696998.1408
19147,10748,1929807.0,94470.0,15.5232,29956780.0224
19147,10705,2133193.0,105102.0,15.5232,33113981.5776
19147,15483,1341155.0,68906.0,15.5232,20819017.296
19147,13088,3302343.0,160626.0,15.5232,51262930.857599996
19147,13917,3028269.0,156829.0,15.5232,47008425.340799995
19147,16236,1981420.0,97073.0,15.5232,30757978.944
19147,13073,2003932.0,97377.0,15.5232,31107437.2224
19147,13636,2016511.0,98040.0,15.5232,31302703.5552
19147,18411,2398268.0,125177.0,15.5232,37228793.8176
19147,10916,4548275.0,235043.0,15.5232,70603782.47999999
19147,15270,3758885.0,186198.0,15.5232,58349923.632
19147,13509,2017001.0,98163.0,15.5232,31310309.9232
19147,11200,1720642.0,89861.0,15.5232,26709869.894399997
19147,12616,2988317.0,155746.0,15.5232,46388242.454399996
19147,12868,2259555.0,113857.0,15.5232,35075524.176
19147,13555,2647844.0,138349.0,15.5232,41103011.980799995
19147,14736,2281442.0,118614.0,15.5232,35415280.454399996
19147,17516,2602801.0,139374.0,15.5232,40403800.4832
19147,15183,3523136.0,171097.0,15.5232,54690344.7552
19147,13563,4816602.0,248398.0,15.5232,74769076.1664
19147,15077,2409577.0,127612.0,15.5232,37404345.6864
19147,11466,4115710.0,212294.0,15.5232,63888989.471999995
19147,15378,2395517.0,116334.0,15.5232,37186089.494399995
19147,18827,2276427.0,120737.0,15.5232,35337431.6064
19147,16028,3197717.0,167173.0,15.5232,49638800.5344
19147,15601,2545326.0,134921.0,15.5232,39511604.5632
19147,15264,2133431.0,113232.0,15.5232,33117676.0992
19147,19333,1406095.0,72855.0,15.5232,21827093.904
19147,19880,4810130.0,234796.0,15.5232,74668610.016
19147,14519,1889836.0,92995.0,15.5232,29336302.1952
19147,12369,3707426.0,179667.0,15.5232,57551115.283199996
19147,10044,3002216.0,156568.0,15.5232,46603999.411199994
19147,19147,0.0,0.0,15.5232,0.0
19147,18448,6370529.0,327464.0,15.5232,98890995.7728
19147,17010,5515028.0,264599.0,15.5232,85610882.6496
19147,17738,2452041.0,118718.0,15.5232,38063522.8512
19147,10955,3008908.0,145135.0,15.5232,46707880.665599994
19147,18219,1851319.0,97279.0,15.5232,28738395.1008
19147,11853,2402958.0,117895.0,15.5232,37301597.625599995
19147,10657,1761407.0,88130.0,15.5232,27342673.1424
19147,10568,2686543.0,140821.0,15.5232,41703744.2976
19147,10867,3745762.0,186041.0,15.5232,58146212.678399995
19147,19500,3349567.0,167174.0,15.5232,51995998.454399996
19147,13165,3192627.0,166478.0,15.5232,49559787.446399994
19147,11022,1996251.0,105569.0,15.5232,30988203.523199998
19147,19430,2412237.0,126621.0,15.5232,37445637.3984
19147,15241,3337342.0,166198.0,15.5232,51806227.3344
19147,16683,1982404.0,105697.0,15.5232,30773253.7728
19147,12216,2855228.0,148818.0,15.5232,44322275.2896
19147,10301,3138960.0,151505.0,15.5232,48726703.871999994
19147,12355,5485578.0,263923.0,15.5232,85153724.40959999
19147,14257,9569010.0,476843.0,15.5232,148541656.032
19147,10963,4807932.0,248173.0,15.5232,74634490.02239999
19147,16193,4654730.0,235738.0,15.5232,72256304.736
19147,16962,3009167.0,145168.0,15.5232,46711901.174399994
19147,15724,1405578.0,72645.0,15.5232,21819068.409599997
19147,17789,1975621.0,96554.0,15.5232,30667959.907199997
19147,14278,2463064.0,119204.0,15.5232,38234635.0848
19147,19846,4828200.0,245696.0,15.5232,74949114.24
19147,11261,2629489.0,139234.0,15.5232,40818083.6448
19147,17223,2629964.0,137729.0,15.5232,40825457.164799996
19147,12562,3704377.0,179783.0,15.5232,57503785.046399996
19147,13170,1997417.0,97288.0,15.5232,31006303.5744
19147,13489,1981333.0,96632.0,15.5232,30756628.4256
19147,13582,2472092.0,122574.0,15.5232,38374778.5344
19147,14358,5332696.0,274618.0,15.5232,82780506.5472
19147,16108,4911726.0,253111.0,15.5232,76245705.0432
19147,10796,2524473.0,130958.0,15.5232,39187899.2736
19147,18799,2852688.0,148670.0,15.5232,44282846.3616
19147,10375,3623956.0,178332.0,15.5232,56255393.779199995
19147,13665,3910633.0,203016.0,15.5232,60705538.1856
19147,15185,4322948.0,222490.0,15.5232,67105986.393599994
19147,13454,1607158.0,85273.0,15.5232,24948235.0656
19147,14053,1837959.0,96586.0,15.5232,28531005.148799997
19147,10901,2913194.0,143690.0,15.5232,45222093.1008
19147,15948,2278453.0,115526.0,15.5232,35368881.6096
19147,12973,3278886.0,168733.0,15.5232,50898803.1552
19147,12746,1889561.0,92627.0,15.5232,29332033.315199997
19147,11181,2100388.0,104570.0,15.5232,32604743.001599997
19147,19143,2968469.0,156606.0,15.5232,46080137.980799995
19147,19785,2575019.0,125245.0,15.5232,39972534.940799996
19147,13237,1969081.0,96409.0,15.5232,30566438.179199997
19147,15651,4555325.0,235686.0,15.5232,70713221.03999999
19147,15848,4559607.0,235157.0,15.5232,70779691.38239999
19147,11455,2026674.0,104602.0,15.5232,31460465.836799998
19147,14425,2956164.0,156378.0,15.5232,45889125.0048
19147,17752,5323509.0,273853.0,15.5232,82637894.90879999
19147,14060,1981416.0,97072.0,15.5232,30757916.8512
19147,10316,2203810.0,117321.0,15.5232,34210183.392
19147,19134,5528423.0,285713.0,15.5232,85818815.9136
19147,13460,1602976.0,83235.0,15.5232,24883317.043199997
19147,15686,5321464.0,273757.0,15.5232,82606149.9648
19147,11189,3623968.0,178335.0,15.5232,56255580.0576
19147,10326,10299266.0,509898.0,15.5232,159877565.9712
19147,10269,3567431.0,174749.0,15.5232,55377944.8992
19147,17464,7454694.0,379008.0,15.5232,115720705.90079999
19147,19273,2622362.0,130988.0,15.5232,40707449.7984
19147,13840,3472395.0,183181.0,15.5232,53902682.063999996
19147,14704,2261227.0,117488.0,15.5232,35101478.9664
19147,19239,2604428.0,137969.0,15.5232,40429056.7296
19147,19502,2409096.0,127497.0,15.5232,37396879.0272
19147,17504,6807180.0,350171.0,15.5232,105669216.57599999
19147,18110,2629741.0,137690.0,15.5232,40821995.4912
19147,11163,3056908.0,161008.0,15.5232,47452994.265599996
19147,12633,9566730.0,476743.0,15.5232,148506263.136
19147,16339,6011913.0,314344.0,15.5232,93324127.88159999
19147,13989,3194369.0,166806.0,15.5232,49586828.8608
19147,18149,2614361.0,136760.0,15.5232,40583248.6752
19147,10177,8913934.0,446127.0,15.5232,138372780.2688
19147,12270,2245955.0,117762.0,15.5232,34864408.655999996
19147,13100,245154.0,13069.0,15.5232,3805574.5727999997
19147,17781,2687084.0,140886.0,15.5232,41712142.348799996
19147,19971,4416710.0,227964.0,15.5232,68561472.67199999
19147,16887,4895916.0,252042.0,15.5232,76000283.25119999
19147,10985,1612889.0,83478.0,15.5232,25037198.5248
19147,15976,5335827.0,258041.0,15.5232,82829109.6864
18448,12652,5004907.0,249161.0,30.0,150147210.0
18448,15008,5054012.0,251242.0,30.0,151620360.0
18448,11112,5053965.0,251740.0,30.0,151618950.0
18448,16325,5076131.0,252566.0,30.0,152283930.0
18448,11561,3099194.0,158060.0,97.02,300683801.88
18448,18441,5074425.0,252500.0,30.0,152232750.0
18448,16117,5194826.0,257509.0,30.0,155844780.0
18448,11209,5075632.0,252519.0,30.0,152268960.0
18448,15891,5040632.0,250952.0,30.0,151218960.0
18448,18812,5083625.0,252742.0,30.0,152508750.0
18448,19915,5570094.0,283535.0,30.0,167102820.0
18448,17282,5085252.0,253086.0,30.0,152557560.0
18448,11147,4959968.0,250768.0,20.3742,101055380.02559999
18448,13417,5072764.0,251982.0,30.0,152182920.0
18448,12940,4827598.0,242137.0,30.0,144827940.0
18448,12352,5702505.0,288713.0,30.0,171075150.0
18448,17522,3391555.0,172725.0,36.82,124877055.1
18448,14234,2945884.0,140371.0,97.02,285809665.68
18448,19300,5032323.0,250696.0,30.0,150969690.0
18448,18542,5048541.0,251399.0,30.0,151456230.0
18448,16855,3406137.0,173298.0,36.82,125413964.34
18448,13694,5731756.0,279193.0,30.0,171952680.0
18448,12205,5415089.0,273451.0,30.0,162452670.0
18448,18941,3933651.0,199497.0,36.82,144837029.82
18448,10748,5045119.0,251791.0,30.0,151353570.0
18448,10705,5001761.0,250516.0,30.0,150052830.0
18448,15483,5713493.0,278657.0,30.0,171404790.0
18448,13088,5708427.0,288899.0,30.0,171252810.0
18448,13917,4002678.0,203359.0,36.82,147378603.96
18448,16236,4993808.0,249113.0,20.3742,101744842.95359999
18448,13073,4981312.0,248312.0,20.3742,101490246.9504
18448,13636,5108615.0,253182.0,30.0,153258450.0
18448,18411,4533883.0,226720.0,30.0,136016490.0
18448,10916,1840393.0,94698.0,30.08,55359021.44
18448,15270,5802369.0,293384.0,30.0,174071070.0
18448,13509,5109105.0,253305.0,30.0,153273150.0
18448,11200,4895071.0,246790.0,30.0,146852130.0
18448,12616,3389444.0,172485.0,36.82,124799328.08
18448,12868,5782515.0,287201.0,30.0,173475450.0
18448,13555,4136272.0,208103.0,21.78,90088004.16000001
18448,14736,5715937.0,286095.0,30.0,171478110.0
18448,17516,3893608.0,197411.0,36.82,143362646.56
18448,15183,5589053.0,286488.0,30.0,167671590.0
18448,13563,1581685.0,81666.0,52.47,82991011.95
18448,15077,4276330.0,217346.0,21.78,93138467.4
18448,11466,2883114.0,178516.0,97.02,279719720.28
18448,15378,4966902.0,249377.0,20.3742,101196654.72839999
18448,18827,4275434.0,213041.0,21.78,93118952.52000001
18448,16028,3562916.0,180086.0,36.82,131186567.12
18448,15601,4008482.0,200217.0,36.82,147592307.24
18448,15264,4236859.0,214426.0,21.78,92278789.02000001
18448,19333,4962408.0,255143.0,20.3742,101105093.0736
18448,19880,4262245.0,204668.0,21.78,92831696.10000001
18448,14519,5091040.0,253091.0,30.0,152731200.0
18448,12369,5732212.0,293986.0,30.0,171966360.0
18448,10044,3367546.0,171261.0,36.82,123993043.72
18448,19147,6368234.0,327364.0,30.0,191047020.0
18448,18448,0.0,0.0,76.23,0.0
18448,17010,3551467.0,174233.0,36.82,130765014.94
18448,17738,5050952.0,254129.0,30.0,151528560.0
18448,10955,5414992.0,273407.0,30.0,162449760.0
18448,18219,4870879.0,242381.0,30.0,146126370.0
18448,11853,4822826.0,242011.0,30.0,144684780.0
18448,10657,5210798.0,258237.0,30.0,156323940.0
18448,10568,4174971.0,210575.0,21.78,90930868.38000001
18448,10867,5789246.0,293228.0,30.0,173677380.0
18448,19500,5393051.0,274360.0,30.0,161791530.0
18448,13165,3286312.0,166919.0,75.0,246473400.0
18448,11022,5442718.0,272594.0,30.0,163281540.0
18448,19430,6112664.0,300085.0,30.0,183379920.0
18448,15241,5380826.0,273385.0,30.0,161424780.0
18448,16683,4648168.0,232300.0,30.0,139445040.0
18448,12216,3719403.0,188068.0,36.82,136948418.46
18448,10301,5545044.0,279778.0,30.0,166351320.0
18448,12355,3578445.0,175755.0,36.82,131758344.9
18448,14257,3220589.0,151771.0,75.0,241544175.0
18448,10963,1625148.0,83784.0,52.47,85271515.56
18448,16193,2520825.0,129490.0,68.8842,173645013.465
18448,16962,5415251.0,273441.0,30.0,162457530.0
18448,15724,5091580.0,261688.0,30.0,152747400.0
18448,17789,5064380.0,252183.0,30.0,151931400.0
18448,14278,5030811.0,252717.0,30.0,150924330.0
18448,19846,1992760.0,100878.0,30.08,59942220.8
18448,11261,3743618.0,188794.0,36.82,137840014.76
18448,17223,4571775.0,230319.0,30.0,137153250.0
18448,12562,5736441.0,294216.0,30.0,172093230.0
18448,13170,5084287.0,252308.0,30.0,152528610.0
18448,13489,5070093.0,252260.0,30.0,152102790.0
18448,13582,5268301.0,265543.0,30.0,158049030.0
18448,14358,1041835.0,53985.0,33.957,35377591.095
18448,16108,1789630.0,90558.0,30.08,53832070.4
18448,10796,4410855.0,221188.0,21.78,96068421.9
18448,18799,3716863.0,187920.0,36.82,136854895.66
18448,10375,6030039.0,306605.0,30.0,180901170.0
18448,13665,2469138.0,126298.0,68.8842,170084595.81960002
18448,15185,2674503.0,168378.0,68.8842,184230999.55260003
18448,13454,5269100.0,276213.0,30.0,158073000.0
18448,14053,4860462.0,242065.0,30.0,145813860.0
18448,10901,4952295.0,250243.0,20.3742,100899048.78899999
18448,15948,5448072.0,271947.0,30.0,163442160.0
18448,12973,3981313.0,206094.0,36.82,146591944.66
18448,12746,5081379.0,252506.0,30.0,152441370.0
18448,11181,5249746.0,260895.0,30.0,157492380.0
18448,19143,3516510.0,178972.0,36.82,129477898.2
18448,19785,5154839.0,259308.0,30.0,154645170.0
18448,13237,5087010.0,253310.0,30.0,152610300.0
18448,15651,1827918.0,93792.0,30.08,54983773.44
18448,15848,1813655.0,92958.0,30.08,54554742.4
18448,11455,5549753.0,277959.0,30.0,166492590.0
18448,14425,4325758.0,220460.0,21.78,94215009.24000001
18448,17752,1055859.0,54492.0,33.957,35853804.063
18448,14060,4993804.0,249112.0,20.3742,101744761.4568
18448,10316,4410724.0,219734.0,21.78,96065568.72
18448,19134,1459456.0,75598.0,52.47,76577656.32
18448,13460,4932630.0,251298.0,30.0,147978900.0
18448,15686,1055714.0,54459.0,33.957,35848880.298
18448,11189,6030052.0,306608.0,30.0,180901560.0
18448,10326,3950845.0,184826.0,36.82,145470112.9
18448,10269,5973515.0,303022.0,30.0,179205450.0
18448,17464,1106273.0,53936.0,52.47,58046144.31
18448,19273,5290628.0,266612.0,30.0,158718840.0
18448,13840,4841989.0,247263.0,30.0,145259670.0
18448,14704,6044701.0,297222.0,30.0,181341030.0
18448,19239,4128448.0,207594.0,21.78,89917597.44
18448,19502,4275849.0,217231.0,21.78,93127991.22
18448,17504,458760.0,25099.0,76.23,34971274.800000004
18448,18110,4571552.0,230281.0,30.0,137146560.0
18448,11163,3734038.0,189346.0,36.82,137487279.16
18448,12633,3218309.0,151671.0,75.0,241373175.0
18448,16339,632692.0,32861.0,76.23,48230111.160000004
18448,13989,3289022.0,167559.0,75.0,246676650.0
18448,18149,4586541.0,231062.0,30.0,137596230.0
18448,10177,2565513.0,121055.0,68.8842,176723310.59460002
18448,12270,4641492.0,234164.0,30.0,139244760.0
18448,13100,6130052.0,315081.0,30.0,183901560.0
18448,17781,4175512.0,210641.0,21.78,90942651.36
18448,19971,3139969.0,191700.0,97.02,304639792.38
18448,16887,2044837.0,104735.0,30.08,61508696.95999999
18448,10985,5839406.0,286961.0,30.0,175182180.0
18448,15976,3819920.0,187167.0,36.82,140649454.4
17010,12652,3953720.0,180071.0,55.3014,218646251.208
17010,15008,3906943.0,181152.0,55.3014,216059417.6202
17010,11112,4002778.0,182650.0,55.3014,221359227.2892
17010,16325,3949538.0,182682.0,55.3014,218414980.7532
17010,11561,2115868.0,103286.0,60.0,126952080.0
17010,18441,3947833.0,182615.0,55.3014,218320691.8662
17010,16117,3901781.0,184257.0,55.3014,215773951.7934
17010,11209,3945637.0,182677.0,55.3014,218199249.9918
17010,15891,3989444.0,181861.0,55.3014,220621838.4216
17010,18812,4032437.0,183652.0,55.3014,222999411.5118
17010,19915,4086353.0,193736.0,55.3014,225981041.7942
17010,17282,4034064.0,183996.0,55.3014,223089386.8896
17010,11147,3481580.0,161382.0,65.0,226302700.0
17010,13417,3925554.0,181955.0,55.3014,217088631.9756
17010,12940,3513170.0,163058.0,65.0,228356050.0
17010,12352,4222398.0,199270.0,55.3014,233504520.7572
17010,17522,2344007.0,115164.0,60.0,140640420.0
17010,14234,1199525.0,62025.0,73.0027,87568563.7175
17010,19300,3981136.0,181605.0,55.3014,220162394.3904
17010,18542,3997354.0,182308.0,55.3014,221059272.49560001
17010,16855,2358589.0,115738.0,60.0,141515340.0
17010,13694,4680569.0,210102.0,55.3014,258842018.4966
17010,12205,3934982.0,184008.0,55.3014,217610013.5748
17010,18941,2886103.0,141937.0,65.0,187596695.0
17010,10748,3993932.0,182701.0,55.3014,220870031.10480002
17010,10705,3768908.0,173779.0,65.0,244979020.0
17010,15483,4662306.0,209566.0,55.3014,257832049.0284
17010,13088,4228320.0,199457.0,55.3014,233832015.648
17010,13917,2489040.0,108567.0,60.0,149342400.0
17010,16236,3942621.0,180023.0,55.3014,218032460.96940002
17010,13073,3930125.0,179221.0,55.3014,217341414.675
17010,13636,3961406.0,183155.0,55.3014,219071297.7684
17010,18411,3319414.0,149491.0,65.0,215761910.0
17010,10916,1788634.0,86182.0,60.0,107318040.0
17010,15270,4160994.0,198396.0,55.3014,230108793.5916
17010,13509,3961895.0,183277.0,55.3014,219098340.153
17010,11200,3843883.0,177700.0,55.3014,212572111.3362
17010,12616,2341896.0,114925.0,60.0,140513760.0
17010,12868,4682694.0,218022.0,55.3014,258959533.9716
17010,13555,2914801.0,130701.0,65.0,189462065.0
17010,14736,4356023.0,206855.0,55.3014,240894170.3322
17010,17516,2846060.0,139850.0,65.0,184993900.0
17010,15183,4105312.0,196688.0,55.3014,227029501.0368
17010,13563,1967331.0,92774.0,60.0,118039860.0
17010,15077,3120318.0,141744.0,65.0,202820670.0
17010,11466,2770494.0,136317.0,65.0,180082110.0
17010,15378,3652473.0,170298.0,65.0,237410745.0
17010,18827,3248228.0,144944.0,65.0,211134820.0
17010,16028,2304475.0,114040.0,60.0,138268500.0
17010,15601,3055885.0,136834.0,65.0,198632525.0
17010,15264,3189312.0,156866.0,65.0,207305280.0
17010,19333,4112419.0,192570.0,55.3014,227422528.0866
17010,19880,720118.0,31084.0,61.12259999999999,44015484.4668
17010,14519,4039852.0,184001.0,55.3014,223409471.3928
17010,12369,4270105.0,203725.0,55.3014,236142784.647
17010,10044,2319999.0,113700.0,60.0,139199940.0
17010,19147,5518245.0,264791.0,55.3014,305166674.043
17010,18448,3546986.0,174312.0,65.0,230554090.0
17010,17010,0.0,0.0,61.12259999999999,0.0
17010,17738,3636837.0,169129.0,65.0,236394405.0
17010,10955,3934885.0,183965.0,55.3014,217604649.33900002
17010,18219,3819692.0,173291.0,55.3014,211234315.1688
17010,11853,3508397.0,162933.0,65.0,228045805.0
17010,10657,4159610.0,189146.0,55.3014,230032256.454
17010,10568,2903047.0,129736.0,65.0,188698055.0
17010,10867,4147871.0,198240.0,55.3014,229383073.3194
17010,19500,3664894.0,175450.0,65.0,238218110.0
17010,13165,2238765.0,109359.0,65.0,145519725.0
17010,11022,4342897.0,203415.0,55.3014,240168284.1558
17010,19430,5012843.0,230906.0,55.3014,277217235.8802
17010,15241,3661810.0,175164.0,65.0,238017650.0
17010,16683,3596980.0,163210.0,65.0,233803700.0
17010,12216,2856030.0,126836.0,65.0,185641950.0
17010,10301,4064937.0,190335.0,55.3014,224796707.0118
17010,12355,36319.0,2172.0,61.12259999999999,2219911.7093999996
17010,14257,6745466.0,323691.0,55.3014,373033713.4524
17010,10963,2058621.0,100589.0,60.0,123517260.0
17010,16193,1092040.0,47929.0,73.0027,79721868.508
17010,16962,3935144.0,183998.0,55.3014,217618972.4016
17010,15724,4241591.0,199115.0,55.3014,234565920.52740002
17010,17789,4013193.0,183092.0,55.3014,221935191.3702
17010,14278,3616697.0,167717.0,65.0,235085305.0
17010,19846,1568227.0,74286.0,60.0,94093620.0
17010,11261,2696070.0,131234.0,65.0,175244550.0
17010,17223,3094279.0,140424.0,65.0,201128135.0
17010,12562,4280303.0,204016.0,55.3014,236706748.3242
17010,13170,3937078.0,182281.0,55.3014,217725925.30920002
17010,13489,3950974.0,182746.0,55.3014,218494393.5636
17010,13582,3849786.0,180277.0,55.3014,212898555.5004
17010,14358,2509154.0,121466.0,60.0,150549240.0
17010,16108,1974194.0,93242.0,60.0,118451640.0
17010,10796,3196386.0,143958.0,65.0,207765090.0
17010,18799,2853542.0,126703.0,65.0,185480230.0
17010,10375,4549933.0,217162.0,55.3014,251617664.8062
17010,13665,1858479.0,82972.0,60.0,111508740.0
17010,15185,2977732.0,146513.0,65.0,193552580.0
17010,13454,4221553.0,218653.0,55.3014,233457791.0742
17010,14053,3809275.0,172975.0,55.3014,210658240.485
17010,10901,3473907.0,160858.0,65.0,225803955.0
17010,15948,4080914.0,193999.0,55.3014,225680257.4796
17010,12973,2228224.0,96614.0,60.0,133693440.0
17010,12746,4030192.0,183415.0,55.3014,222875259.8688
17010,11181,3977179.0,187650.0,55.3014,219943566.7506
17010,19143,2468962.0,121411.0,60.0,148137720.0
17010,19785,3736325.0,174043.0,65.0,242861125.0
17010,13237,4035823.0,184220.0,55.3014,223186662.0522
17010,15651,1798400.0,86787.0,60.0,107904000.0
17010,15848,1811843.0,87580.0,60.0,108710580.0
17010,11455,4449932.0,208779.0,55.3014,246087469.5048
17010,14425,2690503.0,116278.0,65.0,174882695.0
17010,17752,2499966.0,120701.0,60.0,149997960.0
17010,14060,3942617.0,180022.0,55.3014,218032239.7638
17010,10316,3359537.0,150644.0,65.0,218369905.0
17010,19134,2704880.0,132561.0,65.0,175817200.0
17010,13460,3968260.0,184881.0,55.3014,219450333.564
17010,15686,2497921.0,120606.0,60.0,149875260.0
17010,11189,4549945.0,217165.0,55.3014,251618328.423
17010,10326,7475723.0,356746.0,55.3014,413417947.91220003
17010,10269,4493408.0,213579.0,55.3014,248491753.1712
17010,17464,4631151.0,225856.0,55.3014,256109133.9114
17010,19273,3872114.0,181347.0,55.3014,214133325.1596
17010,13840,3195315.0,141882.0,65.0,207695475.0
17010,14704,4944880.0,228042.0,55.3014,273458786.832
17010,19239,2918884.0,130697.0,65.0,189727460.0
17010,19502,3119837.0,141628.0,65.0,202789405.0
17010,17504,3983637.0,197019.0,55.3014,220300703.1918
17010,18110,3094344.0,140398.0,65.0,201132360.0
17010,11163,2686491.0,131786.0,65.0,174621915.0
17010,12633,6743186.0,323591.0,55.3014,372907626.2604
17010,16339,3188370.0,161192.0,65.0,207244050.0
17010,13989,2241474.0,109999.0,65.0,145695810.0
17010,18149,3128547.0,142335.0,65.0,203355555.0
17010,10177,6090391.0,292975.0,55.3014,336807148.8474
17010,12270,3593945.0,176603.0,65.0,233606425.0
17010,13100,5280063.0,252509.0,55.3014,291994875.9882
17010,17781,2903588.0,129801.0,65.0,188733220.0
17010,19971,3071494.0,151987.0,65.0,199647110.0
17010,16887,1587248.0,79702.0,60.0,95234880.0
17010,10985,4788219.0,217871.0,55.3014,264795214.2066
17010,15976,277794.0,13583.0,61.12259999999999,16979491.5444
17738,12652,538834.0,25433.0,17.46,9408041.64
17738,15008,481937.0,23698.0,17.46,8414620.02
17738,11112,486201.0,23137.0,17.46,8489069.46
17738,16325,477255.0,22569.0,17.46,8332872.300000001
17738,11561,2116086.0,103308.0,17.46,36946861.56
17738,18441,475550.0,22503.0,28.14,13381977.0
17738,16117,369072.0,19533.0,90.0,33216480.0
17738,11209,473354.0,22564.0,28.14,13320181.56
17738,15891,536942.0,25375.0,17.46,9375007.32
17738,18812,566830.0,26763.0,17.46,9896851.8
17738,19915,951198.0,46344.0,17.46,16607917.08
17738,17282,516738.0,24470.0,17.46,9022245.48
17738,11147,594114.0,30668.0,17.46,10373230.440000001
17738,13417,448179.0,21359.0,90.0,40336110.0
17738,12940,239672.0,12519.0,90.0,21570480.0
17738,12352,860636.0,42733.0,17.46,15026704.56
17738,17522,1789226.0,87645.0,17.46,31239885.96
17738,14234,2770712.0,134083.0,17.46,48376631.52
17738,19300,495177.0,23490.0,17.46,8645790.42
17738,18542,479215.0,22674.0,17.46,8367093.9
17738,16855,1784983.0,87392.0,17.46,31165803.18
17738,13694,1214961.0,53214.0,17.46,21213219.060000002
17738,12205,573220.0,27471.0,17.46,10008421.200000001
17738,18941,1422085.0,74412.0,17.46,24829604.1
17738,10748,531680.0,25099.0,17.46,9283132.8
17738,10705,380195.0,21542.0,90.0,34217550.0
17738,15483,1196699.0,52678.0,17.46,20894364.540000003
17738,13088,866559.0,42920.0,17.46,15130120.14
17738,13917,1355348.0,68436.0,17.46,23664376.080000002
17738,16236,534017.0,25504.0,17.46,9323936.82
17738,13073,554818.0,25755.0,17.46,9687122.280000001
17738,13636,455565.0,21851.0,28.14,12819599.1
17738,18411,534285.0,27385.0,17.46,9328616.1
17738,10916,3233765.0,161304.0,17.46,56461536.900000006
17738,15270,1408514.0,70653.0,17.46,24592654.44
17738,13509,456054.0,21974.0,28.14,12833359.56
17738,11200,778694.0,37897.0,17.46,13595997.24
17738,12616,1784789.0,87270.0,17.46,31162415.94
17738,12868,1012824.0,51809.0,17.46,17683907.04
17738,13555,928953.0,46452.0,17.46,16219519.38
17738,14736,750580.0,39897.0,17.46,13105126.8
17738,17516,1435851.0,74881.0,17.46,25069958.46
17738,15183,1087352.0,53391.0,17.46,18985165.92
17738,13563,3502092.0,174659.0,17.46,61146526.32
17738,15077,882558.0,46580.0,17.46,15409462.680000002
17738,11466,2912183.0,143819.0,17.46,50846715.18
17738,15378,112260.0,5881.0,90.0,10103400.0
17738,18827,1044245.0,54748.0,17.46,18232517.7
17738,16028,1698831.0,85440.0,17.46,29661589.26
17738,15601,1289570.0,65260.0,17.46,22515892.2
17738,15264,1300033.0,70132.0,17.46,22698576.18
17738,19333,963101.0,48967.0,17.46,16815743.46
17738,19880,2938172.0,138723.0,17.46,51300483.120000005
17738,14519,574013.0,27149.0,17.46,10022266.98
17738,12369,1271642.0,61960.0,17.46,22202869.32
17738,10044,1798688.0,88093.0,17.46,31405092.48
17738,19147,2446940.0,118525.0,17.46,42723572.4
17738,18448,5056018.0,253725.0,17.46,88278074.28
17738,17010,3643071.0,168526.0,17.46,63608019.660000004
17738,17738,0.0,0.0,90.0,0.0
17738,10955,573123.0,27428.0,17.46,10006727.58
17738,18219,648027.0,30846.0,17.46,11314551.42
17738,11853,238054.0,12403.0,90.0,21424860.0
17738,10657,694003.0,32258.0,17.46,12117292.38
17738,10568,950809.0,47982.0,17.46,16601125.14
17738,10867,1395392.0,70497.0,17.46,24363544.32
17738,19500,1029902.0,54448.0,17.46,17982088.92
17738,13165,1765135.0,87440.0,17.46,30819257.1
17738,11022,726585.0,39680.0,17.46,12686174.100000001
17738,19430,1343309.0,64721.0,17.46,23454175.14
17738,15241,1017677.0,53473.0,17.46,17768640.42
17738,16683,699995.0,39863.0,17.46,12221912.700000001
17738,12216,1356341.0,67085.0,17.46,23681713.86
17738,10301,703176.0,33798.0,17.46,12277452.96
17738,12355,3613620.0,167850.0,17.46,63093805.2
17738,14257,8254499.0,403104.0,17.46,144123552.54000002
17738,10963,3493421.0,174434.0,17.46,60995130.660000004
17738,16193,3340220.0,161999.0,17.46,58320241.2
17738,16962,573382.0,27461.0,17.46,10011249.72
17738,15724,995903.0,52246.0,17.46,17388466.380000003
17738,17789,487368.0,23133.0,17.46,8509445.280000001
17738,14278,27280.0,1497.0,90.0,2455200.0
17738,19846,3513690.0,171957.0,17.46,61349027.400000006
17738,11261,1745203.0,86737.0,17.46,30471244.380000003
17738,17223,548468.0,28727.0,17.46,9576251.280000001
17738,12562,1268592.0,62076.0,17.46,22149616.32
17738,13170,464783.0,22105.0,28.14,13078993.620000001
17738,13489,478692.0,22634.0,17.46,8357962.32
17738,13582,244343.0,13319.0,90.0,21990870.0
17738,14358,4018186.0,200879.0,17.46,70157527.56
17738,16108,3597215.0,179373.0,17.46,62807373.900000006
17738,10796,647064.0,32939.0,17.46,11297737.440000001
17738,18799,1353802.0,66936.0,17.46,23637382.92
17738,10375,1188171.0,60625.0,17.46,20745465.66
17738,13665,2596123.0,129278.0,17.46,45328307.580000006
17738,15185,3119420.0,154015.0,17.46,54465073.2
17738,13454,1729410.0,88937.0,17.46,30195498.6
17738,14053,671120.0,31766.0,17.46,11717755.200000001
17738,10901,593529.0,30965.0,17.46,10363016.34
17738,15948,481482.0,25976.0,17.46,8406675.72
17738,12973,1425589.0,72983.0,17.46,24890783.94
17738,12746,564585.0,26527.0,17.46,9857654.1
17738,11181,431778.0,21892.0,90.0,38860020.0
17738,19143,1902794.0,93428.0,17.46,33222783.240000002
17738,19785,130881.0,7085.0,90.0,11779290.0
17738,13237,518497.0,24694.0,17.46,9052957.620000001
17738,15651,3240814.0,161947.0,17.46,56584612.440000005
17738,15848,3245097.0,161418.0,17.46,56659393.620000005
17738,11455,832116.0,44781.0,17.46,14528745.360000001
17738,14425,959403.0,53654.0,17.46,16751176.38
17738,17752,4008999.0,200114.0,17.46,69997122.54
17738,14060,534013.0,25503.0,17.46,9323866.98
17738,10316,950097.0,50194.0,17.46,16588693.620000001
17738,19134,4213913.0,211974.0,17.46,73574920.98
17738,13460,776201.0,38787.0,17.46,13552469.46
17738,15686,4006954.0,200019.0,17.46,69961416.84
17738,11189,1188184.0,60628.0,17.46,20745692.64
17738,10326,8984755.0,436159.0,17.46,156873822.3
17738,10269,1131647.0,57043.0,17.46,19758556.62
17738,17464,6140183.0,305269.0,17.46,107207595.18
17738,19273,266670.0,14389.0,90.0,24000300.0
17738,13840,1419078.0,77114.0,17.46,24777101.880000003
17738,14704,1294928.0,62483.0,17.46,22609442.880000003
17738,19239,931056.0,46420.0,17.46,16256237.760000002
17738,19502,882076.0,46464.0,17.46,15401046.96
17738,17504,5492670.0,276432.0,17.46,95902018.2
17738,18110,548245.0,28689.0,17.46,9572357.700000001
17738,11163,2120323.0,103803.0,17.46,37020839.58
17738,12633,8252219.0,403004.0,17.46,144083743.74
17738,16339,4697402.0,240605.0,17.46,82016638.92
17738,13989,1759750.0,87194.0,17.46,30725235.0
17738,18149,536337.0,28190.0,17.46,9364444.02
17738,10177,7599423.0,372388.0,17.46,132685925.58000001
17738,12270,1674667.0,88244.0,17.46,29239685.82
17738,13100,2208758.0,106243.0,17.46,38564914.68
17738,17781,951351.0,48048.0,17.46,16610588.46
17738,19971,3213182.0,159489.0,17.46,56102157.720000006
17738,16887,3581405.0,178303.0,17.46,62531331.300000004
17738,10985,1230984.0,59962.0,17.46,21492980.64
17738,15976,3463869.0,161968.0,17.46,60479152.74
10955,12652,1101188.0,52240.0,35.0,38541580.0
10955,15008,1044291.0,50505.0,35.0,36550185.0
10955,11112,1048556.0,49944.0,35.0,36699460.0
10955,16325,1039610.0,49376.0,35.0,36386350.0
10955,11561,2465437.0,122894.0,22.3146,55015240.4802
10955,18441,1037904.0,49309.0,35.0,36326640.0
10955,16117,931426.0,46340.0,42.0,39119892.0
10955,11209,1035708.0,49371.0,35.0,36249780.0
10955,15891,1099296.0,52182.0,35.0,38475360.0
10955,18812,1129184.0,53570.0,35.0,39521440.0
10955,19915,385838.0,20205.0,25.13,9696108.94
10955,17282,1079092.0,51277.0,35.0,37768220.0
10955,11147,460328.0,23301.0,40.0,18413120.0
10955,13417,1010533.0,48166.0,35.0,35368655.0
10955,12940,744053.0,37217.0,42.0,31250226.0
10955,12352,295276.0,16594.0,67.48,19925224.48
10955,17522,2138577.0,107231.0,22.3146,47721490.3242
10955,14234,3120063.0,153669.0,22.3146,69622957.81979999
10955,19300,1057531.0,50297.0,35.0,37013585.0
10955,18542,1041569.0,49480.0,35.0,36454915.0
10955,16855,2134335.0,106979.0,22.3146,47626831.79099999
10955,13694,1777315.0,80021.0,22.3146,39660073.298999995
10955,12205,335.0,83.0,507.395,169977.32499999998
10955,18941,1831655.0,94486.0,22.3146,40872648.662999995
10955,10748,1094035.0,51906.0,35.0,38291225.0
10955,10705,942549.0,48349.0,32.0,30161568.0
10955,15483,1759053.0,79485.0,22.3146,39252564.0738
10955,13088,301199.0,16781.0,67.48,20324908.52
10955,13917,1638847.0,83868.0,22.3146,36570215.2662
10955,16236,1096371.0,52311.0,35.0,38372985.0
10955,13073,1117172.0,52562.0,35.0,39101020.0
10955,13636,1017919.0,48658.0,35.0,35627165.0
10955,18411,926992.0,49277.0,42.0,38933664.0
10955,10916,3583116.0,180891.0,22.3146,79955800.2936
10955,15270,948337.0,46275.0,32.0,30346784.0
10955,13509,1018408.0,48781.0,35.0,35644280.0
10955,11200,1341048.0,64704.0,22.3146,29924949.700799998
10955,12616,2134140.0,106857.0,22.3146,47622480.444
10955,12868,1575178.0,78615.0,22.3146,35149466.998799995
10955,13555,1270695.0,65655.0,22.3146,28355050.647
10955,14736,1288646.0,65536.0,22.3146,28755620.0316
10955,17516,1845422.0,94955.0,22.3146,41179853.761199996
10955,15183,521992.0,27252.0,40.0,20879680.0
10955,13563,3851443.0,194246.0,22.3146,85943409.96779999
10955,15077,1291960.0,67133.0,22.3146,28829570.615999997
10955,11466,3261534.0,163406.0,22.3146,72779826.5964
10955,15378,674614.0,32688.0,40.0,26984560.0
10955,18827,1479681.0,76396.0,22.3146,33018489.642599996
10955,16028,2048182.0,105026.0,22.3146,45704362.0572
10955,15601,1638921.0,84846.0,22.3146,36571866.5466
10955,15264,1781783.0,93828.0,22.3146,39759774.9318
10955,19333,1525455.0,75774.0,22.3146,34039918.143
10955,19880,3232660.0,153821.0,22.3146,72135514.836
10955,14519,1136367.0,53956.0,35.0,39772845.0
10955,12369,706282.0,35821.0,40.0,28251280.0
10955,10044,2148039.0,107679.0,22.3146,47932631.0694
10955,19147,3009294.0,145332.0,22.3146,67151191.8924
10955,18448,5405370.0,273311.0,22.3146,120618669.402
10955,17010,3937558.0,183624.0,22.3146,87865031.74679999
10955,17738,569389.0,27806.0,40.0,22775560.0
10955,10955,0.0,0.0,739.2139999999999,0.0
10955,18219,1210381.0,57653.0,22.3146,27009167.8626
10955,11853,746377.0,37104.0,42.0,31347834.0
10955,10657,1256357.0,59065.0,22.3146,28035103.9122
10955,10568,1236020.0,63341.0,22.3146,27581291.891999997
10955,10867,955766.0,46586.0,32.0,30584512.0
10955,19500,782029.0,40434.0,42.0,32845218.0
10955,13165,2114486.0,107026.0,22.3146,47183909.2956
10955,11022,1288939.0,66487.0,22.3146,28762158.2094
10955,19430,1905663.0,91528.0,22.3146,42524107.579799995
10955,15241,778605.0,39918.0,42.0,32701410.0
10955,16683,1247354.0,66312.0,22.3146,27834205.5684
10955,12216,1705693.0,86671.0,22.3146,38061857.017799996
10955,10301,137816.0,7659.0,507.395,69927149.32
10955,12355,3908107.0,182949.0,22.3146,87207844.4622
10955,14257,8603851.0,422691.0,22.3146,191991493.5246
10955,10963,3842773.0,194020.0,22.3146,85749942.38579999
10955,16193,3689571.0,181586.0,22.3146,82331301.0366
10955,16962,328.0,58.0,739.2139999999999,242462.19199999998
10955,15724,1558257.0,79053.0,22.3146,34771881.6522
10955,17789,1049722.0,49940.0,35.0,36740270.0
10955,14278,549249.0,26394.0,40.0,21969960.0
10955,19846,3863041.0,191543.0,22.3146,86202214.6986
10955,11261,2094554.0,106324.0,22.3146,46739134.6884
10955,17223,842956.0,43826.0,42.0,35404152.0
10955,12562,703232.0,35937.0,40.0,28129280.0
10955,13170,1027137.0,48911.0,35.0,35949795.0
10955,13489,1041046.0,49440.0,35.0,36436610.0
10955,13582,782409.0,38958.0,42.0,32861178.0
10955,14358,4367537.0,220465.0,22.3146,97459841.14019999
10955,16108,3946567.0,198959.0,22.3146,88066063.97819999
10955,10796,1039645.0,54830.0,35.0,36387575.0
10955,18799,1703153.0,86523.0,22.3146,38005177.9338
10955,10375,616507.0,33388.0,40.0,24660280.0
10955,13665,2945474.0,148864.0,22.3146,65727074.1204
10955,15185,3468771.0,173601.0,22.3146,77404237.3566
10955,13454,2291764.0,115744.0,22.3146,51139796.954399996
10955,14053,1233475.0,58572.0,22.3146,27524501.235
10955,10901,465094.0,23672.0,40.0,18603760.0
10955,15948,1043836.0,52783.0,35.0,36534260.0
10955,12973,1720076.0,88082.0,22.3146,38382807.9096
10955,12746,1126939.0,53334.0,35.0,39442865.0
10955,11181,994132.0,48699.0,32.0,31812224.0
10955,19143,2252146.0,113015.0,22.3146,50255737.1316
10955,19785,668947.0,32724.0,40.0,26757880.0
10955,13237,1080851.0,51501.0,35.0,37829785.0
10955,15651,3590166.0,181534.0,22.3146,80113118.2236
10955,15848,3594448.0,181005.0,22.3146,80208669.3408
10955,11455,1394470.0,71588.0,22.3146,31117040.262
10955,14425,1253890.0,68753.0,22.3146,27980053.794
10955,17752,4358350.0,219701.0,22.3146,97254836.91
10955,14060,1096368.0,52310.0,35.0,38372880.0
10955,10316,1362630.0,72533.0,22.3146,30406543.398
10955,19134,4563264.0,231560.0,22.3146,101827410.8544
10955,13460,1338555.0,65594.0,22.3146,29869319.402999997
10955,15686,4356305.0,219605.0,22.3146,97209203.55299999
10955,11189,616519.0,33391.0,40.0,24660760.0
10955,10326,9334107.0,455746.0,22.3146,208286864.06219998
10955,10269,566287.0,30904.0,40.0,22651480.0
10955,17464,6489535.0,324856.0,22.3146,144811377.711
10955,19273,597214.0,35693.0,40.0,23888560.0
10955,13840,1509068.0,81303.0,22.3146,33674248.792799994
10955,14704,1857283.0,89289.0,22.3146,41444527.2318
10955,19239,1277843.0,65995.0,22.3146,28514555.407799996
10955,19502,1291479.0,67017.0,22.3146,28818837.293399997
10955,17504,5842021.0,296019.0,22.3146,130362361.80659999
10955,18110,842733.0,43788.0,42.0,35394786.0
10955,11163,2469675.0,123389.0,22.3146,55109809.754999995
10955,12633,8601571.0,422591.0,22.3146,191940616.23659998
10955,16339,5046754.0,260192.0,22.3146,112616296.80839999
10955,13989,2109102.0,106781.0,22.3146,47063767.489199996
10955,18149,842936.0,43712.0,42.0,35403312.0
10955,10177,7948775.0,391975.0,22.3146,177373734.61499998
10955,12270,2156418.0,111941.0,22.3146,48119605.1028
10955,13100,2771112.0,133050.0,22.3146,61836255.8352
10955,17781,1236562.0,63407.0,22.3146,27593386.405199997
10955,19971,3562533.0,179076.0,22.3146,79496498.8818
10955,16887,3930757.0,197889.0,22.3146,87713270.1522
10955,10985,1793338.0,86769.0,22.3146,40017620.134799995
10955,15976,3758357.0,177067.0,22.3146,83866233.11219999
18219,12652,149022.0,7638.0,126.0,18776772.0
18219,15008,198128.0,9718.0,109.0,21595952.0
18219,11112,198081.0,10216.0,109.0,21590829.0
18219,16325,220246.0,11043.0,101.0,22244846.0
18219,11561,1822744.0,87073.0,85.0,154933240.0
18219,18441,218541.0,10976.0,101.0,22072641.0
18219,16117,338942.0,15985.0,85.0,28810070.0
18219,11209,219747.0,10995.0,101.0,22194447.0
18219,15891,184746.0,9428.0,109.0,20137314.0
18219,18812,227740.0,11218.0,97.0,22090780.0
18219,19915,1599372.0,76650.0,85.0,135946620.0
18219,17282,229367.0,11563.0,97.0,22248599.0
18219,11147,1016161.0,53060.0,89.0,90438329.0
18219,13417,216879.0,10459.0,101.0,21904779.0
18219,12940,508949.0,28615.0,85.0,43260665.0
18219,12352,1508810.0,73039.0,85.0,128248850.0
18219,17522,1495884.0,71411.0,85.0,127150140.0
18219,14234,2630513.0,123541.0,85.0,223593605.0
18219,19300,176438.0,9172.0,109.0,19231742.0
18219,18542,192656.0,9875.0,109.0,20999504.0
18219,16855,1491642.0,71158.0,85.0,126789570.0
18219,13694,875871.0,37669.0,89.0,77952519.0
18219,12205,1221394.0,57777.0,89.0,108704066.0
18219,18941,1019024.0,52176.0,89.0,90693136.0
18219,10748,189234.0,10267.0,109.0,20626506.0
18219,10705,263471.0,14578.0,100.0,26347100.0
18219,15483,857608.0,37133.0,89.0,76327112.0
18219,13088,1514733.0,73226.0,85.0,128752305.0
18219,13917,1325653.0,65125.0,89.0,117983117.0
18219,16236,137923.0,7590.0,123.0,16964529.0
18219,13073,125427.0,6788.0,112.0,14047824.0
18219,13636,252731.0,11659.0,100.0,25273100.0
18219,18411,581985.0,29929.0,85.0,49468725.0
18219,10916,3051406.0,150334.0,85.0,259369510.0
18219,15270,1861267.0,95865.0,85.0,158207695.0
18219,13509,253220.0,11781.0,100.0,25322000.0
18219,11200,129136.0,7371.0,112.0,14463232.0
18219,12616,1491447.0,71036.0,85.0,126772995.0
18219,12868,926630.0,45678.0,89.0,82470070.0
18219,13555,897653.0,43593.0,89.0,79891117.0
18219,14736,860051.0,44571.0,89.0,76544539.0
18219,17516,1032790.0,52645.0,89.0,91918310.0
18219,15183,1735526.0,83697.0,85.0,147519710.0
18219,13563,3319732.0,163688.0,85.0,282177220.0
18219,15077,659386.0,32856.0,85.0,56047810.0
18219,11466,2618841.0,127585.0,85.0,222601485.0
18219,15378,518258.0,28300.0,85.0,44051930.0
18219,18827,641184.0,32512.0,85.0,54500640.0
18219,16028,1493453.0,75798.0,85.0,126943505.0
18219,15601,867008.0,44198.0,89.0,77163712.0
18219,15264,795016.0,41774.0,89.0,70756424.0
18219,19333,443826.0,24836.0,85.0,37725210.0
18219,19880,3107514.0,143091.0,85.0,264138690.0
18219,14519,235154.0,11568.0,97.0,22809938.0
18219,12369,1919816.0,92266.0,85.0,163184360.0
18219,10044,1505346.0,71859.0,85.0,127954410.0
18219,19147,1849652.0,97057.0,85.0,157220420.0
18219,18448,4873659.0,242754.0,85.0,414261015.0
18219,17010,3812413.0,172894.0,85.0,324055105.0
18219,17738,664430.0,31317.0,85.0,56476550.0
18219,10955,1221297.0,57734.0,89.0,108695433.0
18219,18219,0.0,0.0,121.28,0.0
18219,11853,505592.0,27574.0,85.0,42975320.0
18219,10657,354913.0,16713.0,85.0,30167605.0
18219,10568,936352.0,46065.0,89.0,83335328.0
18219,10867,1848145.0,95709.0,85.0,157092325.0
18219,19500,1451949.0,76841.0,85.0,123415665.0
18219,13165,1569485.0,77735.0,85.0,133406225.0
18219,11022,586833.0,31071.0,85.0,49880805.0
18219,19430,1256778.0,58562.0,89.0,111853242.0
18219,15241,1439725.0,75866.0,85.0,122376625.0
18219,16683,271263.0,14451.0,85.0,23057355.0
18219,12216,1150963.0,57443.0,89.0,102435707.0
18219,10301,1351350.0,64104.0,89.0,120270150.0
18219,12355,3782962.0,172219.0,85.0,321551770.0
18219,14257,8072139.0,392134.0,85.0,686131815.0
18219,10963,3311062.0,163463.0,85.0,281440270.0
18219,16193,3157860.0,151028.0,85.0,268418100.0
18219,16962,1221557.0,57767.0,89.0,108718573.0
18219,15724,514962.0,30544.0,85.0,43771770.0
18219,17789,208496.0,10659.0,101.0,21058096.0
18219,14278,675454.0,31803.0,85.0,57413590.0
18219,19846,3331330.0,160986.0,85.0,283163050.0
18219,11261,1290949.0,65882.0,89.0,114894461.0
18219,17223,813680.0,42481.0,89.0,72417520.0
18219,12562,1916766.0,92382.0,85.0,162925110.0
18219,13170,228403.0,10785.0,97.0,22155091.0
18219,13489,214208.0,10737.0,101.0,21635008.0
18219,13582,708311.0,36193.0,85.0,60206435.0
18219,14358,3835827.0,189908.0,85.0,326045295.0
18219,16108,3414856.0,168402.0,85.0,290262760.0
18219,10796,708190.0,35710.0,85.0,60196150.0
18219,18799,1148424.0,57295.0,89.0,102209736.0
18219,10375,1836345.0,90931.0,85.0,156089325.0
18219,13665,2413763.0,118307.0,85.0,205169855.0
18219,15185,2826078.0,137781.0,85.0,240216630.0
18219,13454,1210135.0,64806.0,89.0,107702015.0
18219,14053,21601.0,1247.0,121.28,2619769.28
18219,10901,1015576.0,53358.0,89.0,90386264.0
18219,15948,592187.0,30424.0,85.0,50335895.0
18219,12973,1576270.0,77029.0,85.0,133982950.0
18219,12746,225494.0,10982.0,97.0,21872918.0
18219,11181,393861.0,19371.0,85.0,33478185.0
18219,19143,1609453.0,77194.0,85.0,136803505.0
18219,19785,787408.0,37844.0,89.0,70079312.0
18219,13237,231126.0,11787.0,97.0,22419222.0
18219,15651,3058455.0,150977.0,85.0,259968675.0
18219,15848,3062737.0,150448.0,85.0,260332645.0
18219,11455,693868.0,36435.0,85.0,58978780.0
18219,14425,1205973.0,61622.0,89.0,107331597.0
18219,17752,3826639.0,189144.0,85.0,325264315.0
18219,14060,137919.0,7589.0,123.0,16964037.0
18219,10316,503807.0,26269.0,85.0,42823595.0
18219,19134,4031553.0,201003.0,85.0,342682005.0
18219,13460,257652.0,14736.0,100.0,25765200.0
18219,15686,3824594.0,189048.0,85.0,325090490.0
18219,11189,1836357.0,90934.0,85.0,156090345.0
18219,10326,8802396.0,425189.0,85.0,748203660.0
18219,10269,1779821.0,87349.0,85.0,151284785.0
18219,17464,5957824.0,294298.0,85.0,506415040.0
18219,19273,858582.0,44606.0,89.0,76413798.0
18219,13840,1722204.0,88425.0,85.0,146387340.0
18219,14704,1188816.0,55698.0,89.0,105804624.0
18219,19239,854236.0,43213.0,89.0,76027004.0
18219,19502,658905.0,32741.0,85.0,56006925.0
18219,17504,5310310.0,265462.0,85.0,451376350.0
18219,18110,813457.0,42442.0,89.0,72397673.0
18219,11163,1826982.0,87569.0,85.0,155293470.0
18219,12633,8069859.0,392033.0,85.0,685938015.0
18219,16339,4515043.0,229634.0,85.0,383778655.0
18219,13989,1564101.0,77490.0,85.0,132948585.0
18219,18149,798078.0,41511.0,89.0,71028942.0
18219,10177,7417064.0,361417.0,85.0,630450440.0
18219,12270,1169650.0,59886.0,89.0,104098850.0
18219,13100,1611470.0,84775.0,85.0,136974950.0
18219,17781,936893.0,46130.0,89.0,83383477.0
18219,19971,2919840.0,143255.0,85.0,248186400.0
18219,16887,3399046.0,167332.0,85.0,288918910.0
18219,10985,983522.0,45437.0,89.0,87533458.0
18219,15976,3633211.0,166337.0,85.0,308822935.0
11853,12652,473706.0,24671.0,18.2,8621449.2
11853,15008,436145.0,23116.0,24.0,10467480.0
11853,11112,440409.0,22556.0,24.0,10569816.0
11853,16325,431463.0,21987.0,24.0,10355112.0
11853,11561,1884349.0,91550.0,18.2,34295151.8
11853,18441,429757.0,21921.0,16.29936,7004764.05552
11853,16117,395205.0,21518.0,16.29936,6441588.5688000005
11853,11209,427561.0,21982.0,16.29936,6968970.66096
11853,15891,491149.0,24793.0,18.2,8938911.799999999
11853,18812,521037.0,26181.0,18.2,9482873.4
11853,19915,1118821.0,55774.0,18.2,20362542.2
11853,17282,470945.0,23889.0,18.2,8571199.0
11853,11147,525938.0,26500.0,18.2,9572071.6
11853,13417,402386.0,20777.0,43.32,17431361.52
11853,12940,19033.0,1618.0,289.0,5500537.0
11853,12352,1028260.0,52164.0,18.2,18714332.0
11853,17522,1557489.0,75887.0,18.2,28346299.8
11853,14234,2538974.0,122325.0,18.2,46209326.8
11853,19300,449384.0,22908.0,24.0,10785216.0
11853,18542,433422.0,22092.0,24.0,10402128.0
11853,16855,1553246.0,75634.0,18.2,28269077.2
11853,13694,1169169.0,52632.0,18.2,21278875.8
11853,12205,740844.0,36901.0,18.2,13483360.799999999
11853,18941,1190347.0,62654.0,18.2,21664315.4
11853,10748,485888.0,24517.0,18.2,8843161.6
11853,10705,289662.0,16041.0,16.29936,4721305.21632
11853,15483,1150906.0,52096.0,18.2,20946489.2
11853,13088,1034182.0,52350.0,18.2,18822112.4
11853,13917,1123610.0,56678.0,18.2,20449702.0
11853,16236,488225.0,24922.0,18.2,8885695.0
11853,13073,489690.0,24993.0,18.2,8912358.0
11853,13636,409772.0,21269.0,43.32,17751323.04
11853,18411,302548.0,15627.0,16.29936,4931338.76928
11853,10916,3002028.0,149546.0,18.2,54636909.6
11853,15270,1371044.0,69304.0,18.2,24953000.8
11853,13509,410261.0,21392.0,43.32,17772506.52
11853,11200,601085.0,32885.0,18.2,10939747.0
11853,12616,1553052.0,75513.0,18.2,28265546.4
11853,12868,1105679.0,57092.0,18.2,20123357.8
11853,13555,697215.0,34694.0,18.2,12689313.0
11853,14736,842203.0,45407.0,18.2,15328094.6
11853,17516,1204114.0,63123.0,18.2,21914874.8
11853,15183,1157728.0,62408.0,18.2,21070649.599999998
11853,13563,3270354.0,162901.0,18.2,59520442.8
11853,15077,650821.0,34822.0,18.2,11844942.2
11853,11466,2680445.0,132061.0,18.2,48784099.0
11853,15378,145897.0,7559.0,39.390119999999996,5746900.33764
11853,18827,812508.0,42990.0,18.2,14787645.6
11853,16028,1467094.0,73682.0,18.2,26701110.8
11853,15601,1057833.0,53502.0,18.2,19252560.599999998
11853,15264,1137513.0,59731.0,18.2,20702736.599999998
11853,19333,917308.0,48385.0,18.2,16695005.6
11853,19880,2806477.0,132828.0,18.2,51077881.4
11853,14519,528220.0,26567.0,18.2,9613604.0
11853,12369,1300887.0,69907.0,18.2,23676143.4
11853,10044,1566951.0,76335.0,18.2,28518508.2
11853,19147,2401147.0,117944.0,18.2,43700875.4
11853,18448,4824281.0,241967.0,18.2,87801914.2
11853,17010,3511376.0,162631.0,18.2,63907043.199999996
11853,17738,237036.0,12662.0,39.390119999999996,9336876.48432
11853,10955,740747.0,36858.0,18.2,13481595.4
11853,18219,508593.0,27731.0,18.2,9256392.6
11853,11853,0.0,0.0,289.0,0.0
11853,10657,648211.0,31676.0,18.2,11797440.2
11853,10568,735914.0,37166.0,18.2,13393634.799999999
11853,10867,1357922.0,69148.0,18.2,24714180.4
11853,19500,961726.0,50280.0,18.2,17503413.2
11853,13165,1533398.0,75682.0,18.2,27907843.599999998
11853,11022,824822.0,42720.0,18.2,15011760.399999999
11853,19430,1436165.0,70004.0,18.2,26138203.0
11853,15241,949501.0,49305.0,18.2,17280918.2
11853,16683,515032.0,30157.0,18.2,9373582.4
11853,12216,1124604.0,55327.0,18.2,20467792.8
11853,10301,870799.0,43229.0,18.2,15848541.799999999
11853,12355,3481925.0,161955.0,18.2,63371035.0
11853,14257,8022761.0,391347.0,18.2,146014250.2
11853,10963,3261684.0,162676.0,18.2,59362648.8
11853,16193,3108482.0,150241.0,18.2,56574372.4
11853,16962,741006.0,36892.0,18.2,13486309.2
11853,15724,950110.0,51664.0,18.2,17292002.0
11853,17789,441575.0,22551.0,24.0,10597800.0
11853,14278,216896.0,11250.0,39.390119999999996,8543559.467519999
11853,19846,3281952.0,160199.0,18.2,59731526.4
11853,11261,1513465.0,74979.0,18.2,27545063.0
11853,17223,407260.0,23241.0,43.32,17642503.2
11853,12562,1305116.0,70136.0,18.2,23753111.2
11853,13170,418990.0,21523.0,16.29936,6829268.8464
11853,13489,432899.0,22052.0,24.0,10389576.0
11853,13582,454386.0,24076.0,24.0,10905264.0
11853,14358,3786449.0,189121.0,18.2,68913371.8
11853,16108,3365478.0,167615.0,18.2,61251699.599999994
11853,10796,415327.0,21182.0,16.29936,6769564.29072
11853,18799,1122064.0,55178.0,18.2,20421564.8
11853,10375,1355795.0,70056.0,18.2,24675469.0
11853,13665,2364385.0,117520.0,18.2,43031807.0
11853,15185,2887683.0,142257.0,18.2,52555830.6
11853,13454,1683618.0,88355.0,18.2,30641847.599999998
11853,14053,497282.0,27287.0,18.2,9050532.4
11853,10901,525353.0,26797.0,18.2,9561424.6
11853,15948,574338.0,31260.0,18.2,10452951.6
11853,12973,1293894.0,67089.0,18.2,23548870.8
11853,12746,518792.0,25945.0,18.2,9442014.4
11853,11181,470603.0,24911.0,18.2,8564974.6
11853,19143,1671057.0,81670.0,18.2,30413237.4
11853,19785,340924.0,17841.0,16.29936,5556843.00864
11853,13237,472704.0,24112.0,18.2,8603212.799999999
11853,15651,3009077.0,150189.0,18.2,54765201.4
11853,15848,3013359.0,149660.0,18.2,54843133.8
11853,11455,931856.0,48085.0,18.2,16959779.2
11853,14425,827707.0,47760.0,18.2,15064267.399999999
11853,17752,3777261.0,188356.0,18.2,68746150.2
11853,14060,488221.0,24921.0,18.2,8885622.2
11853,10316,718360.0,38436.0,18.2,13074152.0
11853,19134,3982175.0,200216.0,18.2,72475585.0
11853,13460,730408.0,38205.0,18.2,13293425.6
11853,15686,3775216.0,188261.0,18.2,68708931.2
11853,11189,1355807.0,70059.0,18.2,24675687.4
11853,10326,8753018.0,424401.0,18.2,159304927.6
11853,10269,1299271.0,66473.0,18.2,23646732.2
11853,17464,5908446.0,293511.0,18.2,107533717.2
11853,19273,476713.0,25146.0,18.2,8676176.6
11853,13840,1287383.0,71220.0,18.2,23430370.599999998
11853,14704,1426804.0,67348.0,18.2,25967832.8
11853,19239,699319.0,34662.0,18.2,12727605.799999999
11853,19502,650339.0,34706.0,18.2,11836169.799999999
11853,17504,5260932.0,264675.0,18.2,95748962.39999999
11853,18110,407037.0,23202.0,43.32,17632842.84
11853,11163,1888586.0,92045.0,18.2,34372265.199999996
11853,12633,8020481.0,391246.0,18.2,145972754.2
11853,16339,4465665.0,228847.0,18.2,81275103.0
11853,13989,1528013.0,75437.0,18.2,27809836.599999998
11853,18149,391658.0,22272.0,16.29936,6383774.73888
11853,10177,7367686.0,360630.0,18.2,134091885.19999999
11853,12270,1512148.0,77844.0,18.2,27521093.599999998
11853,13100,2162965.0,105661.0,18.2,39365963.0
11853,17781,736455.0,37232.0,18.2,13403481.0
11853,19971,2981445.0,147731.0,18.2,54262299.0
11853,16887,3349668.0,166545.0,18.2,60963957.599999994
11853,10985,1185191.0,59380.0,18.2,21570476.2
11853,15976,3332174.0,156073.0,18.2,60645566.8
10657,12652,259380.0,11889.0,50.0,12969000.0
10657,15008,241194.0,11312.0,55.0,13265670.0
10657,11112,211027.0,9904.0,55.0,11606485.0
10657,16325,232337.0,10591.0,55.0,12778535.0
10657,11561,2168367.0,103184.0,50.0,108418350.0
10657,18441,230631.0,10524.0,55.0,12684705.0
10657,16117,347688.0,16019.0,50.0,17384400.0
10657,11209,231838.0,10543.0,55.0,12751090.0
10657,15891,199904.0,9258.0,55.0,10994720.0
10657,18812,135095.0,6440.0,111.0,14995545.0
10657,19915,1631948.0,77703.0,50.0,81597400.0
10657,17282,213372.0,10002.0,55.0,11735460.0
10657,11147,1158745.0,57046.0,50.0,57937250.0
10657,13417,248775.0,11480.0,55.0,13682625.0
10657,12940,664504.0,32606.0,50.0,33225200.0
10657,12352,1541387.0,74093.0,50.0,77069350.0
10657,17522,1841506.0,87521.0,50.0,92075300.0
10657,14234,2976135.0,139652.0,50.0,148806750.0
10657,19300,214234.0,9861.0,55.0,11782870.0
10657,18542,217169.0,9952.0,55.0,11944295.0
10657,16855,1837264.0,87268.0,50.0,91863200.0
10657,13694,527555.0,22633.0,50.0,26377750.0
10657,12205,1253971.0,58831.0,50.0,62698550.0
10657,18941,1364646.0,68286.0,50.0,68232300.0
10657,10748,174773.0,8123.0,55.0,9612515.0
10657,10705,378159.0,18754.0,50.0,18907950.0
10657,15483,509293.0,22097.0,50.0,25464650.0
10657,13088,1547309.0,74279.0,50.0,77365450.0
10657,13917,1671275.0,81235.0,50.0,83563750.0
10657,16236,226386.0,10726.0,55.0,12451230.0
10657,13073,248897.0,11029.0,55.0,13689335.0
10657,13636,261477.0,11693.0,50.0,13073850.0
10657,18411,826156.0,42500.0,50.0,41307800.0
10657,10916,3397028.0,166444.0,50.0,169851400.0
10657,15270,2003851.0,99850.0,50.0,100192550.0
10657,13509,261966.0,11816.0,50.0,13098300.0
10657,11200,433842.0,23311.0,50.0,21692100.0
10657,12616,1837069.0,87147.0,50.0,91853450.0
10657,12868,745674.0,36518.0,50.0,37283700.0
10657,13555,1243275.0,59703.0,50.0,62163750.0
10657,14736,737021.0,40088.0,50.0,36851050.0
10657,17516,1378413.0,68755.0,50.0,68920650.0
10657,15183,1768102.0,84750.0,50.0,88405100.0
10657,13563,3665355.0,179799.0,50.0,183267750.0
10657,15077,1005008.0,48967.0,50.0,50250400.0
10657,11466,2964463.0,143695.0,50.0,148223150.0
10657,15378,640483.0,29987.0,50.0,32024150.0
10657,18827,986807.0,48622.0,50.0,49340350.0
10657,16028,1839075.0,91908.0,50.0,91953750.0
10657,15601,1212630.0,60308.0,50.0,60631500.0
10657,15264,1018468.0,54114.0,50.0,50923400.0
10657,19333,523212.0,28327.0,50.0,26160600.0
10657,19880,3453136.0,159202.0,50.0,172656800.0
10657,14519,134802.0,6648.0,111.0,14963022.0
10657,12369,1952392.0,93320.0,50.0,97619600.0
10657,10044,1850968.0,87969.0,50.0,92548400.0
10657,19147,1759534.0,87944.0,50.0,87976700.0
10657,18448,5219281.0,258865.0,50.0,260964050.0
10657,17010,4158035.0,189005.0,50.0,207901750.0
10657,17738,697007.0,32371.0,50.0,34850350.0
10657,10955,1253874.0,58787.0,50.0,62693700.0
10657,18219,344065.0,16440.0,50.0,17203250.0
10657,11853,647924.0,31547.0,50.0,32396200.0
10657,10657,0.0,0.0,111.0,0.0
10657,10568,1281974.0,62175.0,50.0,64098700.0
10657,10867,1990728.0,99694.0,50.0,99536400.0
10657,19500,1594533.0,80826.0,50.0,79726650.0
10657,13165,1915107.0,93846.0,50.0,95755350.0
10657,11022,405877.0,21911.0,50.0,20293850.0
10657,19430,1075822.0,49402.0,50.0,53791100.0
10657,15241,1582308.0,79851.0,50.0,79115400.0
10657,16683,617174.0,30610.0,50.0,30858700.0
10657,12216,1496586.0,73553.0,50.0,74829300.0
10657,10301,1383926.0,65158.0,50.0,69196300.0
10657,12355,4128584.0,188329.0,50.0,206429200.0
10657,14257,8417762.0,408244.0,50.0,420888100.0
10657,10963,3656684.0,179574.0,50.0,182834200.0
10657,16193,3503482.0,167139.0,50.0,175174100.0
10657,16962,1254133.0,58821.0,50.0,62706650.0
10657,15724,403874.0,23267.0,50.0,20193700.0
10657,17789,220586.0,10207.0,55.0,12132230.0
10657,14278,708030.0,32856.0,50.0,35401500.0
10657,19846,3676952.0,177097.0,50.0,183847600.0
10657,11261,1514525.0,80117.0,50.0,75726250.0
10657,17223,1053251.0,54562.0,50.0,52662550.0
10657,12562,1949343.0,93436.0,50.0,97467150.0
10657,13170,242383.0,10941.0,55.0,13331065.0
10657,13489,226298.0,10285.0,55.0,12446390.0
10657,13582,717057.0,36227.0,50.0,35852850.0
10657,14358,4181449.0,206019.0,50.0,209072450.0
10657,16108,3760478.0,184512.0,50.0,188023900.0
10657,10796,952361.0,48281.0,50.0,47618050.0
10657,18799,1494046.0,73405.0,50.0,74702300.0
10657,10375,1868921.0,91985.0,50.0,93446050.0
10657,13665,2759385.0,134418.0,50.0,137969250.0
10657,15185,3171701.0,153891.0,50.0,158585050.0
10657,13454,1289521.0,68297.0,50.0,64476050.0
10657,14053,367512.0,17406.0,50.0,18375600.0
10657,10901,1158159.0,57343.0,50.0,57907950.0
10657,15948,510908.0,28967.0,50.0,25545400.0
10657,12973,1921892.0,93139.0,50.0,96094600.0
10657,12746,134526.0,6279.0,111.0,14932386.0
10657,11181,345354.0,18223.0,50.0,17267700.0
10657,19143,1955075.0,93304.0,50.0,97753750.0
10657,19785,819984.0,38898.0,50.0,40999200.0
10657,13237,214047.0,10061.0,55.0,11772585.0
10657,15651,3404077.0,167087.0,50.0,170203850.0
10657,15848,3408360.0,166558.0,50.0,170418000.0
10657,11455,512911.0,27276.0,50.0,25645550.0
10657,14425,1551595.0,77732.0,50.0,77579750.0
10657,17752,4172262.0,205254.0,50.0,208613100.0
10657,14060,226382.0,10725.0,55.0,12451010.0
10657,10316,849718.0,42428.0,50.0,42485900.0
10657,19134,4377176.0,217114.0,50.0,218858800.0
10657,13460,328884.0,17829.0,50.0,16444200.0
10657,15686,4170217.0,205159.0,50.0,208510850.0
10657,11189,1868934.0,91988.0,50.0,93446700.0
10657,10326,9148018.0,441299.0,50.0,457400900.0
10657,10269,1812397.0,88402.0,50.0,90619850.0
10657,17464,6303446.0,310409.0,50.0,315172300.0
10657,19273,867328.0,44641.0,50.0,43366400.0
10657,13840,1933373.0,102541.0,50.0,96668650.0
10657,14704,1007860.0,46539.0,50.0,50393000.0
10657,19239,1199859.0,59323.0,50.0,59992950.0
10657,19502,1004527.0,48851.0,50.0,50226350.0
10657,17504,5655933.0,281572.0,50.0,282796650.0
10657,18110,1053028.0,54523.0,50.0,52651400.0
10657,11163,1941944.0,101890.0,50.0,97097200.0
10657,12633,8415482.0,408144.0,50.0,420774100.0
10657,16339,4860665.0,245745.0,50.0,243033250.0
10657,13989,1909723.0,93600.0,50.0,95486150.0
10657,18149,1037648.0,53593.0,50.0,51882400.0
10657,10177,7762686.0,377528.0,50.0,388134300.0
10657,12270,1393102.0,72227.0,50.0,69655100.0
10657,13100,1521352.0,75662.0,50.0,76067600.0
10657,17781,1282515.0,62241.0,50.0,64125750.0
10657,19971,3265463.0,159365.0,50.0,163273150.0
10657,16887,3744668.0,183443.0,50.0,187233400.0
10657,10985,635206.0,30401.0,50.0,31760300.0
10657,15976,3978833.0,182447.0,50.0,198941650.0
10568,12652,1074148.0,53246.0,30.08,32310371.84
10568,15008,1035097.0,53637.0,23.28,24097058.16
10568,11112,1123207.0,55825.0,23.28,26148258.96
10568,16325,1077693.0,55167.0,23.28,25088693.040000003
10568,11561,1235284.0,60055.0,23.28,28757411.52
10568,18441,1075987.0,55100.0,23.28,25048977.36
10568,16117,1093328.0,57545.0,23.28,25452675.84
10568,11209,1073791.0,55162.0,23.28,24997854.48
10568,15891,1109873.0,55036.0,23.28,25837843.44
10568,18812,1152866.0,56826.0,23.28,26838720.48
10568,19915,1408303.0,73311.0,23.28,32785293.84
10568,17282,1154493.0,57171.0,23.28,26876597.040000003
10568,11147,798177.0,40543.0,50.1,39988667.7
10568,13417,1053708.0,54440.0,30.08,31695536.639999997
10568,12940,741284.0,37392.0,50.1,37138328.4
10568,12352,1540714.0,78488.0,23.28,35867821.92
10568,17522,908424.0,44392.0,23.2848,21152471.1552
10568,14234,1889910.0,90830.0,23.28,43997104.800000004
10568,19300,1101564.0,54780.0,23.28,25644409.92
10568,18542,1080002.0,55404.0,23.28,25142446.560000002
10568,16855,904182.0,44140.0,23.2848,21053697.0336
10568,13694,1800997.0,83277.0,23.28,41927210.160000004
10568,12205,1253298.0,63226.0,23.28,29176777.44
10568,18941,601502.0,31647.0,23.28,14002966.56
10568,10748,1114360.0,55875.0,23.28,25942300.8
10568,10705,897062.0,46264.0,23.2848,20887909.257600002
10568,15483,1782735.0,82741.0,23.28,41502070.800000004
10568,13088,1546636.0,78675.0,23.28,36005686.08
10568,13917,418715.0,21621.0,23.28,9747685.200000001
10568,16236,1063049.0,53198.0,30.08,31976513.919999998
10568,13073,1050553.0,52396.0,23.28,24456873.84
10568,13636,1089560.0,55640.0,23.28,25364956.8
10568,18411,447568.0,21976.0,23.28,10419383.040000001
10568,10916,2352963.0,118052.0,23.28,54776978.64
10568,15270,1640578.0,83160.0,23.28,38192655.84
10568,13509,1090049.0,55762.0,23.28,25376340.720000003
10568,11200,970832.0,51415.0,23.2848,22605628.9536
10568,12616,903987.0,44018.0,23.2848,21049156.4976
10568,12868,1810848.0,90507.0,23.28,42156541.440000005
10568,13555,40542.0,2816.0,84.672,3432772.224
10568,14736,1576892.0,82480.0,23.28,36710045.760000005
10568,17516,615269.0,32116.0,23.28,14323462.32
10568,15183,1427261.0,76263.0,23.28,33226636.080000002
10568,13563,2621290.0,131406.0,55.0,144170950.0
10568,15077,249124.0,14203.0,232.85,58008523.4
10568,11466,2031381.0,100566.0,23.28,47290549.68
10568,15378,880587.0,44632.0,23.2848,20504292.1776
10568,18827,415026.0,22536.0,23.28,9661805.280000001
10568,16028,818029.0,42187.0,50.1,40983252.9
10568,15601,408768.0,22007.0,23.28,9516119.040000001
10568,15264,786215.0,43344.0,50.1,39389371.5
10568,19333,1281383.0,68696.0,23.28,29830596.240000002
10568,19880,2200576.0,99588.0,23.28,51229409.28
10568,14519,1160280.0,57176.0,23.28,27011318.400000002
10568,12369,1570420.0,83762.0,23.28,36559377.6
10568,10044,917886.0,44840.0,23.2848,21372791.932800002
10568,19147,2687209.0,140917.0,55.0,147796495.0
10568,18448,4175217.0,210472.0,55.0,229636935.0
10568,17010,2905475.0,129391.0,55.0,159801125.0
10568,17738,942265.0,47966.0,23.2848,21940452.072
10568,10955,1253201.0,63183.0,23.28,29174519.28
10568,18219,940120.0,46465.0,23.2848,21890506.176
10568,11853,736511.0,37267.0,50.1,36899201.1
10568,10657,1280039.0,62321.0,23.28,29799307.92
10568,10568,0.0,0.0,1049.3139999999999,0.0
10568,10867,1627455.0,83004.0,23.28,37887152.4
10568,19500,1231260.0,64136.0,23.28,28663732.8
10568,13165,884333.0,44187.0,23.2848,20591517.0384
10568,11022,1471051.0,75900.0,23.28,34246067.28
10568,19430,2140997.0,103391.0,23.28,49842410.160000004
10568,15241,1219035.0,63161.0,23.28,28379134.8
10568,16683,723929.0,36925.0,50.1,36268842.9
10568,12216,475540.0,23832.0,23.28,11070571.200000001
10568,10301,1383253.0,69553.0,23.28,32202129.84
10568,12355,2876024.0,128715.0,55.0,158181320.0
10568,14257,7373697.0,359852.0,55.0,405553335.0
10568,10963,2612620.0,131181.0,55.0,143694100.0
10568,16193,2459418.0,118746.0,23.28,57255251.04
10568,16962,1253460.0,63217.0,23.28,29180548.8
10568,15724,1352520.0,74404.0,23.28,31486665.6
10568,17789,1087805.0,55731.0,23.28,25324100.400000002
10568,14278,922125.0,46554.0,23.2848,21471496.2
10568,19846,2632888.0,128704.0,55.0,144808840.0
10568,11261,864401.0,43484.0,23.2848,20127404.4048
10568,17223,399898.0,20080.0,23.28,9309625.440000001
10568,12562,1574649.0,83992.0,23.28,36657828.72
10568,13170,1065232.0,54766.0,23.28,24798600.96
10568,13489,1079129.0,55231.0,23.28,25122123.12
10568,13582,1155214.0,59115.0,23.28,26893381.92
10568,14358,3137384.0,157626.0,55.0,172556120.0
10568,16108,2716414.0,136120.0,55.0,149402770.0
10568,10796,324540.0,16443.0,23.28,7555291.2
10568,18799,473000.0,23684.0,23.28,11011440.0
10568,10375,1868249.0,96380.0,23.28,43492836.72
10568,13665,1715321.0,86025.0,23.28,39932672.88
10568,15185,2238619.0,110762.0,23.28,52115050.32
10568,13454,1813772.0,98224.0,23.28,42224612.160000004
10568,14053,929703.0,46149.0,23.2848,21647948.4144
10568,10901,790504.0,40019.0,50.1,39604250.4
10568,15948,1309027.0,68333.0,23.28,30474148.560000002
10568,12973,669333.0,33525.0,50.1,33533583.3
10568,12746,1150620.0,56590.0,23.28,26786433.6
10568,11181,1168725.0,60938.0,23.28,27207918.0
10568,19143,1021993.0,50175.0,23.28,23791997.040000003
10568,19785,1041752.0,52880.0,23.28,24251986.560000002
10568,13237,1124255.0,57374.0,23.28,26172656.400000002
10568,15651,2360013.0,118695.0,23.28,54941102.64
10568,15848,2364295.0,118166.0,23.28,55040787.6
10568,11455,1578086.0,81264.0,23.28,36737842.08
10568,14425,274915.0,16031.0,232.85,64013957.75
10568,17752,3128197.0,156862.0,55.0,172050835.0
10568,14060,1063045.0,53197.0,30.08,31976393.599999998
10568,10316,525583.0,26004.0,23.28,12235572.24
10568,19134,3333111.0,168721.0,55.0,183321105.0
10568,13460,1095209.0,58596.0,23.28,25496465.52
10568,15686,3126152.0,156766.0,55.0,171938360.0
10568,11189,1868261.0,96383.0,23.28,43493116.080000006
10568,10326,8103954.0,392907.0,55.0,445717470.0
10568,10269,1811724.0,92798.0,23.28,42176934.72
10568,17464,5259382.0,262016.0,55.0,289266010.0
10568,19273,1177541.0,60185.0,23.28,27413154.48
10568,13840,791146.0,42834.0,50.1,39636414.6
10568,14704,2073034.0,100527.0,23.28,48260231.52
10568,19239,47690.0,3156.0,58.296,2780136.2399999998
10568,19502,248643.0,14087.0,232.85,57896522.55
10568,17504,4611868.0,233180.0,55.0,253652740.0
10568,18110,399675.0,20041.0,23.28,9304434.0
10568,11163,1239522.0,60550.0,23.28,28856072.16
10568,12633,7371417.0,359751.0,55.0,405427935.0
10568,16339,3816601.0,197352.0,55.0,209913055.0
10568,13989,878949.0,43942.0,23.2848,20466151.6752
10568,18149,414664.0,20823.0,23.28,9653377.92
10568,10177,6718622.0,329135.0,55.0,369524210.0
10568,12270,1239445.0,62497.0,23.28,28854279.6
10568,13100,2449027.0,128635.0,23.28,57013348.56
10568,17781,2178.0,325.0,1049.3139999999999,2285405.8919999995
10568,19971,2332381.0,116236.0,23.28,54297829.68
10568,16887,2700604.0,135050.0,55.0,148533220.0
10568,10985,1908648.0,91045.0,23.28,44433325.440000005
10568,15976,2726273.0,122833.0,55.0,149945015.0
10867,12652,1818834.0,93129.0,23.8,43288249.2
10867,15008,1781273.0,91574.0,23.8,42394297.4
10867,11112,1785537.0,91013.0,23.8,42495780.6
10867,16325,1776591.0,90445.0,23.8,42282865.800000004
10867,11561,2840881.0,142855.0,23.8,67612967.8
10867,18441,1774886.0,90379.0,23.8,42242286.800000004
10867,16117,1754142.0,89554.0,23.8,41748579.6
10867,11209,1772690.0,90440.0,23.8,42190022.0
10867,15891,1836278.0,93251.0,23.8,43703416.4
10867,18812,1866166.0,94639.0,23.8,44414750.800000004
10867,19915,571415.0,26715.0,31.184999999999995,17819576.775
10867,17282,1816074.0,92346.0,23.8,43222561.2
10867,11147,837566.0,43340.0,24.5,20520367.0
10867,13417,1747515.0,89235.0,23.8,41590857.0
10867,12940,1357195.0,69536.0,23.8,32301241.0
10867,12352,862603.0,42345.0,24.5,21133773.5
10867,17522,2514021.0,127192.0,23.8,59833699.800000004
10867,14234,3425493.0,172733.0,23.8,81526733.4
10867,19300,1794513.0,91366.0,23.8,42709409.4
10867,18542,1778550.0,90550.0,23.8,42329490.0
10867,16855,2509779.0,126940.0,23.8,59732740.2
10867,13694,2514297.0,121090.0,23.8,59840268.6
10867,12205,955764.0,46655.0,23.8,22747183.2
10867,18941,2207100.0,114447.0,23.8,52528980.0
10867,10748,1831016.0,92975.0,23.8,43578180.800000004
10867,10705,1634790.0,84499.0,23.8,38908002.0
10867,15483,2496035.0,120554.0,23.8,59405633.0
10867,13088,875408.0,42210.0,24.5,21447496.0
10867,13917,1785127.0,101139.0,23.8,42486022.6
10867,16236,1833353.0,93380.0,23.8,43633801.4
10867,13073,1834819.0,93451.0,23.8,43668692.2
10867,13636,1754900.0,89727.0,23.8,41766620.0
10867,18411,1422711.0,73241.0,23.8,33860521.800000004
10867,10916,3958560.0,200852.0,23.8,94213728.0
10867,15270,10699.0,571.0,132.93,1422218.07
10867,13509,1755390.0,89850.0,23.8,41778282.0
10867,11200,1945936.0,101328.0,23.8,46313276.800000004
10867,12616,2509584.0,126818.0,23.8,59728099.2
10867,12868,2397893.0,121830.0,23.8,57069853.4
10867,13555,1646139.0,85616.0,23.8,39178108.2
10867,14736,2111361.0,108750.0,23.8,50250391.800000004
10867,17516,2220866.0,114916.0,23.8,52856610.800000004
10867,15183,436470.0,19811.0,31.184999999999995,13611316.949999997
10867,13563,4226887.0,214206.0,23.8,100599910.60000001
10867,15077,1667404.0,87094.0,23.8,39684215.2
10867,11466,3636978.0,183366.0,23.8,86560076.4
10867,15378,1497330.0,75902.0,23.8,35636454.0
10867,18827,1855125.0,96357.0,23.8,44151975.0
10867,16028,2218109.0,124160.0,23.8,52790994.2
10867,15601,2014365.0,104807.0,23.8,47941887.0
10867,15264,2285524.0,116723.0,23.8,54395471.2
10867,19333,2262437.0,116843.0,23.8,53846000.6
10867,19880,3446375.0,168272.0,23.8,82023725.0
10867,14519,1873349.0,95025.0,23.8,44585706.2
10867,12369,268086.0,12182.0,37.422,10032314.292
10867,10044,2523483.0,127640.0,23.8,60058895.4
10867,19147,3746275.0,186401.0,23.8,89161345.0
10867,18448,5780813.0,293272.0,23.8,137583349.4
10867,17010,4151274.0,198075.0,23.8,98800321.2
10867,17738,1392105.0,71020.0,23.8,33132099.0
10867,10955,955667.0,46611.0,23.8,22744874.6
10867,18219,1853444.0,96175.0,23.8,44111967.2
10867,11853,1358906.0,69392.0,23.8,32341962.8
10867,10657,1993339.0,100134.0,23.8,47441468.2
10867,10568,1611464.0,83302.0,23.8,38352843.2
10867,10867,0.0,0.0,132.93,0.0
10867,19500,494256.0,23884.0,31.184999999999995,15413373.359999998
10867,13165,2489930.0,126987.0,23.8,59260334.0
10867,11022,2111654.0,109701.0,23.8,50257365.2
10867,19430,2728378.0,134742.0,23.8,64935396.4
10867,15241,493262.0,23443.0,31.184999999999995,15382375.469999997
10867,16683,1804899.0,93541.0,23.8,42956596.2
10867,12216,2081137.0,106632.0,23.8,49531060.6
10867,10301,838422.0,40093.0,24.5,20541339.0
10867,12355,4121823.0,197399.0,23.8,98099387.4
10867,14257,8979294.0,442652.0,23.8,213707197.20000002
10867,10963,4218217.0,213981.0,23.8,100393564.60000001
10867,16193,4172170.0,200780.0,23.8,99297646.0
10867,16962,955926.0,46645.0,23.8,22751038.8
10867,15724,2295238.0,120122.0,23.8,54626664.4
10867,17789,1786704.0,91009.0,23.8,42523555.2
10867,14278,1371964.0,69608.0,23.8,32652743.2
10867,19846,4351559.0,211093.0,23.8,103567104.2
10867,11261,2469998.0,126284.0,23.8,58785952.4
10867,17223,1218400.0,63787.0,23.8,28997920.0
10867,12562,278284.0,12472.0,37.422,10413943.848
10867,13170,1764118.0,89981.0,23.8,41986008.4
10867,13489,1778027.0,90510.0,23.8,42317042.6
10867,13582,1605124.0,82173.0,23.8,38201951.2
10867,14358,4742981.0,240426.0,23.8,112882947.8
10867,16108,4322011.0,218920.0,23.8,102863861.8
10867,10796,1438493.0,76009.0,23.8,34236133.4
10867,18799,2078597.0,106484.0,23.8,49470608.6
10867,10375,1548838.0,78576.0,23.8,36862344.4
10867,13665,3320918.0,168825.0,23.8,79037848.4
10867,15185,3844215.0,193562.0,23.8,91492317.0
10867,13454,3028746.0,156813.0,23.8,72084154.8
10867,14053,1842133.0,95731.0,23.8,43842765.4
10867,10901,840538.0,43633.0,24.5,20593181.0
10867,15948,1866551.0,95997.0,23.8,44423913.800000004
10867,12973,1933792.0,102533.0,23.8,46024249.6
10867,12746,1863920.0,94403.0,23.8,44361296.0
10867,11181,1816847.0,91913.0,23.8,43240958.6
10867,19143,2627590.0,132975.0,23.8,62536642.0
10867,19785,1491663.0,75938.0,23.8,35501579.4
10867,13237,1817833.0,92570.0,23.8,43264425.4
10867,15651,3965609.0,201495.0,23.8,94381494.2
10867,15848,3969892.0,200966.0,23.8,94483429.60000001
10867,11455,2217186.0,114802.0,23.8,52769026.800000004
10867,14425,1471251.0,83492.0,23.8,35015773.800000004
10867,17752,4733794.0,239662.0,23.8,112664297.2
10867,14060,1833349.0,93379.0,23.8,43633706.2
10867,10316,1858350.0,96498.0,23.8,44228730.0
10867,19134,4938708.0,251521.0,23.8,117541250.4
10867,13460,2075537.0,106663.0,23.8,49397780.6
10867,15686,4731749.0,239566.0,23.8,112615626.2
10867,11189,1548850.0,78579.0,23.8,36862630.0
10867,10326,9709550.0,475707.0,23.8,231087290.0
10867,10269,1006029.0,50346.0,23.8,23943490.2
10867,17464,6864978.0,344816.0,23.8,163386476.4
10867,19273,1511593.0,79481.0,23.8,35975913.4
10867,13840,900507.0,69849.0,24.5,22062421.5
10867,14704,2679998.0,132504.0,23.8,63783952.4
10867,19239,1653287.0,85956.0,23.8,39348230.6
10867,19502,1666923.0,86978.0,23.8,39672767.4
10867,17504,6217465.0,315980.0,23.8,147975667.0
10867,18110,1218177.0,63748.0,23.8,28992612.6
10867,11163,2845119.0,143350.0,23.8,67713832.2
10867,12633,8977014.0,442551.0,23.8,213652933.20000002
10867,16339,5422197.0,280152.0,23.8,129048288.60000001
10867,13989,2484546.0,126742.0,23.8,59132194.800000004
10867,18149,1218380.0,63673.0,23.8,28997444.0
10867,10177,8324218.0,411935.0,23.8,198116388.4
10867,12270,2660159.0,134835.0,23.8,63311784.2
10867,13100,3508093.0,174119.0,23.8,83492613.4
10867,17781,1612006.0,83368.0,23.8,38365742.800000004
10867,19971,3937977.0,199036.0,23.8,93723852.60000001
10867,16887,4306200.0,217850.0,23.8,102487560.0
10867,10985,2530319.0,127838.0,23.8,60221592.2
10867,15976,3972072.0,191517.0,23.8,94535313.60000001
19500,12652,1419571.0,73958.0,179.13,254287753.23
19500,15008,1382010.0,72403.0,179.13,247559451.29999998
19500,11112,1386274.0,71842.0,179.13,248323261.62
19500,16325,1377328.0,71274.0,179.13,246720764.64
19500,11561,2441619.0,123684.0,179.13,437367211.46999997
19500,18441,1375623.0,71208.0,179.13,246415347.98999998
19500,16117,1341071.0,70805.0,179.13,240226048.23
19500,11209,1373427.0,71269.0,179.13,246021978.51
19500,15891,1437015.0,74080.0,179.13,257412496.95
19500,18812,1466903.0,75468.0,179.13,262766334.39
19500,19915,637073.0,32987.0,179.13,114118886.49
19500,17282,1416811.0,73175.0,179.13,253793354.43
19500,11147,438303.0,24169.0,179.13,78513216.39
19500,13417,1348252.0,70064.0,179.13,241512380.76
19500,12940,957932.0,50365.0,179.13,171594359.16
19500,12352,845372.0,45357.0,179.13,151431486.35999998
19500,17522,2114758.0,108021.0,179.13,378816600.53999996
19500,14234,2940594.0,149746.0,179.13,526748603.21999997
19500,19300,1395250.0,72195.0,179.13,249931132.5
19500,18542,1379288.0,71379.0,179.13,247071859.44
19500,16855,2110516.0,107769.0,179.13,378056731.08
19500,13694,2115034.0,101919.0,179.13,378866040.42
19500,12205,782027.0,40457.0,179.13,140084496.51
19500,18941,1807837.0,95276.0,179.13,323837841.81
19500,10748,1431753.0,73804.0,179.13,256469914.89
19500,10705,1235527.0,65328.0,179.13,221319951.51
19500,15483,2096772.0,101383.0,179.13,375594768.36
19500,13088,856811.0,45421.0,179.13,153480554.43
19500,13917,1300228.0,78152.0,179.13,232909841.64
19500,16236,1434090.0,74209.0,179.13,256888541.7
19500,13073,1435556.0,74280.0,179.13,257151146.28
19500,13636,1355637.0,70556.0,179.13,242835255.81
19500,18411,1023448.0,54070.0,179.13,183330240.24
19500,10916,3559297.0,181681.0,179.13,637576871.61
19500,15270,505703.0,23795.0,179.13,90586578.39
19500,13509,1356127.0,70679.0,179.13,242923029.51
19500,11200,1546674.0,82157.0,179.13,277055713.62
19500,12616,2110321.0,107647.0,179.13,378021800.73
19500,12868,2029873.0,105471.0,179.13,363611150.49
19500,13555,1246876.0,66445.0,179.13,223352897.88
19500,14736,1743271.0,92388.0,179.13,312272134.23
19500,17516,1821603.0,95745.0,179.13,326303745.39
19500,15183,628293.0,30225.0,179.13,112546125.09
19500,13563,3827624.0,195035.0,179.13,685642287.12
19500,15077,1268141.0,67923.0,179.13,227162097.32999998
19500,11466,3237715.0,164195.0,179.13,579971887.9499999
19500,15378,1091763.0,56846.0,179.13,195567506.19
19500,18827,1455862.0,77186.0,179.13,260788560.06
19500,16028,1733210.0,101173.0,179.13,310469907.3
19500,15601,1615102.0,85636.0,179.13,289313221.26
19500,15264,1886261.0,97552.0,179.13,337885932.93
19500,19333,1863174.0,97672.0,179.13,333750358.62
19500,19880,2961476.0,145285.0,179.13,530489195.88
19500,14519,1474086.0,75854.0,179.13,264053025.18
19500,12369,614814.0,29125.0,179.13,110131631.82
19500,10044,2124221.0,108469.0,179.13,380511707.73
19500,19147,3347012.0,167230.0,179.13,599550259.56
19500,18448,5381551.0,274101.0,179.13,963997230.63
19500,17010,3666374.0,175088.0,179.13,656757574.62
19500,17738,1024085.0,54661.0,179.13,183444346.04999998
19500,10955,781930.0,40414.0,179.13,140067120.9
19500,18219,1454181.0,77004.0,179.13,260487442.53
19500,11853,959643.0,50221.0,179.13,171900850.59
19500,10657,1594076.0,80963.0,179.13,285546833.88
19500,10568,1212202.0,64131.0,179.13,217141744.26
19500,10867,492580.0,23639.0,179.13,88235855.39999999
19500,19500,0.0,0.0,179.13,0.0
19500,13165,2090667.0,107816.0,179.13,374501179.71
19500,11022,1770687.0,92007.0,179.13,317183162.31
19500,19430,2360358.0,118383.0,179.13,422810928.53999996
19500,15241,12057.0,1016.0,179.13,2159770.41
19500,16683,1405636.0,74370.0,179.13,251791576.68
19500,12216,1681874.0,87461.0,179.13,301274089.62
19500,10301,743487.0,38999.0,179.13,133180826.31
19500,12355,3636923.0,174412.0,179.13,651482016.99
19500,14257,8580032.0,423481.0,179.13,1536941132.1599998
19500,10963,3818954.0,194810.0,179.13,684089230.02
19500,16193,3687270.0,177793.0,179.13,660500675.1
19500,16962,782190.0,40447.0,179.13,140113694.7
19500,15724,1895976.0,100951.0,179.13,339626180.88
19500,17789,1387441.0,71838.0,179.13,248532306.32999998
19500,14278,1003944.0,53249.0,179.13,179836488.72
19500,19846,3866659.0,188106.0,179.13,692634626.67
19500,11261,2070735.0,107113.0,179.13,370930760.55
19500,17223,819137.0,44616.0,179.13,146732010.81
19500,12562,625012.0,29415.0,179.13,111958399.56
19500,13170,1364855.0,70810.0,179.13,244486476.15
19500,13489,1378764.0,71339.0,179.13,246977995.32
19500,13582,1237034.0,65810.0,179.13,221589900.42
19500,14358,4343718.0,221255.0,179.13,778090205.34
19500,16108,3922748.0,199749.0,179.13,702681849.24
19500,10796,1039230.0,56838.0,179.13,186157269.9
19500,18799,1679334.0,87313.0,179.13,300819099.42
19500,10375,1381290.0,72804.0,179.13,247430477.7
19500,13665,2921655.0,149654.0,179.13,523356060.15
19500,15185,3444953.0,174391.0,179.13,617094430.89
19500,13454,2629483.0,137642.0,179.13,471019289.78999996
19500,14053,1442870.0,76560.0,179.13,258461303.1
19500,10901,441275.0,24462.0,179.13,79045590.75
19500,15948,1498531.0,79638.0,179.13,268431858.03
19500,12973,1448892.0,79546.0,179.13,259540023.95999998
19500,12746,1464658.0,75232.0,179.13,262364187.54
19500,11181,1416468.0,74198.0,179.13,253731912.84
19500,19143,2228327.0,113804.0,179.13,399160215.51
19500,19785,1123572.0,59575.0,179.13,201265452.35999998
19500,13237,1418570.0,73399.0,179.13,254108444.1
19500,15651,3566347.0,182324.0,179.13,638839738.11
19500,15848,3570629.0,181795.0,179.13,639606772.77
19500,11455,1877722.0,97372.0,179.13,336356341.86
19500,14425,986352.0,60505.0,179.13,176685233.76
19500,17752,4334531.0,220491.0,179.13,776444538.03
19500,14060,1434086.0,74208.0,179.13,256887825.18
19500,10316,1459087.0,77327.0,179.13,261366254.31
19500,19134,4539445.0,232350.0,179.13,813150782.85
19500,13460,1676274.0,87492.0,179.13,300270961.62
19500,15686,4332486.0,220395.0,179.13,776078217.18
19500,11189,1381303.0,72807.0,179.13,247432806.39
19500,10326,9310288.0,456536.0,179.13,1667751889.44
19500,10269,1060043.0,56129.0,179.13,189885502.59
19500,17464,6465716.0,325645.0,179.13,1158203707.08
19500,19273,1259361.0,66880.0,179.13,225589335.93
19500,13840,410480.0,46848.0,179.13,73529282.39999999
19500,14704,2311978.0,116145.0,179.13,414144619.14
19500,19239,1254024.0,66785.0,179.13,224633319.12
19500,19502,1267660.0,67807.0,179.13,227075935.79999998
19500,17504,5818202.0,296809.0,179.13,1042214524.26
19500,18110,818914.0,44577.0,179.13,146692064.82
19500,11163,2445856.0,124179.0,179.13,438126185.28
19500,12633,8577752.0,423380.0,179.13,1536532715.76
19500,16339,5022935.0,260981.0,179.13,899758346.55
19500,13989,2085283.0,107571.0,179.13,373536743.78999996
19500,18149,819117.0,44502.0,179.13,146728428.21
19500,10177,7924956.0,392764.0,179.13,1419597368.28
19500,12270,2260896.0,115664.0,179.13,404994300.48
19500,13100,3108831.0,154948.0,179.13,556884897.03
19500,17781,1212743.0,64197.0,179.13,217238653.59
19500,19971,3538715.0,179865.0,179.13,633890017.9499999
19500,16887,4036550.0,196260.0,179.13,723067201.5
19500,10985,2131057.0,108667.0,179.13,381736240.40999997
19500,15976,3487173.0,168530.0,179.13,624657299.49
13165,12652,1706052.0,84429.0,14.553,24828174.756
13165,15008,1755158.0,86509.0,14.553,25542814.374
13165,11112,1755111.0,87008.0,14.553,25542130.383
13165,16325,1777276.0,87834.0,5.3361,9483722.4636
13165,11561,418456.0,22716.0,71.7948,30042964.828799997
13165,18441,1775571.0,87767.0,5.3361,9474624.4131
13165,16117,1895972.0,92776.0,15.5232,29431552.5504
13165,11209,1776778.0,87787.0,5.3361,9481065.0858
13165,15891,1741776.0,86219.0,14.553,25348066.128000002
13165,18812,1784770.0,88010.0,5.3361,9523711.197
13165,19915,2279155.0,117168.0,56.2716,128251698.498
13165,17282,1786397.0,88354.0,5.3361,9532393.0317
13165,11147,1669030.0,84400.0,14.553,24289393.59
13165,13417,1773909.0,87250.0,5.3361,9465755.8149
13165,12940,1536659.0,75769.0,14.553,22362998.427
13165,12352,2411566.0,122345.0,32.9868,79549845.32880001
13165,17522,203440.0,10912.0,50.0,10172000.0
13165,14234,1039665.0,47556.0,85.4,88787391.0
13165,19300,1733468.0,85963.0,14.553,25227159.804
13165,18542,1749686.0,86666.0,14.553,25463180.358000003
13165,16855,242564.0,12962.0,50.0,12128200.0
13165,13694,2432901.0,114460.0,32.9868,80253618.7068
13165,12205,2124150.0,107083.0,56.2716,119529319.14
13165,18941,761985.0,38450.0,60.0,45719100.0
13165,10748,1746264.0,87058.0,14.553,25413379.992000002
13165,10705,1692438.0,84641.0,14.553,24630050.214
13165,15483,2414638.0,113924.0,56.2716,135875543.6808
13165,13088,2417489.0,122532.0,32.9868,79745226.1452
13165,13917,725130.0,37857.0,33.599999999999994,24364367.999999996
13165,16236,1694953.0,84381.0,14.553,24666651.009
13165,13073,1682457.0,83579.0,14.553,24484796.721
13165,13636,1809761.0,88450.0,5.3361,9657065.6721
13165,18411,1242944.0,60353.0,14.553,18088564.032
13165,10916,1460557.0,74348.0,14.553,21255486.021
13165,15270,2511430.0,127017.0,53.0,133105790.0
13165,13509,1810250.0,88572.0,5.3361,9659675.025
13165,11200,1596216.0,82058.0,14.553,23229731.448000003
13165,12616,208662.0,11235.0,50.0,10433100.0
13165,12868,2483660.0,122469.0,53.0,131633980.0
13165,13555,845333.0,41736.0,60.0,50719980.0
13165,14736,2372268.0,120857.0,56.2716,133491315.9888
13165,17516,698008.0,35985.0,33.599999999999994,23453068.799999997
13165,15183,2298114.0,120120.0,56.2716,129318551.7624
13165,13563,1728884.0,87703.0,14.553,25160448.852
13165,15077,985391.0,50979.0,48.21,47505700.11
13165,11466,1205583.0,63119.0,85.4,102956788.2
13165,15378,1675963.0,83009.0,14.553,24390289.539
13165,18827,976579.0,48308.0,48.21,47080873.59
13165,16028,285367.0,14584.0,71.7948,20487866.6916
13165,15601,709627.0,35484.0,33.599999999999994,23843467.199999996
13165,15264,1065194.0,53379.0,85.4,90967567.60000001
13165,19333,1790742.0,94096.0,5.3361,9555578.3862
13165,19880,2121695.0,99004.0,56.2716,119391172.362
13165,14519,1792184.0,88359.0,5.3361,9563273.0424
13165,12369,2441273.0,127619.0,53.0,129387469.0
13165,10044,201255.0,11025.0,50.0,10062750.0
13165,19147,3196568.0,166317.0,53.0,169418104.0
13165,18448,3282810.0,166769.0,53.0,173988930.0
13165,17010,2658298.0,122772.0,53.0,140889794.0
13165,17738,1760013.0,87761.0,5.3361,9391605.3693
13165,10955,2124053.0,107040.0,56.2716,119523860.7948
13165,18219,1572024.0,77648.0,14.553,22877665.272
13165,11853,1531887.0,75644.0,14.553,22293551.511
13165,10657,1911943.0,93504.0,15.5232,29679473.5776
13165,10568,884032.0,44208.0,60.0,53041920.0
13165,10867,2498308.0,126861.0,53.0,132410324.0
13165,19500,2102112.0,107993.0,56.2716,118289205.6192
13165,13165,0.0,0.0,174.29999999999998,0.0
13165,11022,2143863.0,107862.0,56.2716,120638601.1908
13165,19430,2813809.0,135353.0,53.0,149131877.0
13165,15241,2089887.0,107017.0,56.2716,117601285.3092
13165,16683,1349313.0,67568.0,14.553,19636552.089
13165,12216,428464.0,21701.0,71.7948,30761487.1872
13165,10301,2254106.0,113410.0,56.2716,126842151.1896
13165,12355,2685276.0,124295.0,56.2716,151104776.9616
13165,14257,6481291.0,316148.0,53.0,343508423.0
13165,10963,1720214.0,87478.0,14.553,25034274.342
13165,16193,1567012.0,75043.0,14.553,22804725.636
13165,16962,2124313.0,107073.0,56.2716,119538491.4108
13165,15724,1919914.0,100641.0,15.5232,29803209.0048
13165,17789,1765526.0,87450.0,14.553,25693699.878000002
13165,14278,1739872.0,86350.0,14.553,25320357.216000002
13165,19846,1740482.0,85001.0,14.553,25329234.546
13165,11261,571952.0,27747.0,33.599999999999994,19217587.199999996
13165,17223,1280836.0,63952.0,14.553,18640006.308000002
13165,12562,2445502.0,127848.0,53.0,129611606.0
13165,13170,1785433.0,87576.0,5.3361,9527249.0313
13165,13489,1771238.0,87528.0,5.3361,9451503.0918
13165,13582,1977362.0,99175.0,56.2716,111269323.5192
13165,14358,2244978.0,113923.0,56.2716,126328504.0248
13165,16108,1824008.0,92417.0,5.3361,9733089.0888
13165,10796,1119916.0,54821.0,85.4,95640826.4
13165,18799,425924.0,21553.0,71.7948,30579128.3952
13165,10375,2739101.0,140237.0,53.0,145172353.0
13165,13665,822915.0,42322.0,60.0,49374900.0
13165,15185,1412821.0,73315.0,14.553,20560784.013
13165,13454,2097435.0,115166.0,56.2716,118026023.346
13165,14053,1561607.0,77333.0,14.553,22726066.671
13165,10901,1661356.0,83876.0,14.553,24177713.868
13165,15948,2104403.0,106710.0,56.2716,118418123.8548
13165,12973,977719.0,49658.0,48.21,47135832.99
13165,12746,1782524.0,87773.0,5.3361,9511726.3164
13165,11181,1950891.0,96163.0,15.5232,30284071.1712
13165,19143,352937.0,18635.0,71.7948,25339041.3276
13165,19785,1863900.0,92941.0,15.5232,28933692.479999997
13165,13237,1788156.0,88578.0,5.3361,9541779.2316
13165,15651,1467607.0,74991.0,14.553,21358084.671
13165,15848,1471889.0,74462.0,14.553,21420400.617000002
13165,11455,2250898.0,113226.0,56.2716,126661631.8968
13165,14425,1034819.0,54093.0,85.4,88373542.60000001
13165,17752,2235791.0,113158.0,56.2716,125811536.8356
13165,14060,1694949.0,84380.0,14.553,24666592.797000002
13165,10316,1111870.0,55002.0,85.4,94953698.0
13165,19134,2440705.0,125018.0,32.9868,80511047.694
13165,13460,1720593.0,89239.0,14.553,25039789.929
13165,15686,2233746.0,113063.0,56.2716,125696461.4136
13165,11189,2739114.0,140240.0,53.0,145173042.0
13165,10326,7211547.0,349203.0,53.0,382211991.0
13165,10269,2682577.0,136655.0,53.0,142176581.0
13165,17464,4366975.0,218313.0,53.0,231449675.0
13165,19273,1999689.0,100245.0,56.2716,112525699.5324
13165,13840,1551050.0,80896.0,14.553,22572430.650000002
13165,14704,2745846.0,132490.0,53.0,145529838.0
13165,19239,837509.0,41226.0,60.0,50250540.0
13165,19502,984910.0,50863.0,48.21,47482511.1
13165,17504,3719462.0,189476.0,53.0,197131486.0
13165,18110,1280613.0,63913.0,14.553,18636760.989
13165,11163,570466.0,29010.0,33.599999999999994,19167657.599999998
13165,12633,6479011.0,316048.0,53.0,343387583.0
13165,16339,2924194.0,153649.0,53.0,154982282.0
13165,13989,9639.0,965.0,174.29999999999998,1680077.6999999997
13165,18149,1295602.0,64695.0,14.553,18854895.906
13165,10177,5826215.0,285432.0,53.0,308789395.0
13165,12270,1469826.0,73117.0,14.553,21390377.778
13165,13100,2958386.0,154034.0,53.0,156794458.0
13165,17781,884573.0,44273.0,60.0,53074380.0
13165,19971,1506583.0,78789.0,14.553,21925302.399
13165,16887,1808197.0,91347.0,5.3361,9648720.0117
13165,10985,2540552.0,122229.0,53.0,134649256.0
13165,15976,2647392.0,122249.0,56.2716,148972983.6672
11022,12652,464793.0,25469.0,40.0,18591720.0
11022,15008,454564.0,24131.0,35.0,15909740.0
11022,11112,404051.0,21990.0,40.59,16400430.090000002
11022,16325,421729.0,22073.0,40.59,17117980.110000003
11022,11561,2398889.0,117363.0,40.0,95955560.0
11022,18441,420023.0,22007.0,40.59,17048733.57
11022,16117,461012.0,25177.0,35.0,16135420.0
11022,11209,417827.0,22068.0,40.59,16959597.93
11022,15891,439521.0,23113.0,35.0,15383235.0
11022,18812,408847.0,22217.0,40.59,16595099.730000002
11022,19915,1661211.0,85350.0,40.0,66448440.0
11022,17282,371812.0,20051.0,40.59,15091849.080000002
11022,11147,1336890.0,68098.0,40.0,53475600.0
11022,13417,426707.0,22650.0,40.59,17320037.130000003
11022,12940,842650.0,43659.0,40.0,33706000.0
11022,12352,1570649.0,81740.0,40.0,62825960.0
11022,17522,2072028.0,101700.0,40.0,82881120.0
11022,14234,3206657.0,153831.0,40.0,128266280.0
11022,19300,425982.0,22573.0,40.59,17290609.380000003
11022,18542,410697.0,21806.0,40.59,16670191.230000002
11022,16855,2067786.0,101447.0,40.0,82711440.0
11022,13694,708869.0,38785.0,40.0,28354760.0
11022,12205,1283233.0,66478.0,40.0,51329320.0
11022,18941,1595168.0,82465.0,40.0,63806720.0
11022,10748,414390.0,21978.0,40.59,16820090.1
11022,10705,579587.0,30361.0,40.0,23183480.0
11022,15483,704464.0,38722.0,40.0,28178560.0
11022,13088,1576572.0,81926.0,40.0,63062880.0
11022,13917,1862072.0,95383.0,40.0,74482880.0
11022,16236,445962.0,24341.0,35.0,15608670.0
11022,13073,460274.0,24983.0,35.0,16109590.0
11022,13636,431660.0,22459.0,40.59,17521079.400000002
11022,18411,1027584.0,54106.0,40.0,41103360.0
11022,10916,3627550.0,180623.0,40.0,145102000.0
11022,15270,2118527.0,109660.0,40.0,84741080.0
11022,13509,432149.0,22582.0,40.59,17540927.91
11022,11200,705608.0,37716.0,40.0,28224320.0
11022,12616,2067591.0,101326.0,40.0,82703640.0
11022,12868,353827.0,15534.0,40.59,14361837.930000002
11022,13555,1435677.0,73400.0,40.0,57427080.0
11022,14736,361781.0,20037.0,40.59,14684690.790000001
11022,17516,1608935.0,82934.0,40.0,64357400.0
11022,15183,1797365.0,92397.0,40.0,71894600.0
11022,13563,3895877.0,193978.0,40.0,155835080.0
11022,15077,1235530.0,63146.0,40.0,49421200.0
11022,11466,3194985.0,157874.0,40.0,127799400.0
11022,15378,669597.0,37535.0,40.0,26783880.0
11022,18827,1217329.0,62801.0,40.0,48693160.0
11022,16028,2069597.0,106087.0,40.0,82783880.0
11022,15601,1443152.0,74487.0,40.0,57726080.0
11022,15264,1345165.0,71180.0,40.0,53806600.0
11022,19333,865680.0,46705.0,40.0,34627200.0
11022,19880,3643934.0,173350.0,40.0,145757360.0
11022,14519,406514.0,21997.0,40.59,16500403.260000002
11022,12369,1981655.0,100967.0,40.0,79266200.0
11022,10044,2081491.0,102148.0,40.0,83259640.0
11022,19147,1995650.0,105538.0,40.0,79826000.0
11022,18448,5449803.0,273044.0,40.0,217992120.0
11022,17010,4348833.0,203153.0,40.0,173953320.0
11022,17738,726269.0,40018.0,40.0,29050760.0
11022,10955,1283136.0,66434.0,40.0,51325440.0
11022,18219,574941.0,30665.0,40.0,22997640.0
11022,11853,826069.0,42600.0,40.0,33042760.0
11022,10657,407855.0,21917.0,40.59,16554834.450000001
11022,10568,1474376.0,75871.0,40.0,58975040.0
11022,10867,2105405.0,109504.0,40.0,84216200.0
11022,19500,1772678.0,91879.0,40.0,70907120.0
11022,13165,2145629.0,108025.0,40.0,85825160.0
11022,11022,0.0,0.0,40.59,0.0
11022,19430,683975.0,28419.0,40.0,27359000.0
11022,15241,1760454.0,90904.0,40.0,70418160.0
11022,16683,847696.0,44789.0,40.0,33907840.0
11022,12216,1727108.0,87732.0,40.0,69084320.0
11022,10301,1413189.0,72805.0,40.0,56527560.0
11022,12355,4319382.0,202477.0,40.0,172775280.0
11022,14257,8648284.0,422423.0,40.0,345931360.0
11022,10963,3887206.0,193753.0,40.0,155488240.0
11022,16193,3734004.0,181318.0,40.0,149360160.0
11022,16962,1283395.0,66468.0,40.0,51335800.0
11022,15724,805403.0,44722.0,40.0,32216120.0
11022,17789,401167.0,22040.0,40.59,16283368.530000001
11022,14278,737292.0,40504.0,40.0,29491680.0
11022,19846,3907474.0,191276.0,40.0,156298960.0
11022,11261,1867094.0,96171.0,40.0,74683760.0
11022,17223,1231396.0,65615.0,40.0,49255840.0
11022,12562,1978605.0,101083.0,40.0,79144200.0
11022,13170,412379.0,21694.0,40.59,16738463.610000001
11022,13489,423165.0,22138.0,40.59,17176267.35
11022,13582,542924.0,30667.0,40.0,21716960.0
11022,14358,4411971.0,220198.0,40.0,176478840.0
11022,16108,3991000.0,198691.0,40.0,159640000.0
11022,10796,1153789.0,59887.0,40.0,46151560.0
11022,18799,1724568.0,87584.0,40.0,68982720.0
11022,10375,1898184.0,99632.0,40.0,75927360.0
11022,13665,2989907.0,148597.0,40.0,119596280.0
11022,15185,3402223.0,168070.0,40.0,136088920.0
11022,13454,1631989.0,86675.0,40.0,65279560.0
11022,14053,598034.0,31585.0,40.0,23921360.0
11022,10901,1336305.0,68396.0,40.0,53452200.0
11022,15948,249696.0,14957.0,40.59,10135160.64
11022,12973,2112690.0,107287.0,40.0,84507600.0
11022,12746,412441.0,22272.0,40.59,16740980.190000001
11022,11181,349019.0,19027.0,40.59,14166681.21
11022,19143,2185597.0,107483.0,40.0,87423880.0
11022,19785,670740.0,38263.0,40.0,26829600.0
11022,13237,368206.0,19755.0,40.59,14945481.540000001
11022,15651,3634599.0,181266.0,40.0,145383960.0
11022,15848,3638882.0,180737.0,40.0,145555280.0
11022,11455,121064.0,6292.0,40.59,4913987.760000001
11022,14425,1651843.0,90133.0,40.0,66073720.0
11022,17752,4402784.0,219433.0,40.0,176111360.0
11022,14060,445958.0,24341.0,35.0,15608530.0
11022,10316,1080241.0,56607.0,40.0,43209640.0
11022,19134,4607698.0,231293.0,40.0,184307920.0
11022,13460,678780.0,36525.0,40.0,27151200.0
11022,15686,4400739.0,219338.0,40.0,176029560.0
11022,11189,1898196.0,99635.0,40.0,75927840.0
11022,10326,9378540.0,455478.0,40.0,375141600.0
11022,10269,1841660.0,96049.0,40.0,73666400.0
11022,17464,6533968.0,324588.0,40.0,261358720.0
11022,19273,705591.0,38437.0,40.0,28223640.0
11022,13840,2111519.0,113594.0,40.0,84460760.0
11022,14704,616013.0,25555.0,40.0,24640520.0
11022,19239,1437781.0,73368.0,40.0,57511240.0
11022,19502,1235049.0,63030.0,40.0,49401960.0
11022,17504,5886455.0,295751.0,40.0,235458200.0
11022,18110,1231173.0,65576.0,40.0,49246920.0
11022,11163,2403126.0,117858.0,40.0,96125040.0
11022,12633,8646004.0,422323.0,40.0,345840160.0
11022,16339,5091187.0,259924.0,40.0,203647480.0
11022,13989,2140245.0,107779.0,40.0,85609800.0
11022,18149,1215794.0,64646.0,40.0,48631760.0
11022,10177,7993208.0,391707.0,40.0,319728320.0
11022,12270,1719799.0,89293.0,40.0,68791960.0
11022,13100,1757468.0,93256.0,40.0,70298720.0
11022,17781,1474917.0,75937.0,40.0,58996680.0
11022,19971,3495985.0,173544.0,40.0,139839400.0
11022,16887,3975190.0,197622.0,40.0,159007600.0
11022,10985,458381.0,24154.0,35.0,16043335.0
11022,15976,4169631.0,196595.0,40.0,166785240.0
19430,12652,1134933.0,53010.0,37.8378,42943367.8674
19430,15008,1124703.0,51672.0,36.8676,41465100.3228
19430,11112,1074191.0,49531.0,36.0,38670876.0
19430,16325,1091869.0,49615.0,36.8676,40254589.54440001
19430,11561,3069028.0,144904.0,37.8378,116125267.6584
19430,18441,1090163.0,49548.0,34.9272,38076341.1336
19430,16117,1131152.0,52718.0,36.8676,41702859.475200005
19430,11209,1087967.0,49609.0,34.9272,37999641.002399996
19430,15891,1109661.0,50654.0,36.8676,40910537.883600004
19430,18812,1078986.0,49758.0,36.0,38843496.0
19430,19915,2314339.0,110377.0,37.8378,87569496.2142
19430,17282,1041952.0,47592.0,36.0,37510272.0
19430,11147,1957048.0,94664.0,37.8378,74050390.8144
19430,13417,1096847.0,50191.0,36.8676,40438116.457200006
19430,12940,1447127.0,71160.0,37.8378,54756102.0006
19430,12352,2223777.0,106767.0,37.8378,84142829.3706
19430,17522,2742168.0,129241.0,37.8378,103757604.3504
19430,14234,3876797.0,181372.0,37.8378,146689469.5266
19430,19300,1096122.0,50114.0,36.8676,40411387.4472
19430,18542,1080837.0,49347.0,36.0,38910132.0
19430,16855,2737926.0,128989.0,37.8378,103597096.40280001
19430,13694,1268174.0,59321.0,37.8378,47984914.177200004
19430,12205,1936361.0,91505.0,37.8378,73267640.2458
19430,18941,2265308.0,110006.0,37.8378,85714271.0424
19430,10748,1084530.0,49519.0,34.9272,37879596.216
19430,10705,1249726.0,57902.0,37.8378,47286882.4428
19430,15483,1263768.0,59258.0,37.8378,47818200.830400005
19430,13088,2229700.0,106954.0,37.8378,84366942.66
19430,13917,2532212.0,122924.0,37.8378,95813331.21360001
19430,16236,1116101.0,51883.0,36.8676,41147965.2276
19430,13073,1130414.0,52524.0,36.8676,41675651.186400004
19430,13636,1101800.0,50000.0,36.8676,40620721.68
19430,18411,1697724.0,81648.0,37.8378,64238141.1672
19430,10916,4297690.0,208164.0,37.8378,162615134.682
19430,15270,2771655.0,134687.0,37.8378,104873327.559
19430,13509,1102289.0,50123.0,36.8676,40638749.936400004
19430,11200,1375748.0,65257.0,37.8378,52055277.6744
19430,12616,2737731.0,128867.0,37.8378,103589718.0318
19430,12868,356933.0,14853.0,43.0,15348119.0
19430,13555,2105817.0,100941.0,37.8378,79679482.4826
19430,14736,650443.0,26257.0,36.0,23415948.0
19430,17516,2279075.0,110475.0,37.8378,86235184.035
19430,15183,2450493.0,117424.0,37.8378,92721264.0354
19430,13563,4566016.0,221519.0,37.8378,172768000.2048
19430,15077,1905670.0,90687.0,37.8378,72106360.326
19430,11466,3865125.0,185415.0,37.8378,146247826.725
19430,15378,1285688.0,62704.0,37.8378,48647605.4064
19430,18827,1887469.0,90342.0,37.8378,71417674.5282
19430,16028,2739737.0,133629.0,37.8378,103665620.6586
19430,15601,2113292.0,102029.0,37.8378,79962320.0376
19430,15264,2015305.0,98721.0,37.8378,76254707.529
19430,19333,1535820.0,74246.0,37.8378,58112049.996
19430,19880,4314074.0,200891.0,37.8378,163235069.1972
19430,14519,1076654.0,49538.0,36.0,38759544.0
19430,12369,2634783.0,125994.0,37.8378,99694392.1974
19430,10044,2751630.0,129689.0,37.8378,104115625.61400001
19430,19147,2589005.0,126833.0,37.8378,97962253.389
19430,18448,6119943.0,300585.0,37.8378,231565179.2454
19430,17010,5018972.0,230694.0,37.8378,189906858.7416
19430,17738,1342360.0,65187.0,37.8378,50791949.208000004
19430,10955,1936265.0,91462.0,37.8378,73264007.817
19430,18219,1245080.0,58206.0,37.8378,47111088.024000004
19430,11853,1430546.0,70101.0,37.8378,54128713.4388
19430,10657,1077994.0,49458.0,36.0,38807784.0
19430,10568,2144516.0,103413.0,37.8378,81143767.5048
19430,10867,2758533.0,134531.0,37.8378,104376819.9474
19430,19500,2392836.0,118445.0,37.8378,90539650.0008
19430,13165,2815769.0,135566.0,37.8378,106542504.26820001
19430,11022,684078.0,28462.0,36.0,24626808.0
19430,19430,0.0,0.0,43.0,0.0
19430,15241,2380612.0,117469.0,37.8378,90077120.7336
19430,16683,1517836.0,72330.0,37.8378,57431575.0008
19430,12216,2397248.0,115274.0,37.8378,90706590.3744
19430,10301,2066317.0,97832.0,37.8378,78184889.38260001
19430,12355,4989521.0,230018.0,37.8378,188792497.6938
19430,14257,9318424.0,449964.0,37.8378,352588663.6272
19430,10963,4557346.0,221294.0,37.8378,172439946.4788
19430,16193,4404144.0,208859.0,37.8378,166643119.8432
19430,16962,1936524.0,91495.0,37.8378,73273807.8072
19430,15724,1475543.0,72263.0,37.8378,55831300.925400004
19430,17789,1071307.0,49581.0,36.0,38567052.0
19430,14278,1353383.0,65673.0,37.8378,51209035.2774
19430,19846,4577614.0,218817.0,37.8378,173206843.0092
19430,11261,2537234.0,123712.0,37.8378,96003352.6452
19430,17223,1911402.0,92723.0,37.8378,72323246.59560001
19430,12562,2631733.0,126110.0,37.8378,99578986.9074
19430,13170,1082519.0,49235.0,36.0,38970684.0
19430,13489,1093305.0,49679.0,36.8676,40307531.418000005
19430,13582,1139244.0,53003.0,37.8378,43106486.6232
19430,14358,5082110.0,247739.0,37.8378,192295861.75800002
19430,16108,4661140.0,226232.0,37.8378,176367283.092
19430,10796,1823928.0,87428.0,37.8378,69013422.8784
19430,18799,2394708.0,115125.0,37.8378,90610482.36240001
19430,10375,2352250.0,123751.0,37.8378,89003965.05
19430,13665,3660047.0,176138.0,37.8378,138488126.3766
19430,15185,4072362.0,195611.0,37.8378,154089218.8836
19430,13454,2302129.0,114216.0,37.8378,87107496.6762
19430,14053,1268174.0,59126.0,37.8378,47984914.177200004
19430,10901,1956463.0,94961.0,37.8378,74028255.7014
19430,15948,865786.0,40126.0,36.0,31168296.0
19430,12973,2782830.0,134828.0,37.8378,105296164.974
19430,12746,1082580.0,49813.0,36.0,38972880.0
19430,11181,1019159.0,46568.0,36.0,36689724.0
19430,19143,2855737.0,135024.0,37.8378,108054805.4586
19430,19785,1306350.0,61201.0,37.8378,49429410.03
19430,13237,1038345.0,47296.0,36.0,37380420.0
19430,15651,4304739.0,208807.0,37.8378,162881853.3342
19430,15848,4309021.0,208278.0,37.8378,163043874.7938
19430,11455,579350.0,23120.0,43.0,24912050.0
19430,14425,2256320.0,117635.0,37.8378,85374184.896
19430,17752,5072923.0,246974.0,37.8378,191948245.8894
19430,14060,1116097.0,51882.0,36.8676,41147817.7572
19430,10316,1750380.0,84148.0,37.8378,66230528.364
19430,19134,5277837.0,258834.0,37.8378,199701740.8386
19430,13460,1348920.0,64066.0,37.8378,51040165.176
19430,15686,5070878.0,246879.0,37.8378,191870867.5884
19430,11189,2352263.0,123754.0,37.8378,89004456.9414
19430,10326,10048680.0,483019.0,37.8378,380219944.10400003
19430,10269,2494788.0,121076.0,37.8378,94397289.3864
19430,17464,7204108.0,352129.0,37.8378,272587597.6824
19430,19273,1270462.0,59688.0,37.8378,48071487.0636
19430,13840,2715996.0,141095.0,37.8378,102767313.4488
19430,14704,233729.0,13168.0,43.0,10050347.0
19430,19239,2107920.0,100909.0,37.8378,79759055.376
19430,19502,1905189.0,90571.0,37.8378,72088160.3442
19430,17504,6556594.0,323292.0,37.8378,248087092.4532
19430,18110,1911179.0,92685.0,37.8378,72314808.7662
19430,11163,3073266.0,145399.0,37.8378,116285624.2548
19430,12633,9316144.0,449864.0,37.8378,352502393.4432
19430,16339,5761327.0,287465.0,37.8378,217995938.7606
19430,13989,2810385.0,135321.0,37.8378,106338785.553
19430,18149,1820271.0,92147.0,37.8378,68875050.0438
19430,10177,8663348.0,419248.0,37.8378,327802028.9544
19430,12270,2389939.0,116834.0,37.8378,90430033.8942
19430,13100,2350823.0,114551.0,37.8378,88949970.50940001
19430,17781,2145057.0,103478.0,37.8378,81164237.7546
19430,19971,4166124.0,201085.0,37.8378,157636966.6872
19430,16887,4645330.0,225163.0,37.8378,175769067.474
19430,10985,986572.0,44496.0,36.0,35516592.0
19430,15976,4839770.0,224136.0,37.8378,183126249.306
15241,12652,1407514.0,72941.0,38.0,53485532.0
15241,15008,1369953.0,71386.0,38.0,52058214.0
15241,11112,1374217.0,70826.0,38.0,52220246.0
15241,16325,1365271.0,70257.0,38.0,51880298.0
15241,11561,2429561.0,122667.0,38.0,92323318.0
15241,18441,1363566.0,70191.0,38.0,51815508.0
15241,16117,1329013.0,69788.0,33.35,44322583.550000004
15241,11209,1361370.0,70252.0,38.0,51732060.0
15241,15891,1424958.0,73063.0,38.0,54148404.0
15241,18812,1454846.0,74451.0,38.0,55284148.0
15241,19915,633546.0,32502.0,55.0,34845030.0
15241,17282,1404754.0,72159.0,38.0,53380652.0
15241,11147,426246.0,23152.0,78.67999999999999,33537035.279999997
15241,13417,1336195.0,69047.0,33.35,44562103.25
15241,12940,945875.0,49348.0,55.0,52023125.0
15241,12352,841845.0,44872.0,55.0,46301475.0
15241,17522,2102701.0,107004.0,38.0,79902638.0
15241,14234,2937741.0,149436.0,52.0,152762532.0
15241,19300,1383193.0,71178.0,38.0,52561334.0
15241,18542,1367230.0,70362.0,38.0,51954740.0
15241,16855,2098459.0,106752.0,38.0,79741442.0
15241,13694,2102977.0,100902.0,38.0,79913126.0
15241,12205,778501.0,39972.0,55.0,42817555.0
15241,18941,1795779.0,94259.0,38.0,68239602.0
15241,10748,1419696.0,72787.0,38.0,53948448.0
15241,10705,1223470.0,64311.0,33.35,40802724.5
15241,15483,2084714.0,100366.0,38.0,79219132.0
15241,13088,853284.0,44936.0,55.0,46930620.0
15241,13917,1297375.0,77842.0,33.35,43267456.25
15241,16236,1422033.0,73192.0,38.0,54037254.0
15241,13073,1423499.0,73263.0,38.0,54092962.0
15241,13636,1343580.0,69539.0,33.35,44808393.0
15241,18411,1011391.0,53054.0,33.35,33729889.85
15241,10916,3547240.0,180664.0,52.0,184456480.0
15241,15270,504437.0,23371.0,78.67999999999999,39689103.16
15241,13509,1344070.0,69662.0,33.35,44824734.5
15241,11200,1534616.0,81140.0,38.0,58315408.0
15241,12616,2098264.0,106630.0,38.0,79734032.0
15241,12868,2017816.0,104454.0,38.0,76677008.0
15241,13555,1234819.0,65428.0,33.35,41181213.65
15241,14736,1731214.0,91371.0,38.0,65786132.0
15241,17516,1809546.0,94728.0,38.0,68762748.0
15241,15183,627028.0,29801.0,55.0,34486540.0
15241,13563,3815567.0,194019.0,52.0,198409484.0
15241,15077,1256084.0,66906.0,33.35,41890401.4
15241,11466,3225658.0,163179.0,52.0,167734216.0
15241,15378,1079706.0,55829.0,33.35,36008195.1
15241,18827,1443805.0,76169.0,38.0,54864590.0
15241,16028,1730357.0,100863.0,38.0,65753566.0
15241,15601,1603045.0,84619.0,38.0,60915710.0
15241,15264,1874204.0,96535.0,38.0,71219752.0
15241,19333,1851117.0,96655.0,38.0,70342446.0
15241,19880,2958623.0,144975.0,52.0,153848396.0
15241,14519,1462029.0,74837.0,38.0,55557102.0
15241,12369,613549.0,28700.0,55.0,33745195.0
15241,10044,2112163.0,107452.0,38.0,80262194.0
15241,19147,3334955.0,166214.0,52.0,173417660.0
15241,18448,5369494.0,273084.0,52.0,279213688.0
15241,17010,3663522.0,174778.0,52.0,190503144.0
15241,17738,1012028.0,53644.0,33.35,33751133.800000004
15241,10955,778404.0,39929.0,55.0,42812220.0
15241,18219,1442124.0,75987.0,38.0,54800712.0
15241,11853,947586.0,49204.0,55.0,52117230.0
15241,10657,1582019.0,79946.0,38.0,60116722.0
15241,10568,1200144.0,63114.0,33.35,40024802.4
15241,10867,491315.0,23215.0,78.67999999999999,38656664.199999996
15241,19500,12224.0,975.0,179.13,2189685.12
15241,13165,2078610.0,106799.0,38.0,78987180.0
15241,11022,1758630.0,90990.0,38.0,66827940.0
15241,19430,2348301.0,117366.0,38.0,89235438.0
15241,15241,0.0,0.0,179.13,0.0
15241,16683,1393579.0,73353.0,38.0,52956002.0
15241,12216,1669817.0,86444.0,38.0,63453046.0
15241,10301,739960.0,38514.0,55.0,40697800.0
15241,12355,3634071.0,174102.0,52.0,188971692.0
15241,14257,8567975.0,422464.0,52.0,445534700.0
15241,10963,3806897.0,193793.0,52.0,197958644.0
15241,16193,3684418.0,177483.0,52.0,191589736.0
15241,16962,778663.0,39962.0,55.0,42826465.0
15241,15724,1883918.0,99934.0,38.0,71588884.0
15241,17789,1375384.0,70821.0,38.0,52264592.0
15241,14278,991887.0,52233.0,33.35,33079431.450000003
15241,19846,3863807.0,187796.0,52.0,200917964.0
15241,11261,2058678.0,106097.0,38.0,78229764.0
15241,17223,807080.0,43599.0,55.0,44389400.0
15241,12562,623747.0,28991.0,55.0,34306085.0
15241,13170,1352798.0,69793.0,38.0,51406324.0
15241,13489,1366707.0,70322.0,38.0,51934866.0
15241,13582,1224977.0,64793.0,33.35,40852982.95
15241,14358,4331661.0,220238.0,52.0,225246372.0
15241,16108,3910691.0,198732.0,52.0,203355932.0
15241,10796,1027173.0,55821.0,33.35,34256219.550000004
15241,18799,1667277.0,86296.0,38.0,63356526.0
15241,10375,1377763.0,72319.0,38.0,52354994.0
15241,13665,2909598.0,148637.0,52.0,151299096.0
15241,15185,3432895.0,173374.0,52.0,178510540.0
15241,13454,2617426.0,136625.0,38.0,99462188.0
15241,14053,1430813.0,75543.0,38.0,54370894.0
15241,10901,429218.0,23445.0,78.67999999999999,33770872.239999995
15241,15948,1486474.0,78622.0,38.0,56486012.0
15241,12973,1446040.0,79236.0,38.0,54949520.0
15241,12746,1452600.0,74215.0,38.0,55198800.0
15241,11181,1404411.0,73181.0,38.0,53367618.0
15241,19143,2216270.0,112787.0,38.0,84218260.0
15241,19785,1111515.0,58559.0,33.35,37069025.25
15241,13237,1406512.0,72382.0,38.0,53447456.0
15241,15651,3554290.0,181307.0,52.0,184823080.0
15241,15848,3558572.0,180778.0,52.0,185045744.0
15241,11455,1865664.0,96355.0,38.0,70895232.0
15241,14425,983499.0,60195.0,33.35,32799691.650000002
15241,17752,4322474.0,219474.0,52.0,224768648.0
15241,14060,1422029.0,73191.0,38.0,54037102.0
15241,10316,1447030.0,76310.0,38.0,54987140.0
15241,19134,4527388.0,231333.0,52.0,235424176.0
15241,13460,1664217.0,86475.0,38.0,63240246.0
15241,15686,4320429.0,219378.0,52.0,224662308.0
15241,11189,1377776.0,72322.0,38.0,52355488.0
15241,10326,9298231.0,455519.0,52.0,483508012.0
15241,10269,1056516.0,55644.0,33.35,35234808.6
15241,17464,6453659.0,324628.0,52.0,335590268.0
15241,19273,1247304.0,65863.0,33.35,41597588.4
15241,13840,412755.0,46553.0,78.67999999999999,32475563.4
15241,14704,2299921.0,115128.0,38.0,87396998.0
15241,19239,1241967.0,65768.0,33.35,41419599.45
15241,19502,1255603.0,66790.0,33.35,41874360.050000004
15241,17504,5806145.0,295792.0,52.0,301919540.0
15241,18110,806857.0,43561.0,55.0,44377135.0
15241,11163,2433799.0,123162.0,38.0,92484362.0
15241,12633,8565695.0,422364.0,52.0,445416140.0
15241,16339,5010878.0,259965.0,52.0,260565656.0
15241,13989,2073226.0,106554.0,38.0,78782588.0
15241,18149,807060.0,43485.0,55.0,44388300.0
15241,10177,7912899.0,391747.0,52.0,411470748.0
15241,12270,2248839.0,114648.0,38.0,85455882.0
15241,13100,3096773.0,153931.0,52.0,161032196.0
15241,17781,1200686.0,63180.0,33.35,40042878.1
15241,19971,3526657.0,178849.0,52.0,183386164.0
15241,16887,4033698.0,195950.0,52.0,209752296.0
15241,10985,2118999.0,107650.0,38.0,80521962.0
15241,15976,3484320.0,168220.0,52.0,181184640.0
16683,12652,411997.0,21398.0,50.0,20599850.0
16683,15008,461102.0,23478.0,32.199999999999996,14847484.399999999
16683,11112,461055.0,23977.0,32.199999999999996,14845970.999999998
16683,16325,483221.0,24803.0,53.0,25610713.0
16683,11561,1607158.0,77508.0,28.0,45000424.0
16683,18441,481515.0,24736.0,53.0,25520295.0
16683,16117,601916.0,29745.0,28.0,16853648.0
16683,11209,482722.0,24756.0,53.0,25584266.0
16683,15891,447721.0,23188.0,32.199999999999996,14416616.199999997
16683,18812,490714.0,24979.0,53.0,26007842.0
16683,19915,1579354.0,83259.0,28.0,44221912.0
16683,17282,492342.0,25323.0,53.0,26094126.0
16683,11147,969228.0,50491.0,28.0,27138384.0
16683,13417,479854.0,24219.0,53.0,25432262.0
16683,12940,515173.0,30980.0,28.349999999999998,14605154.549999999
16683,12352,1524707.0,81089.0,28.0,42691796.0
16683,17522,1280297.0,61846.0,28.0,35848316.0
16683,14234,2414927.0,113976.0,28.0,67617956.0
16683,19300,439413.0,22932.0,32.199999999999996,14149098.599999998
16683,18542,455631.0,23635.0,32.199999999999996,14671318.199999997
16683,16855,1276055.0,61593.0,28.0,35729540.0
16683,13694,1138846.0,51429.0,28.0,31887688.0
16683,12205,1237291.0,65827.0,28.0,34644148.0
16683,18941,803437.0,42611.0,28.0,22496236.0
16683,10748,452209.0,24028.0,32.199999999999996,14561129.799999999
16683,10705,432160.0,24472.0,32.199999999999996,13915551.999999998
16683,15483,1120583.0,50893.0,28.0,31376324.0
16683,13088,1530629.0,81276.0,28.0,42857612.0
16683,13917,1110066.0,55559.0,28.0,31081848.0
16683,16236,400898.0,21350.0,54.32,21776779.36
16683,13073,388402.0,20548.0,50.5,19614301.0
16683,13636,515705.0,25419.0,28.349999999999998,14620236.749999998
16683,18411,396958.0,20889.0,54.32,21562758.56
16683,10916,2835819.0,140768.0,28.0,79402932.0
16683,15270,1811629.0,93108.0,28.0,50725612.0
16683,13509,516195.0,25542.0,28.349999999999998,14634128.249999998
16683,11200,285931.0,16105.0,72.0,20587032.0
16683,12616,1275861.0,61471.0,28.0,35724108.0
16683,12868,1189605.0,59438.0,28.0,33308940.0
16683,13555,689497.0,34203.0,28.0,19305916.0
16683,14736,1123026.0,58331.0,28.0,31444728.0
16683,17516,817204.0,43080.0,28.0,22881712.0
16683,15183,1598313.0,86212.0,28.0,44752764.0
16683,13563,3104146.0,154123.0,28.0,86916088.0
16683,15077,451230.0,23467.0,32.199999999999996,14529605.999999998
16683,11466,2403254.0,118020.0,28.0,67291112.0
16683,15378,609616.0,34559.0,28.0,17069248.0
16683,18827,384111.0,20687.0,50.5,19397605.5
16683,16028,1277867.0,66233.0,28.0,35780276.0
16683,15601,651422.0,34633.0,28.0,18239816.0
16683,15264,614985.0,32667.0,28.0,17219580.0
16683,19333,596482.0,33386.0,28.0,16701496.0
16683,19880,2891928.0,133526.0,28.0,80973984.0
16683,14519,498129.0,25328.0,53.0,26400837.0
16683,12369,1741472.0,93710.0,28.0,48761216.0
16683,10044,1289760.0,62294.0,28.0,36113280.0
16683,19147,2002308.0,105607.0,28.0,56064624.0
16683,18448,4658072.0,233189.0,28.0,130426016.0
16683,17010,3596826.0,163329.0,28.0,100711128.0
16683,17738,717573.0,40075.0,28.0,20092044.0
16683,10955,1237194.0,65784.0,28.0,34641432.0
16683,18219,277649.0,14571.0,72.0,19990728.0
16683,11853,511816.0,29940.0,28.349999999999998,14509983.6
16683,10657,617888.0,30473.0,28.0,17300864.0
16683,10568,728195.0,36675.0,28.0,20389460.0
16683,10867,1798506.0,92952.0,28.0,50358168.0
16683,19500,1402311.0,74084.0,28.0,39264708.0
16683,13165,1353899.0,68170.0,28.0,37909172.0
16683,11022,849808.0,44831.0,28.0,23794624.0
16683,19430,1519753.0,72322.0,28.0,42553084.0
16683,15241,1390086.0,73109.0,28.0,38922408.0
16683,16683,0.0,0.0,72.0,0.0
16683,12216,935377.0,47878.0,28.0,26190556.0
16683,10301,1367247.0,72155.0,28.0,38282916.0
16683,12355,3567375.0,162654.0,28.0,99886500.0
16683,14257,7856553.0,382569.0,28.0,219983484.0
16683,10963,3095476.0,153898.0,28.0,86673328.0
16683,16193,2942274.0,141463.0,28.0,82383672.0
16683,16962,1237453.0,65818.0,28.0,34648684.0
16683,15724,667618.0,39093.0,28.0,18693304.0
16683,17789,471470.0,24419.0,53.0,24987910.0
16683,14278,713343.0,40176.0,28.0,19973604.0
16683,19846,3115744.0,151421.0,28.0,87240832.0
16683,11261,985124.0,54810.0,28.0,27583472.0
16683,17223,628654.0,33441.0,28.0,17602312.0
16683,12562,1745701.0,93940.0,28.0,48879628.0
16683,13170,491377.0,24545.0,53.0,26042981.0
16683,13489,477183.0,24497.0,53.0,25290699.0
16683,13582,971286.0,49953.0,28.0,27196008.0
16683,14358,3620240.0,180343.0,28.0,101366720.0
16683,16108,3199270.0,158837.0,28.0,89579560.0
16683,10796,523163.0,26670.0,28.349999999999998,14831671.049999999
16683,18799,932837.0,47729.0,28.0,26119436.0
16683,10375,1852242.0,98982.0,28.0,51862776.0
16683,13665,2198177.0,108742.0,28.0,61548956.0
16683,15185,2610492.0,128216.0,28.0,73093776.0
16683,13454,1293716.0,72389.0,28.0,36224048.0
16683,14053,262834.0,13887.0,72.0,18924048.0
16683,10901,961555.0,49967.0,28.0,26923540.0
16683,15948,855161.0,44184.0,28.0,23944508.0
16683,12973,1360684.0,67464.0,28.0,38099152.0
16683,12746,488469.0,24742.0,53.0,25888857.0
16683,11181,656835.0,33132.0,28.0,18391380.0
16683,19143,1393866.0,67629.0,28.0,39028248.0
16683,19785,840551.0,46602.0,28.0,23535428.0
16683,13237,494100.0,25547.0,53.0,26187300.0
16683,15651,2842869.0,141412.0,28.0,79600332.0
16683,15848,2847151.0,140883.0,28.0,79720228.0
16683,11455,956842.0,50196.0,28.0,26791576.0
16683,14425,997817.0,52232.0,28.0,27938876.0
16683,17752,3611053.0,179578.0,28.0,101109484.0
16683,14060,400894.0,21349.0,54.32,21776562.080000002
16683,10316,245463.0,13175.0,72.0,17673336.0
16683,19134,3815967.0,191438.0,28.0,106847076.0
16683,13460,410308.0,23286.0,50.0,20515400.0
16683,15686,3609008.0,179483.0,28.0,101052224.0
16683,11189,1852254.0,98985.0,28.0,51863112.0
16683,10326,8586810.0,415624.0,28.0,240430680.0
16683,10269,1795718.0,95399.0,28.0,50280104.0
16683,17464,5742238.0,284733.0,28.0,160782664.0
16683,19273,976339.0,53906.0,28.0,27337492.0
16683,13840,1514048.0,79035.0,28.0,42393344.0
16683,14704,1451791.0,69459.0,28.0,40650148.0
16683,19239,646080.0,33823.0,28.0,18090240.0
16683,19502,450748.0,23351.0,32.199999999999996,14514085.599999998
16683,17504,5094724.0,255897.0,28.0,142652272.0
16683,18110,628430.0,33402.0,28.0,17596040.0
16683,11163,1412543.0,76583.0,28.0,39551204.0
16683,12633,7854273.0,382468.0,28.0,219919644.0
16683,16339,4299456.0,220069.0,28.0,120384768.0
16683,13989,1348514.0,67925.0,28.0,37758392.0
16683,18149,613051.0,32472.0,28.0,17165428.0
16683,10177,7201478.0,351852.0,28.0,201641384.0
16683,12270,989619.0,50779.0,28.0,27709332.0
16683,13100,1764126.0,93324.0,28.0,49395528.0
16683,17781,728737.0,36741.0,28.0,20404636.0
16683,19971,2704254.0,133690.0,28.0,75719112.0
16683,16887,3183459.0,157767.0,28.0,89136852.0
16683,10985,1246496.0,59198.0,28.0,34901888.0
16683,15976,3417625.0,156772.0,28.0,95693500.0
12216,12652,1287679.0,64300.0,36.0,46356444.0
12216,15008,1336785.0,66380.0,36.0,48124260.0
12216,11112,1336738.0,66879.0,36.0,48122568.0
12216,16325,1358903.0,67705.0,36.0,48920508.0
12216,11561,895325.0,43070.0,36.0,32231700.0
12216,18441,1357198.0,67638.0,36.0,48859128.0
12216,16117,1477599.0,72647.0,36.0,53193564.0
12216,11209,1358405.0,67657.0,36.0,48902580.0
12216,15891,1323403.0,66090.0,36.0,47642508.0
12216,18812,1366397.0,67880.0,36.0,49190292.0
12216,19915,1871075.0,96817.0,36.0,67358700.0
12216,17282,1368024.0,68225.0,36.0,49248864.0
12216,11147,1260950.0,64050.0,36.0,45394200.0
12216,13417,1355536.0,67121.0,36.0,48799296.0
12216,12940,1128580.0,55419.0,36.0,40628880.0
12216,12352,2003487.0,101995.0,36.0,72125532.0
12216,17522,568464.0,27407.0,40.0,22738560.0
12216,14234,1433469.0,68294.0,36.0,51604884.0
12216,19300,1315095.0,65834.0,36.0,47343420.0
12216,18542,1331314.0,66537.0,36.0,47927304.0
12216,16855,564222.0,27154.0,40.0,22568880.0
12216,13694,2014528.0,94331.0,36.0,72523008.0
12216,12205,1716071.0,86733.0,36.0,61778556.0
12216,18941,386881.0,20598.0,55.0,21278455.0
12216,10748,1327891.0,66929.0,36.0,47804076.0
12216,10705,1284359.0,64291.0,36.0,46236924.0
12216,15483,1996266.0,93795.0,36.0,71865576.0
12216,13088,2009409.0,102181.0,36.0,72338724.0
12216,13917,364150.0,18782.0,55.0,20028250.0
12216,16236,1276580.0,64252.0,36.0,45956880.0
12216,13073,1264084.0,63450.0,36.0,45507024.0
12216,13636,1391388.0,68321.0,36.0,50089968.0
12216,18411,834864.0,40002.0,36.0,30055104.0
12216,10916,1896523.0,95515.0,36.0,68274828.0
12216,15270,2103351.0,106666.0,36.0,75720636.0
12216,13509,1391877.0,68443.0,36.0,50107572.0
12216,11200,1177843.0,61929.0,36.0,42402348.0
12216,12616,564027.0,27033.0,40.0,22561080.0
12216,12868,2065287.0,102340.0,36.0,74350332.0
12216,13555,437254.0,21385.0,55.0,24048970.0
12216,14736,1964188.0,100507.0,36.0,70710768.0
12216,17516,306812.0,16369.0,55.0,16874660.0
12216,15183,1890034.0,99770.0,36.0,68041224.0
12216,13563,2164850.0,108870.0,36.0,77934600.0
12216,15077,577312.0,30628.0,40.0,23092480.0
12216,11466,1691421.0,83581.0,36.0,60891156.0
12216,15378,1267884.0,62659.0,36.0,45643824.0
12216,18827,585383.0,28692.0,40.0,23415320.0
12216,16028,336253.0,18501.0,55.0,18493915.0
12216,15601,318431.0,15868.0,55.0,17513705.0
12216,15264,822289.0,42167.0,36.0,29602404.0
12216,19333,1449573.0,76319.0,36.0,52184628.0
12216,19880,2146012.0,96749.0,36.0,77256432.0
12216,14519,1373811.0,68230.0,36.0,49457196.0
12216,12369,2033193.0,107269.0,36.0,73194948.0
12216,10044,577926.0,27855.0,40.0,23117040.0
12216,19147,2855399.0,148540.0,36.0,102794364.0
12216,18448,3718776.0,187936.0,36.0,133875936.0
12216,17010,2850910.0,126552.0,36.0,102632760.0
12216,17738,1351933.0,67411.0,36.0,48669588.0
12216,10955,1715974.0,86689.0,36.0,61775064.0
12216,18219,1153651.0,57519.0,36.0,41531436.0
12216,11853,1123808.0,55294.0,36.0,40457088.0
12216,10657,1493570.0,73375.0,36.0,53768520.0
12216,10568,475953.0,23857.0,55.0,26177415.0
12216,10867,2090228.0,106510.0,36.0,75248208.0
12216,19500,1694033.0,87642.0,36.0,60985188.0
12216,13165,427893.0,21651.0,55.0,23534115.0
12216,11022,1725490.0,87733.0,36.0,62117640.0
12216,19430,2395436.0,115224.0,36.0,86235696.0
12216,15241,1681808.0,86667.0,36.0,60545088.0
12216,16683,930940.0,47438.0,36.0,33513840.0
12216,12216,0.0,0.0,347.102,0.0
12216,10301,1846026.0,93060.0,36.0,66456936.0
12216,12355,2821459.0,125877.0,36.0,101572524.0
12216,14257,6917256.0,337316.0,36.0,249021216.0
12216,10963,2156179.0,108645.0,36.0,77622444.0
12216,16193,2002977.0,96210.0,36.0,72107172.0
12216,16962,1716233.0,86723.0,36.0,61784388.0
12216,15724,1578745.0,82864.0,36.0,56834820.0
12216,17789,1347153.0,67321.0,36.0,48497508.0
12216,14278,1331793.0,65999.0,36.0,47944548.0
12216,19846,2176447.0,106168.0,36.0,78352092.0
12216,11261,524441.0,26499.0,40.0,20977640.0
12216,17223,872756.0,43602.0,36.0,31419216.0
12216,12562,2037422.0,107498.0,36.0,73347192.0
12216,13170,1367060.0,67447.0,36.0,49214160.0
12216,13489,1352865.0,67399.0,36.0,48703140.0
12216,13582,1569282.0,78825.0,36.0,56494152.0
12216,14358,2680944.0,135090.0,36.0,96513984.0
12216,16108,2259973.0,113584.0,36.0,81359028.0
12216,10796,711837.0,34470.0,40.0,28473480.0
12216,18799,3695.0,343.0,347.102,1282541.89
12216,10375,2331022.0,119887.0,36.0,83916792.0
12216,13665,1258880.0,63489.0,36.0,45319680.0
12216,15185,1898659.0,93777.0,36.0,68351724.0
12216,13454,1931350.0,102830.0,36.0,69528600.0
12216,14053,1143234.0,57203.0,36.0,41156424.0
12216,10901,1253277.0,63526.0,36.0,45117972.0
12216,15948,1696324.0,86360.0,36.0,61067664.0
12216,12973,614768.0,30686.0,40.0,24590720.0
12216,12746,1364151.0,67644.0,36.0,49109436.0
12216,11181,1532518.0,76034.0,36.0,55170648.0
12216,19143,682033.0,33190.0,40.0,27281320.0
12216,19785,1455821.0,72590.0,36.0,52409556.0
12216,13237,1369783.0,68449.0,36.0,49312188.0
12216,15651,1903572.0,96158.0,36.0,68528592.0
12216,15848,1907854.0,95629.0,36.0,68682744.0
12216,11455,1832525.0,93097.0,36.0,65970900.0
12216,14425,626740.0,33742.0,40.0,25069600.0
12216,17752,2671756.0,134325.0,36.0,96183216.0
12216,14060,1276576.0,64251.0,36.0,45956736.0
12216,10316,693497.0,34873.0,40.0,27739880.0
12216,19134,2876670.0,146185.0,36.0,103560120.0
12216,13460,1302220.0,69110.0,36.0,46879920.0
12216,15686,2669711.0,134230.0,36.0,96109596.0
12216,11189,2331034.0,119890.0,36.0,83917224.0
12216,10326,7647513.0,370370.0,36.0,275310468.0
12216,10269,2274498.0,116304.0,36.0,81881928.0
12216,17464,4802941.0,239480.0,36.0,172905876.0
12216,19273,1591609.0,79895.0,36.0,57297924.0
12216,13840,1142970.0,60546.0,36.0,41146920.0
12216,14704,2327473.0,112360.0,36.0,83789028.0
12216,19239,429429.0,20876.0,55.0,23618595.0
12216,19502,576830.0,30513.0,40.0,23073200.0
12216,17504,4155427.0,210644.0,36.0,149595372.0
12216,18110,872533.0,43563.0,36.0,31411188.0
12216,11163,899562.0,43565.0,36.0,32384232.0
12216,12633,6914976.0,337215.0,36.0,248939136.0
12216,16339,3360160.0,174816.0,36.0,120965760.0
12216,13989,422508.0,21406.0,55.0,23237940.0
12216,18149,887522.0,44345.0,36.0,31950792.0
12216,10177,6262181.0,306599.0,36.0,225438516.0
12216,12270,1228012.0,61974.0,36.0,44208432.0
12216,13100,2617217.0,136257.0,36.0,94219812.0
12216,17781,476494.0,23923.0,55.0,26207170.0
12216,19971,1992421.0,99251.0,36.0,71727156.0
12216,16887,2244163.0,112514.0,36.0,80789868.0
12216,10985,2122179.0,102099.0,36.0,76398444.0
12216,15976,2671709.0,119995.0,36.0,96181524.0
10301,12652,1229967.0,58416.0,67.914,83531978.838
10301,15008,1173070.0,56680.0,67.914,79667875.98
10301,11112,1177334.0,56120.0,67.914,79957461.27600001
10301,16325,1168388.0,55552.0,67.914,79349902.632
10301,11561,2594216.0,129070.0,67.914,176183585.424
10301,18441,1166683.0,55485.0,67.914,79234109.262
10301,16117,1060205.0,52515.0,67.914,72002762.37
10301,11209,1164487.0,55547.0,67.914,79084970.118
10301,15891,1228075.0,58357.0,67.914,83403485.55
10301,18812,1257963.0,59746.0,67.914,85433299.182
10301,19915,270135.0,13754.0,67.914,18345948.39
10301,17282,1207871.0,57453.0,67.914,82031351.094
10301,11147,589107.0,29477.0,67.914,40008612.798
10301,13417,1139312.0,54342.0,67.914,77375235.168
10301,12940,872831.0,43392.0,67.914,59277444.534
10301,12352,179574.0,10144.0,67.914,12195588.636
10301,17522,2267356.0,113407.0,67.914,153985215.384
10301,14234,3248842.0,159845.0,67.914,220641855.588
10301,19300,1186310.0,56473.0,67.914,80567057.34
10301,18542,1170348.0,55656.0,67.914,79483014.072
10301,16855,2263114.0,113154.0,67.914,153697124.196
10301,13694,1906094.0,86197.0,67.914,129450467.91600001
10301,12205,138052.0,7611.0,119.0,16428188.0
10301,18941,1960434.0,100661.0,67.914,133140914.676
10301,10748,1222813.0,58081.0,67.914,83046122.082
10301,10705,1071328.0,54525.0,67.914,72758169.792
10301,15483,1887832.0,85660.0,67.914,128210222.448
10301,13088,185496.0,10331.0,67.914,12597775.344
10301,13917,1767626.0,90044.0,67.914,120046552.164
10301,16236,1225150.0,58486.0,67.914,83204837.10000001
10301,13073,1245951.0,58737.0,67.914,84617516.214
10301,13636,1146697.0,54834.0,67.914,77876780.058
10301,18411,1055771.0,55453.0,67.914,71701631.694
10301,10916,3711895.0,187066.0,67.914,252089637.03
10301,15270,832634.0,39824.0,67.914,56547505.476
10301,13509,1147187.0,54956.0,67.914,77910057.918
10301,11200,1469827.0,70879.0,67.914,99821830.878
10301,12616,2262919.0,113033.0,67.914,153683880.966
10301,12868,1703957.0,84791.0,67.914,115722535.698
10301,13555,1399473.0,71830.0,67.914,95043809.322
10301,14736,1417425.0,71712.0,67.914,96263001.45
10301,17516,1974201.0,101131.0,67.914,134075886.714
10301,15183,406289.0,20801.0,67.914,27592711.146
10301,13563,3980222.0,200421.0,67.914,270312796.908
10301,15077,1420739.0,73309.0,67.914,96488068.446
10301,11466,3390313.0,169581.0,67.914,230249717.08200002
10301,15378,803393.0,38864.0,67.914,54561632.202
10301,18827,1608460.0,82572.0,67.914,109236952.44
10301,16028,2176961.0,111202.0,67.914,147846129.354
10301,15601,1767700.0,91022.0,67.914,120051577.8
10301,15264,1910562.0,100004.0,67.914,129753907.668
10301,19333,1654234.0,81950.0,67.914,112345647.876
10301,19880,3361439.0,159997.0,67.914,228288768.246
10301,14519,1265146.0,60132.0,67.914,85921125.444
10301,12369,590580.0,29371.0,67.914,40108650.12
10301,10044,2276818.0,113855.0,67.914,154627817.652
10301,19147,3138072.0,151508.0,67.914,213119021.808
10301,18448,5534148.0,279487.0,67.914,375846127.272
10301,17010,4066337.0,189800.0,67.914,276161211.018
10301,17738,698168.0,33981.0,67.914,47415381.552
10301,10955,137955.0,7567.0,119.0,16416645.0
10301,18219,1339160.0,63829.0,67.914,90947712.24
10301,11853,875156.0,43279.0,67.914,59435344.584
10301,10657,1385136.0,65241.0,67.914,94070126.304
10301,10568,1364799.0,69517.0,67.914,92688959.286
10301,10867,840064.0,40136.0,67.914,57052106.496
10301,19500,744160.0,39094.0,67.914,50538882.24
10301,13165,2243265.0,113202.0,67.914,152349099.21
10301,11022,1417718.0,72662.0,67.914,96282900.252
10301,19430,2034442.0,97703.0,67.914,138167093.988
10301,15241,740737.0,38578.0,67.914,50306412.618
10301,16683,1376133.0,72487.0,67.914,93458696.562
10301,12216,1834471.0,92847.0,67.914,124586263.494
10301,10301,0.0,0.0,119.0,0.0
10301,12355,4036886.0,189125.0,67.914,274161075.804
10301,14257,8732629.0,428867.0,67.914,593067765.906
10301,10963,3971551.0,200196.0,67.914,269723914.614
10301,16193,3818350.0,187761.0,67.914,259319421.9
10301,16962,138214.0,7601.0,119.0,16447466.0
10301,15724,1687036.0,85229.0,67.914,114573362.904
10301,17789,1178501.0,56115.0,67.914,80036716.914
10301,14278,678028.0,32570.0,67.914,46047593.592
10301,19846,3991820.0,197719.0,67.914,271100463.48
10301,11261,2223333.0,112499.0,67.914,150995437.362
10301,17223,971734.0,50002.0,67.914,65994342.876
10301,12562,587530.0,29487.0,67.914,39901512.42
10301,13170,1155915.0,55087.0,67.914,78502811.31
10301,13489,1169824.0,55616.0,67.914,79447427.136
10301,13582,911188.0,45134.0,67.914,61882421.832
10301,14358,4496316.0,226641.0,67.914,305362804.824
10301,16108,4075345.0,205135.0,67.914,276772980.33
10301,10796,1168424.0,61006.0,67.914,79352347.536
10301,18799,1831932.0,92698.0,67.914,124413829.848
10301,10375,731126.0,39532.0,67.914,49653691.164000005
10301,13665,3074253.0,155040.0,67.914,208784818.242
10301,15185,3597550.0,179777.0,67.914,244324010.70000002
10301,13454,2420543.0,121920.0,67.914,164388757.30200002
10301,14053,1362253.0,64748.0,67.914,92516050.242
10301,10901,593873.0,29848.0,67.914,40332290.922
10301,15948,1172615.0,58959.0,67.914,79636975.11
10301,12973,1848855.0,94258.0,67.914,125563138.47
10301,12746,1255718.0,59509.0,67.914,85280832.252
10301,11181,1122911.0,54875.0,67.914,76261377.654
10301,19143,2380925.0,119190.0,67.914,161698140.45000002
10301,19785,797726.0,38899.0,67.914,54176763.564
10301,13237,1209630.0,57677.0,67.914,82150811.82000001
10301,15651,3718944.0,187710.0,67.914,252568362.816
10301,15848,3723227.0,187181.0,67.914,252859238.47800002
10301,11455,1523249.0,77764.0,67.914,103449932.586
10301,14425,1382669.0,74929.0,67.914,93902582.466
10301,17752,4487129.0,225876.0,67.914,304738878.906
10301,14060,1225146.0,58486.0,67.914,83204565.444
10301,10316,1491409.0,78709.0,67.914,101287550.826
10301,19134,4692043.0,237736.0,67.914,318655408.302
10301,13460,1467334.0,71770.0,67.914,99652521.27600001
10301,15686,4485084.0,225781.0,67.914,304599994.776
10301,11189,731138.0,39535.0,67.914,49654506.132
10301,10326,9462885.0,461922.0,67.914,642662371.89
10301,10269,450584.0,24453.0,67.914,30600961.776
10301,17464,6618313.0,331031.0,67.914,449476109.082
10301,19273,725993.0,41868.0,67.914,49305088.602
10301,13840,1150411.0,85059.0,67.914,78129012.654
10301,14704,1986061.0,95465.0,67.914,134881346.754
10301,19239,1406622.0,72171.0,67.914,95529326.508
10301,19502,1420258.0,73193.0,67.914,96455401.812
10301,17504,5970800.0,302195.0,67.914,405500911.2
10301,18110,971511.0,49963.0,67.914,65979198.054000005
10301,11163,2598454.0,129565.0,67.914,176471404.956
10301,12633,8730349.0,428766.0,67.914,592912921.9860001
10301,16339,5175532.0,266367.0,67.914,351491080.248
10301,13989,2237881.0,112957.0,67.914,151983450.234
10301,18149,971715.0,49888.0,67.914,65993052.51
10301,10177,8077553.0,398150.0,67.914,548578934.442
10301,12270,2285197.0,118116.0,67.914,155196869.058
10301,13100,2899891.0,139226.0,67.914,196943197.374
10301,17781,1365340.0,69583.0,67.914,92725700.76
10301,19971,3691312.0,185251.0,67.914,250691763.168
10301,16887,4059535.0,204065.0,67.914,275699259.99
10301,10985,1922116.0,92944.0,67.914,130538586.024
10301,15976,3887136.0,183243.0,67.914,263990954.30400002
12355,12652,3925933.0,179402.0,61.1226,239963232.3858
12355,15008,3879156.0,180483.0,61.1226,237104100.5256
12355,11112,3974992.0,181981.0,61.1226,242961846.0192
12355,16325,3921752.0,182013.0,61.1226,239707678.7952
12355,11561,2124757.0,104272.0,61.0464,129708765.72479999
12355,18441,3920046.0,181946.0,61.1226,239603403.6396
12355,16117,3873995.0,183588.0,61.1226,236788646.787
12355,11209,3917850.0,182008.0,61.1226,239469178.41
12355,15891,3961657.0,181192.0,61.1226,242146776.1482
12355,18812,4004651.0,182982.0,61.1226,244774681.2126
12355,19915,4058567.0,193066.0,61.1226,248070167.31419998
12355,17282,4006278.0,183327.0,61.1226,244874127.6828
12355,11147,3453794.0,160713.0,61.1226,211104869.1444
12355,13417,3897767.0,181286.0,61.1226,238241653.2342
12355,12940,3485383.0,162389.0,61.1226,213035670.9558
12355,12352,4194611.0,198601.0,61.1226,256385530.3086
12355,17522,2352896.0,116150.0,62.09,146091312.64000002
12355,14234,1208413.0,63011.0,80.0,96673040.0
12355,19300,3953349.0,180936.0,61.1226,241638969.5874
12355,18542,3969568.0,181639.0,61.1226,242630317.0368
12355,16855,2367478.0,116724.0,62.09,146996709.02
12355,13694,4652782.0,209433.0,61.1226,284390133.0732
12355,12205,3907195.0,183339.0,61.1226,238817917.107
12355,18941,2894992.0,142923.0,61.1226,176949438.0192
12355,10748,3966145.0,182031.0,61.1226,242421094.377
12355,10705,3741122.0,173110.0,61.1226,228667103.55719998
12355,15483,4634520.0,208897.0,61.1226,283273912.152
12355,13088,4200534.0,198787.0,61.1226,256747559.4684
12355,13917,2461254.0,107898.0,62.09,152819260.86
12355,16236,3914834.0,179354.0,61.1226,239284832.6484
12355,13073,3902338.0,178552.0,61.1226,238521044.6388
12355,13636,3933619.0,182486.0,61.1226,240433020.6894
12355,18411,3291627.0,148821.0,61.1226,201192800.4702
12355,10916,1816806.0,87707.0,61.0464,110909465.7984
12355,15270,4133207.0,197727.0,61.1226,252632358.1782
12355,13509,3934109.0,182608.0,61.1226,240462970.7634
12355,11200,3816096.0,177031.0,61.1226,233249709.3696
12355,12616,2350785.0,115911.0,62.09,145960240.65
12355,12868,4654907.0,217353.0,61.1226,284520018.59819996
12355,13555,2887014.0,130032.0,61.1226,176461801.9164
12355,14736,4328237.0,206186.0,61.1226,264553098.85619998
12355,17516,2854949.0,140836.0,61.1226,174501905.7474
12355,15183,4077526.0,196019.0,61.1226,249228990.6876
12355,13563,1995503.0,94299.0,61.0464,121818274.33919999
12355,15077,3092531.0,141075.0,61.1226,189023535.3006
12355,11466,2779383.0,137303.0,61.1226,169883115.3558
12355,15378,3624687.0,169629.0,61.1226,221550293.6262
12355,18827,3220442.0,144275.0,61.1226,196841788.18919998
12355,16028,2313364.0,115026.0,62.09,143636770.76000002
12355,15601,3028098.0,136165.0,61.1226,185085222.8148
12355,15264,3198201.0,157852.0,61.1226,195482360.44259998
12355,19333,4084632.0,191901.0,61.1226,249663327.8832
12355,19880,692332.0,30415.0,80.0,55386560.0
12355,14519,4012066.0,183332.0,61.1226,245227905.2916
12355,12369,4242319.0,203056.0,61.1226,259301567.3094
12355,10044,2328887.0,114686.0,62.09,144600593.83
12355,19147,5490458.0,264122.0,61.1226,335591068.1508
12355,18448,3575158.0,175836.0,61.1226,218522952.3708
12355,17010,35893.0,2155.0,114.28,4101852.04
12355,17738,3609051.0,168459.0,61.1226,220594580.6526
12355,10955,3907098.0,183296.0,61.1226,238811988.2148
12355,18219,3791905.0,172621.0,61.1226,231771092.553
12355,11853,3480611.0,162264.0,61.1226,212743993.9086
12355,10657,4131824.0,188477.0,61.1226,252547825.6224
12355,10568,2875261.0,129067.0,61.1226,175743427.9986
12355,10867,4120085.0,197570.0,61.1226,251830307.421
12355,19500,3637108.0,174781.0,61.1226,222309497.44079998
12355,13165,2247654.0,110345.0,61.0464,137211185.1456
12355,11022,4315111.0,202746.0,61.1226,263750803.6086
12355,19430,4985056.0,230237.0,61.1226,304699583.8656
12355,15241,3634023.0,174494.0,61.1226,222120934.2198
12355,16683,3569194.0,162540.0,61.1226,218158417.1844
12355,12216,2828244.0,126167.0,61.1226,172869626.7144
12355,10301,4037151.0,189666.0,61.1226,246761165.7126
12355,12355,0.0,0.0,114.28,0.0
12355,14257,6773638.0,325215.0,61.1226,414022366.01879996
12355,10963,2086792.0,102113.0,61.0464,127391139.1488
12355,16193,1120211.0,49453.0,80.0,89616880.0
12355,16962,3907357.0,183329.0,61.1226,238827818.9682
12355,15724,4213804.0,198446.0,61.1226,257558656.37039998
12355,17789,3985407.0,182423.0,61.1226,243598437.8982
12355,14278,3588911.0,167048.0,61.1226,219363571.4886
12355,19846,1596399.0,75810.0,61.0464,97454411.9136
12355,11261,2704959.0,132220.0,61.1226,165334126.9734
12355,17223,3066492.0,139754.0,61.1226,187431963.9192
12355,12562,4252517.0,203347.0,61.1226,259924895.5842
12355,13170,3909291.0,181611.0,61.1226,238946030.0766
12355,13489,3923188.0,182077.0,61.1226,239795450.8488
12355,13582,3822000.0,179608.0,61.1226,233610577.2
12355,14358,2537325.0,122990.0,62.09,157542509.25
12355,16108,2002366.0,94766.0,61.0464,122237235.7824
12355,10796,3168600.0,143289.0,61.1226,193673070.35999998
12355,18799,2825756.0,126034.0,61.1226,172717553.68559998
12355,10375,4522146.0,216493.0,61.1226,276405321.0996
12355,13665,1886651.0,84496.0,61.0464,115173251.6064
12355,15185,2986620.0,147499.0,61.1226,182549979.612
12355,13454,4230442.0,219639.0,61.1226,258575614.18919998
12355,14053,3781488.0,172305.0,61.1226,231134378.4288
12355,10901,3446120.0,160189.0,61.1226,210635814.312
12355,15948,4053127.0,193330.0,61.1226,247737660.3702
12355,12973,2200437.0,95945.0,61.0464,134328757.2768
12355,12746,4002405.0,182746.0,61.1226,244637399.853
12355,11181,3949392.0,186981.0,61.1226,241397107.4592
12355,19143,2477851.0,122397.0,62.09,153849768.59
12355,19785,3708538.0,173374.0,61.1226,226675484.7588
12355,13237,4008037.0,183551.0,61.1226,244981642.3362
12355,15651,1826572.0,88311.0,61.0464,111505644.9408
12355,15848,1840014.0,89104.0,61.0464,112326230.6496
12355,11455,4422145.0,208110.0,61.1226,270292999.977
12355,14425,2662717.0,115609.0,61.1226,162752186.1042
12355,17752,2528138.0,122225.0,62.09,156972088.42000002
12355,14060,3914830.0,179353.0,61.1226,239284588.158
12355,10316,3331750.0,149975.0,61.1226,203645222.54999998
12355,19134,2733052.0,134085.0,61.1226,167051244.1752
12355,13460,3940474.0,184212.0,61.1226,240852016.1124
12355,15686,2526093.0,122130.0,62.09,156845114.37
12355,11189,4522159.0,216496.0,61.1226,276406115.69339997
12355,10326,7503895.0,358270.0,61.1226,458657572.527
12355,10269,4465622.0,212910.0,61.1226,272950427.2572
12355,17464,4659323.0,227380.0,61.1226,284789935.99979997
12355,19273,3844327.0,180678.0,61.1226,234975261.49019998
12355,13840,3167528.0,141213.0,61.1226,193607546.9328
12355,14704,4917093.0,227373.0,61.1226,300545508.60179996
12355,19239,2891097.0,130028.0,61.1226,176711365.4922
12355,19502,3092050.0,140959.0,61.1226,188994135.32999998
12355,17504,4011809.0,198543.0,61.1226,245212196.7834
12355,18110,3066558.0,139729.0,61.1226,187435998.0108
12355,11163,2695380.0,132772.0,61.1226,164748633.588
12355,12633,6771358.0,325115.0,61.1226,413883006.49079996
12355,16339,3216542.0,162716.0,61.1226,196603410.0492
12355,13989,2250363.0,110985.0,61.0464,137376559.8432
12355,18149,3100760.0,141665.0,61.1226,189526513.176
12355,10177,6118563.0,294499.0,61.1226,373982478.82379997
12355,12270,3602834.0,177589.0,61.1226,220214581.4484
12355,13100,5252276.0,251840.0,61.1226,321032765.0376
12355,17781,2875802.0,129132.0,61.1226,175776495.3252
12355,19971,3080382.0,152973.0,61.1226,188280956.8332
12355,16887,1615420.0,81226.0,61.0464,98615575.48799999
12355,10985,4760433.0,217201.0,61.1226,290970042.0858
12355,15976,250007.0,12914.0,114.28,28570799.96
14257,12652,8205484.0,398643.0,46.0,377452264.0
14257,15008,8254589.0,400723.0,46.0,379711094.0
14257,11112,8254542.0,401222.0,46.0,379708932.0
14257,16325,8276708.0,402048.0,46.0,380728568.0
14257,11561,6299771.0,307542.0,46.0,289789466.0
14257,18441,8275002.0,401981.0,46.0,380650092.0
14257,16117,8395403.0,406990.0,46.0,386188538.0
14257,11209,8276209.0,402001.0,46.0,380705614.0
14257,15891,8241209.0,400433.0,46.0,379095614.0
14257,18812,8284202.0,402224.0,46.0,381073292.0
14257,19915,8770671.0,433017.0,46.0,403450866.0
14257,17282,8285829.0,402568.0,46.0,381148134.0
14257,11147,8160545.0,400249.0,46.0,375385070.0
14257,13417,8273341.0,401464.0,46.0,380573686.0
14257,12940,8028175.0,391618.0,46.0,369296050.0
14257,12352,8903082.0,438194.0,46.0,409541772.0
14257,17522,6592132.0,322206.0,46.0,303238072.0
14257,14234,6146462.0,289852.0,46.0,282737252.0
14257,19300,8232900.0,400177.0,46.0,378713400.0
14257,18542,8249118.0,400880.0,46.0,379459428.0
14257,16855,6606714.0,322779.0,46.0,303908844.0
14257,13694,8932333.0,428674.0,46.0,410887318.0
14257,12205,8615666.0,422932.0,46.0,396320636.0
14257,18941,7134228.0,348979.0,46.0,328174488.0
14257,10748,8245696.0,401272.0,46.0,379302016.0
14257,10705,8202338.0,399997.0,46.0,377307548.0
14257,15483,8914071.0,428138.0,46.0,410047266.0
14257,13088,8909004.0,438381.0,46.0,409814184.0
14257,13917,7203256.0,352840.0,46.0,331349776.0
14257,16236,8194385.0,398595.0,46.0,376941710.0
14257,13073,8181889.0,397793.0,46.0,376366894.0
14257,13636,8309192.0,402664.0,46.0,382222832.0
14257,18411,7734460.0,376202.0,46.0,355785160.0
14257,10916,5040970.0,244180.0,70.0,352867900.0
14257,15270,9002946.0,442866.0,46.0,414135516.0
14257,13509,8309682.0,402786.0,46.0,382245372.0
14257,11200,8095648.0,396272.0,46.0,372399808.0
14257,12616,6590021.0,321967.0,46.0,303140966.0
14257,12868,8983092.0,436683.0,46.0,413222232.0
14257,13555,7336850.0,357585.0,46.0,337495100.0
14257,14736,8916514.0,435576.0,46.0,410159644.0
14257,17516,7094185.0,346892.0,46.0,326332510.0
14257,15183,8789630.0,435969.0,46.0,404322980.0
14257,13563,4782262.0,231148.0,70.0,334758340.0
14257,15077,7476907.0,366828.0,46.0,343937722.0
14257,11466,6083691.0,327998.0,46.0,279849786.0
14257,15378,8167479.0,398858.0,46.0,375704034.0
14257,18827,7476010.0,362522.0,46.0,343896460.0
14257,16028,6763493.0,329568.0,46.0,311120678.0
14257,15601,7209059.0,349698.0,46.0,331616714.0
14257,15264,7437437.0,363908.0,46.0,342122102.0
14257,19333,8162985.0,404624.0,46.0,375497310.0
14257,19880,7462822.0,354149.0,46.0,343289812.0
14257,14519,8291617.0,402573.0,46.0,381414382.0
14257,12369,8932789.0,443468.0,46.0,410908294.0
14257,10044,6568123.0,320742.0,46.0,302133658.0
14257,19147,9568811.0,476845.0,46.0,440165306.0
14257,18448,3218458.0,151579.0,52.0,167359816.0
14257,17010,6752044.0,323714.0,46.0,310594024.0
14257,17738,8251529.0,403610.0,46.0,379570334.0
14257,10955,8615569.0,422889.0,46.0,396316174.0
14257,18219,8071456.0,391862.0,46.0,371286976.0
14257,11853,8023403.0,391493.0,46.0,369076538.0
14257,10657,8411375.0,407718.0,46.0,386923250.0
14257,10568,7375548.0,360057.0,46.0,339275208.0
14257,10867,8989824.0,442710.0,46.0,413531904.0
14257,19500,8593628.0,423842.0,46.0,395306888.0
14257,13165,6486890.0,316401.0,46.0,298396940.0
14257,11022,8643296.0,422076.0,46.0,397591616.0
14257,19430,9313240.0,449567.0,46.0,428409040.0
14257,15241,8581403.0,422866.0,46.0,394744538.0
14257,16683,7848744.0,381782.0,46.0,361042224.0
14257,12216,6919980.0,337550.0,46.0,318319080.0
14257,10301,8745622.0,429259.0,46.0,402298612.0
14257,12355,6779023.0,325237.0,46.0,311835058.0
14257,14257,0.0,0.0,408.0,0.0
14257,10963,4825725.0,233266.0,70.0,337800750.0
14257,16193,5721402.0,278971.0,70.0,400498140.0
14257,16962,8615828.0,422922.0,46.0,396328088.0
14257,15724,8292157.0,411170.0,46.0,381439222.0
14257,17789,8264957.0,401664.0,46.0,380188022.0
14257,14278,8231388.0,402199.0,46.0,378643848.0
14257,19846,5193338.0,250359.0,70.0,363533660.0
14257,11261,6944195.0,338276.0,46.0,319432970.0
14257,17223,7772352.0,379801.0,46.0,357528192.0
14257,12562,8937018.0,443697.0,46.0,411102828.0
14257,13170,8284864.0,401790.0,46.0,381103744.0
14257,13489,8270670.0,401742.0,46.0,380450820.0
14257,13582,8468878.0,415024.0,46.0,389568388.0
14257,14358,4242412.0,203467.0,70.0,296968840.0
14257,16108,4990207.0,240040.0,70.0,349314490.0
14257,10796,7611432.0,370670.0,46.0,350125872.0
14257,18799,6917441.0,337402.0,46.0,318202286.0
14257,10375,9230616.0,456086.0,46.0,424608336.0
14257,13665,5669715.0,275780.0,70.0,396880050.0
14257,15185,5875080.0,317860.0,70.0,411255600.0
14257,13454,8469678.0,425694.0,46.0,389605188.0
14257,14053,8061039.0,391547.0,46.0,370807794.0
14257,10901,8152872.0,399725.0,46.0,375032112.0
14257,15948,8648649.0,421429.0,46.0,397837854.0
14257,12973,7181890.0,355576.0,46.0,330366940.0
14257,12746,8281956.0,401987.0,46.0,380969976.0
14257,11181,8450323.0,410377.0,46.0,388714858.0
14257,19143,6717087.0,328453.0,46.0,308986002.0
14257,19785,8355416.0,408790.0,46.0,384349136.0
14257,13237,8287587.0,402792.0,46.0,381229002.0
14257,15651,5028496.0,243273.0,70.0,351994720.0
14257,15848,5014232.0,242439.0,70.0,350996240.0
14257,11455,8750330.0,427440.0,46.0,402515180.0
14257,14425,7526336.0,369942.0,46.0,346211456.0
14257,17752,4256436.0,203974.0,70.0,297950520.0
14257,14060,8194381.0,398594.0,46.0,376941526.0
14257,10316,7611301.0,369216.0,46.0,350119846.0
14257,19134,4660034.0,225080.0,70.0,326202380.0
14257,13460,8133208.0,400780.0,46.0,374127568.0
14257,15686,4256291.0,203941.0,70.0,297940370.0
14257,11189,9230629.0,456089.0,46.0,424608934.0
14257,10326,733555.0,33142.0,70.0,51348850.0
14257,10269,9174092.0,452504.0,46.0,422008232.0
14257,17464,2108209.0,98637.0,52.0,109626868.0
14257,19273,8491205.0,416094.0,46.0,390595430.0
14257,13840,8042566.0,396745.0,46.0,369958036.0
14257,14704,9245278.0,446704.0,46.0,425282788.0
14257,19239,7329025.0,357075.0,46.0,337135150.0
14257,19502,7476426.0,366712.0,46.0,343915596.0
14257,17504,2757551.0,127943.0,52.0,143392652.0
14257,18110,7772129.0,379762.0,46.0,357517934.0
14257,11163,6934616.0,338828.0,46.0,318992336.0
14257,12633,13768.0,1032.0,714.29,9834344.719999999
14257,16339,3833269.0,182342.0,52.0,199329988.0
14257,13989,6489599.0,317041.0,46.0,298521554.0
14257,18149,7787118.0,380544.0,46.0,358207428.0
14257,10177,671311.0,32219.0,70.0,46991770.0
14257,12270,7842070.0,383645.0,46.0,360735220.0
14257,13100,9330629.0,464563.0,46.0,429208934.0
14257,17781,7376090.0,360122.0,46.0,339300140.0
14257,19971,6340545.0,341182.0,46.0,291665070.0
14257,16887,5245414.0,254217.0,70.0,367178980.0
14257,10985,9039984.0,436443.0,46.0,415839264.0
14257,15976,7020497.0,336648.0,46.0,322942862.0
10963,12652,3443119.0,169836.0,40.0,137724760.0
10963,15008,3492225.0,171917.0,40.0,139689000.0
10963,11112,3492178.0,172415.0,40.0,139687120.0
10963,16325,3514343.0,173242.0,40.0,140573720.0
10963,11561,1537406.0,78735.0,60.0,92244360.0
10963,18441,3512637.0,173175.0,40.0,140505480.0
10963,16117,3633038.0,178184.0,40.0,145321520.0
10963,11209,3513844.0,173194.0,40.0,140553760.0
10963,15891,3478843.0,171627.0,40.0,139153720.0
10963,18812,3521836.0,173417.0,40.0,140873440.0
10963,19915,4008306.0,204210.0,40.0,160332240.0
10963,17282,3523464.0,173762.0,40.0,140938560.0
10963,11147,3398181.0,171443.0,40.0,135927240.0
10963,13417,3510976.0,172658.0,40.0,140439040.0
10963,12940,3265811.0,162812.0,40.0,130632440.0
10963,12352,4140718.0,209388.0,40.0,165628720.0
10963,17522,1829767.0,93400.0,40.0,73190680.0
10963,14234,1292261.0,62087.0,60.0,77535660.0
10963,19300,3470535.0,171371.0,40.0,138821400.0
10963,18542,3486753.0,172074.0,40.0,139470120.0
10963,16855,1844349.0,93973.0,40.0,73773960.0
10963,13694,4169968.0,199868.0,40.0,166798720.0
10963,12205,3853302.0,194126.0,40.0,154132080.0
10963,18941,2371863.0,120172.0,40.0,94874520.0
10963,10748,3483331.0,172466.0,40.0,139333240.0
10963,10705,3439973.0,171191.0,40.0,137598920.0
10963,15483,4151705.0,199332.0,40.0,166068200.0
10963,13088,4146640.0,209574.0,40.0,165865600.0
10963,13917,2440890.0,124034.0,40.0,97635600.0
10963,16236,3432020.0,169788.0,40.0,137280800.0
10963,13073,3419524.0,168987.0,40.0,136780960.0
10963,13636,3546828.0,173858.0,40.0,141873120.0
10963,18411,2972095.0,147395.0,40.0,118883800.0
10963,10916,278605.0,15373.0,60.0,16716300.0
10963,15270,4240582.0,214059.0,40.0,169623280.0
10963,13509,3547317.0,173980.0,40.0,141892680.0
10963,11200,3333282.0,167465.0,40.0,133331280.0
10963,12616,1827656.0,93160.0,40.0,73106240.0
10963,12868,4220727.0,207876.0,40.0,168829080.0
10963,13555,2574485.0,128778.0,40.0,102979400.0
10963,14736,4154148.0,206770.0,40.0,166165920.0
10963,17516,2331820.0,118086.0,40.0,93272800.0
10963,15183,4027265.0,207163.0,40.0,161090600.0
10963,13563,237410.0,12306.0,50.0,11870500.0
10963,15077,2714543.0,138021.0,40.0,108581720.0
10963,11466,1259465.0,95008.0,60.0,75567900.0
10963,15378,3405114.0,170052.0,40.0,136204560.0
10963,18827,2713646.0,133716.0,40.0,108545840.0
10963,16028,2001128.0,100761.0,40.0,80045120.0
10963,15601,2446694.0,120892.0,40.0,97867760.0
10963,15264,2675071.0,135102.0,40.0,107002840.0
10963,19333,3400620.0,175818.0,40.0,136024800.0
10963,19880,2773884.0,130936.0,40.0,110955360.0
10963,14519,3529251.0,173767.0,40.0,141170040.0
10963,12369,4170424.0,214662.0,40.0,166816960.0
10963,10044,1805758.0,91936.0,40.0,72230320.0
10963,19147,4806445.0,248039.0,40.0,192257800.0
10963,18448,1626957.0,83872.0,60.0,97617420.0
10963,17010,2063106.0,100500.0,40.0,82524240.0
10963,17738,3489164.0,174804.0,40.0,139566560.0
10963,10955,3853205.0,194082.0,40.0,154128200.0
10963,18219,3309091.0,163056.0,40.0,132363640.0
10963,11853,3261038.0,162687.0,40.0,130441520.0
10963,10657,3649009.0,178912.0,40.0,145960360.0
10963,10568,2613183.0,131250.0,40.0,104527320.0
10963,10867,4227459.0,213903.0,40.0,169098360.0
10963,19500,3831264.0,195035.0,40.0,153250560.0
10963,13165,1724524.0,87594.0,40.0,68980960.0
10963,11022,3880930.0,193270.0,40.0,155237200.0
10963,19430,4550876.0,220761.0,40.0,182035040.0
10963,15241,3819039.0,194060.0,40.0,152761560.0
10963,16683,3086379.0,152975.0,40.0,123455160.0
10963,12216,2157615.0,108744.0,40.0,86304600.0
10963,10301,3983257.0,200453.0,40.0,159330280.0
10963,12355,2090084.0,102023.0,40.0,83603360.0
10963,14257,4825437.0,233251.0,40.0,193017480.0
10963,10963,0.0,0.0,50.0,0.0
10963,16193,1032464.0,55758.0,60.0,61947840.0
10963,16962,3853464.0,194116.0,40.0,154138560.0
10963,15724,3529792.0,182363.0,40.0,141191680.0
10963,17789,3502593.0,172858.0,40.0,140103720.0
10963,14278,3469024.0,173392.0,40.0,138760960.0
10963,19846,504399.0,27145.0,60.0,30263940.0
10963,11261,2181830.0,109470.0,40.0,87273200.0
10963,17223,3009987.0,150995.0,40.0,120399480.0
10963,12562,4174653.0,214891.0,40.0,166986120.0
10963,13170,3522499.0,172983.0,40.0,140899960.0
10963,13489,3508305.0,172936.0,40.0,140332200.0
10963,13582,3706513.0,186218.0,40.0,148260520.0
10963,14358,589124.0,31026.0,60.0,35347440.0
10963,16108,428285.0,20309.0,60.0,25697100.0
10963,10796,2849068.0,141863.0,40.0,113962720.0
10963,18799,2155076.0,108595.0,40.0,86203040.0
10963,10375,4468253.0,227280.0,40.0,178730120.0
10963,13665,907350.0,46973.0,60.0,54441000.0
10963,15185,1050853.0,84870.0,60.0,63051180.0
10963,13454,3707313.0,196888.0,40.0,148292520.0
10963,14053,3298674.0,162740.0,40.0,131946960.0
10963,10901,3390507.0,170919.0,40.0,135620280.0
10963,15948,3886283.0,192623.0,40.0,155451320.0
10963,12973,2419525.0,126770.0,40.0,96781000.0
10963,12746,3519591.0,173181.0,40.0,140783640.0
10963,11181,3687958.0,181570.0,40.0,147518320.0
10963,19143,1954722.0,99647.0,40.0,78188880.0
10963,19785,3593051.0,179983.0,40.0,143722040.0
10963,13237,3525223.0,173985.0,40.0,141008920.0
10963,15651,266130.0,14467.0,60.0,15967800.0
10963,15848,251867.0,13633.0,50.0,12593350.0
10963,11455,3987965.0,198634.0,40.0,159518600.0
10963,14425,2763971.0,141135.0,40.0,110558840.0
10963,17752,579937.0,30261.0,60.0,34796220.0
10963,14060,3432016.0,169788.0,40.0,137280640.0
10963,10316,2848936.0,140409.0,40.0,113957440.0
10963,19134,784851.0,42121.0,60.0,47091060.0
10963,13460,3370843.0,171973.0,40.0,134833720.0
10963,15686,577892.0,30166.0,60.0,34673520.0
10963,11189,4468265.0,227283.0,40.0,178730600.0
10963,10326,5555694.0,266306.0,40.0,222227760.0
10963,10269,4411728.0,223697.0,40.0,176469120.0
10963,17464,2711122.0,135416.0,40.0,108444880.0
10963,19273,3728840.0,187288.0,40.0,149153600.0
10963,13840,3280201.0,167939.0,40.0,131208040.0
10963,14704,4482913.0,217897.0,40.0,179316520.0
10963,19239,2566660.0,128269.0,40.0,102666400.0
10963,19502,2714061.0,137906.0,40.0,108562440.0
10963,17504,2063608.0,106579.0,40.0,82544320.0
10963,18110,3009764.0,150956.0,40.0,120390560.0
10963,11163,2172251.0,110022.0,40.0,86890040.0
10963,12633,4823157.0,233151.0,40.0,192926280.0
10963,16339,1268341.0,70752.0,60.0,76100460.0
10963,13989,1727234.0,88234.0,40.0,69089360.0
10963,18149,3024753.0,151738.0,40.0,120990120.0
10963,10177,4170362.0,202535.0,40.0,166814480.0
10963,12270,3079704.0,154839.0,40.0,123188160.0
10963,13100,4568263.0,235757.0,40.0,182730520.0
10963,17781,2613725.0,131316.0,40.0,104549000.0
10963,19971,1516319.0,108192.0,60.0,90979140.0
10963,16887,620043.0,31962.0,60.0,37202580.0
10963,10985,4277618.0,207636.0,40.0,171104720.0
10963,15976,2331559.0,113434.0,40.0,93262360.0
16193,12652,3291577.0,157508.0,54.3312,178835328.30240002
16193,15008,3340682.0,159588.0,54.3312,181503261.8784
16193,11112,3340635.0,160087.0,54.3312,181500708.312
16193,16325,3362801.0,160913.0,54.3312,182705013.69120002
16193,11561,1385864.0,66407.0,53.361,73951088.904
16193,18441,3361095.0,160846.0,54.3312,182612324.664
16193,16117,3481496.0,165855.0,54.3312,189153855.4752
16193,11209,3362302.0,160866.0,54.3312,182677902.4224
16193,15891,3327301.0,159298.0,54.3312,180776256.0912
16193,18812,3370294.0,161089.0,54.3312,183112117.37280002
16193,19915,4030764.0,191866.0,54.3312,218996245.0368
16193,17282,3371921.0,161433.0,54.3312,183200514.23520002
16193,11147,3420638.0,159098.0,54.3312,185847367.30560002
16193,13417,3359434.0,160329.0,54.3312,182522080.5408
16193,12940,3288268.0,150468.0,54.3312,178655546.3616
16193,12352,4163175.0,197043.0,54.3312,226190293.56
16193,17522,1678225.0,81071.0,53.361,89551764.225
16193,14234,778756.0,29612.0,60.710300000000004,47278510.386800006
16193,19300,3318993.0,159042.0,54.3312,180324872.48160002
16193,18542,3335211.0,159745.0,54.3312,181206015.88320002
16193,16855,1692806.0,81644.0,53.361,90329820.96599999
16193,13694,4018425.0,187539.0,54.3312,218325852.36
16193,12205,3875759.0,181781.0,54.3312,210574637.3808
16193,18941,2220321.0,107844.0,53.361,118478548.881
16193,10748,3331789.0,160137.0,54.3312,181020094.51680002
16193,10705,3288431.0,158862.0,54.3312,178664402.3472
16193,15483,4000163.0,187003.0,54.3312,217333655.98560002
16193,13088,4169098.0,197230.0,54.3312,226512097.2576
16193,13917,2295119.0,103717.0,53.361,122469844.95899999
16193,16236,3280478.0,157460.0,54.3312,178232306.3136
16193,13073,3267982.0,156658.0,54.3312,177553383.63840002
16193,13636,3395285.0,161529.0,54.3312,184469908.39200002
16193,18411,2994553.0,135051.0,54.3312,162697657.95360002
16193,10916,764153.0,41567.0,60.710300000000004,46391957.8759
16193,15270,4183754.0,200817.0,54.3312,227308375.3248
16193,13509,3395775.0,161651.0,54.3312,184496530.68
16193,11200,3181740.0,155137.0,54.3312,172867752.28800002
16193,12616,1676114.0,80832.0,53.361,89439119.154
16193,12868,4069185.0,195548.0,54.3312,221083704.072
16193,13555,2596942.0,116434.0,54.3312,141094975.1904
16193,14736,4002606.0,194441.0,54.3312,217466387.1072
16193,17516,2180278.0,105757.0,53.361,116341814.358
16193,15183,4049723.0,194818.0,54.3312,220026310.2576
16193,13563,942850.0,48159.0,60.710300000000004,57240706.355000004
16193,15077,2737000.0,125677.0,54.3312,148704494.4
16193,11466,2003598.0,99351.0,53.361,106913992.87799999
16193,15378,3427572.0,157707.0,54.3312,186224099.84640002
16193,18827,2562103.0,121387.0,54.3312,139202130.5136
16193,16028,1855357.0,80444.0,53.361,99003704.87699999
16193,15601,2295152.0,108563.0,53.361,122471605.872
16193,15264,2523529.0,122773.0,54.3312,137106358.8048
16193,19333,3249077.0,163489.0,54.3312,176526252.30240002
16193,19880,1804012.0,78394.0,53.361,96263884.33199999
16193,14519,3377709.0,161438.0,54.3312,183514983.2208
16193,12369,4192882.0,202317.0,54.3312,227804310.5184
16193,10044,1654216.0,79607.0,53.361,88270619.976
16193,19147,4654903.0,235710.0,54.3312,252906465.8736
16193,18448,2522505.0,129696.0,54.3312,137050723.65600002
16193,17010,1093234.0,47959.0,45.5994,49850814.4596
16193,17738,3511621.0,162460.0,54.3312,190790582.8752
16193,10955,3875662.0,181738.0,54.3312,210569367.2544
16193,18219,3157549.0,150727.0,54.3312,171553426.2288
16193,11853,3283496.0,150342.0,54.3312,178396277.8752
16193,10657,3497467.0,166583.0,54.3312,190021579.0704
16193,10568,2635641.0,118906.0,54.3312,143197538.2992
16193,10867,4170632.0,200661.0,54.3312,226595441.31840003
16193,19500,3687655.0,177872.0,54.3312,200354721.336
16193,13165,1572982.0,75266.0,53.361,83935892.50199999
16193,11022,3729388.0,180941.0,54.3312,202622125.30560002
16193,19430,4399333.0,208432.0,54.3312,239021041.0896
16193,15241,3684570.0,177585.0,54.3312,200187109.58400002
16193,16683,2934837.0,140647.0,54.3312,159453216.0144
16193,12216,2180073.0,96399.0,53.361,116330875.353
16193,10301,4005715.0,188108.0,54.3312,217635302.808
16193,12355,1120213.0,49482.0,53.361,59775685.893
16193,14257,5720985.0,279076.0,54.3312,310827980.232
16193,10963,1034140.0,55973.0,45.5994,47156163.516
16193,16193,0.0,0.0,60.710300000000004,0.0
16193,16962,3875921.0,181772.0,54.3312,210583439.0352
16193,15724,3378249.0,170035.0,54.3312,183544322.0688
16193,17789,3351050.0,160529.0,54.3312,182066567.76000002
16193,14278,3491481.0,161048.0,54.3312,189696352.5072
16193,19846,543746.0,29670.0,60.710300000000004,33010982.783800002
16193,11261,2030288.0,97141.0,53.361,108338197.968
16193,17223,3032445.0,138650.0,54.3312,164756375.784
16193,12562,4197111.0,202547.0,54.3312,228034077.16320002
16193,13170,3370957.0,160655.0,54.3312,183148138.9584
16193,13489,3356762.0,160607.0,54.3312,182376907.5744
16193,13582,3728971.0,173873.0,54.3312,202599469.1952
16193,14358,1484673.0,76850.0,53.361,79223635.953
16193,16108,949713.0,48627.0,60.710300000000004,57657361.14390001
16193,10796,2871525.0,129519.0,54.3312,156013399.08
16193,18799,2177533.0,96251.0,53.361,116195338.41299999
16193,10375,4490710.0,214935.0,54.3312,243985663.152
16193,13665,766876.0,35153.0,60.710300000000004,46557272.022800006
16193,15185,1695555.0,99742.0,53.361,90476510.35499999
16193,13454,3555770.0,184559.0,54.3312,193189251.02400002
16193,14053,3147132.0,150412.0,54.3312,170987458.1184
16193,10901,3412965.0,158574.0,54.3312,185430484.00800002
16193,15948,3734741.0,180294.0,54.3312,202912960.21920002
16193,12973,2250985.0,99036.0,53.361,120114810.585
16193,12746,3368049.0,160852.0,54.3312,182990143.82880002
16193,11181,3536415.0,169242.0,54.3312,192137670.648
16193,19143,1803179.0,87318.0,53.361,96219434.61899999
16193,19785,3615509.0,167639.0,54.3312,196434942.5808
16193,13237,3373680.0,161657.0,54.3312,183296082.816
16193,15651,773919.0,42171.0,60.710300000000004,46984854.6657
16193,15848,787362.0,42964.0,60.710300000000004,47800983.2286
16193,11455,3836422.0,186305.0,54.3312,208437410.9664
16193,14425,2713264.0,118699.0,54.3312,147414889.0368
16193,17752,1475485.0,76086.0,53.361,78733355.085
16193,14060,3280474.0,157459.0,54.3312,178232088.98880002
16193,10316,2697394.0,128081.0,54.3312,146552652.8928
16193,19134,1680399.0,87945.0,53.361,89667771.03899999
16193,13460,3219301.0,159645.0,54.3312,174908486.4912
16193,15686,1473440.0,75990.0,53.361,78624231.83999999
16193,11189,4490723.0,214938.0,54.3312,243986369.4576
16193,10326,6451242.0,312131.0,54.3312,350503719.35040003
16193,10269,4434186.0,211353.0,54.3312,240914646.4032
16193,17464,3606670.0,181240.0,54.3312,195954709.104
16193,19273,3751298.0,174943.0,54.3312,203812521.8976
16193,13840,3218075.0,144304.0,54.3312,174841876.44
16193,14704,4331371.0,205569.0,54.3312,235328584.07520002
16193,19239,2589117.0,115924.0,54.3312,140669833.55040002
16193,19502,2736519.0,125561.0,54.3312,148678361.09280002
16193,17504,2959156.0,152404.0,54.3312,160774496.4672
16193,18110,3032222.0,138611.0,54.3312,164744259.9264
16193,11163,2020708.0,97693.0,53.361,107826999.588
16193,12633,5718705.0,278975.0,54.3312,310704105.096
16193,16339,2163889.0,116576.0,53.361,115467280.92899999
16193,13989,1575691.0,75906.0,53.361,84080447.45099999
16193,18149,3047211.0,139393.0,54.3312,165558630.2832
16193,10177,5065910.0,248359.0,54.3312,275236969.392
16193,12270,2928162.0,142510.0,54.3312,159090555.2544
16193,13100,4416721.0,223428.0,54.3312,239965751.9952
16193,17781,2636182.0,118971.0,54.3312,143226931.4784
16193,19971,2304598.0,115021.0,53.361,122975653.87799999
16193,16887,562767.0,35086.0,60.710300000000004,34165753.4001
16193,10985,4126076.0,195308.0,54.3312,224174660.37120003
16193,15976,1361688.0,60893.0,53.361,72661033.368
16962,12652,1101447.0,52275.0,35.0,38550645.0
16962,15008,1044551.0,50539.0,35.0,36559285.0
16962,11112,1048815.0,49979.0,35.0,36708525.0
16962,16325,1039869.0,49411.0,35.0,36395415.0
16962,11561,2465697.0,122929.0,35.0,86299395.0
16962,18441,1038163.0,49344.0,35.0,36335705.0
16962,16117,931685.0,46374.0,42.0,39130770.0
16962,11209,1035967.0,49406.0,35.0,36258845.0
16962,15891,1099555.0,52217.0,35.0,38484425.0
16962,18812,1129443.0,53605.0,35.0,39530505.0
16962,19915,386097.0,20239.0,25.13,9702617.61
16962,17282,1079351.0,51312.0,35.0,37777285.0
16962,11147,460587.0,23336.0,40.0,18423480.0
16962,13417,1010792.0,48201.0,35.0,35377720.0
16962,12940,744312.0,37252.0,42.0,31261104.0
16962,12352,295536.0,16629.0,67.48,19942769.28
16962,17522,2138836.0,107266.0,35.0,74859260.0
16962,14234,3120322.0,153704.0,35.0,109211270.0
16962,19300,1057790.0,50332.0,35.0,37022650.0
16962,18542,1041828.0,49515.0,35.0,36463980.0
16962,16855,2134594.0,107014.0,35.0,74710790.0
16962,13694,1777575.0,80056.0,35.0,62215125.0
16962,12205,410.0,92.0,601.545,246633.44999999998
16962,18941,1831915.0,94521.0,35.0,64117025.0
16962,10748,1094294.0,51940.0,35.0,38300290.0
16962,10705,942808.0,48384.0,32.0,30169856.0
16962,15483,1759312.0,79520.0,35.0,61575920.0
16962,13088,301458.0,16816.0,67.48,20342385.84
16962,13917,1639106.0,83903.0,35.0,57368710.0
16962,16236,1096631.0,52346.0,35.0,38382085.0
16962,13073,1117432.0,52597.0,35.0,39110120.0
16962,13636,1018178.0,48693.0,35.0,35636230.0
16962,18411,927251.0,49312.0,42.0,38944542.0
16962,10916,3583375.0,180926.0,35.0,125418125.0
16962,15270,948596.0,46309.0,32.0,30355072.0
16962,13509,1018667.0,48815.0,35.0,35653345.0
16962,11200,1341307.0,64738.0,35.0,46945745.0
16962,12616,2134399.0,106892.0,35.0,74703965.0
16962,12868,1575437.0,78650.0,35.0,55140295.0
16962,13555,1270954.0,65690.0,35.0,44483390.0
16962,14736,1288905.0,65571.0,35.0,45111675.0
16962,17516,1845681.0,94990.0,35.0,64598835.0
16962,15183,522251.0,27286.0,40.0,20890040.0
16962,13563,3851702.0,194280.0,35.0,134809570.0
16962,15077,1292220.0,67168.0,35.0,45227700.0
16962,11466,3261793.0,163440.0,35.0,114162755.0
16962,15378,674873.0,32723.0,40.0,26994920.0
16962,18827,1479940.0,76431.0,35.0,51797900.0
16962,16028,2048441.0,105061.0,35.0,71695435.0
16962,15601,1639180.0,84881.0,35.0,57371300.0
16962,15264,1782042.0,93863.0,35.0,62371470.0
16962,19333,1525714.0,75809.0,35.0,53399990.0
16962,19880,3232919.0,153856.0,35.0,113152165.0
16962,14519,1136626.0,53991.0,35.0,39781910.0
16962,12369,706541.0,35856.0,40.0,28261640.0
16962,10044,2148299.0,107714.0,35.0,75190465.0
16962,19147,3009553.0,145367.0,35.0,105334355.0
16962,18448,5405629.0,273346.0,35.0,189197015.0
16962,17010,3937818.0,183659.0,35.0,137823630.0
16962,17738,569648.0,27841.0,40.0,22785920.0
16962,10955,328.0,57.0,650.4259999999999,213339.72799999997
16962,18219,1210640.0,57688.0,35.0,42372400.0
16962,11853,746637.0,37138.0,42.0,31358754.0
16962,10657,1256616.0,59100.0,35.0,43981560.0
16962,10568,1236280.0,63376.0,35.0,43269800.0
16962,10867,956025.0,46621.0,32.0,30592800.0
16962,19500,782288.0,40468.0,42.0,32856096.0
16962,13165,2114745.0,107061.0,35.0,74016075.0
16962,11022,1289198.0,66521.0,35.0,45121930.0
16962,19430,1905922.0,91562.0,35.0,66707270.0
16962,15241,778865.0,39953.0,42.0,32712330.0
16962,16683,1247613.0,66347.0,35.0,43666455.0
16962,12216,1705952.0,86706.0,35.0,59708320.0
16962,10301,138075.0,7694.0,601.545,83058325.875
16962,12355,3908367.0,182984.0,35.0,136792845.0
16962,14257,8604110.0,422726.0,35.0,301143850.0
16962,10963,3843032.0,194055.0,35.0,134506120.0
16962,16193,3689830.0,181620.0,35.0,129144050.0
16962,16962,0.0,0.0,650.4259999999999,0.0
16962,15724,1558516.0,79088.0,35.0,54548060.0
16962,17789,1049981.0,49974.0,35.0,36749335.0
16962,14278,549508.0,26429.0,40.0,21980320.0
16962,19846,3863300.0,191578.0,35.0,135215500.0
16962,11261,2094813.0,106358.0,35.0,73318455.0
16962,17223,843215.0,43861.0,42.0,35415030.0
16962,12562,703491.0,35972.0,40.0,28139640.0
16962,13170,1027396.0,48946.0,35.0,35958860.0
16962,13489,1041305.0,49475.0,35.0,36445675.0
16962,13582,782668.0,38993.0,42.0,32872056.0
16962,14358,4367796.0,220500.0,35.0,152872860.0
16962,16108,3946826.0,198994.0,35.0,138138910.0
16962,10796,1039904.0,54865.0,35.0,36396640.0
16962,18799,1703412.0,86558.0,35.0,59619420.0
16962,10375,616766.0,33422.0,40.0,24670640.0
16962,13665,2945733.0,148899.0,35.0,103100655.0
16962,15185,3469031.0,173636.0,35.0,121416085.0
16962,13454,2292023.0,115779.0,35.0,80220805.0
16962,14053,1233734.0,58607.0,35.0,43180690.0
16962,10901,465353.0,23707.0,40.0,18614120.0
16962,15948,1044095.0,52818.0,35.0,36543325.0
16962,12973,1720336.0,88117.0,35.0,60211760.0
16962,12746,1127198.0,53369.0,35.0,39451930.0
16962,11181,994391.0,48734.0,32.0,31820512.0
16962,19143,2252405.0,113049.0,35.0,78834175.0
16962,19785,669206.0,32758.0,40.0,26768240.0
16962,13237,1081110.0,51536.0,35.0,37838850.0
16962,15651,3590425.0,181569.0,35.0,125664875.0
16962,15848,3594707.0,181040.0,35.0,125814745.0
16962,11455,1394730.0,71623.0,35.0,48815550.0
16962,14425,1254149.0,68788.0,35.0,43895215.0
16962,17752,4358609.0,219736.0,35.0,152551315.0
16962,14060,1096627.0,52345.0,35.0,38381945.0
16962,10316,1362889.0,72568.0,35.0,47701115.0
16962,19134,4563523.0,231595.0,35.0,159723305.0
16962,13460,1338814.0,65629.0,35.0,46858490.0
16962,15686,4356564.0,219640.0,35.0,152479740.0
16962,11189,616778.0,33425.0,40.0,24671120.0
16962,10326,9334366.0,455781.0,35.0,326702810.0
16962,10269,566546.0,30938.0,40.0,22661840.0
16962,17464,6489794.0,324890.0,35.0,227142790.0
16962,19273,597473.0,35727.0,40.0,23898920.0
16962,13840,1509327.0,81338.0,35.0,52826445.0
16962,14704,1857542.0,89324.0,35.0,65013970.0
16962,19239,1278102.0,66030.0,35.0,44733570.0
16962,19502,1291738.0,67052.0,35.0,45210830.0
16962,17504,5842280.0,296054.0,35.0,204479800.0
16962,18110,842992.0,43822.0,42.0,35405664.0
16962,11163,2469934.0,123424.0,35.0,86447690.0
16962,12633,8601830.0,422625.0,35.0,301064050.0
16962,16339,5047013.0,260226.0,35.0,176645455.0
16962,13989,2109361.0,106816.0,35.0,73827635.0
16962,18149,843195.0,43747.0,42.0,35414190.0
16962,10177,7949034.0,392009.0,35.0,278216190.0
16962,12270,2156677.0,111975.0,35.0,75483695.0
16962,13100,2771371.0,133085.0,35.0,96997985.0
16962,17781,1236821.0,63442.0,35.0,43288735.0
16962,19971,3562793.0,179110.0,35.0,124697755.0
16962,16887,3931016.0,197924.0,35.0,137585560.0
16962,10985,1793597.0,86803.0,35.0,62775895.0
16962,15976,3758616.0,177102.0,35.0,131551560.0
15724,12652,505443.0,30395.0,50.0,25272150.0
15724,15008,535231.0,31115.0,69.8,37359123.8
15724,11112,515057.0,30212.0,69.8,35950978.6
15724,16325,546943.0,31319.0,69.8,38176621.4
15724,11561,2041273.0,105842.0,69.8,142480855.4
15724,18441,545237.0,31252.0,69.8,38057542.6
15724,16117,662294.0,36747.0,69.8,46228121.199999996
15724,11209,546444.0,31271.0,69.8,38141791.199999996
15724,15891,462030.0,27463.0,14.94108,6903227.1924
15724,18812,519898.0,27989.0,69.8,36288880.4
15724,19915,1935212.0,97929.0,69.8,135077797.6
15724,17282,541481.0,31311.0,69.8,37795373.8
15724,11147,1462008.0,77271.0,69.8,102048158.39999999
15724,13417,552039.0,31706.0,69.8,38532322.199999996
15724,12940,967768.0,52832.0,69.8,67550206.39999999
15724,12352,1844651.0,94318.0,69.8,128756639.8
15724,17522,1714413.0,90179.0,69.8,119666027.39999999
15724,14234,2849042.0,142310.0,69.8,198863131.6
15724,19300,508271.0,29664.0,69.8,35477315.8
15724,18542,519353.0,30151.0,69.8,36250839.4
15724,16855,1710171.0,89926.0,69.8,119369935.8
15724,13694,524042.0,27514.0,69.8,36578131.6
15724,12205,1557235.0,79056.0,69.8,108695003.0
15724,18941,1278928.0,70832.0,69.8,89269174.39999999
15724,10748,488440.0,28748.0,50.0,24422000.0
15724,10705,690156.0,38491.0,69.8,48172888.8
15724,15483,537806.0,28213.0,69.8,37538858.8
15724,13088,1850573.0,94505.0,69.8,129169995.39999999
15724,13917,1749928.0,90888.0,69.8,122144974.39999999
15724,16236,505417.0,30307.0,69.8,35278106.6
15724,13073,496493.0,29525.0,50.0,24824650.0
15724,13636,576083.0,32421.0,69.8,40210593.4
15724,18411,1063184.0,58580.0,69.8,74210243.2
15724,10916,3269934.0,169102.0,69.8,228241393.2
15724,15270,2307115.0,120076.0,69.8,161036627.0
15724,13509,576572.0,32543.0,69.8,40244725.6
15724,11200,385558.0,23264.0,14.94108,5760652.92264
15724,12616,1709976.0,89805.0,69.8,119356324.8
15724,12868,1143461.0,59365.0,69.8,79813577.8
15724,13555,1312760.0,71752.0,69.8,91630648.0
15724,14736,1134808.0,62936.0,69.8,79209598.39999999
15724,17516,1324460.0,73433.0,69.8,92447308.0
15724,15183,2071366.0,104976.0,69.8,144581346.79999998
15724,13563,3538261.0,182457.0,69.8,246970617.79999998
15724,15077,1074493.0,61015.0,69.8,74999611.39999999
15724,11466,2837370.0,146353.0,69.8,198048426.0
15724,15378,943747.0,50213.0,69.8,65873540.599999994
15724,18827,998086.0,54796.0,69.8,69666402.8
15724,16028,1919377.0,101232.0,69.8,133972514.6
15724,15601,1266986.0,68980.0,69.8,88435622.8
15724,15264,855090.0,47291.0,69.8,59685282.0
15724,19333,128187.0,6867.0,14.94108,1915252.22196
15724,19880,3531789.0,168855.0,69.8,246518872.2
15724,14519,519605.0,28197.0,69.8,36268429.0
15724,12369,2255656.0,113545.0,69.8,157444788.79999998
15724,10044,1723875.0,90627.0,69.8,120326475.0
15724,19147,1405365.0,72632.0,69.8,98094477.0
15724,18448,5092188.0,261523.0,69.8,355434722.4
15724,17010,4236688.0,198658.0,69.8,295720822.4
15724,17738,1000271.0,52597.0,69.8,69818915.8
15724,10955,1557138.0,79013.0,69.8,108688232.39999999
15724,18219,516235.0,30682.0,69.8,36033203.0
15724,11853,951187.0,51773.0,69.8,66392852.599999994
15724,10657,403762.0,23310.0,14.94108,6032640.34296
15724,10568,1351459.0,74224.0,69.8,94331838.2
15724,10867,2293992.0,119920.0,69.8,160120641.6
15724,19500,1897797.0,101052.0,69.8,132466230.6
15724,13165,1914286.0,100537.0,69.8,133617162.8
15724,11022,803664.0,44759.0,69.8,56095747.199999996
15724,19430,1473609.0,72250.0,69.8,102857908.2
15724,15241,1885572.0,100077.0,69.8,131612925.6
15724,16683,647320.0,39100.0,69.8,45182936.0
15724,12216,1576887.0,82877.0,69.8,110066712.6
15724,10301,1687190.0,85383.0,69.8,117765862.0
15724,12355,4207237.0,197983.0,69.8,293665142.59999996
15724,14257,8290668.0,410902.0,69.8,578688626.4
15724,10963,3529591.0,182232.0,69.8,246365451.79999998
15724,16193,3376389.0,169797.0,69.8,235671952.2
15724,16962,1557397.0,79047.0,69.8,108706310.6
15724,15724,0.0,0.0,14.94108,0.0
15724,17789,535192.0,30935.0,69.8,37356401.6
15724,14278,1011294.0,53082.0,69.8,70588321.2
15724,19846,3549859.0,179755.0,69.8,247780158.2
15724,11261,1351148.0,73293.0,69.8,94310130.39999999
15724,17223,1294880.0,71132.0,69.8,90382624.0
15724,12562,2252606.0,113661.0,69.8,157231898.79999998
15724,13170,556989.0,31669.0,69.8,38877832.199999996
15724,13489,540904.0,31013.0,69.8,37755099.199999996
15724,13582,1031663.0,56955.0,69.8,72010077.39999999
15724,14358,4054355.0,208677.0,69.8,282993979.0
15724,16108,3633385.0,187170.0,69.8,253610273.0
15724,10796,1189389.0,64361.0,69.8,83019352.2
15724,18799,1574347.0,82729.0,69.8,109889420.6
15724,10375,2172185.0,112210.0,69.8,151618513.0
15724,13665,2632292.0,137076.0,69.8,183733981.6
15724,15185,3044607.0,156549.0,69.8,212513568.6
15724,13454,898680.0,46895.0,69.8,62727864.0
15724,14053,502875.0,29989.0,50.0,25143750.0
15724,10901,1461423.0,77569.0,69.8,102007325.39999999
15724,15948,908221.0,50727.0,69.8,63393825.8
15724,12973,2000545.0,102792.0,69.8,139638041.0
15724,12746,519330.0,27828.0,69.8,36249234.0
15724,11181,696121.0,39752.0,69.8,48589245.8
15724,19143,1690128.0,90665.0,69.8,117970934.39999999
15724,19785,1123248.0,59123.0,69.8,78402710.39999999
15724,13237,542155.0,31370.0,69.8,37842419.0
15724,15651,3276984.0,169745.0,69.8,228733483.2
15724,15848,3281266.0,169216.0,69.8,229032366.79999998
15724,11455,910698.0,50123.0,69.8,63566720.4
15724,14425,1621080.0,89781.0,69.8,113151384.0
15724,17752,4045168.0,207912.0,69.8,282352726.4
15724,14060,505413.0,30306.0,69.8,35277827.4
15724,10316,868726.0,50724.0,69.8,60637074.8
15724,19134,4250082.0,219772.0,69.8,296655723.59999996
15724,13460,259247.0,16206.0,14.94108,3873430.16676
15724,15686,4043123.0,207817.0,69.8,282209985.4
15724,11189,2172198.0,112213.0,69.8,151619420.4
15724,10326,9020925.0,443957.0,69.8,629660565.0
15724,10269,2115661.0,108628.0,69.8,147673137.79999998
15724,17464,6176353.0,313067.0,69.8,431109439.4
15724,19273,1181934.0,65369.0,69.8,82498993.2
15724,13840,2137311.0,116584.0,69.8,149184307.79999998
15724,14704,1405647.0,69386.0,69.8,98114160.6
15724,19239,1269344.0,71372.0,69.8,88600211.2
15724,19502,1074012.0,60900.0,69.8,74966037.6
15724,17504,5528839.0,284230.0,69.8,385912962.2
15724,18110,1294656.0,71093.0,69.8,90366988.8
15724,11163,1778567.0,95067.0,69.8,124143976.6
15724,12633,8288388.0,410802.0,69.8,578529482.4
15724,16339,4733572.0,248403.0,69.8,330403325.59999996
15724,13989,1916028.0,100865.0,69.8,133738754.39999999
15724,18149,1279277.0,70163.0,69.8,89293534.6
15724,10177,7635593.0,380186.0,69.8,532964391.4
15724,12270,983899.0,52584.0,69.8,68676150.2
15724,13100,1167183.0,60350.0,69.8,81469373.39999999
15724,17781,1352000.0,74289.0,69.8,94369600.0
15724,19971,3138369.0,162023.0,69.8,219058156.2
15724,16887,3617575.0,186101.0,69.8,252506735.0
15724,10985,718646.0,37694.0,69.8,50161490.8
15724,15976,4057486.0,192101.0,69.8,283212522.8
17789,12652,84071.0,5047.0,79.8,6708865.8
17789,15008,62069.0,3580.0,79.8,4953106.2
17789,11112,19320.0,1260.0,79.8,1541736.0
17789,16325,11773.0,954.0,79.8,939485.4
17789,11561,2018167.0,96942.0,79.8,161049726.6
17789,18441,16055.0,1016.0,79.8,1281189.0
17789,16117,133108.0,6586.0,79.8,10622018.4
17789,11209,17259.0,1110.0,79.8,1377268.2
17789,15891,75253.0,3907.0,79.8,6005189.399999999
17789,18812,93891.0,4768.0,79.8,7492501.8
17789,19915,1420663.0,68609.0,79.8,113368907.39999999
17789,17282,43799.0,2475.0,79.8,3495160.1999999997
17789,11147,947460.0,47952.0,79.8,75607308.0
17789,13417,37490.0,2387.0,79.8,2991702.0
17789,12940,453220.0,23513.0,79.8,36166956.0
17789,12352,1330102.0,64999.0,79.8,106142139.6
17789,17522,1691306.0,81279.0,79.8,134966218.79999998
17789,14234,2825936.0,133409.0,79.8,225509692.79999998
17789,19300,33487.0,2022.0,79.8,2672262.6
17789,18542,18202.0,1254.0,79.8,1452519.5999999999
17789,16855,1687064.0,81026.0,79.8,134627707.2
17789,13694,742023.0,31219.0,79.8,59213435.4
17789,12205,1042686.0,49737.0,79.8,83206342.8
17789,18941,1214446.0,62044.0,79.8,96912790.8
17789,10748,65024.0,3443.0,79.8,5188915.2
17789,10705,195088.0,10253.0,79.8,15568022.4
17789,15483,723760.0,30682.0,79.8,57756048.0
17789,13088,1336024.0,65186.0,79.8,106614715.2
17789,13917,1521075.0,74993.0,79.8,121381785.0
17789,16236,72328.0,4036.0,79.8,5771774.399999999
17789,13073,86641.0,4677.0,79.8,6913951.8
17789,13636,46897.0,2260.0,79.8,3742380.6
17789,18411,643085.0,33999.0,79.8,51318183.0
17789,10916,3246828.0,160202.0,79.8,259096874.39999998
17789,15270,1792566.0,90757.0,79.8,143046766.79999998
17789,13509,47387.0,2382.0,79.8,3781482.6
17789,11200,324886.0,17295.0,79.8,25925902.8
17789,12616,1686870.0,80904.0,79.8,134612226.0
17789,12868,739157.0,36650.0,79.8,58984728.6
17789,13555,1051179.0,53293.0,79.8,83884084.2
17789,14736,638130.0,34809.0,79.8,50922774.0
17789,17516,1228213.0,62513.0,79.8,98011397.39999999
17789,15183,1556817.0,75656.0,79.8,124233996.6
17789,13563,3515155.0,173557.0,79.8,280509369.0
17789,15077,854808.0,42724.0,79.8,68213678.39999999
17789,11466,2814263.0,137453.0,79.8,224578187.4
17789,15378,429198.0,20894.0,79.8,34250000.4
17789,18827,836607.0,42380.0,79.8,66761238.599999994
17789,16028,1688875.0,85666.0,79.8,134772225.0
17789,15601,1062431.0,54066.0,79.8,84781993.8
17789,15264,990766.0,51697.0,79.8,79063126.8
17789,19333,501411.0,27499.0,79.8,40012597.8
17789,19880,3302937.0,152959.0,79.8,263574372.6
17789,14519,101074.0,5154.0,79.8,8065705.199999999
17789,12369,1741108.0,84226.0,79.8,138940418.4
17789,10044,1700769.0,81727.0,79.8,135721366.2
17789,19147,1974001.0,96530.0,79.8,157525279.79999998
17789,18448,5069081.0,252622.0,79.8,404512663.8
17789,17010,4007835.0,182762.0,79.8,319825233.0
17789,17738,485722.0,23277.0,79.8,38760615.6
17789,10955,1042589.0,49694.0,79.8,83198602.2
17789,18219,194219.0,10244.0,79.8,15498676.2
17789,11853,436639.0,22454.0,79.8,34843792.199999996
17789,10657,221064.0,10263.0,79.8,17640907.2
17789,10568,1089877.0,55764.0,79.8,86972184.6
17789,10867,1779443.0,90601.0,79.8,141999551.4
17789,19500,1383248.0,71733.0,79.8,110383190.39999999
17789,13165,1764908.0,87603.0,79.8,140839658.4
17789,11022,399360.0,22043.0,79.8,31868928.0
17789,19430,1069305.0,49534.0,79.8,85330539.0
17789,15241,1371023.0,70758.0,79.8,109407635.39999999
17789,16683,466974.0,24368.0,79.8,37264525.199999996
17789,12216,1346386.0,67311.0,79.8,107441602.8
17789,10301,1172642.0,56064.0,79.8,93576831.6
17789,12355,3978384.0,182087.0,79.8,317475043.2
17789,14257,8267562.0,402002.0,79.8,659751447.6
17789,10963,3506485.0,173331.0,79.8,279817503.0
17789,16193,3353283.0,160897.0,79.8,267591983.39999998
17789,16962,1042848.0,49727.0,79.8,83219270.39999999
17789,15724,534213.0,30778.0,79.8,42630197.4
17789,17789,0.0,0.0,79.8,0.0
17789,14278,496745.0,23763.0,79.8,39640251.0
17789,19846,3526753.0,170854.0,79.8,281434889.4
17789,11261,1486372.0,75750.0,79.8,118612485.6
17789,17223,841966.0,45468.0,79.8,67188886.8
17789,12562,1738058.0,84342.0,79.8,138697028.4
17789,13170,27804.0,1507.0,79.8,2218759.1999999997
17789,13489,11722.0,777.0,79.8,935415.6
17789,13582,502478.0,26794.0,79.8,40097744.4
17789,14358,4031249.0,199776.0,79.8,321693670.2
17789,16108,3610279.0,178270.0,79.8,288100264.2
17789,10796,769290.0,39780.0,79.8,61389342.0
17789,18799,1343846.0,67163.0,79.8,107238910.8
17789,10375,1657637.0,82891.0,79.8,132279432.6
17789,13665,2609186.0,128175.0,79.8,208213042.79999998
17789,15185,3021501.0,147649.0,79.8,241115779.79999998
17789,13454,1267721.0,67469.0,79.8,101164135.8
17789,14053,217312.0,11163.0,79.8,17341497.599999998
17789,10901,946875.0,48250.0,79.8,75560625.0
17789,15948,370265.0,20662.0,79.8,29547147.0
17789,12973,1771693.0,86897.0,79.8,141381101.4
17789,12746,91646.0,4531.0,79.8,7313350.8
17789,11181,160245.0,9645.0,79.8,12787551.0
17789,19143,1804875.0,87062.0,79.8,144029025.0
17789,19785,608700.0,29804.0,79.8,48574260.0
17789,13237,45558.0,2699.0,79.8,3635528.4
17789,15651,3253878.0,160845.0,79.8,259659464.39999998
17789,15848,3258160.0,160316.0,79.8,260001168.0
17789,11455,506395.0,27408.0,79.8,40410321.0
17789,14425,1262413.0,69987.0,79.8,100740557.39999999
17789,17752,4022062.0,199012.0,79.8,320960547.59999996
17789,14060,72324.0,4035.0,79.8,5771455.2
17789,10316,699519.0,36185.0,79.8,55821616.199999996
17789,19134,4226976.0,210871.0,79.8,337312684.8
17789,13460,314512.0,17319.0,79.8,25098057.599999998
17789,15686,4020017.0,198916.0,79.8,320797356.59999996
17789,11189,1657649.0,82894.0,79.8,132280390.19999999
17789,10326,8997819.0,435057.0,79.8,718025956.1999999
17789,10269,1601113.0,79308.0,79.8,127768817.39999999
17789,17464,6153247.0,304166.0,79.8,491029110.59999996
17789,19273,652748.0,35207.0,79.8,52089290.4
17789,13840,1722088.0,93447.0,79.8,137422622.4
17789,14704,1001343.0,46671.0,79.8,79907171.39999999
17789,19239,1049659.0,53081.0,79.8,83762788.2
17789,19502,854327.0,42609.0,79.8,68175294.6
17789,17504,5505733.0,275330.0,79.8,439357493.4
17789,18110,841743.0,45430.0,79.8,67171091.39999999
17789,11163,2022404.0,97437.0,79.8,161387839.2
17789,12633,8265282.0,401902.0,79.8,659569503.6
17789,16339,4710465.0,239503.0,79.8,375895107.0
17789,13989,1759523.0,87358.0,79.8,140409935.4
17789,18149,826363.0,44499.0,79.8,65943767.4
17789,10177,7612487.0,371285.0,79.8,607476462.6
17789,12270,1365400.0,69810.0,79.8,108958920.0
17789,13100,1735819.0,84248.0,79.8,138518356.2
17789,17781,1090418.0,55830.0,79.8,87015356.39999999
17789,19971,3115263.0,153123.0,79.8,248597987.4
17789,16887,3594468.0,177200.0,79.8,286838546.4
17789,10985,758045.0,37966.0,79.8,60491991.0
17789,15976,3828634.0,176205.0,79.8,305524993.2
14278,12652,556190.0,26304.0,17.46,9711077.4
14278,15008,499293.0,24569.0,42.105,21022731.764999997
14278,11112,503557.0,24008.0,42.105,21202267.485
14278,16325,494612.0,23440.0,42.105,20825638.259999998
14278,11561,2091291.0,102181.0,17.46,36513940.86
14278,18441,492906.0,23373.0,28.14,13870374.84
14278,16117,386428.0,20404.0,27.1656,10497548.4768
14278,11209,490710.0,23435.0,28.14,13808579.4
14278,15891,554298.0,26246.0,17.46,9678043.08
14278,18812,584186.0,27634.0,17.46,10199887.56
14278,19915,924980.0,45127.0,17.46,16150150.8
14278,17282,534094.0,25341.0,42.105,22488027.869999997
14278,11147,567896.0,29451.0,17.46,9915464.16
14278,13417,465535.0,22230.0,28.14,13100154.9
14278,12940,214876.0,11392.0,27.1656,5837235.465600001
14278,12352,834419.0,41517.0,17.46,14568955.74
14278,17522,1764430.0,86518.0,17.46,30806947.8
14278,14234,2745916.0,132956.0,17.46,47943693.36
14278,19300,512533.0,24361.0,42.105,21580201.965
14278,18542,496571.0,23544.0,42.105,20908121.955
14278,16855,1760188.0,86265.0,17.46,30732882.48
14278,13694,1232317.0,54085.0,17.46,21516254.82
14278,12205,547003.0,26255.0,42.105,23031561.314999998
14278,18941,1397289.0,73285.0,17.46,24396665.94
14278,10748,549037.0,25970.0,42.105,23117202.884999998
14278,10705,397551.0,22413.0,27.1656,10799711.445600001
14278,15483,1214055.0,53549.0,17.46,21197400.3
14278,13088,840341.0,41703.0,17.46,14672353.860000001
14278,13917,1327418.0,67292.0,17.46,23176718.28
14278,16236,551373.0,26375.0,42.105,23215560.165
14278,13073,572174.0,26626.0,17.46,9990158.040000001
14278,13636,472921.0,22722.0,28.14,13307996.94
14278,18411,509490.0,26258.0,42.105,21452076.45
14278,10916,3208970.0,160177.0,17.46,56028616.2
14278,15270,1382296.0,69437.0,17.46,24134888.16
14278,13509,473410.0,22845.0,28.14,13321757.4
14278,11200,796050.0,38768.0,17.46,13899033.0
14278,12616,1759994.0,86143.0,17.46,30729495.240000002
14278,12868,1030180.0,52679.0,17.46,17986942.8
14278,13555,904157.0,45325.0,17.46,15786581.22
14278,14736,744833.0,39690.0,17.46,13004784.180000002
14278,17516,1411056.0,73754.0,17.46,24637037.76
14278,15183,1061134.0,52174.0,17.46,18527399.64
14278,13563,3477296.0,173532.0,17.46,60713588.160000004
14278,15077,857762.0,45453.0,17.46,14976524.520000001
14278,11466,2887387.0,142692.0,17.46,50413777.02
14278,15378,129616.0,6752.0,27.1656,3521096.4096000004
14278,18827,1019450.0,53621.0,17.46,17799597.0
14278,16028,1674036.0,84313.0,17.46,29228668.560000002
14278,15601,1264775.0,64133.0,17.46,22082971.5
14278,15264,1344455.0,70362.0,17.46,23474184.3
14278,19333,980457.0,49838.0,17.46,17118779.220000003
14278,19880,2911955.0,137506.0,17.46,50842734.300000004
14278,14519,591369.0,28020.0,17.46,10325302.74
14278,12369,1245424.0,60744.0,17.46,21745103.040000003
14278,10044,1773893.0,86966.0,17.46,30972171.78
14278,19147,2464296.0,119396.0,17.46,43026608.160000004
14278,18448,5031223.0,252598.0,17.46,87845153.58
14278,17010,3616853.0,167309.0,17.46,63150253.38
14278,17738,22130.0,1756.0,274.4,6072471.999999999
14278,10955,546906.0,26212.0,42.105,23027477.13
14278,18219,665383.0,31717.0,17.46,11617587.18
14278,11853,217201.0,11279.0,27.1656,5900395.4856
14278,10657,711359.0,33129.0,17.46,12420328.14
14278,10568,924592.0,46766.0,17.46,16143376.32
14278,10867,1369174.0,69281.0,17.46,23905778.040000003
14278,19500,1003685.0,53232.0,17.46,17524340.1
14278,13165,1740340.0,86313.0,17.46,30386336.400000002
14278,11022,743941.0,40551.0,17.46,12989209.860000001
14278,19430,1360665.0,65592.0,17.46,23757210.900000002
14278,15241,991460.0,52257.0,17.46,17310891.6
14278,16683,718178.0,40487.0,17.46,12539387.88
14278,12216,1331546.0,65958.0,17.46,23248793.16
14278,10301,676958.0,32582.0,17.46,11819686.68
14278,12355,3587402.0,166634.0,17.46,62636038.92
14278,14257,8229703.0,401977.0,17.46,143690614.38
14278,10963,3468626.0,173307.0,17.46,60562209.96
14278,16193,3315424.0,160872.0,17.46,57887303.04
14278,16962,547165.0,26245.0,42.105,23038382.325
14278,15724,1013259.0,53117.0,17.46,17691502.14
14278,17789,504724.0,24004.0,42.105,21251404.02
14278,14278,0.0,0.0,274.4,0.0
14278,19846,3488894.0,170830.0,17.46,60916089.24
14278,11261,1720407.0,85610.0,17.46,30038306.220000003
14278,17223,522250.0,27511.0,42.105,21989336.25
14278,12562,1242374.0,60860.0,17.46,21691850.040000003
14278,13170,482139.0,22975.0,28.14,13567391.46
14278,13489,496048.0,23504.0,42.105,20886101.04
14278,13582,238596.0,13113.0,27.1656,6481603.4976
14278,14358,3993391.0,199752.0,17.46,69724606.86
14278,16108,3572420.0,178246.0,17.46,62374453.2
14278,10796,622269.0,31812.0,17.46,10864816.74
14278,18799,1329006.0,65809.0,17.46,23204444.76
14278,10375,1161953.0,59409.0,17.46,20287699.380000003
14278,13665,2571327.0,128151.0,17.46,44895369.42
14278,15185,3094625.0,152888.0,17.46,54032152.5
14278,13454,1746766.0,89808.0,17.46,30498534.360000003
14278,14053,688477.0,32636.0,17.46,12020808.42
14278,10901,567311.0,29749.0,17.46,9905250.06
14278,15948,498838.0,26847.0,42.105,21003573.99
14278,12973,1399371.0,71767.0,17.46,24433017.66
14278,12746,581941.0,27398.0,17.46,10160689.860000001
14278,11181,449134.0,22763.0,28.14,12638630.76
14278,19143,1877999.0,92301.0,17.46,32789862.540000003
14278,19785,125134.0,6878.0,27.1656,3399340.1904
14278,13237,535853.0,25565.0,42.105,22562090.564999998
14278,15651,3216019.0,160820.0,17.46,56151691.74
14278,15848,3220301.0,160291.0,17.46,56226455.46
14278,11455,849472.0,45652.0,17.46,14831781.120000001
14278,14425,933185.0,52438.0,17.46,16293410.100000001
14278,17752,3984203.0,198987.0,17.46,69564184.38000001
14278,14060,551370.0,26374.0,42.105,23215433.849999998
14278,10316,925302.0,49067.0,17.46,16155772.92
14278,19134,4189117.0,210847.0,17.46,73141982.82000001
14278,13460,793557.0,39658.0,17.46,13855505.22
14278,15686,3982158.0,198892.0,17.46,69528478.68
14278,11189,1161966.0,59412.0,17.46,20287926.36
14278,10326,8959960.0,435032.0,17.46,156440901.6
14278,10269,1105429.0,55826.0,17.46,19300790.34
14278,17464,6115388.0,304142.0,17.46,106774674.48
14278,19273,260923.0,14183.0,27.1656,7088129.848800001
14278,13840,1392860.0,75898.0,17.46,24319335.6
14278,14704,1312284.0,63353.0,17.46,22912478.64
14278,19239,906261.0,45293.0,17.46,15823317.06
14278,19502,857281.0,45337.0,17.46,14968126.260000002
14278,17504,5467874.0,275305.0,17.46,95469080.04
14278,18110,522027.0,27472.0,42.105,21979946.834999997
14278,11163,2095528.0,102676.0,17.46,36587918.88
14278,12633,8227423.0,401877.0,17.46,143650805.58
14278,16339,4672607.0,239478.0,17.46,81583718.22
14278,13989,1734955.0,86067.0,17.46,30292314.3
14278,18149,510120.0,26974.0,42.105,21478602.599999998
14278,10177,7574628.0,371261.0,17.46,132253004.88000001
14278,12270,1719089.0,88475.0,17.46,30015293.94
14278,13100,2226114.0,107114.0,17.46,38867950.440000005
14278,17781,925133.0,46831.0,17.46,16152822.180000002
14278,19971,3188387.0,158362.0,17.46,55669237.02
14278,16887,3556610.0,177176.0,17.46,62098410.6
14278,10985,1248340.0,60833.0,17.46,21796016.400000002
14278,15976,3437652.0,160752.0,17.46,60021403.92
19846,12652,3464296.0,167450.0,40.0,138571840.0
19846,15008,3513402.0,169531.0,40.0,140536080.0
19846,11112,3513355.0,170029.0,40.0,140534200.0
19846,16325,3535520.0,170856.0,40.0,141420800.0
19846,11561,1558583.0,76349.0,29.0,45198907.0
19846,18441,3533815.0,170789.0,40.0,141352600.0
19846,16117,3654216.0,175798.0,40.0,146168640.0
19846,11209,3535022.0,170808.0,40.0,141400880.0
19846,15891,3500020.0,169241.0,40.0,140000800.0
19846,18812,3543014.0,171031.0,40.0,141720560.0
19846,19915,4029483.0,201824.0,40.0,161179320.0
19846,17282,3544641.0,171376.0,40.0,141785640.0
19846,11147,3419358.0,169057.0,40.0,136774320.0
19846,13417,3532153.0,170272.0,40.0,141286120.0
19846,12940,3286988.0,160426.0,40.0,131479520.0
19846,12352,4161895.0,207002.0,40.0,166475800.0
19846,17522,1850944.0,91014.0,29.0,53677376.0
19846,14234,956895.0,39882.0,14.553,13925692.935
19846,19300,3491712.0,168985.0,40.0,139668480.0
19846,18542,3507931.0,169688.0,40.0,140317240.0
19846,16855,1865526.0,91587.0,29.0,54100254.0
19846,13694,4191145.0,197482.0,40.0,167645800.0
19846,12205,3874479.0,191740.0,40.0,154979160.0
19846,18941,2393040.0,117786.0,29.0,69398160.0
19846,10748,3504508.0,170080.0,40.0,140180320.0
19846,10705,3461150.0,168805.0,40.0,138446000.0
19846,15483,4172882.0,196946.0,40.0,166915280.0
19846,13088,4167817.0,207188.0,40.0,166712680.0
19846,13917,2473258.0,113987.0,29.0,71724482.0
19846,16236,3453197.0,167402.0,40.0,138127880.0
19846,13073,3440701.0,166601.0,40.0,137628040.0
19846,13636,3568005.0,171472.0,40.0,142720200.0
19846,18411,2993272.0,145009.0,40.0,119730880.0
19846,10916,237311.0,12872.0,14.553,3453586.983
19846,15270,4361893.0,211088.0,40.0,174475720.0
19846,13509,3568494.0,171594.0,40.0,142739760.0
19846,11200,3354460.0,165079.0,40.0,134178400.0
19846,12616,1848833.0,90774.0,29.0,53616157.0
19846,12868,4241905.0,205490.0,40.0,169676200.0
19846,13555,2595662.0,126392.0,23.2848,60439470.5376
19846,14736,4175325.0,204384.0,40.0,167013000.0
19846,17516,2352997.0,115700.0,29.0,68236913.0
19846,15183,4048442.0,204777.0,40.0,161937680.0
19846,13563,416007.0,19464.0,14.553,6054149.871
19846,15077,2735720.0,135635.0,23.2848,63700693.056
19846,11466,1673115.0,102515.0,29.0,48520335.0
19846,15378,3426291.0,167666.0,40.0,137051640.0
19846,18827,2734823.0,131330.0,23.2848,63679806.5904
19846,16028,2033495.0,90714.0,29.0,58971355.0
19846,15601,2467871.0,118506.0,29.0,71568259.0
19846,15264,2696249.0,132716.0,23.2848,62781618.7152
19846,19333,3421797.0,173432.0,40.0,136871880.0
19846,19880,2282685.0,104672.0,29.0,66197865.0
19846,14519,3550429.0,171381.0,40.0,142017160.0
19846,12369,4191601.0,212276.0,40.0,167664040.0
19846,10044,1826935.0,89550.0,29.0,52981115.0
19846,19147,4827623.0,245653.0,40.0,193104920.0
19846,18448,1995662.0,101001.0,29.0,57874198.0
19846,17010,1571907.0,74237.0,29.0,45585303.0
19846,17738,3510341.0,172418.0,40.0,140413640.0
19846,10955,3874382.0,191696.0,40.0,154975280.0
19846,18219,3330268.0,160670.0,40.0,133210720.0
19846,11853,3282215.0,160301.0,40.0,131288600.0
19846,10657,3670187.0,176526.0,40.0,146807480.0
19846,10568,2634361.0,128864.0,23.2848,61340569.0128
19846,10867,4348770.0,210932.0,40.0,173950800.0
19846,19500,3865793.0,188142.0,40.0,154631720.0
19846,13165,1745702.0,85208.0,29.0,50625358.0
19846,11022,3902107.0,190884.0,40.0,156084280.0
19846,19430,4572053.0,218375.0,40.0,182882120.0
19846,15241,3862709.0,187856.0,40.0,154508360.0
19846,16683,3107557.0,150589.0,40.0,124302280.0
19846,12216,2178792.0,106358.0,29.0,63184968.0
19846,10301,4004434.0,198067.0,40.0,160177360.0
19846,12355,1598886.0,75760.0,29.0,46367694.0
19846,14257,5194143.0,250381.0,40.0,207765720.0
19846,10963,507297.0,27279.0,14.553,7382693.241
19846,16193,541265.0,29494.0,14.553,7877029.545000001
19846,16962,3874641.0,191730.0,40.0,154985640.0
19846,15724,3550969.0,179977.0,40.0,142038760.0
19846,17789,3523770.0,170472.0,40.0,140950800.0
19846,14278,3490201.0,171006.0,40.0,139608040.0
19846,19846,0.0,0.0,103.8114,0.0
19846,11261,2203007.0,107084.0,29.0,63887203.0
19846,17223,3031164.0,148609.0,40.0,121246560.0
19846,12562,4195830.0,212505.0,40.0,167833200.0
19846,13170,3543677.0,170597.0,40.0,141747080.0
19846,13489,3529482.0,170550.0,40.0,141179280.0
19846,13582,3727690.0,183832.0,40.0,149107600.0
19846,14358,957830.0,48155.0,14.553,13939299.99
19846,16108,422870.0,19932.0,14.553,6154027.11
19846,10796,2870245.0,139477.0,23.2848,66833080.776
19846,18799,2176253.0,106209.0,29.0,63111337.0
19846,10375,4489430.0,224894.0,40.0,179577200.0
19846,13665,939596.0,45095.0,14.553,13673940.588000001
19846,15185,1464504.0,92377.0,29.0,42470616.0
19846,13454,3728490.0,194502.0,40.0,149139600.0
19846,14053,3319851.0,160354.0,40.0,132794040.0
19846,10901,3411684.0,168533.0,40.0,136467360.0
19846,15948,3907461.0,190237.0,40.0,156298440.0
19846,12973,2429123.0,109306.0,29.0,70444567.0
19846,12746,3540768.0,170795.0,40.0,141630720.0
19846,11181,3709135.0,179184.0,40.0,148365400.0
19846,19143,1975899.0,97261.0,29.0,57301071.0
19846,19785,3614228.0,177597.0,40.0,144569120.0
19846,13237,3546400.0,171599.0,40.0,141856000.0
19846,15651,247077.0,13477.0,14.553,3595711.5810000002
19846,15848,260519.0,14269.0,14.553,3791333.007
19846,11455,4009142.0,196248.0,40.0,160365680.0
19846,14425,2891402.0,128970.0,23.2848,67325717.2896
19846,17752,948643.0,47391.0,14.553,13805601.579
19846,14060,3453193.0,167402.0,40.0,138127720.0
19846,10316,2870114.0,138023.0,23.2848,66830030.4672
19846,19134,1153556.0,59250.0,14.553,16787700.468000002
19846,13460,3392020.0,169587.0,40.0,135680800.0
19846,15686,946598.0,47295.0,14.553,13775840.694
19846,11189,4489442.0,224897.0,40.0,179577680.0
19846,10326,5924399.0,283436.0,40.0,236975960.0
19846,10269,4432905.0,221311.0,40.0,177316200.0
19846,17464,3079827.0,152545.0,40.0,123193080.0
19846,19273,3750017.0,184902.0,40.0,150000680.0
19846,13840,3396214.0,154574.0,40.0,135848560.0
19846,14704,4504090.0,215511.0,40.0,180163600.0
19846,19239,2587837.0,125883.0,23.2848,60257266.9776
19846,19502,2735238.0,135520.0,23.2848,63689469.782400005
19846,17504,2432314.0,123709.0,29.0,70537106.0
19846,18110,3030941.0,148570.0,40.0,121237640.0
19846,11163,2193428.0,107636.0,29.0,63609412.0
19846,12633,5191863.0,250281.0,40.0,207674520.0
19846,16339,1637046.0,87882.0,29.0,47474334.0
19846,13989,1748411.0,85848.0,29.0,50703919.0
19846,18149,3045930.0,149352.0,40.0,121837200.0
19846,10177,4539067.0,219664.0,40.0,181562680.0
19846,12270,3100882.0,152453.0,40.0,124035280.0
19846,13100,4589441.0,233371.0,40.0,183577640.0
19846,17781,2634902.0,128930.0,23.2848,61353166.089600004
19846,19971,1929969.0,115699.0,29.0,55969101.0
19846,16887,173412.0,8534.0,103.8114,18002142.4968
19846,10985,4298796.0,205250.0,40.0,171951840.0
19846,15976,1840361.0,87171.0,29.0,53370469.0
11261,12652,1428795.0,72746.0,40.0,57151800.0
11261,15008,1477900.0,74826.0,48.0,70939200.0
11261,11112,1477853.0,75325.0,48.0,70936944.0
11261,16325,1500018.0,76151.0,48.0,72000864.0
11261,11561,691536.0,33001.0,52.0,35959872.0
11261,18441,1498313.0,76084.0,48.0,71919024.0
11261,16117,1618714.0,81093.0,48.0,77698272.0
11261,11209,1499520.0,76104.0,48.0,71976960.0
11261,15891,1464519.0,74537.0,48.0,70296912.0
11261,18812,1507512.0,76327.0,48.0,72360576.0
11261,19915,2251725.0,116124.0,48.0,108082800.0
11261,17282,1509139.0,76671.0,48.0,72438672.0
11261,11147,1641599.0,83356.0,48.0,78796752.0
11261,13417,1496651.0,75567.0,48.0,71839248.0
11261,12940,1509229.0,74726.0,48.0,72442992.0
11261,12352,2384136.0,121302.0,48.0,114438528.0
11261,17522,364676.0,17338.0,20.769,7573955.844
11261,14234,1499305.0,69469.0,48.0,71966640.0
11261,19300,1456211.0,74280.0,48.0,69898128.0
11261,18542,1472429.0,74983.0,48.0,70676592.0
11261,16855,360434.0,17085.0,20.769,7485853.745999999
11261,13694,1866693.0,100271.0,48.0,89601264.0
11261,12205,2096720.0,106039.0,48.0,100642560.0
11261,18941,271036.0,14407.0,40.599999999999994,11004061.599999998
11261,10748,1469006.0,75376.0,48.0,70512288.0
11261,10705,1425648.0,74100.0,40.0,57025920.0
11261,15483,2005151.0,100408.0,48.0,96247248.0
11261,13088,2390059.0,121488.0,48.0,114722832.0
11261,13917,875137.0,44456.0,52.0,45507124.0
11261,16236,1417695.0,72698.0,40.0,56707800.0
11261,13073,1405199.0,71897.0,40.0,56207960.0
11261,13636,1532503.0,76767.0,48.0,73560144.0
11261,18411,1215513.0,59309.0,40.0,48620520.0
11261,10916,1920197.0,96261.0,48.0,92169456.0
11261,15270,2484000.0,125973.0,48.0,119232000.0
11261,13509,1532992.0,76890.0,48.0,73583616.0
11261,11200,1168166.0,60954.0,40.0,46726640.0
11261,12616,360239.0,16964.0,20.769,7481803.790999999
11261,12868,2206403.0,110786.0,48.0,105907344.0
11261,13555,817903.0,40692.0,52.0,42530956.0
11261,14736,2139824.0,109679.0,48.0,102711552.0
11261,17516,313093.0,17326.0,40.599999999999994,12711575.799999999
11261,15183,2270684.0,119077.0,48.0,108992832.0
11261,13563,2188524.0,109616.0,48.0,105049152.0
11261,15077,872925.0,45662.0,52.0,45392100.0
11261,11466,1487633.0,73512.0,48.0,71406384.0
11261,15378,1648533.0,81966.0,48.0,79129584.0
11261,18827,608907.0,35154.0,52.0,31663164.0
11261,16028,748062.0,37936.0,52.0,38899224.0
11261,15601,494939.0,26585.0,35.99442,17815042.24038
11261,15264,499800.0,26403.0,35.99442,17990011.116
11261,19333,1225348.0,67120.0,40.0,49013920.0
11261,19880,2656999.0,122423.0,48.0,127535952.0
11261,14519,1514927.0,76676.0,48.0,72716496.0
11261,12369,2413843.0,126575.0,48.0,115864464.0
11261,10044,374138.0,17786.0,20.769,7770472.1219999995
11261,19147,2631174.0,139341.0,48.0,126296352.0
11261,18448,3742451.0,188682.0,48.0,179637648.0
11261,17010,3117938.0,144684.0,48.0,149661024.0
11261,17738,1732582.0,86718.0,48.0,83163936.0
11261,10955,2096623.0,105996.0,48.0,100637904.0
11261,18219,1294767.0,65966.0,40.0,51790680.0
11261,11853,1504457.0,74600.0,48.0,72213936.0
11261,10657,1514926.0,80234.0,48.0,72716448.0
11261,10568,856602.0,43164.0,52.0,44543304.0
11261,10867,2470877.0,125817.0,48.0,118602096.0
11261,19500,2074682.0,106949.0,48.0,99584736.0
11261,13165,564549.0,27696.0,52.0,29356548.0
11261,11022,1866605.0,96179.0,48.0,89597040.0
11261,19430,2536551.0,123670.0,48.0,121754448.0
11261,15241,2062457.0,105974.0,48.0,98997936.0
11261,16683,981598.0,54581.0,52.0,51043096.0
11261,12216,517222.0,26170.0,35.99442,18617105.90124
11261,10301,2226676.0,112367.0,48.0,106880448.0
11261,12355,3144916.0,146207.0,48.0,150955968.0
11261,14257,6940931.0,338061.0,48.0,333164688.0
11261,10963,2179854.0,109391.0,48.0,104632992.0
11261,16193,2026652.0,96956.0,48.0,97279296.0
11261,16962,2096882.0,106030.0,48.0,100650336.0
11261,15724,1354520.0,73665.0,40.0,54180800.0
11261,17789,1488268.0,75768.0,48.0,71436864.0
11261,14278,1712442.0,85306.0,48.0,82197216.0
11261,19846,2200122.0,106914.0,48.0,105605856.0
11261,11261,0.0,0.0,40.599999999999994,0.0
11261,17223,1253405.0,62908.0,40.0,50136200.0
11261,12562,2418072.0,126805.0,48.0,116067456.0
11261,13170,1508175.0,75893.0,48.0,72392400.0
11261,13489,1493980.0,75845.0,48.0,71711040.0
11261,13582,1949931.0,98131.0,48.0,93596688.0
11261,14358,2704618.0,135836.0,48.0,129821664.0
11261,16108,2283648.0,114329.0,48.0,109615104.0
11261,10796,1092486.0,53777.0,52.0,56809272.0
11261,18799,514683.0,26022.0,35.99442,18525716.068859998
11261,10375,2711671.0,139194.0,48.0,130160208.0
11261,13665,1282555.0,64235.0,40.0,51302200.0
11261,15185,1694870.0,83708.0,48.0,81353760.0
11261,13454,1532041.0,88190.0,48.0,73537968.0
11261,14053,1284349.0,65650.0,40.0,51373960.0
11261,10901,1633926.0,82832.0,48.0,78428448.0
11261,15948,1871959.0,95532.0,48.0,89854032.0
11261,12973,1125755.0,56360.0,40.0,45030200.0
11261,12746,1505267.0,76090.0,48.0,72252816.0
11261,11181,1673633.0,84480.0,48.0,80334384.0
11261,19143,366184.0,18640.0,20.769,7605275.495999999
11261,19785,1836470.0,91897.0,48.0,88150560.0
11261,13237,1510898.0,76895.0,48.0,72523104.0
11261,15651,1927247.0,96904.0,48.0,92507856.0
11261,15848,1931529.0,96375.0,48.0,92713392.0
11261,11455,1973640.0,101544.0,48.0,94734720.0
11261,14425,1007389.0,53049.0,52.0,52384228.0
11261,17752,2695431.0,135071.0,48.0,129380688.0
11261,14060,1417691.0,72697.0,40.0,56707640.0
11261,10316,744155.0,42015.0,52.0,38696060.0
11261,19134,2900345.0,146931.0,48.0,139216560.0
11261,13460,1195571.0,63275.0,40.0,47822840.0
11261,15686,2693386.0,134976.0,48.0,129282528.0
11261,11189,2711684.0,139197.0,48.0,130160832.0
11261,10326,7671188.0,371116.0,48.0,368217024.0
11261,10269,2655147.0,135611.0,48.0,127447056.0
11261,17464,4826616.0,240226.0,48.0,231677568.0
11261,19273,1972259.0,99201.0,48.0,94668432.0
11261,13840,1523620.0,79852.0,48.0,73133760.0
11261,14704,2468588.0,120807.0,48.0,118492224.0
11261,19239,810078.0,40183.0,52.0,42124056.0
11261,19502,872444.0,45547.0,52.0,45367088.0
11261,17504,4179102.0,211389.0,48.0,200596896.0
11261,18110,1253182.0,62870.0,40.0,50127280.0
11261,11163,454623.0,23042.0,35.99442,16363891.203659998
11261,12633,6938651.0,337961.0,48.0,333055248.0
11261,16339,3383835.0,175562.0,48.0,162424080.0
11261,13989,566291.0,28024.0,52.0,29447132.0
11261,18149,1268172.0,63651.0,40.0,50726880.0
11261,10177,6285856.0,307345.0,48.0,301721088.0
11261,12270,904432.0,46141.0,52.0,47030464.0
11261,13100,2392992.0,127058.0,48.0,114863616.0
11261,17781,857143.0,43230.0,52.0,44571436.0
11261,19971,1788632.0,89182.0,48.0,85854336.0
11261,16887,2267838.0,113260.0,48.0,108856224.0
11261,10985,2131064.0,108712.0,48.0,102291072.0
11261,15976,3182696.0,145668.0,48.0,152769408.0
17223,12652,855334.0,45946.0,18.4338,15767055.889200002
17223,15008,820459.0,44401.0,30.44,24974771.96
17223,11112,845714.0,45589.0,18.4338,15589722.7332
17223,16325,836768.0,45021.0,30.44,25471217.92
17223,11561,1631729.0,79768.0,18.4338,30078966.040200002
17223,18441,835062.0,44954.0,30.44,25419287.28
17223,16117,800510.0,44551.0,50.0,40025500.0
17223,11209,832866.0,45016.0,30.44,25352441.040000003
17223,15891,896454.0,47826.0,18.4338,16525053.7452
17223,18812,926342.0,49215.0,18.4338,17076003.1596
17223,19915,999154.0,53983.0,18.4338,18418205.005200002
17223,17282,876250.0,46922.0,18.4338,16152617.250000002
17223,11147,389029.0,21216.0,45.0,17506305.0
17223,13417,807691.0,43811.0,50.0,40384550.0
17223,12940,411899.0,23352.0,45.0,18535455.0
17223,12352,1131566.0,59161.0,18.4338,20859061.3308
17223,17522,1304869.0,64106.0,18.4338,24053694.1722
17223,14234,2286355.0,110543.0,18.4338,42146210.799
17223,19300,847100.0,45649.0,18.4338,15615271.98
17223,18542,838727.0,45125.0,30.44,25530849.880000003
17223,16855,1300627.0,63853.0,18.4338,23975497.9926
17223,13694,1574474.0,75666.0,18.4338,29023538.821200002
17223,12205,844150.0,43899.0,18.4338,15560892.270000001
17223,18941,997947.0,51360.0,18.4338,18395955.408600003
17223,10748,891193.0,47550.0,18.4338,16428073.523400001
17223,10705,682424.0,37028.0,65.0,44357560.0
17223,15483,1556211.0,75129.0,18.4338,28686882.331800003
17223,13088,1137488.0,59347.0,18.4338,20968226.294400003
17223,13917,805139.0,40742.0,50.0,40256950.0
17223,16236,868698.0,47025.0,18.4338,16013405.192400001
17223,13073,871318.0,46268.0,18.4338,16061701.7484
17223,13636,815077.0,44303.0,30.44,24810943.880000003
17223,18411,250398.0,13453.0,45.0,11267910.0
17223,10916,2749408.0,137765.0,18.4338,50682037.190400004
17223,15270,1231430.0,63832.0,18.4338,22699934.334000003
17223,13509,815566.0,44425.0,30.44,24825829.040000003
17223,11200,911425.0,48016.0,18.4338,16801026.165000003
17223,12616,1300432.0,63731.0,18.4338,23971903.401600003
17223,12868,1550074.0,79772.0,18.4338,28573754.101200003
17223,13555,436986.0,22529.0,45.0,19664370.0
17223,14736,1263472.0,66688.0,18.4338,23290590.153600004
17223,17516,1011714.0,51829.0,18.4338,18649733.533200003
17223,15183,1018113.0,56936.0,18.4338,18767691.419400003
17223,13563,3017735.0,151120.0,18.4338,55628323.443
17223,15077,462224.0,24710.0,45.0,20800080.0
17223,11466,2427826.0,120280.0,18.4338,44754058.918800004
17223,15378,551202.0,30592.0,65.0,35828130.0
17223,18827,649945.0,33974.0,65.0,42246425.0
17223,16028,1214474.0,61900.0,18.4338,22387370.821200002
17223,15601,805213.0,41721.0,50.0,40260650.0
17223,15264,1080344.0,54339.0,18.4338,19914845.2272
17223,19333,1226116.0,65481.0,18.4338,22601977.120800003
17223,19880,2390429.0,110173.0,18.4338,44064690.100200005
17223,14519,933525.0,49601.0,18.4338,17208413.145000003
17223,12369,1161272.0,64435.0,18.4338,21406655.7936
17223,10044,1314331.0,64554.0,18.4338,24228114.787800003
17223,19147,2631941.0,137701.0,18.4338,48516674.0058
17223,18448,4571661.0,230185.0,18.4338,84273084.5418
17223,17010,3095328.0,139976.0,18.4338,57058657.286400005
17223,17738,544286.0,28962.0,65.0,35378590.0
17223,10955,844053.0,43855.0,18.4338,15559104.1914
17223,18219,818039.0,42735.0,30.44,24901107.16
17223,11853,407126.0,23227.0,45.0,18320670.0
17223,10657,1053516.0,54710.0,18.4338,19420303.2408
17223,10568,402312.0,20216.0,45.0,18104040.0
17223,10867,1218307.0,63676.0,18.4338,22458027.5766
17223,19500,822112.0,44808.0,30.44,25025089.28
17223,13165,1280778.0,63900.0,18.4338,23609605.496400002
17223,11022,1230127.0,65754.0,18.4338,22675915.092600003
17223,19430,1880560.0,92684.0,18.4338,34665866.928
17223,15241,809887.0,43833.0,50.0,40494350.0
17223,16683,632585.0,33753.0,65.0,41118025.0
17223,12216,871984.0,43545.0,18.4338,16073978.659200002
17223,10301,974105.0,50226.0,18.4338,17956456.749
17223,12355,3065877.0,139300.0,18.4338,56515763.442600004
17223,14257,7770142.0,379565.0,18.4338,143233243.59960002
17223,10963,3009064.0,150895.0,18.4338,55468483.9632
17223,16193,2855863.0,138460.0,18.4338,52644407.3694
17223,16962,844312.0,43889.0,18.4338,15563878.5456
17223,15724,1297252.0,71188.0,18.4338,23913283.917600002
17223,17789,846880.0,45584.0,18.4338,15611216.544000002
17223,14278,524146.0,27550.0,65.0,34069490.0
17223,19846,3029333.0,148417.0,18.4338,55842118.65540001
17223,11261,1260846.0,63198.0,18.4338,23242182.9948
17223,17223,0.0,0.0,302.904,0.0
17223,12562,1165502.0,64664.0,18.4338,21484630.767600004
17223,13170,824295.0,44556.0,30.44,25091539.8
17223,13489,838204.0,45085.0,30.44,25514929.76
17223,13582,757235.0,40111.0,50.0,37861750.0
17223,14358,3533829.0,177339.0,18.4338,65141897.02020001
17223,16108,3112858.0,155833.0,18.4338,57381801.800400004
17223,10796,245681.0,16122.0,45.0,11055645.0
17223,18799,869445.0,43397.0,18.4338,16027175.241000002
17223,10375,1459101.0,77053.0,18.4338,26896776.013800003
17223,13665,2111766.0,105738.0,18.4338,38927872.0908
17223,15185,2635063.0,130476.0,18.4338,48574224.3294
17223,13454,1918094.0,105061.0,18.4338,35357761.177200004
17223,14053,807622.0,42419.0,50.0,40381100.0
17223,10901,381356.0,20692.0,45.0,17161020.0
17223,15948,1018733.0,53939.0,18.4338,18779120.375400003
17223,12973,877846.0,44434.0,18.4338,16182037.594800001
17223,12746,924097.0,48978.0,18.4338,17034619.2786
17223,11181,875908.0,47944.0,18.4338,16146312.890400002
17223,19143,1418438.0,69889.0,18.4338,26147202.404400002
17223,19785,643773.0,33876.0,65.0,41845245.0
17223,13237,878009.0,47146.0,18.4338,16185042.304200001
17223,15651,2756457.0,138408.0,18.4338,50811977.04660001
17223,15848,2760740.0,137879.0,18.4338,50890929.012
17223,11455,1337161.0,71118.0,18.4338,24648958.441800002
17223,14425,411659.0,25105.0,45.0,18524655.0
17223,17752,3524642.0,176575.0,18.4338,64972545.6996
17223,14060,868694.0,47024.0,18.4338,16013331.457200002
17223,10316,671995.0,34127.0,65.0,43679675.0
17223,19134,3729556.0,188434.0,18.4338,68749889.3928
17223,13460,1039942.0,55381.0,18.4338,19170082.8396
17223,15686,3522597.0,176479.0,18.4338,64934848.578600004
17223,11189,1459113.0,77056.0,18.4338,26896997.219400004
17223,10326,8500398.0,412620.0,18.4338,156694636.65240002
17223,10269,1402576.0,73470.0,18.4338,25854805.4688
17223,17464,5655826.0,281730.0,18.4338,104258365.3188
17223,19273,779562.0,41181.0,50.0,38978100.0
17223,13840,871335.0,48565.0,18.4338,16062015.123000002
17223,14704,1832109.0,90381.0,18.4338,33772730.8842
17223,19239,444135.0,22869.0,45.0,19986075.0
17223,19502,461743.0,24595.0,45.0,20778435.0
17223,17504,5008313.0,252893.0,18.4338,92322240.17940001
17223,18110,1793.0,231.0,302.904,543106.872
17223,11163,1635966.0,80263.0,18.4338,30157070.050800003
17223,12633,7767862.0,379465.0,18.4338,143191214.5356
17223,16339,4213045.0,217066.0,18.4338,77662428.921
17223,13989,1275393.0,63655.0,18.4338,23510339.483400002
17223,18149,30984.0,2488.0,95.75874,2966988.80016
17223,10177,7115066.0,348849.0,18.4338,131157703.63080001
17223,12270,1454979.0,72452.0,18.4338,26820791.890200004
17223,13100,2393759.0,125419.0,18.4338,44126074.6542
17223,17781,402853.0,20281.0,45.0,18128385.0
17223,19971,2728825.0,135950.0,18.4338,50302614.285000004
17223,16887,3097048.0,154763.0,18.4338,57090363.422400005
17223,10985,1590496.0,82413.0,18.4338,29318885.164800003
17223,15976,2916126.0,133418.0,18.4338,53755283.4588
12562,12652,1796068.0,86722.0,21.78,39118361.04
12562,15008,1739171.0,84987.0,21.78,37879144.38
12562,11112,1743435.0,84427.0,21.78,37972014.300000004
12562,16325,1734489.0,83859.0,21.78,37777170.42
12562,11561,2785539.0,143576.0,21.78,60669039.42
12562,18441,1732784.0,83792.0,21.78,37740035.52
12562,16117,1626306.0,80822.0,21.78,35420944.68
12562,11209,1730588.0,83853.0,21.78,37692206.64
12562,15891,1794176.0,86664.0,21.78,39077153.28
12562,18812,1824064.0,88053.0,21.78,39728113.92
12562,19915,319804.0,15978.0,21.78,6965331.12
12562,17282,1773972.0,85760.0,21.78,38637110.160000004
12562,11147,782223.0,44061.0,45.29,35426879.67
12562,13417,1705413.0,82648.0,21.78,37143895.14
12562,12940,1301853.0,70257.0,21.78,28354358.34
12562,12352,610991.0,31608.0,50.0,30549550.0
12562,17522,2458679.0,127913.0,21.78,53550028.620000005
12562,14234,3440164.0,174351.0,21.78,74926771.92
12562,19300,1752411.0,84779.0,21.78,38167511.580000006
12562,18542,1736448.0,83963.0,21.78,37819837.440000005
12562,16855,2454437.0,127661.0,21.78,53457637.86
12562,13694,2472195.0,114503.0,21.78,53844407.1
12562,12205,704153.0,35918.0,45.29,31891089.37
12562,18941,2151757.0,115168.0,21.78,46865267.46
12562,10748,1788914.0,86388.0,21.78,38962546.92
12562,10705,1637429.0,82832.0,21.78,35663203.620000005
12562,15483,2453932.0,113967.0,21.78,53446638.96
12562,13088,623797.0,31473.0,50.0,31189850.0
12562,13917,1958949.0,104550.0,21.78,42665909.22
12562,16236,1791251.0,86793.0,21.78,39013446.78
12562,13073,1812052.0,87044.0,21.78,39466492.56
12562,13636,1712798.0,83141.0,21.78,37304740.440000005
12562,18411,1367369.0,73962.0,21.78,29781296.82
12562,10916,3903218.0,201573.0,21.78,85012088.04
12562,15270,270890.0,12047.0,37.422,10137245.58
12562,13509,1713288.0,83263.0,21.78,37315412.64
12562,11200,2035928.0,99186.0,21.78,44342511.84
12562,12616,2454242.0,127539.0,21.78,53453390.760000005
12562,12868,2270058.0,113098.0,21.78,49441863.24
12562,13555,1590796.0,86337.0,21.78,34647536.88
12562,14736,1983526.0,100018.0,21.78,43201196.28
12562,17516,2165524.0,115637.0,21.78,47165112.72
12562,15183,184858.0,9074.0,37.422,6917756.075999999
12562,13563,4171545.0,214927.0,21.78,90856250.10000001
12562,15077,1612062.0,87815.0,21.78,35110710.36
12562,11466,3581636.0,184087.0,21.78,78008032.08
12562,15378,1369494.0,67170.0,21.78,29827579.32
12562,18827,1799783.0,97078.0,21.78,39199273.74
12562,16028,2368284.0,125708.0,21.78,51581225.52
12562,15601,1959023.0,105528.0,21.78,42667520.940000005
12562,15264,2230182.0,117444.0,21.78,48573363.96
12562,19333,2220335.0,110256.0,21.78,48358896.300000004
12562,19880,3576366.0,173614.0,21.78,77893251.48
12562,14519,1831247.0,88438.0,21.78,39884559.660000004
12562,12369,10592.0,959.0,102.94899999999998,1090435.8079999997
12562,10044,2468141.0,128361.0,21.78,53756110.980000004
12562,19147,3704173.0,179815.0,21.78,80676887.94
12562,18448,5725471.0,293993.0,21.78,124700758.38000001
12562,17010,4281264.0,203417.0,21.78,93245929.92
12562,17738,1264269.0,62288.0,21.78,27535778.82
12562,10955,704056.0,35874.0,45.29,31886696.24
12562,18219,1905260.0,92135.0,21.78,41496562.800000004
12562,11853,1303564.0,70113.0,21.78,28391623.92
12562,10657,1951237.0,93547.0,21.78,42497941.86
12562,10568,1556122.0,84023.0,21.78,33892337.160000004
12562,10867,278319.0,12359.0,37.422,10415253.617999999
12562,19500,624247.0,29227.0,50.0,31212350.0
12562,13165,2434588.0,127708.0,21.78,53025326.64
12562,11022,1983819.0,100969.0,21.78,43207577.82
12562,19430,2600543.0,126010.0,21.78,56639826.54000001
12562,15241,623253.0,28786.0,50.0,31162650.0
12562,16683,1749557.0,94262.0,21.78,38105351.46
12562,12216,2025794.0,107353.0,21.78,44121793.32
12562,10301,586811.0,29356.0,50.0,29340550.0
12562,12355,4251814.0,202742.0,21.78,92604508.92
12562,14257,8923952.0,443373.0,21.78,194363674.56
12562,10963,4162874.0,214702.0,21.78,90667395.72
12562,16193,4009672.0,202267.0,21.78,87330656.16000001
12562,16962,704315.0,35908.0,45.29,31898426.349999998
12562,15724,2253136.0,113535.0,21.78,49073302.080000006
12562,17789,1744602.0,84422.0,21.78,37997431.56
12562,14278,1244129.0,60877.0,21.78,27097129.62
12562,19846,4183142.0,212225.0,21.78,91108832.76
12562,11261,2414656.0,127005.0,21.78,52591207.68
12562,17223,1163057.0,64508.0,21.78,25331381.46
12562,12562,0.0,0.0,102.94899999999998,0.0
12562,13170,1722016.0,83394.0,21.78,37505508.480000004
12562,13489,1735925.0,83923.0,21.78,37808446.5
12562,13582,1477289.0,73441.0,21.78,32175354.42
12562,14358,4687639.0,241147.0,21.78,102096777.42
12562,16108,4266669.0,219641.0,21.78,92928050.82000001
12562,10796,1383151.0,76730.0,21.78,30125028.78
12562,18799,2023255.0,107205.0,21.78,44066493.900000006
12562,10375,1297227.0,67839.0,21.78,28253604.060000002
12562,13665,3265575.0,169546.0,21.78,71124223.5
12562,15185,3788873.0,194283.0,21.78,82521653.94
12562,13454,2986644.0,150227.0,21.78,65049106.32
12562,14053,1928354.0,93055.0,21.78,41999550.120000005
12562,10901,785196.0,44354.0,45.29,35561526.839999996
12562,15948,1738716.0,87266.0,21.78,37869234.480000004
12562,12973,2063782.0,107875.0,21.78,44949171.96
12562,12746,1821818.0,87816.0,21.78,39679196.04
12562,11181,1689012.0,83181.0,21.78,36786681.36
12562,19143,2572247.0,133696.0,21.78,56023539.660000004
12562,19785,1363827.0,67206.0,21.78,29704152.060000002
12562,13237,1775730.0,85984.0,21.78,38675399.4
12562,15651,3910267.0,202216.0,21.78,85165615.26
12562,15848,3914550.0,201687.0,21.78,85258899.0
12562,11455,2089350.0,106071.0,21.78,45506043.0
12562,14425,1601242.0,88834.0,21.78,34875050.760000005
12562,17752,4678452.0,240383.0,21.78,101896684.56
12562,14060,1791247.0,86792.0,21.78,39013359.660000004
12562,10316,1803007.0,97219.0,21.78,39269492.46
12562,19134,4883366.0,252242.0,21.78,106359711.48
12562,13460,2033435.0,100076.0,21.78,44288214.300000004
12562,15686,4676407.0,240287.0,21.78,101852144.46000001
12562,11189,1297239.0,67842.0,21.78,28253865.42
12562,10326,9654208.0,476428.0,21.78,210268650.24
12562,10269,754418.0,39609.0,45.29,34167591.22
12562,17464,6809636.0,345537.0,21.78,148313872.08
12562,19273,1292094.0,70175.0,21.78,28141807.32
12562,13840,1030498.0,75192.0,21.78,22444246.44
12562,14704,2552162.0,123772.0,21.78,55586088.36
12562,19239,1597945.0,86677.0,21.78,34803242.1
12562,19502,1611581.0,87699.0,21.78,35100234.18
12562,17504,6162123.0,316701.0,21.78,134211038.94000001
12562,18110,1162834.0,64469.0,21.78,25326524.52
12562,11163,2789776.0,144071.0,21.78,60761321.28
12562,12633,8921672.0,443272.0,21.78,194314016.16
12562,16339,5366855.0,280873.0,21.78,116890101.9
12562,13989,2429203.0,127463.0,21.78,52908041.34
12562,18149,1163038.0,64394.0,21.78,25330967.64
12562,10177,8268876.0,412656.0,21.78,180096119.28
12562,12270,2604816.0,135556.0,21.78,56732892.480000004
12562,13100,3465991.0,167532.0,21.78,75489283.98
12562,17781,1556663.0,84089.0,21.78,33904120.14
12562,19971,3882635.0,199757.0,21.78,84563790.3
12562,16887,4250858.0,218571.0,21.78,92583687.24000001
12562,10985,2488217.0,121251.0,21.78,54193366.260000005
12562,15976,4102063.0,196860.0,21.78,89342932.14
13170,12652,106392.0,5003.0,49.699999999999996,5287682.399999999
13170,15008,58230.0,3364.0,57.4,3342402.0
13170,11112,39395.0,1932.0,63.699999999999996,2509461.5
13170,16325,16978.0,912.0,144.2,2448227.5999999996
13170,11561,2039533.0,97114.0,45.5,92798751.5
13170,18441,15272.0,845.0,144.2,2202222.4
13170,16117,115056.0,5711.0,45.5,5235048.0
13170,11209,8278.0,737.0,133.7,1106768.5999999999
13170,15891,95333.0,4587.0,46.199999999999996,4404384.6
13170,18812,114721.0,5474.0,45.5,5219805.5
13170,19915,1402330.0,67521.0,45.5,63806015.0
13170,17282,64629.0,3182.0,57.4,3709704.6
13170,11147,929126.0,46863.0,45.5,42275233.0
13170,13417,18866.0,1336.0,268.0,5056088.0
13170,12940,434886.0,22424.0,45.5,19787313.0
13170,12352,1311769.0,63911.0,45.5,59685489.5
13170,17522,1712672.0,81451.0,45.5,77926576.0
13170,14234,2847302.0,133582.0,45.5,129552241.0
13170,19300,53568.0,2702.0,63.699999999999996,3412281.5999999996
13170,18542,38282.0,1935.0,63.699999999999996,2438563.4
13170,16855,1708430.0,81198.0,45.5,77733565.0
13170,13694,762852.0,31925.0,45.5,34709766.0
13170,12205,1024353.0,48648.0,45.5,46608061.5
13170,18941,1235812.0,62216.0,45.5,56229446.0
13170,10748,85853.0,4150.0,46.199999999999996,3966408.5999999996
13170,10705,171823.0,9126.0,45.5,7817946.5
13170,15483,744590.0,31389.0,45.5,33878845.0
13170,13088,1317691.0,64097.0,45.5,59954940.5
13170,13917,1454308.0,74148.0,45.5,66171014.0
13170,16236,92408.0,4716.0,46.199999999999996,4269249.6
13170,13073,122376.0,5325.0,45.5,5568108.0
13170,13636,28845.0,1385.0,268.0,7730460.0
13170,18411,619820.0,32871.0,45.5,28201810.0
13170,10916,3268194.0,160374.0,45.5,148702827.0
13170,15270,1774232.0,89668.0,45.5,80727556.0
13170,13509,29334.0,1507.0,268.0,7861512.0
13170,11200,346252.0,17467.0,45.5,15754466.0
13170,12616,1708236.0,81077.0,45.5,77724738.0
13170,12868,749958.0,36292.0,45.5,34123089.0
13170,13555,1027913.0,52165.0,45.5,46770041.5
13170,14736,636166.0,34297.0,45.5,28945553.0
13170,17516,1249579.0,62685.0,45.5,56855844.5
13170,15183,1538484.0,74568.0,45.5,70001022.0
13170,13563,3536521.0,173729.0,45.5,160911705.5
13170,15077,876174.0,42897.0,45.5,39865917.0
13170,11466,2835629.0,137625.0,45.5,129021119.5
13170,15378,410865.0,19805.0,45.5,18694357.5
13170,18827,857973.0,42552.0,45.5,39037771.5
13170,16028,1710241.0,85838.0,45.5,77815965.5
13170,15601,1083797.0,54238.0,45.5,49312763.5
13170,15264,1012132.0,51869.0,45.5,46052006.0
13170,19333,521492.0,28179.0,45.5,23727886.0
13170,19880,3236170.0,152115.0,45.5,147245735.0
13170,14519,121904.0,5860.0,45.5,5546632.0
13170,12369,1722774.0,83137.0,45.5,78386217.0
13170,10044,1722135.0,81899.0,45.5,78357142.5
13170,19147,1994831.0,97237.0,45.5,90764810.5
13170,18448,5090447.0,252795.0,45.5,231615338.5
13170,17010,3941069.0,181918.0,45.5,179318639.5
13170,17738,467389.0,22189.0,45.5,21266199.5
13170,10955,1024256.0,48605.0,45.5,46603648.0
13170,18219,215585.0,10416.0,45.5,9809117.5
13170,11853,418305.0,21365.0,45.5,19032877.5
13170,10657,241894.0,10969.0,45.5,11006177.0
13170,10568,1066612.0,54636.0,45.5,48530846.0
13170,10867,1761110.0,89512.0,45.5,80130505.0
13170,19500,1364914.0,70644.0,45.5,62103587.0
13170,13165,1786274.0,87776.0,45.5,81275467.0
13170,11022,410161.0,21685.0,45.5,18662325.5
13170,19430,1080106.0,49176.0,45.5,49144823.0
13170,15241,1352690.0,69669.0,45.5,61547395.0
13170,16683,488340.0,24540.0,45.5,22219470.0
13170,12216,1367752.0,67483.0,45.5,62232716.0
13170,10301,1154308.0,54976.0,45.5,52521014.0
13170,12355,3911618.0,181242.0,45.5,177978619.0
13170,14257,8288928.0,402174.0,45.5,377146224.0
13170,10963,3527851.0,173504.0,45.5,160517220.5
13170,16193,3374649.0,161069.0,45.5,153546529.5
13170,16962,1024515.0,48639.0,45.5,46615432.5
13170,15724,554293.0,31458.0,45.5,25220331.5
13170,17789,27090.0,1476.0,268.0,7260120.0
13170,14278,478412.0,22674.0,45.5,21767746.0
13170,19846,3548119.0,171027.0,45.5,161439414.5
13170,11261,1507738.0,75922.0,45.5,68602079.0
13170,17223,823632.0,44380.0,45.5,37475256.0
13170,12562,1719724.0,83254.0,45.5,78247442.0
13170,13170,0.0,0.0,133.7,0.0
13170,13489,18414.0,976.0,144.2,2655298.8
13170,13582,484425.0,25919.0,45.5,22041337.5
13170,14358,4052615.0,199949.0,45.5,184393982.5
13170,16108,3631645.0,178442.0,45.5,165239847.5
13170,10796,746025.0,38652.0,45.5,33944137.5
13170,18799,1365212.0,67335.0,45.5,62117146.0
13170,10375,1639303.0,81803.0,45.5,74588286.5
13170,13665,2630552.0,128347.0,45.5,119690116.0
13170,15185,3042867.0,147821.0,45.5,138450448.5
13170,13454,1287801.0,68149.0,45.5,58594945.5
13170,14053,238678.0,11336.0,45.5,10859849.0
13170,10901,928541.0,47161.0,45.5,42248615.5
13170,15948,368301.0,20150.0,45.5,16757695.5
13170,12973,1704926.0,86052.0,45.5,77574133.0
13170,12746,112476.0,5238.0,45.5,5117658.0
13170,11181,169975.0,9097.0,45.5,7733862.5
13170,19143,1826241.0,87234.0,45.5,83093965.5
13170,19785,590366.0,28716.0,45.5,26861653.0
13170,13237,63364.0,3159.0,57.4,3637093.6
13170,15651,3275244.0,161017.0,45.5,149023602.0
13170,15848,3279526.0,160488.0,45.5,149218433.0
13170,11455,517195.0,27050.0,45.5,23532372.5
13170,14425,1244079.0,68898.0,45.5,56605594.5
13170,17752,4043428.0,199184.0,45.5,183975974.0
13170,14060,92404.0,4715.0,46.199999999999996,4269064.8
13170,10316,720885.0,36358.0,45.5,32800267.5
13170,19134,4248342.0,211044.0,45.5,193299561.0
13170,13460,334592.0,17999.0,45.5,15223936.0
13170,15686,4041383.0,199088.0,45.5,183882926.5
13170,11189,1639316.0,81806.0,45.5,74588878.0
13170,10326,9019185.0,435229.0,45.5,410372917.5
13170,10269,1582779.0,78220.0,45.5,72016444.5
13170,17464,6174613.0,304339.0,45.5,280944891.5
13170,19273,634696.0,34332.0,45.5,28878668.0
13170,13840,1703755.0,92359.0,45.5,77520852.5
13170,14704,1012144.0,46313.0,45.5,46052552.0
13170,19239,1030017.0,52133.0,45.5,46865773.5
13170,19502,875693.0,42781.0,45.5,39844031.5
13170,17504,5527099.0,275502.0,45.5,251483004.5
13170,18110,823409.0,44341.0,45.5,37465109.5
13170,11163,2043770.0,97609.0,45.5,92991535.0
13170,12633,8286648.0,402074.0,45.5,377042484.0
13170,16339,4731831.0,239675.0,45.5,215298310.5
13170,13989,1780889.0,87530.0,45.5,81030449.5
13170,18149,808030.0,43411.0,45.5,36765365.0
13170,10177,7633853.0,371458.0,45.5,347340311.5
13170,12270,1386766.0,69982.0,45.5,63097853.0
13170,13100,1756649.0,84954.0,45.5,79927529.5
13170,17781,1067153.0,54702.0,45.5,48555461.5
13170,19971,3136629.0,153295.0,45.5,142716619.5
13170,16887,3615834.0,177373.0,45.5,164520447.0
13170,10985,778875.0,38673.0,45.5,35438812.5
13170,15976,3761867.0,175360.0,45.5,171164948.5
13489,12652,95855.0,5417.0,95.89999999999999,9192494.5
13489,15008,66469.0,3796.0,95.89999999999999,6374377.1
13489,11112,31099.0,1622.0,95.89999999999999,2982394.0999999996
13489,16325,7375.0,464.0,95.89999999999999,707262.4999999999
13489,11561,2029950.0,97311.0,68.88,139822956.0
13489,18441,5670.0,397.0,95.89999999999999,543753.0
13489,16117,122723.0,5967.0,95.89999999999999,11769135.7
13489,11209,6874.0,491.0,95.89999999999999,659216.6
13489,15891,87036.0,4276.0,95.89999999999999,8346752.399999999
13489,18812,106425.0,5164.0,95.89999999999999,10206157.5
13489,19915,1410278.0,67990.0,68.88,97139948.64
13489,17282,56333.0,2871.0,95.89999999999999,5402334.699999999
13489,11147,937075.0,47333.0,55.3014,51821559.405
13489,13417,27105.0,1768.0,95.89999999999999,2599369.5
13489,12940,442835.0,22894.0,100.0,44283500.0
13489,12352,1319717.0,64380.0,70.6,93172020.19999999
13489,17522,1703090.0,81649.0,68.88,117308839.19999999
13489,14234,2837719.0,133779.0,68.88,195462084.72
13489,19300,45271.0,2392.0,95.89999999999999,4341488.899999999
13489,18542,29986.0,1624.0,95.89999999999999,2875657.4
13489,16855,1698848.0,81396.0,68.88,117016650.24
13489,13694,754556.0,31615.0,47.5398,35871441.3288
13489,12205,1032301.0,49118.0,55.3014,57087690.521400005
13489,18941,1226230.0,62414.0,56.2716,69001924.068
13489,10748,77557.0,3839.0,95.89999999999999,7437716.299999999
13489,10705,184703.0,9634.0,95.89999999999999,17713017.7
13489,15483,736293.0,31079.0,47.5398,35003221.9614
13489,13088,1325639.0,64567.0,70.6,93590113.39999999
13489,13917,1467189.0,74657.0,68.88,101059978.32
13489,16236,84111.0,4405.0,95.89999999999999,8066244.899999999
13489,13073,98424.0,5047.0,95.89999999999999,9438861.6
13489,13636,36512.0,1640.0,95.89999999999999,3501500.8
13489,18411,632700.0,33380.0,47.5398,30078431.46
13489,10916,3258612.0,160572.0,68.88,224453194.55999997
13489,15270,1782181.0,90138.0,68.88,122756627.27999999
13489,13509,37002.0,1763.0,95.89999999999999,3548491.8
13489,11200,336670.0,17665.0,100.0,33667000.0
13489,12616,1698653.0,81274.0,68.88,117003218.63999999
13489,12868,758067.0,36577.0,47.5398,36038353.5666
13489,13555,1040794.0,52673.0,55.3014,57557365.3116
13489,14736,644275.0,34582.0,47.5398,30628704.645
13489,17516,1239996.0,62883.0,56.2716,69776558.9136
13489,15183,1546432.0,75037.0,68.88,106518236.16
13489,13563,3526938.0,173926.0,68.88,242935489.44
13489,15077,866592.0,43094.0,55.3014,47923750.8288
13489,11466,2826047.0,137823.0,68.88,194658117.35999998
13489,15378,418813.0,20275.0,100.0,41881300.0
13489,18827,848391.0,42750.0,55.3014,46917210.0474
13489,16028,1700659.0,86036.0,68.88,117141391.91999999
13489,15601,1074214.0,54436.0,56.2716,60447740.5224
13489,15264,1002550.0,52067.0,55.3014,55442418.57
13489,19333,513195.0,27869.0,100.0,51319500.0
13489,19880,3249050.0,152624.0,68.88,223794564.0
13489,14519,113608.0,5550.0,95.89999999999999,10895007.2
13489,12369,1730723.0,83607.0,68.88,119212200.24
13489,10044,1712552.0,82097.0,68.88,117960581.75999999
13489,19147,1986534.0,96926.0,68.88,136832461.92
13489,18448,5080865.0,252992.0,68.88,349969981.2
13489,17010,3953949.0,182427.0,68.88,272348007.12
13489,17738,475337.0,22658.0,100.0,47533700.0
13489,10955,1032204.0,49075.0,55.3014,57082326.2856
13489,18219,206002.0,10614.0,100.0,20600200.0
13489,11853,426254.0,21835.0,100.0,42625400.0
13489,10657,233598.0,10659.0,100.0,23359800.0
13489,10568,1079492.0,55145.0,56.2716,60744742.0272
13489,10867,1769058.0,89982.0,68.88,121852715.03999999
13489,19500,1372863.0,71114.0,68.88,94562803.44
13489,13165,1776691.0,87973.0,68.88,122378476.08
13489,11022,418270.0,21970.0,100.0,41827000.0
13489,19430,1088215.0,49461.0,56.2716,61235599.194
13489,15241,1360638.0,70138.0,68.88,93720745.44
13489,16683,478758.0,24738.0,100.0,47875800.0
13489,12216,1358170.0,67681.0,68.88,93550749.6
13489,10301,1162257.0,55445.0,56.2716,65402061.0012
13489,12355,3924498.0,181751.0,68.88,270319422.24
13489,14257,8279345.0,402372.0,68.88,570281283.5999999
13489,10963,3518268.0,173701.0,68.88,242338299.83999997
13489,16193,3365066.0,161266.0,68.88,231785746.07999998
13489,16962,1032463.0,49108.0,55.3014,57096649.3482
13489,15724,545997.0,31148.0,100.0,54599700.0
13489,17789,18788.0,1092.0,95.89999999999999,1801769.2
13489,14278,486360.0,23144.0,100.0,48636000.0
13489,19846,3538536.0,171224.0,68.88,243734359.67999998
13489,11261,1498155.0,76120.0,68.88,103192916.39999999
13489,17223,831581.0,44849.0,55.3014,45987593.5134
13489,12562,1727673.0,83723.0,68.88,119002116.24
13489,13170,17419.0,888.0,95.89999999999999,1670482.0999999999
13489,13489,0.0,0.0,95.89999999999999,0.0
13489,13582,492093.0,26175.0,100.0,49209300.0
13489,14358,4043033.0,200146.0,68.88,278484113.03999996
13489,16108,3622062.0,178640.0,68.88,249487630.55999997
13489,10796,758905.0,39161.0,47.5398,36078191.919
13489,18799,1355630.0,67533.0,68.88,93375794.39999999
13489,10375,1647252.0,82272.0,68.88,113462717.75999999
13489,13665,2620969.0,128545.0,68.88,180532344.72
13489,15185,3033284.0,148019.0,68.88,208932601.92
13489,13454,1279504.0,67839.0,70.6,90332982.39999999
13489,14053,229096.0,11533.0,100.0,22909600.0
13489,10901,936490.0,47631.0,55.3014,51789208.086
13489,15948,376410.0,20435.0,100.0,37641000.0
13489,12973,1717806.0,86561.0,68.88,118322477.27999999
13489,12746,104179.0,4928.0,95.89999999999999,9990766.1
13489,11181,177642.0,9353.0,95.89999999999999,17035867.799999997
13489,19143,1816659.0,87432.0,68.88,125131471.91999999
13489,19785,598315.0,29185.0,100.0,59831500.0
13489,13237,58091.0,3095.0,95.89999999999999,5570926.899999999
13489,15651,3265661.0,161215.0,68.88,224938729.67999998
13489,15848,3269943.0,160686.0,68.88,225233673.83999997
13489,11455,525304.0,27335.0,100.0,52530400.0
13489,14425,1252028.0,69368.0,70.6,88393176.8
13489,17752,4033845.0,199382.0,68.88,277851243.59999996
13489,14060,84108.0,4405.0,95.89999999999999,8065957.199999999
13489,10316,711302.0,36555.0,47.5398,33815154.8196
13489,19134,4238759.0,211241.0,68.88,291965719.91999996
13489,13460,326295.0,17689.0,100.0,32629500.0
13489,15686,4031800.0,199286.0,68.88,277710384.0
13489,11189,1647264.0,82275.0,68.88,113463544.32
13489,10326,9009602.0,435427.0,68.88,620581385.76
13489,10269,1590728.0,78689.0,68.88,109569344.63999999
13489,17464,6165030.0,304536.0,68.88,424647266.4
13489,19273,642363.0,34588.0,47.5398,30537808.5474
13489,13840,1711703.0,92828.0,68.88,117902102.63999999
13489,14704,1020253.0,46598.0,55.3014,56421419.254200004
13489,19239,1042897.0,52641.0,55.3014,57673664.1558
13489,19502,866111.0,42979.0,55.3014,47897150.8554
13489,17504,5517516.0,275700.0,68.88,380046502.08
13489,18110,831358.0,44811.0,55.3014,45975261.3012
13489,11163,2034188.0,97807.0,68.88,140114869.44
13489,12633,8277065.0,402271.0,68.88,570124237.1999999
13489,16339,4722249.0,239872.0,68.88,325268511.12
13489,13989,1771307.0,87728.0,68.88,122007626.16
13489,18149,815978.0,43880.0,55.3014,45124725.7692
13489,10177,7624270.0,371655.0,68.88,525159717.59999996
13489,12270,1377184.0,70180.0,68.88,94860433.91999999
13489,13100,1748352.0,84644.0,68.88,120426485.75999999
13489,17781,1080033.0,55211.0,56.2716,60775184.962799996
13489,19971,3127046.0,153493.0,68.88,215390928.48
13489,16887,3606252.0,177570.0,68.88,248398637.76
13489,10985,770578.0,38363.0,47.5398,36633124.0044
13489,15976,3774747.0,175869.0,68.88,260004573.35999998
13582,12652,575482.0,30385.0,50.0,28774100.0
13582,15008,527320.0,28746.0,35.0,18456200.0
13582,11112,504962.0,27136.0,35.0,17673670.0
13582,16325,482544.0,26115.0,35.0,16889040.0
13582,11561,2328752.0,114979.0,50.0,116437600.0
13582,18441,480839.0,26049.0,21.055999999999997,10124545.984
13582,16117,375939.0,22299.0,37.0,13909743.0
13582,11209,478643.0,26110.0,21.055999999999997,10078307.008
13582,15891,560899.0,29790.0,35.0,19631465.0
13582,18812,580288.0,30678.0,50.0,29014400.0
13582,19915,1159957.0,57768.0,50.0,57997850.0
13582,17282,530196.0,28385.0,35.0,18556860.0
13582,11147,802666.0,42054.0,50.0,40133300.0
13582,13417,487957.0,26717.0,35.0,17078495.0
13582,12940,452337.0,24190.0,32.571,14733068.427
13582,12352,1069396.0,54157.0,50.0,53469800.0
13582,17522,2001892.0,99316.0,50.0,100094600.0
13582,14234,2983377.0,145754.0,50.0,149168850.0
13582,19300,519134.0,27905.0,35.0,18169690.0
13582,18542,503849.0,27138.0,35.0,17634715.0
13582,16855,1997649.0,99063.0,50.0,99882450.0
13582,13694,1228419.0,57129.0,50.0,61420950.0
13582,12205,781980.0,38895.0,50.0,39099000.0
13582,18941,1634750.0,86083.0,50.0,81737500.0
13582,10748,551420.0,29353.0,35.0,19299700.0
13582,10705,503794.0,30021.0,35.0,17632790.0
13582,15483,1210157.0,56592.0,50.0,60507850.0
13582,13088,1075318.0,54344.0,50.0,53765900.0
13582,13917,1562188.0,79895.0,50.0,78109400.0
13582,16236,557975.0,29919.0,35.0,19529125.0
13582,13073,572287.0,30561.0,50.0,28614350.0
13582,13636,448072.0,24691.0,32.571,14594153.112
13582,18411,746951.0,39056.0,50.0,37347550.0
13582,10916,3446431.0,172975.0,50.0,172321550.0
13582,15270,1617273.0,82077.0,50.0,80863650.0
13582,13509,448562.0,24813.0,32.571,14610112.901999999
13582,11200,815342.0,42849.0,50.0,40767100.0
13582,12616,1997455.0,98942.0,50.0,99872750.0
13582,12868,809774.0,40142.0,50.0,40488700.0
13582,13555,1141618.0,58123.0,50.0,57080900.0
13582,14736,490557.0,26884.0,35.0,17169495.0
13582,17516,1648517.0,86552.0,50.0,82425850.0
13582,15183,1296111.0,64815.0,50.0,64805550.0
13582,13563,3714758.0,186330.0,50.0,185737900.0
13582,15077,1095224.0,58251.0,50.0,54761200.0
13582,11466,3124848.0,155490.0,50.0,156242400.0
13582,15378,321599.0,18176.0,37.0,11899163.0
13582,18827,1256911.0,66419.0,50.0,62845550.0
13582,16028,1911497.0,97111.0,50.0,95574850.0
13582,15601,1502236.0,76931.0,50.0,75111800.0
13582,15264,1481222.0,77251.0,50.0,74061100.0
13582,19333,987058.0,53382.0,50.0,49352900.0
13582,19880,3146724.0,150109.0,50.0,157336200.0
13582,14519,587471.0,31064.0,50.0,29373550.0
13582,12369,1480401.0,73384.0,50.0,74020050.0
13582,10044,2011354.0,99764.0,50.0,100567700.0
13582,19147,2460397.0,122440.0,50.0,123019850.0
13582,18448,5268684.0,265396.0,50.0,263434200.0
13582,17010,3851623.0,179912.0,50.0,192581150.0
13582,17738,244867.0,13351.0,37.0,9060079.0
13582,10955,781883.0,38852.0,50.0,39094150.0
13582,18219,684675.0,35798.0,50.0,34233750.0
13582,11853,454662.0,24077.0,32.571,14808796.001999998
13582,10657,707461.0,36173.0,50.0,35373050.0
13582,10568,1159361.0,59369.0,50.0,57968050.0
13582,10867,1604151.0,81921.0,50.0,80207550.0
13582,19500,1238454.0,65835.0,50.0,61922700.0
13582,13165,1977801.0,99111.0,50.0,98890050.0
13582,11022,539845.0,30640.0,35.0,18894575.0
13582,19430,1140259.0,53054.0,50.0,57012950.0
13582,15241,1226230.0,64860.0,50.0,61311500.0
13582,16683,957431.0,49922.0,50.0,47871550.0
13582,12216,1569007.0,78756.0,50.0,78450350.0
13582,10301,911935.0,45223.0,50.0,45596750.0
13582,12355,3822172.0,179236.0,50.0,191108600.0
13582,14257,8467165.0,414776.0,50.0,423358250.0
13582,10963,3706087.0,186105.0,50.0,185304350.0
13582,16193,3552885.0,173670.0,50.0,177644250.0
13582,16962,782142.0,38886.0,50.0,39107100.0
13582,15724,1019860.0,56661.0,50.0,50993000.0
13582,17789,492657.0,26679.0,35.0,17242995.0
13582,14278,239665.0,13148.0,37.0,8867605.0
13582,19846,3726355.0,183628.0,50.0,186317750.0
13582,11261,1957868.0,98408.0,50.0,97893400.0
13582,17223,757020.0,40114.0,50.0,37851000.0
13582,12562,1477351.0,73501.0,50.0,73867550.0
13582,13170,473629.0,25761.0,21.055999999999997,9972732.224
13582,13489,483980.0,26180.0,35.0,16939300.0
13582,13582,0.0,0.0,90.7,0.0
13582,14358,4230852.0,212550.0,50.0,211542600.0
13582,16108,3809881.0,191044.0,50.0,190494050.0
13582,10796,859730.0,44611.0,50.0,42986500.0
13582,18799,1566468.0,78607.0,50.0,78323400.0
13582,10375,1243803.0,71908.0,50.0,62190150.0
13582,13665,2808788.0,140949.0,50.0,140439400.0
13582,15185,3332086.0,165686.0,50.0,166604300.0
13582,13454,1753368.0,93353.0,50.0,87668400.0
13582,14053,707769.0,36717.0,50.0,35388450.0
13582,10901,802081.0,42352.0,50.0,40104050.0
13582,15948,294742.0,16937.0,37.0,10905454.0
13582,12973,1634141.0,84370.0,50.0,81707050.0
13582,12746,578042.0,30441.0,50.0,28902100.0
13582,11181,362329.0,20605.0,37.0,13406173.0
13582,19143,2115460.0,105099.0,50.0,105773000.0
13582,19785,151968.0,8591.0,90.7,13783497.6
13582,13237,529079.0,28374.0,35.0,18517765.0
13582,15651,3453480.0,173618.0,50.0,172674000.0
13582,15848,3457763.0,173089.0,50.0,172888150.0
13582,11455,645489.0,35015.0,50.0,32274450.0
13582,14425,1167955.0,65041.0,50.0,58397750.0
13582,17752,4221665.0,211785.0,50.0,211083250.0
13582,14060,557971.0,29918.0,35.0,19528985.0
13582,10316,1189975.0,61739.0,50.0,59498750.0
13582,19134,4426579.0,223645.0,50.0,221328950.0
13582,13460,800158.0,43202.0,50.0,40007900.0
13582,15686,4219620.0,211690.0,50.0,210981000.0
13582,11189,1243816.0,71911.0,50.0,62190800.0
13582,10326,9197421.0,447830.0,50.0,459871050.0
13582,10269,1340406.0,68467.0,50.0,67020300.0
13582,17464,6352849.0,316940.0,50.0,317642450.0
13582,19273,151961.0,8665.0,90.7,13782862.700000001
13582,13840,1627630.0,88501.0,50.0,81381500.0
13582,14704,1091879.0,50816.0,50.0,54593950.0
13582,19239,1143722.0,58091.0,50.0,57186100.0
13582,19502,1094742.0,58135.0,50.0,54737100.0
13582,17504,5705336.0,288104.0,50.0,285266800.0
13582,18110,756797.0,40075.0,50.0,37839850.0
13582,11163,2332989.0,115474.0,50.0,116649450.0
13582,12633,8464885.0,414675.0,50.0,423244250.0
13582,16339,4910068.0,252276.0,50.0,245503400.0
13582,13989,1972416.0,98866.0,50.0,98620800.0
13582,18149,744889.0,39577.0,50.0,37244450.0
13582,10177,7812089.0,384059.0,50.0,390604450.0
13582,12270,1855857.0,95364.0,50.0,92792850.0
13582,13100,2222215.0,110158.0,50.0,111110750.0
13582,17781,1159903.0,59434.0,50.0,57995150.0
13582,19971,3425848.0,171160.0,50.0,171292400.0
13582,16887,3794071.0,189974.0,50.0,189703550.0
13582,10985,997209.0,54344.0,50.0,49860450.0
13582,15976,3672421.0,173354.0,50.0,183621050.0
14358,12652,3969063.0,196391.0,30.0,119071890.0
14358,15008,4018168.0,198472.0,30.0,120545040.0
14358,11112,4018121.0,198970.0,30.0,120543630.0
14358,16325,4040286.0,199797.0,30.0,121208580.0
14358,11561,2063349.0,105290.0,23.2848,48044668.7952
14358,18441,4038581.0,199730.0,30.0,121157430.0
14358,16117,4158982.0,204739.0,30.0,124769460.0
14358,11209,4039788.0,199749.0,30.0,121193640.0
14358,15891,4004787.0,198182.0,30.0,120143610.0
14358,18812,4047780.0,199972.0,30.0,121433400.0
14358,19915,4534249.0,230765.0,30.0,136027470.0
14358,17282,4049407.0,200317.0,30.0,121482210.0
14358,11147,3924124.0,197998.0,30.0,117723720.0
14358,13417,4036919.0,199213.0,30.0,121107570.0
14358,12940,3791754.0,189367.0,30.0,113752620.0
14358,12352,4666661.0,235943.0,30.0,139999830.0
14358,17522,2355710.0,119955.0,23.2848,54852236.208000004
14358,14234,1910039.0,87601.0,23.2848,44474876.107200004
14358,19300,3996479.0,197926.0,30.0,119894370.0
14358,18542,4012697.0,198629.0,30.0,120380910.0
14358,16855,2370292.0,120528.0,23.2848,55191775.1616
14358,13694,4695911.0,226423.0,30.0,140877330.0
14358,12205,4379245.0,220681.0,30.0,131377350.0
14358,18941,2897806.0,146727.0,23.2848,67474833.1488
14358,10748,4009274.0,199021.0,30.0,120278220.0
14358,10705,3965916.0,197746.0,30.0,118977480.0
14358,15483,4677649.0,225887.0,30.0,140329470.0
14358,13088,4672583.0,236129.0,30.0,140177490.0
14358,13917,2966834.0,150589.0,23.2848,69082136.3232
14358,16236,3957963.0,196343.0,30.0,118738890.0
14358,13073,3945468.0,195542.0,30.0,118364040.0
14358,13636,4072771.0,200413.0,30.0,122183130.0
14358,18411,3498038.0,173950.0,30.0,104941140.0
14358,10916,804548.0,41928.0,105.434,84826713.832
14358,15270,4766525.0,240614.0,30.0,142995750.0
14358,13509,4073260.0,200535.0,30.0,122197800.0
14358,11200,3859226.0,194020.0,30.0,115776780.0
14358,12616,2353599.0,119715.0,23.2848,54803081.9952
14358,12868,4746671.0,234431.0,30.0,142400130.0
14358,13555,3100428.0,155333.0,23.2848,72192845.8944
14358,14736,4680092.0,233325.0,30.0,140402760.0
14358,17516,2857763.0,144641.0,23.2848,66542439.9024
14358,15183,4553208.0,233718.0,30.0,136596240.0
14358,13563,545841.0,28896.0,105.434,57550199.993999995
14358,15077,3240486.0,164576.0,23.2848,75454068.4128
14358,11466,1847270.0,125747.0,23.2848,43013312.496
14358,15378,3931058.0,196607.0,30.0,117931740.0
14358,18827,3239589.0,160271.0,23.2848,75433181.9472
14358,16028,2527071.0,127316.0,23.2848,58842342.8208
14358,15601,2972638.0,147447.0,23.2848,69217281.30240001
14358,15264,3201015.0,161657.0,23.2848,74534994.072
14358,19333,3926563.0,202373.0,30.0,117796890.0
14358,19880,3226400.0,151898.0,23.2848,75126078.72
14358,14519,4055195.0,200322.0,30.0,121655850.0
14358,12369,4696367.0,241217.0,30.0,140891010.0
14358,10044,2331702.0,118491.0,23.2848,54293214.729600005
14358,19147,5332389.0,274594.0,30.0,159971670.0
14358,18448,1042532.0,53985.0,105.434,109918318.888
14358,17010,2515622.0,121463.0,23.2848,58575755.1456
14358,17738,4015107.0,201359.0,30.0,120453210.0
14358,10955,4379148.0,220637.0,30.0,131374440.0
14358,18219,3835035.0,189611.0,30.0,115051050.0
14358,11853,3786982.0,189242.0,30.0,113609460.0
14358,10657,4174953.0,205467.0,30.0,125248590.0
14358,10568,3139127.0,157805.0,23.2848,73093944.3696
14358,10867,4753402.0,240458.0,30.0,142602060.0
14358,19500,4357207.0,221590.0,30.0,130716210.0
14358,13165,2250468.0,114149.0,23.2848,52401697.2864
14358,11022,4406874.0,219825.0,30.0,132206220.0
14358,19430,5076820.0,247316.0,30.0,152304600.0
14358,15241,4344982.0,220615.0,30.0,130349460.0
14358,16683,3612323.0,179530.0,30.0,108369690.0
14358,12216,2683559.0,135299.0,23.2848,62486134.6032
14358,10301,4509200.0,227008.0,30.0,135276000.0
14358,12355,2542601.0,122986.0,23.2848,59203955.764800005
14358,14257,4241012.0,203365.0,30.0,127230360.0
14358,10963,589304.0,31015.0,105.434,62132677.936
14358,16193,1484980.0,76720.0,105.434,156567381.32
14358,16962,4379407.0,220671.0,30.0,131382210.0
14358,15724,4055735.0,208918.0,30.0,121672050.0
14358,17789,4028536.0,199413.0,30.0,120856080.0
14358,14278,3994967.0,199947.0,30.0,119849010.0
14358,19846,956916.0,48108.0,105.434,100891481.544
14358,11261,2707773.0,136025.0,23.2848,63049952.7504
14358,17223,3535931.0,177550.0,30.0,106077930.0
14358,12562,4700596.0,241446.0,30.0,141017880.0
14358,13170,4048443.0,199538.0,30.0,121453290.0
14358,13489,4034248.0,199491.0,30.0,121027440.0
14358,13582,4232457.0,212773.0,30.0,126973710.0
14358,14358,0.0,0.0,369.0,0.0
14358,16108,753785.0,37789.0,105.434,79474567.69
14358,10796,3375011.0,168418.0,23.2848,78586456.1328
14358,18799,2681019.0,135150.0,23.2848,62426991.2112
14358,10375,4994195.0,253835.0,30.0,149825850.0
14358,13665,1433293.0,73528.0,105.434,151117814.162
14358,15185,1638659.0,115608.0,105.434,172770373.00599998
14358,13454,4233256.0,223443.0,30.0,126997680.0
14358,14053,3824618.0,189295.0,30.0,114738540.0
14358,10901,3916450.0,197474.0,30.0,117493500.0
14358,15948,4412227.0,219178.0,30.0,132366810.0
14358,12973,2945468.0,153325.0,23.2848,68584633.2864
14358,12746,4045535.0,199736.0,30.0,121366050.0
14358,11181,4213901.0,208125.0,30.0,126417030.0
14358,19143,2480665.0,126202.0,23.2848,57761788.392000005
14358,19785,4118995.0,206538.0,30.0,123569850.0
14358,13237,4051166.0,200540.0,30.0,121534980.0
14358,15651,792074.0,41022.0,105.434,83511530.116
14358,15848,777811.0,40188.0,105.434,82007724.97399999
14358,11455,4513909.0,225189.0,30.0,135417270.0
14358,14425,3289914.0,167690.0,23.2848,76604989.5072
14358,17752,13992.0,1167.0,369.0,5163048.0
14358,14060,3957960.0,196343.0,30.0,118738800.0
14358,10316,3374880.0,166964.0,23.2848,78583405.824
14358,19134,420396.0,21920.0,105.434,44324031.864
14358,13460,3896786.0,198528.0,30.0,116903580.0
14358,15686,22386.0,1864.0,105.434,2360245.5239999997
14358,11189,4994208.0,253838.0,30.0,149826240.0
14358,10326,4971269.0,236419.0,30.0,149138070.0
14358,10269,4937671.0,250252.0,30.0,148130130.0
14358,17464,2126697.0,105529.0,23.2848,49519714.3056
14358,19273,4254784.0,213843.0,30.0,127643520.0
14358,13840,3806145.0,194494.0,30.0,114184350.0
14358,14704,5008857.0,244452.0,30.0,150265710.0
14358,19239,3092603.0,154824.0,23.2848,72010642.3344
14358,19502,3240005.0,164461.0,23.2848,75442868.424
14358,17504,1479183.0,76693.0,105.434,155956180.422
14358,18110,3535708.0,177511.0,30.0,106071240.0
14358,11163,2698194.0,136577.0,23.2848,62826907.651200004
14358,12633,4238732.0,203264.0,30.0,127161960.0
14358,16339,683916.0,40865.0,105.434,72107999.544
14358,13989,2253177.0,114789.0,23.2848,52464775.8096
14358,18149,3550697.0,178293.0,30.0,106520910.0
14358,10177,3585937.0,172648.0,30.0,107578110.0
14358,12270,3605648.0,181394.0,30.0,108169440.0
14358,13100,5094207.0,262312.0,30.0,152826210.0
14358,17781,3139668.0,157871.0,23.2848,73106541.4464
14358,19971,2104124.0,138930.0,23.2848,48994106.515200004
14358,16887,1008992.0,51966.0,105.434,106382062.528
14358,10985,4803562.0,234191.0,30.0,144106860.0
14358,15976,2784076.0,134397.0,23.2848,64826652.8448
16108,12652,3554828.0,175080.0,40.0,142193120.0
16108,15008,3603934.0,177161.0,40.0,144157360.0
16108,11112,3603887.0,177659.0,40.0,144155480.0
16108,16325,3626052.0,178485.0,40.0,145042080.0
16108,11561,1649115.0,83979.0,40.0,65964600.0
16108,18441,3624346.0,178419.0,40.0,144973840.0
16108,16117,3744747.0,183428.0,40.0,149789880.0
16108,11209,3625553.0,178438.0,40.0,145022120.0
16108,15891,3590552.0,176871.0,40.0,143622080.0
16108,18812,3633545.0,178661.0,40.0,145341800.0
16108,19915,4120015.0,209454.0,40.0,164800600.0
16108,17282,3635173.0,179005.0,40.0,145406920.0
16108,11147,3509889.0,176687.0,40.0,140395560.0
16108,13417,3622685.0,177901.0,40.0,144907400.0
16108,12940,3377520.0,168056.0,40.0,135100800.0
16108,12352,4252426.0,214632.0,40.0,170097040.0
16108,17522,1941476.0,98644.0,40.0,77659040.0
16108,14234,1373257.0,59350.0,31.0464,42634686.1248
16108,19300,3582244.0,176615.0,40.0,143289760.0
16108,18542,3598462.0,177318.0,40.0,143938480.0
16108,16855,1956058.0,99217.0,40.0,78242320.0
16108,13694,4281677.0,205112.0,40.0,171267080.0
16108,12205,3965010.0,199370.0,40.0,158600400.0
16108,18941,2483572.0,125416.0,40.0,99342880.0
16108,10748,3595040.0,177710.0,40.0,143801600.0
16108,10705,3551682.0,176435.0,40.0,142067280.0
16108,15483,4263414.0,204576.0,40.0,170536560.0
16108,13088,4258349.0,214818.0,40.0,170333960.0
16108,13917,2552599.0,129278.0,40.0,102103960.0
16108,16236,3543729.0,175032.0,40.0,141749160.0
16108,13073,3531233.0,174231.0,40.0,141249320.0
16108,13636,3658537.0,179101.0,40.0,146341480.0
16108,18411,3083804.0,152639.0,40.0,123352160.0
16108,10916,382868.0,19323.0,31.0464,11886673.075199999
16108,15270,4352290.0,219303.0,40.0,174091600.0
16108,13509,3659026.0,179224.0,40.0,146361040.0
16108,11200,3444991.0,172709.0,40.0,137799640.0
16108,12616,1939365.0,98404.0,40.0,77574600.0
16108,12868,4332436.0,213120.0,40.0,173297440.0
16108,13555,2686194.0,134022.0,40.0,107447760.0
16108,14736,4265857.0,212014.0,40.0,170634280.0
16108,17516,2443529.0,123330.0,40.0,97741160.0
16108,15183,4138974.0,212407.0,40.0,165558960.0
16108,13563,208298.0,8982.0,31.0464,6466903.027199999
16108,15077,2826251.0,143265.0,40.0,113050040.0
16108,11466,1808396.0,108482.0,40.0,72335840.0
16108,15378,3516823.0,175296.0,40.0,140672920.0
16108,18827,2825355.0,138960.0,40.0,113014200.0
16108,16028,2112837.0,106005.0,40.0,84513480.0
16108,15601,2558403.0,126136.0,40.0,102336120.0
16108,15264,2786780.0,140345.0,40.0,111471200.0
16108,19333,3512329.0,181062.0,40.0,140493160.0
16108,19880,2689618.0,123647.0,40.0,107584720.0
16108,14519,3640960.0,179010.0,40.0,145638400.0
16108,12369,4282133.0,219905.0,40.0,171285320.0
16108,10044,1917467.0,97180.0,40.0,76698680.0
16108,19147,4918154.0,253283.0,40.0,196726160.0
16108,18448,1787953.0,90519.0,40.0,71518120.0
16108,17010,1978840.0,93212.0,40.0,79153600.0
16108,17738,3600873.0,180048.0,40.0,144034920.0
16108,10955,3964913.0,199326.0,40.0,158596520.0
16108,18219,3420800.0,168300.0,40.0,136832000.0
16108,11853,3372747.0,167930.0,40.0,134909880.0
16108,10657,3760718.0,184156.0,40.0,150428720.0
16108,10568,2724892.0,136494.0,40.0,108995680.0
16108,10867,4339168.0,219147.0,40.0,173566720.0
16108,19500,3942972.0,200279.0,40.0,157718880.0
16108,13165,1836233.0,92838.0,40.0,73449320.0
16108,11022,3992639.0,198513.0,40.0,159705560.0
16108,19430,4662585.0,226004.0,40.0,186503400.0
16108,15241,3930747.0,199304.0,40.0,157229880.0
16108,16683,3198088.0,158219.0,40.0,127923520.0
16108,12216,2269324.0,113987.0,40.0,90772960.0
16108,10301,4094966.0,205697.0,40.0,163798640.0
16108,12355,2005819.0,94735.0,40.0,80232760.0
16108,14257,4986434.0,239899.0,40.0,199457360.0
16108,10963,429488.0,20369.0,31.0464,13334056.243199999
16108,16193,948198.0,48469.0,31.0464,29438134.387199998
16108,16962,3965172.0,199360.0,40.0,158606880.0
16108,15724,3641501.0,187607.0,40.0,145660040.0
16108,17789,3614302.0,178102.0,40.0,144572080.0
16108,14278,3580733.0,178636.0,40.0,143229320.0
16108,19846,420134.0,19857.0,31.0464,13043648.2176
16108,11261,2293539.0,114713.0,40.0,91741560.0
16108,17223,3121696.0,156238.0,40.0,124867840.0
16108,12562,4286362.0,220135.0,40.0,171454480.0
16108,13170,3634208.0,178227.0,40.0,145368320.0
16108,13489,3620014.0,178179.0,40.0,144800560.0
16108,13582,3818222.0,191462.0,40.0,152728880.0
16108,14358,750121.0,37673.0,31.0464,23288556.6144
16108,16108,0.0,0.0,31.0464,0.0
16108,10796,2960776.0,147107.0,40.0,118431040.0
16108,18799,2266785.0,113839.0,40.0,90671400.0
16108,10375,4579961.0,232524.0,40.0,183198440.0
16108,13665,1019058.0,52217.0,31.0464,31638082.291199997
16108,15185,1599784.0,98344.0,40.0,63991360.0
16108,13454,3819022.0,202132.0,40.0,152760880.0
16108,14053,3410383.0,167984.0,40.0,136415320.0
16108,10901,3502216.0,176162.0,40.0,140088640.0
16108,15948,3997992.0,197866.0,40.0,159919680.0
16108,12973,2845486.0,128774.0,40.0,113819440.0
16108,12746,3631300.0,178425.0,40.0,145252000.0
16108,11181,3799667.0,186814.0,40.0,151986680.0
16108,19143,2066431.0,104891.0,40.0,82657240.0
16108,19785,3704760.0,185227.0,40.0,148190400.0
16108,13237,3636932.0,179229.0,40.0,145477280.0
16108,15651,364140.0,17971.0,31.0464,11305236.095999999
16108,15848,382720.0,19166.0,31.0464,11882078.207999999
16108,11455,4099674.0,203878.0,40.0,163986960.0
16108,14425,2875680.0,146379.0,40.0,115027200.0
16108,17752,740934.0,36909.0,31.0464,23003333.3376
16108,14060,3543725.0,175031.0,40.0,141749000.0
16108,10316,2960645.0,145653.0,40.0,118425800.0
16108,19134,945847.0,48768.0,31.0464,29365144.3008
16108,13460,3482552.0,177217.0,40.0,139302080.0
16108,15686,738889.0,36813.0,31.0464,22939843.4496
16108,11189,4579974.0,232527.0,40.0,183198960.0
16108,10326,5716690.0,272954.0,40.0,228667600.0
16108,10269,4523437.0,228941.0,40.0,180937480.0
16108,17464,2872118.0,142063.0,40.0,114884720.0
16108,19273,3840549.0,192531.0,40.0,153621960.0
16108,13840,3391910.0,173182.0,40.0,135676400.0
16108,14704,4594622.0,223141.0,40.0,183784880.0
16108,19239,2678369.0,133513.0,40.0,107134760.0
16108,19502,2825770.0,143150.0,40.0,113030800.0
16108,17504,2224605.0,113227.0,40.0,88984200.0
16108,18110,3121473.0,156200.0,40.0,124858920.0
16108,11163,2283960.0,115265.0,40.0,91358400.0
16108,12633,4984154.0,239799.0,40.0,199366160.0
16108,16339,1429337.0,77400.0,31.0464,44375768.2368
16108,13989,1838943.0,93478.0,40.0,73557720.0
16108,18149,3136462.0,156981.0,40.0,125458480.0
16108,10177,4331358.0,209182.0,40.0,173254320.0
16108,12270,3191413.0,160083.0,40.0,127656520.0
16108,13100,4679972.0,241000.0,40.0,187198880.0
16108,17781,2725434.0,136560.0,40.0,109017360.0
16108,19971,2065250.0,121665.0,40.0,82610000.0
16108,16887,261811.0,14861.0,31.0464,8128289.0304
16108,10985,4389327.0,212880.0,40.0,175573080.0
16108,15976,2247294.0,106146.0,40.0,89891760.0
10796,12652,748895.0,39086.0,48.5,36321407.5
10796,15008,714020.0,37541.0,48.5,34629970.0
10796,11112,765912.0,39772.0,65.0,49784280.0
10796,16325,756616.0,39071.0,65.0,49180040.0
10796,11561,1472527.0,70725.0,65.0,95714255.0
10796,18441,754910.0,39004.0,48.5,36613135.0
10796,16117,772251.0,41449.0,65.0,50196315.0
10796,11209,752714.0,39066.0,48.5,36506629.0
10796,15891,784564.0,40991.0,65.0,50996660.0
10796,18812,820330.0,42652.0,65.0,53321450.0
10796,19915,1216720.0,66030.0,65.0,79086800.0
10796,17282,796448.0,41105.0,65.0,51769120.0
10796,11147,606595.0,33263.0,48.5,29419857.5
10796,13417,732631.0,38344.0,48.5,35532603.5
10796,12940,420207.0,21296.0,42.0,17648694.0
10796,12352,1329595.0,70288.0,65.0,86423675.0
10796,17522,1145667.0,55062.0,65.0,74468355.0
10796,14234,2127153.0,101500.0,65.0,138264945.0
10796,19300,740661.0,38790.0,48.5,35922058.5
10796,18542,758925.0,39308.0,65.0,49330125.0
10796,16855,1141425.0,54809.0,65.0,74192625.0
10796,13694,1468461.0,69103.0,65.0,95449965.0
10796,12205,1042179.0,55026.0,65.0,67741635.0
10796,18941,838745.0,42316.0,65.0,54518425.0
10796,10748,779302.0,40715.0,65.0,50654630.0
10796,10705,575986.0,30168.0,48.5,27935321.0
10796,15483,1450199.0,68567.0,65.0,94262935.0
10796,13088,1335517.0,70474.0,65.0,86808605.0
10796,13917,711789.0,35852.0,48.5,34521766.5
10796,16236,762259.0,40165.0,65.0,49546835.0
10796,13073,764879.0,39408.0,65.0,49717135.0
10796,13636,768483.0,39544.0,65.0,49951395.0
10796,18411,126491.0,5880.0,19.747,2497817.777
10796,10916,2590206.0,128721.0,65.0,168363390.0
10796,15270,1448995.0,75879.0,65.0,94184675.0
10796,13509,768972.0,39666.0,65.0,49983180.0
10796,11200,805207.0,41187.0,65.0,52338455.0
10796,12616,1141230.0,54687.0,65.0,74179950.0
10796,12868,1489771.0,74411.0,65.0,96835115.0
10796,13555,285394.0,13869.0,42.0,11986548.0
10796,14736,1255815.0,66384.0,65.0,81627975.0
10796,17516,852512.0,42785.0,65.0,55413280.0
10796,15183,1235679.0,68983.0,65.0,80319135.0
10796,13563,2858533.0,142076.0,65.0,185804645.0
10796,15077,286404.0,14790.0,42.0,12028968.0
10796,11466,2268624.0,111236.0,65.0,147460560.0
10796,15378,559510.0,28536.0,48.5,27136235.0
10796,18827,474125.0,24053.0,59.0,27973375.0
10796,16028,1055272.0,52857.0,65.0,68592680.0
10796,15601,646011.0,32677.0,48.5,31331533.5
10796,15264,904524.0,44419.0,65.0,58794060.0
10796,19333,1119898.0,58652.0,65.0,72793370.0
10796,19880,2493650.0,113819.0,65.0,162087250.0
10796,14519,827513.0,43038.0,65.0,53788345.0
10796,12369,1378838.0,76482.0,65.0,89624470.0
10796,10044,1155129.0,55510.0,65.0,75083385.0
10796,19147,2525724.0,130873.0,65.0,164172060.0
10796,18448,4412459.0,221142.0,65.0,286809835.0
10796,17010,3198549.0,143622.0,65.0,207905685.0
10796,17738,643560.0,33288.0,48.5,31212660.0
10796,10955,1042082.0,54982.0,65.0,67735330.0
10796,18219,711821.0,35906.0,48.5,34523318.5
10796,11853,415434.0,21171.0,42.0,17448228.0
10796,10657,947503.0,48147.0,65.0,61587695.0
10796,10568,324093.0,16341.0,42.0,13611906.0
10796,10867,1435873.0,75723.0,65.0,93331745.0
10796,19500,1039677.0,56855.0,65.0,67579005.0
10796,13165,1121576.0,54857.0,65.0,72902440.0
10796,11022,1149975.0,59804.0,65.0,74748375.0
10796,19430,1819920.0,87295.0,65.0,118294800.0
10796,15241,1027453.0,55880.0,65.0,66784445.0
10796,16683,526368.0,26924.0,48.5,25528848.0
10796,12216,712783.0,34502.0,48.5,34569975.5
10796,10301,1172135.0,61353.0,65.0,76188775.0
10796,12355,3169098.0,142947.0,65.0,205991370.0
10796,14257,7610940.0,370521.0,65.0,494711100.0
10796,10963,2849863.0,141851.0,65.0,185241095.0
10796,16193,2696661.0,129416.0,65.0,175282965.0
10796,16962,1042341.0,55016.0,65.0,67752165.0
10796,15724,1191034.0,64359.0,65.0,77417210.0
10796,17789,766728.0,39635.0,65.0,49837320.0
10796,14278,623420.0,31877.0,48.5,30235870.0
10796,19846,2870131.0,139374.0,65.0,186558515.0
10796,11261,1101644.0,54154.0,65.0,71606860.0
10796,17223,245209.0,16115.0,42.0,10298778.0
10796,12562,1383067.0,76711.0,65.0,89899355.0
10796,13170,744155.0,38670.0,48.5,36091517.5
10796,13489,758052.0,39136.0,65.0,49273380.0
10796,13582,860909.0,44702.0,65.0,55959085.0
10796,14358,3374627.0,168296.0,65.0,219350755.0
10796,16108,2953657.0,146789.0,65.0,191987705.0
10796,10796,0.0,0.0,19.747,0.0
10796,18799,710243.0,34353.0,48.5,34446785.5
10796,10375,1657130.0,88180.0,65.0,107713450.0
10796,13665,1952564.0,96695.0,65.0,126916660.0
10796,15185,2475862.0,121432.0,65.0,160931030.0
10796,13454,1811876.0,98232.0,65.0,117771940.0
10796,14053,701404.0,35590.0,48.5,34018094.0
10796,10901,598921.0,32738.0,48.5,29047668.5
10796,15948,987951.0,52237.0,65.0,64216815.0
10796,12973,962407.0,47757.0,65.0,62556455.0
10796,12746,818085.0,42416.0,65.0,53175525.0
10796,11181,847648.0,44842.0,65.0,55097120.0
10796,19143,1259236.0,60845.0,65.0,81850340.0
10796,19785,747447.0,38467.0,48.5,36251179.5
10796,13237,803178.0,41278.0,65.0,52206570.0
10796,15651,2597256.0,129364.0,65.0,168821640.0
10796,15848,2601538.0,128835.0,65.0,169099970.0
10796,11455,1257009.0,65168.0,65.0,81705585.0
10796,14425,593714.0,31898.0,48.5,28795129.0
10796,17752,3365440.0,167531.0,65.0,218753600.0
10796,14060,762255.0,40164.0,65.0,49546575.0
10796,10316,496175.0,24206.0,59.0,29274325.0
10796,19134,3570354.0,179391.0,65.0,232073010.0
10796,13460,933724.0,48552.0,65.0,60692060.0
10796,15686,3363395.0,167436.0,65.0,218620675.0
10796,11189,1657142.0,88183.0,65.0,107714230.0
10796,10326,8341197.0,403576.0,65.0,542177805.0
10796,10269,1600606.0,84597.0,65.0,104039390.0
10796,17464,5496625.0,272686.0,65.0,357280625.0
10796,19273,883236.0,45772.0,65.0,57410340.0
10796,13840,1109945.0,58701.0,65.0,72146425.0
10796,14704,1751957.0,84432.0,65.0,113877205.0
10796,19239,287497.0,13837.0,42.0,12074874.0
10796,19502,285922.0,14674.0,42.0,12008724.0
10796,17504,4849111.0,243849.0,65.0,315192215.0
10796,18110,244986.0,16077.0,42.0,10289412.0
10796,11163,1476765.0,71220.0,65.0,95989725.0
10796,12633,7608660.0,370421.0,65.0,494562900.0
10796,16339,4053843.0,208022.0,65.0,263499795.0
10796,13989,1116192.0,54611.0,65.0,72552480.0
10796,18149,225047.0,14766.0,42.0,9451974.0
10796,10177,6955865.0,339805.0,65.0,452131225.0
10796,12270,1279158.0,62531.0,65.0,83145270.0
10796,13100,2287542.0,118590.0,65.0,148690230.0
10796,17781,324634.0,16406.0,42.0,13634628.0
10796,19971,2569624.0,126906.0,65.0,167025560.0
10796,16887,2937846.0,145720.0,65.0,190959990.0
10796,10985,1510694.0,76597.0,65.0,98195110.0
10796,15976,3019347.0,137065.0,65.0,196257555.0
18799,12652,1285192.0,64164.0,36.0,46266912.0
18799,15008,1334297.0,66245.0,36.0,48034692.0
18799,11112,1334250.0,66743.0,36.0,48033000.0
18799,16325,1356416.0,67569.0,36.0,48830976.0
18799,11561,892837.0,42934.0,36.0,32142132.0
18799,18441,1354710.0,67503.0,36.0,48769560.0
18799,16117,1475111.0,72512.0,36.0,53103996.0
18799,11209,1355917.0,67522.0,36.0,48813012.0
18799,15891,1320916.0,65955.0,36.0,47552976.0
18799,18812,1363909.0,67745.0,36.0,49100724.0
18799,19915,1868588.0,96682.0,36.0,67269168.0
18799,17282,1365536.0,68089.0,36.0,49159296.0
18799,11147,1258462.0,63914.0,36.0,45304632.0
18799,13417,1353048.0,66985.0,36.0,48709728.0
18799,12940,1126092.0,55284.0,36.0,40539312.0
18799,12352,2000999.0,101859.0,36.0,72035964.0
18799,17522,565977.0,27272.0,41.6,23544643.2
18799,14234,1430982.0,68158.0,36.0,51515352.0
18799,19300,1312608.0,65699.0,36.0,47253888.0
18799,18542,1328826.0,66402.0,36.0,47837736.0
18799,16855,561734.0,27019.0,41.6,23368134.400000002
18799,13694,2012040.0,94196.0,36.0,72433440.0
18799,12205,1713583.0,86597.0,36.0,61688988.0
18799,18941,384393.0,20463.0,55.0,21141615.0
18799,10748,1325403.0,66794.0,36.0,47714508.0
18799,10705,1281871.0,64155.0,36.0,46147356.0
18799,15483,1993778.0,93660.0,36.0,71776008.0
18799,13088,2006922.0,102046.0,36.0,72249192.0
18799,13917,361611.0,18635.0,55.0,19888605.0
18799,16236,1274092.0,64116.0,36.0,45867312.0
18799,13073,1261597.0,63315.0,36.0,45417492.0
18799,13636,1388900.0,68185.0,36.0,50000400.0
18799,18411,832377.0,39867.0,36.0,29965572.0
18799,10916,1894035.0,95380.0,36.0,68185260.0
18799,15270,2100863.0,106531.0,36.0,75631068.0
18799,13509,1389390.0,68308.0,36.0,50018040.0
18799,11200,1175355.0,61793.0,36.0,42312780.0
18799,12616,561540.0,26897.0,41.6,23360064.0
18799,12868,2062800.0,102204.0,36.0,74260800.0
18799,13555,434766.0,21250.0,55.0,23912130.0
18799,14736,1961701.0,100371.0,36.0,70621236.0
18799,17516,304325.0,16233.0,55.0,16737875.0
18799,15183,1887547.0,99634.0,36.0,67951692.0
18799,13563,2162362.0,108735.0,36.0,77845032.0
18799,15077,574824.0,30493.0,41.6,23912678.400000002
18799,11466,1688933.0,83446.0,36.0,60801588.0
18799,15378,1265396.0,62523.0,36.0,45554256.0
18799,18827,582895.0,28557.0,41.6,24248432.0
18799,16028,346185.0,18704.0,55.0,19040175.0
18799,15601,315944.0,15733.0,55.0,17376920.0
18799,15264,819801.0,42032.0,36.0,29512836.0
18799,19333,1447086.0,76183.0,36.0,52095096.0
18799,19880,2143472.0,96602.0,36.0,77164992.0
18799,14519,1371324.0,68094.0,36.0,49367664.0
18799,12369,2030706.0,107133.0,36.0,73105416.0
18799,10044,575439.0,27720.0,41.6,23938262.400000002
18799,19147,2852912.0,148404.0,36.0,102704832.0
18799,18448,3716288.0,187800.0,36.0,133786368.0
18799,17010,2848371.0,126405.0,36.0,102541356.0
18799,17738,1349445.0,67276.0,36.0,48580020.0
18799,10955,1713486.0,86554.0,36.0,61685496.0
18799,18219,1151164.0,57384.0,36.0,41441904.0
18799,11853,1121320.0,55158.0,36.0,40367520.0
18799,10657,1491082.0,73240.0,36.0,53678952.0
18799,10568,473465.0,23722.0,55.0,26040575.0
18799,10867,2087741.0,106375.0,36.0,75158676.0
18799,19500,1691545.0,87507.0,36.0,60895620.0
18799,13165,425405.0,21515.0,55.0,23397275.0
18799,11022,1723003.0,87597.0,36.0,62028108.0
18799,19430,2392948.0,115088.0,36.0,86146128.0
18799,15241,1679320.0,86532.0,36.0,60455520.0
18799,16683,928452.0,47303.0,36.0,33424272.0
18799,12216,3695.0,339.0,474.26399999999995,1752405.4799999997
18799,10301,1843539.0,92924.0,36.0,66367404.0
18799,12355,2818920.0,125729.0,36.0,101481120.0
18799,14257,6914769.0,337180.0,36.0,248931684.0
18799,10963,2153692.0,108510.0,36.0,77532912.0
18799,16193,2000490.0,96075.0,36.0,72017640.0
18799,16962,1713745.0,86588.0,36.0,61694820.0
18799,15724,1576258.0,82728.0,36.0,56745288.0
18799,17789,1344665.0,67186.0,36.0,48407940.0
18799,14278,1329305.0,65864.0,36.0,47854980.0
18799,19846,2173960.0,106032.0,36.0,78262560.0
18799,11261,521954.0,26364.0,41.6,21713286.400000002
18799,17223,870269.0,43466.0,36.0,31329684.0
18799,12562,2034935.0,107363.0,36.0,73257660.0
18799,13170,1364572.0,67311.0,36.0,49124592.0
18799,13489,1350377.0,67263.0,36.0,48613572.0
18799,13582,1566795.0,78689.0,36.0,56404620.0
18799,14358,2678456.0,134954.0,36.0,96424416.0
18799,16108,2257486.0,113448.0,36.0,81269496.0
18799,10796,709349.0,34335.0,41.6,29508918.400000002
18799,18799,0.0,0.0,474.26399999999995,0.0
18799,10375,2328534.0,119751.0,36.0,83827224.0
18799,13665,1256393.0,63353.0,36.0,45230148.0
18799,15185,1896171.0,93642.0,36.0,68262156.0
18799,13454,1928862.0,102695.0,36.0,69439032.0
18799,14053,1140747.0,57068.0,36.0,41066892.0
18799,10901,1250789.0,63390.0,36.0,45028404.0
18799,15948,1693836.0,86224.0,36.0,60978096.0
18799,12973,612228.0,30539.0,41.6,25468684.8
18799,12746,1361664.0,67509.0,36.0,49019904.0
18799,11181,1530030.0,75898.0,36.0,55081080.0
18799,19143,679545.0,33055.0,41.6,28269072.0
18799,19785,1453333.0,72455.0,36.0,52319988.0
18799,13237,1367295.0,68313.0,36.0,49222620.0
18799,15651,1901085.0,96023.0,36.0,68439060.0
18799,15848,1905367.0,95494.0,36.0,68593212.0
18799,11455,1830037.0,92962.0,36.0,65881332.0
18799,14425,624252.0,33607.0,41.6,25968883.2
18799,17752,2669269.0,134190.0,36.0,96093684.0
18799,14060,1274089.0,64115.0,36.0,45867204.0
18799,10316,691009.0,34737.0,41.6,28745974.400000002
18799,19134,2874183.0,146049.0,36.0,103470588.0
18799,13460,1299732.0,68974.0,36.0,46790352.0
18799,15686,2667224.0,134094.0,36.0,96020064.0
18799,11189,2328547.0,119754.0,36.0,83827692.0
18799,10326,7645026.0,370235.0,36.0,275220936.0
18799,10269,2272010.0,116169.0,36.0,81792360.0
18799,17464,4800454.0,239345.0,36.0,172816344.0
18799,19273,1589122.0,79759.0,36.0,57208392.0
18799,13840,1140483.0,60410.0,36.0,41057388.0
18799,14704,2324986.0,112225.0,36.0,83699496.0
18799,19239,426941.0,20740.0,55.0,23481755.0
18799,19502,574343.0,30377.0,41.6,23892668.8
18799,17504,4152940.0,210508.0,36.0,149505840.0
18799,18110,870046.0,43427.0,36.0,31321656.0
18799,11163,897074.0,43429.0,36.0,32294664.0
18799,12633,6912489.0,337080.0,36.0,248849604.0
18799,16339,3357672.0,174681.0,36.0,120876192.0
18799,13989,420021.0,21270.0,55.0,23101155.0
18799,18149,885035.0,44209.0,36.0,31861260.0
18799,10177,6259694.0,306464.0,36.0,225348984.0
18799,12270,1225525.0,61838.0,36.0,44118900.0
18799,13100,2614730.0,136122.0,36.0,94130280.0
18799,17781,474006.0,23787.0,55.0,26070330.0
18799,19971,1989933.0,99116.0,36.0,71637588.0
18799,16887,2241675.0,112378.0,36.0,80700300.0
18799,10985,2119691.0,101964.0,36.0,76308876.0
18799,15976,2669169.0,119847.0,36.0,96090084.0
10375,12652,1720478.0,85606.0,12.6126,21699700.8228
10375,15008,1663582.0,83871.0,12.6126,20982094.3332
10375,11112,1667846.0,83310.0,12.6126,21035874.4596
10375,16325,1658900.0,82742.0,12.6126,20923042.14
10375,11561,3084728.0,156260.0,12.6126,38906440.3728
10375,18441,1657194.0,82675.0,12.6126,20901525.0444
10375,16117,1550717.0,79706.0,15.5232,24072090.1344
10375,11209,1654998.0,82737.0,12.6126,20873827.774800003
10375,15891,1718586.0,85548.0,12.6126,21675837.783600003
10375,18812,1748474.0,86936.0,12.6126,22052803.1724
10375,19915,980974.0,52282.0,15.5232,15227855.5968
10375,17282,1698382.0,84643.0,12.6126,21421012.8132
10375,11147,1079619.0,56667.0,15.5232,16759141.660799999
10375,13417,1629823.0,81532.0,12.6126,20556305.5698
10375,12940,1363343.0,70583.0,15.5232,21163446.0576
10375,12352,890412.0,48672.0,15.5232,13822043.5584
10375,17522,2757867.0,140597.0,12.6126,34783873.324200004
10375,14234,3739353.0,187035.0,12.6126,47162963.6478
10375,19300,1676821.0,83663.0,12.6126,21149072.544600002
10375,18542,1660859.0,82846.0,12.6126,20947750.2234
10375,16855,2753625.0,140345.0,12.6126,34730370.675000004
10375,13694,2396606.0,113387.0,12.6126,30227432.8356
10375,12205,619778.0,33562.0,22.3146,13830098.158799998
10375,18941,2450946.0,127852.0,12.6126,30912801.5196
10375,10748,1713325.0,85272.0,12.6126,21609482.895
10375,10705,1561839.0,81715.0,15.5232,24244739.1648
10375,15483,2378343.0,112851.0,12.6126,29997088.921800002
10375,13088,896335.0,48859.0,15.5232,13913987.472
10375,13917,2258137.0,117234.0,12.6126,28480978.7262
10375,16236,1715662.0,85677.0,12.6126,21638958.5412
10375,13073,1736463.0,85928.0,12.6126,21901313.2338
10375,13636,1637209.0,82024.0,12.6126,20649462.233400002
10375,18411,1546282.0,82643.0,15.5232,24003244.742399998
10375,10916,4202407.0,214257.0,12.6126,53003278.5282
10375,15270,1543473.0,78352.0,15.5232,23959640.073599998
10375,13509,1637698.0,82147.0,12.6126,20655629.794800002
10375,11200,1960339.0,98070.0,12.6126,24724971.6714
10375,12616,2753430.0,140223.0,12.6126,34727911.218
10375,12868,2025909.0,111142.0,12.6126,25551979.8534
10375,13555,1889985.0,99021.0,12.6126,23837624.811
10375,14736,1706692.0,97885.0,12.6126,21525823.5192
10375,17516,2464712.0,128321.0,12.6126,31086426.571200002
10375,15183,1117128.0,59329.0,15.5232,17341401.369599998
10375,13563,4470733.0,227612.0,12.6126,56387567.0358
10375,15077,1911251.0,100499.0,12.6126,24105844.362600002
10375,11466,3880824.0,196772.0,12.6126,48947280.782400005
10375,15378,1293905.0,66054.0,15.5232,20085546.096
10375,18827,2098972.0,109762.0,12.6126,26473494.2472
10375,16028,2667473.0,138392.0,12.6126,33643769.959800005
10375,15601,2258212.0,118212.0,12.6126,28481924.6712
10375,15264,2401073.0,127194.0,12.6126,30283773.3198
10375,19333,2144745.0,109140.0,12.6126,27050810.787
10375,19880,3851950.0,187187.0,12.6126,48583104.57
10375,14519,1755657.0,87322.0,12.6126,22143399.4782
10375,12369,1301418.0,67899.0,15.5232,20202171.8976
10375,10044,2767330.0,141045.0,12.6126,34903226.358
10375,19147,3628584.0,178698.0,12.6126,45765878.558400005
10375,18448,6024660.0,306677.0,12.6126,75986626.716
10375,17010,4556849.0,216990.0,12.6126,57473713.6974
10375,17738,1188680.0,61172.0,15.5232,18452117.376
10375,10955,620951.0,33566.0,22.3146,13856273.1846
10375,18219,1829671.0,91019.0,12.6126,23076908.454600003
10375,11853,1365668.0,70470.0,15.5232,21199537.4976
10375,10657,1875647.0,92431.0,12.6126,23656785.3522
10375,10568,1855311.0,96707.0,12.6126,23400295.518600002
10375,10867,1550902.0,78664.0,15.5232,24074961.9264
10375,19500,1382783.0,73044.0,15.5232,21465217.0656
10375,13165,2733777.0,140392.0,12.6126,34480035.7902
10375,11022,1908229.0,99853.0,12.6126,24067729.0854
10375,19430,2356394.0,124054.0,12.6126,29720254.9644
10375,15241,1379360.0,72528.0,15.5232,21412081.152
10375,16683,1866645.0,99678.0,12.6126,23543246.727
10375,12216,2324983.0,120037.0,12.6126,29324080.5858
10375,10301,732952.0,39737.0,22.3146,16355530.699199999
10375,12355,4527398.0,216315.0,12.6126,57102260.014800005
10375,14257,9223141.0,456057.0,12.6126,116327788.17660001
10375,10963,4462063.0,227386.0,12.6126,56278215.793800004
10375,16193,4308861.0,214952.0,12.6126,54345940.2486
10375,16962,621210.0,33600.0,22.3146,13862052.666
10375,15724,2177547.0,112419.0,12.6126,27464529.292200003
10375,17789,1669012.0,83306.0,12.6126,21050580.7512
10375,14278,1168539.0,59760.0,15.5232,18139464.6048
10375,19846,4482331.0,224909.0,12.6126,56533847.9706
10375,11261,2713844.0,139690.0,12.6126,34228628.8344
10375,17223,1462246.0,77192.0,15.5232,22698737.1072
10375,12562,1298368.0,68015.0,15.5232,20154826.137599997
10375,13170,1646427.0,82277.0,12.6126,20765725.1802
10375,13489,1660336.0,82806.0,12.6126,20941153.8336
10375,13582,1248456.0,72136.0,15.5232,19380032.179199997
10375,14358,4986827.0,253831.0,12.6126,62896854.2202
10375,16108,4565857.0,232325.0,12.6126,57587327.9982
10375,10796,1658936.0,88196.0,12.6126,20923496.1936
10375,18799,2322443.0,119889.0,12.6126,29292044.581800003
10375,10375,0.0,0.0,2186.0,0.0
10375,13665,3564764.0,182230.0,12.6126,44960942.4264
10375,15185,4088062.0,206967.0,12.6126,51561090.7812
10375,13454,2911054.0,149110.0,12.6126,36715959.6804
10375,14053,1852765.0,91938.0,12.6126,23368183.839
10375,10901,1084385.0,57038.0,15.5232,16833125.232
10375,15948,1663126.0,86149.0,12.6126,20976342.987600002
10375,12973,2339367.0,121448.0,12.6126,29505500.224200003
10375,12746,1746229.0,86700.0,12.6126,22024487.8854
10375,11181,1613422.0,82065.0,12.6126,20349446.3172
10375,19143,2871436.0,146381.0,12.6126,36216273.6936
10375,19785,1099776.0,64043.0,15.5232,17072042.8032
10375,13237,1700141.0,84867.0,12.6126,21443198.3766
10375,15651,4209456.0,214900.0,12.6126,53092184.7456
10375,15848,4213738.0,214371.0,12.6126,53146191.8988
10375,11455,2013761.0,104954.0,12.6126,25398761.9886
10375,14425,1873181.0,102119.0,12.6126,23625682.680600002
10375,17752,4977640.0,253067.0,12.6126,62780982.264000006
10375,14060,1715658.0,85676.0,12.6126,21638908.090800002
10375,10316,1981920.0,105899.0,12.6126,24997164.192
10375,19134,5182554.0,264926.0,12.6126,65365480.580400005
10375,13460,1957845.0,98960.0,12.6126,24693515.847
10375,15686,4975595.0,252971.0,12.6126,62755189.497
10375,11189,12.0,3.0,2186.0,26232.0
10375,10326,9953397.0,489112.0,12.6126,125538215.0022
10375,10269,1161423.0,62981.0,15.5232,18029001.5136
10375,17464,7108825.0,358222.0,12.6126,89660766.19500001
10375,19273,1090239.0,64693.0,15.5232,16923998.0448
10375,13840,2128358.0,114669.0,12.6126,26844128.1108
10375,14704,2308014.0,121816.0,12.6126,29110057.3764
10375,19239,1897133.0,99361.0,12.6126,23927779.6758
10375,19502,1910769.0,100383.0,12.6126,24099765.0894
10375,17504,6461311.0,329385.0,12.6126,81493931.1186
10375,18110,1462023.0,77154.0,15.5232,22695275.433599997
10375,11163,3088965.0,156755.0,12.6126,38959879.959
10375,12633,9220861.0,455957.0,12.6126,116299031.44860001
10375,16339,5666044.0,293558.0,12.6126,71463546.5544
10375,13989,2728392.0,140147.0,12.6126,34412116.9392
10375,18149,1462226.0,77078.0,15.5232,22698426.6432
10375,10177,8568065.0,425341.0,12.6126,108065576.619
10375,12270,2775708.0,145307.0,12.6126,35008894.720800005
10375,13100,3390402.0,166416.0,12.6126,42761784.265200004
10375,17781,1855852.0,96773.0,12.6126,23407118.935200002
10375,19971,4181824.0,212442.0,12.6126,52743673.3824
10375,16887,4550047.0,231255.0,12.6126,57387922.7922
10375,10985,2412628.0,120135.0,12.6126,30429511.912800003
10375,15976,4377647.0,210433.0,12.6126,55213510.552200004
13665,12652,2545931.0,124667.0,33.0,84015723.0
13665,15008,2595037.0,126748.0,23.2848,60424917.5376
13665,11112,2594990.0,127246.0,23.2848,60423823.152
13665,16325,2617155.0,128072.0,23.2848,60939930.744
13665,11561,630986.0,32896.0,26.678199999999997,16833570.705199998
13665,18441,2615449.0,128006.0,23.2848,60900206.8752
13665,16117,2735850.0,133014.0,23.2848,63703720.08
13665,11209,2616656.0,128025.0,23.2848,60928311.628800005
13665,15891,2581655.0,126458.0,23.2848,60113320.344000004
13665,18812,2624648.0,128248.0,23.2848,61114403.7504
13665,19915,3111118.0,159041.0,23.2848,72441760.4064
13665,17282,2626276.0,128592.0,23.2848,61152311.404800005
13665,11147,2500993.0,126273.0,33.0,82532769.0
13665,13417,2613788.0,127488.0,23.2848,60861530.8224
13665,12940,2368623.0,117643.0,33.0,78164559.0
13665,12352,3243529.0,164219.0,23.2848,75524924.0592
13665,17522,932579.0,48231.0,30.0,27977370.0
13665,14234,804080.0,34160.0,26.678199999999997,21451407.055999998
13665,19300,2573347.0,126202.0,23.2848,59919870.225600004
13665,18542,2589565.0,126904.0,23.2848,60297503.112
13665,16855,947161.0,48804.0,30.0,28414830.0
13665,13694,3272780.0,154699.0,23.2848,76206027.744
13665,12205,2956113.0,148956.0,23.2848,68832499.9824
13665,18941,1474675.0,75003.0,34.54,50935274.5
13665,10748,2586143.0,127297.0,23.2848,60217822.5264
13665,10705,2542785.0,126021.0,33.0,83911905.0
13665,15483,3254517.0,154163.0,23.2848,75780777.4416
13665,13088,3249452.0,164405.0,23.2848,75662839.9296
13665,13917,1543702.0,78865.0,34.54,53319467.08
13665,16236,2534832.0,124619.0,33.0,83649456.0
13665,13073,2522336.0,123818.0,33.0,83237088.0
13665,13636,2649640.0,128688.0,23.2848,61696337.472
13665,18411,2074907.0,102226.0,33.0,68471931.0
13665,10916,649364.0,34015.0,26.678199999999997,17323862.6648
13665,15270,3343393.0,168890.0,23.2848,77850237.3264
13665,13509,2650129.0,128811.0,23.2848,61707723.7392
13665,11200,2436094.0,122296.0,33.0,80391102.0
13665,12616,930468.0,47991.0,30.0,27914040.0
13665,12868,3323539.0,162707.0,23.2848,77387940.90720001
13665,13555,1677297.0,83609.0,34.54,57933838.379999995
13665,14736,3256960.0,161600.0,23.2848,75837662.208
13665,17516,1434632.0,72917.0,34.54,49552189.28
13665,15183,3130077.0,161994.0,23.2848,72883216.9296
13665,13563,917690.0,47370.0,26.678199999999997,24482317.357999995
13665,15077,1817354.0,92852.0,34.54,62771407.16
13665,11466,1248721.0,65841.0,34.54,43130823.339999996
13665,15378,2507926.0,124883.0,33.0,82761558.0
13665,18827,1816457.0,88547.0,34.54,62740424.78
13665,16028,1103940.0,55592.0,34.54,38130087.6
13665,15601,1549506.0,75723.0,34.54,53519937.24
13665,15264,1777883.0,89932.0,34.54,61408078.82
13665,19333,2503432.0,130649.0,33.0,82613256.0
13665,19880,2568980.0,113292.0,33.0,84776340.0
13665,14519,2632063.0,128597.0,23.2848,61287060.5424
13665,12369,3273236.0,169492.0,23.2848,76216645.6128
13665,10044,908570.0,46767.0,26.678199999999997,24239012.174
13665,19147,3909257.0,202870.0,23.2848,91026267.3936
13665,18448,2471617.0,126435.0,33.0,81563361.0
13665,17010,1858202.0,82857.0,34.54,64182297.08
13665,17738,2591976.0,129635.0,23.2848,60353642.764800005
13665,10955,2956017.0,148913.0,23.2848,68830264.6416
13665,18219,2411903.0,117887.0,33.0,79592799.0
13665,11853,2363850.0,117517.0,33.0,78007050.0
13665,10657,2751821.0,133743.0,23.2848,64075601.6208
13665,10568,1715995.0,86081.0,34.54,59270467.3
13665,10867,3330271.0,168734.0,23.2848,77544694.1808
13665,19500,2934075.0,149866.0,23.2848,68319349.56
13665,13165,827336.0,42425.0,26.678199999999997,22071835.2752
13665,11022,2983742.0,148100.0,23.2848,69475835.7216
13665,19430,3653688.0,175591.0,23.2848,85075394.3424
13665,15241,2921850.0,148891.0,23.2848,68034692.88
13665,16683,2189191.0,107806.0,33.0,72243303.0
13665,12216,1260427.0,63574.0,34.54,43535148.58
13665,10301,3086069.0,155284.0,23.2848,71858499.45120001
13665,12355,1885180.0,84379.0,34.54,65114117.199999996
13665,14257,5670098.0,275815.0,23.2848,132027097.9104
13665,10963,909020.0,47144.0,26.678199999999997,24251017.363999996
13665,16193,766916.0,35128.0,26.678199999999997,20459938.431199998
13665,16962,2956276.0,148947.0,23.2848,68836295.4048
13665,15724,2632604.0,137194.0,23.2848,61299657.6192
13665,17789,2605405.0,127689.0,23.2848,60666334.344000004
13665,14278,2571836.0,128223.0,23.2848,59884686.8928
13665,19846,940386.0,45086.0,30.0,28211580.0
13665,11261,1284642.0,64300.0,34.54,44371534.68
13665,17223,2112799.0,105825.0,33.0,69722367.0
13665,12562,3277465.0,169722.0,23.2848,76315117.032
13665,13170,2625311.0,127814.0,23.2848,61129841.5728
13665,13489,2611117.0,127766.0,23.2848,60799337.1216
13665,13582,2809325.0,141048.0,23.2848,65414570.760000005
13665,14358,1433785.0,73589.0,34.54,49522933.9
13665,16108,1012814.0,52083.0,34.54,34982595.56
13665,10796,1951879.0,96694.0,33.0,64412007.0
13665,18799,1257887.0,63426.0,34.54,43447416.98
13665,10375,3571064.0,182111.0,23.2848,83151511.0272
13665,13665,0.0,0.0,26.678199999999997,0.0
13665,15185,967113.0,69234.0,30.0,29013390.0
13665,13454,2810125.0,151719.0,23.2848,65433198.6
13665,14053,2401486.0,117571.0,33.0,79249038.0
13665,10901,2493319.0,125749.0,33.0,82279527.0
13665,15948,2989095.0,147453.0,23.2848,69600479.256
13665,12973,1522337.0,81600.0,34.54,52581519.98
13665,12746,2622403.0,128012.0,23.2848,61062129.374400005
13665,11181,2790770.0,136401.0,23.2848,64982521.296000004
13665,19143,1057534.0,54477.0,34.54,36527224.36
13665,19785,2695863.0,134814.0,23.2848,62772630.782400005
13665,13237,2628035.0,128816.0,23.2848,61193269.368
13665,15651,656413.0,34658.0,26.678199999999997,17511917.2966
13665,15848,660695.0,34129.0,26.678199999999997,17626153.349
13665,11455,3090777.0,153465.0,23.2848,71968124.2896
13665,14425,1866782.0,95966.0,34.54,64478650.28
13665,17752,1424597.0,72825.0,34.54,49205580.379999995
13665,14060,2534828.0,124618.0,33.0,83649324.0
13665,10316,1951748.0,95240.0,33.0,64407684.0
13665,19134,1629511.0,84684.0,34.54,56283309.94
13665,13460,2473655.0,126804.0,33.0,81630615.0
13665,15686,1422552.0,72729.0,34.54,49134946.08
13665,11189,3571077.0,182114.0,23.2848,83151813.7296
13665,10326,6400354.0,308870.0,23.2848,149030962.8192
13665,10269,3514540.0,178528.0,23.2848,81835360.992
13665,17464,3555782.0,177979.0,23.2848,82795672.7136
13665,19273,2831652.0,142118.0,23.2848,65934450.4896
13665,13840,2383013.0,122769.0,33.0,78639429.0
13665,14704,3585725.0,172728.0,23.2848,83492889.48
13665,19239,1669472.0,83100.0,34.54,57663562.879999995
13665,19502,1816873.0,92736.0,34.54,62754793.42
13665,17504,2908268.0,149143.0,23.2848,67718438.7264
13665,18110,2112576.0,105787.0,33.0,69715008.0
13665,11163,1275062.0,64852.0,34.54,44040641.48
13665,12633,5667818.0,275715.0,23.2848,131974008.5664
13665,16339,2113001.0,113316.0,33.0,69729033.0
13665,13989,830046.0,43065.0,26.678199999999997,22144133.197199997
13665,18149,2127565.0,106568.0,33.0,70209645.0
13665,10177,5015022.0,245098.0,23.2848,116773784.2656
13665,12270,2182516.0,109670.0,33.0,72023028.0
13665,13100,3671075.0,190587.0,23.2848,85480247.16
13665,17781,1716536.0,86147.0,34.54,59289153.44
13665,19971,1549720.0,81511.0,34.54,53527328.8
13665,16887,997004.0,51013.0,30.0,29910120.0
13665,10985,3380430.0,162467.0,23.2848,78712636.464
13665,15976,2126655.0,95791.0,33.0,70179615.0
15185,12652,2952648.0,143415.0,23.28,68737645.44
15185,15008,3001753.0,145495.0,23.2848,69895218.2544
15185,11112,3001706.0,145994.0,23.2848,69894123.8688
15185,16325,3023871.0,146820.0,23.2848,70410231.4608
15185,11561,999367.0,49926.0,23.28,23265263.76
15185,18441,3022166.0,146753.0,23.2848,70370530.8768
15185,16117,3142567.0,151762.0,23.2848,73174044.0816
15185,11209,3023373.0,146772.0,23.2848,70398635.6304
15185,15891,2988372.0,145205.0,23.2848,69583644.34560001
15185,18812,3031365.0,146995.0,23.2848,70584727.752
15185,19915,3623008.0,182791.0,23.2848,84361016.6784
15185,17282,3032992.0,147340.0,23.2848,70622612.1216
15185,11147,3012883.0,150023.0,23.2848,70154378.0784
15185,13417,3020504.0,146236.0,23.2848,70331831.53920001
15185,12940,2880513.0,141393.0,23.28,67058342.64
15185,12352,3755420.0,187968.0,23.2848,87444203.616
15185,17522,1339295.0,66978.0,23.28,31178787.6
15185,14234,1778918.0,83893.0,23.28,41413211.04
15185,19300,2980064.0,144949.0,23.2848,69390194.2272
15185,18542,2996282.0,145652.0,23.2848,69767827.1136
15185,16855,1353877.0,67551.0,23.28,31518256.560000002
15185,13694,3679496.0,173446.0,23.2848,85676328.4608
15185,12205,3468004.0,172706.0,23.2848,80751779.53920001
15185,18941,1881391.0,93751.0,23.28,43798782.480000004
15185,10748,2992859.0,146044.0,23.2848,69688123.2432
15185,10705,2949501.0,144769.0,23.28,68664383.28
15185,15483,3661234.0,172910.0,23.2848,85251101.4432
15185,13088,3761342.0,188155.0,23.2848,87582096.2016
15185,13917,2138221.0,108994.0,23.28,49777784.88
15185,16236,2941548.0,143367.0,23.28,68479237.44
15185,13073,2929053.0,142565.0,23.28,68188353.84
15185,13636,3056356.0,147436.0,23.2848,71166638.1888
15185,18411,2586797.0,125976.0,23.28,60220634.160000004
15185,10916,1229171.0,80041.0,23.28,28615100.880000003
15185,15270,3855283.0,192640.0,23.2848,89769493.5984
15185,13509,3056845.0,147558.0,23.2848,71178024.456
15185,11200,2842811.0,141044.0,23.28,66180640.080000006
15185,12616,1337184.0,66739.0,23.28,31129643.520000003
15185,12868,3730256.0,181455.0,23.2848,86858264.9088
15185,13555,2189187.0,107359.0,23.28,50964273.36
15185,14736,3663677.0,180348.0,23.2848,85307986.2096
15185,17516,1841348.0,91664.0,23.28,42866581.440000005
15185,15183,3641967.0,185743.0,23.2848,84802473.2016
15185,13563,1497497.0,93396.0,23.28,34861730.160000004
15185,15077,2317095.0,114619.0,23.28,53941971.6
15185,11466,212073.0,10718.0,93.92,19917896.16
15185,15378,3019816.0,148632.0,23.2848,70315811.5968
15185,18827,2223174.0,107294.0,23.28,51755490.72
15185,16028,1698458.0,85722.0,23.28,39540102.24
15185,15601,1956222.0,94470.0,23.28,45540848.160000004
15185,15264,2184600.0,108680.0,23.28,50857488.0
15185,19333,2910148.0,149396.0,23.28,67748245.44
15185,19880,3357367.0,162352.0,23.2848,78175619.1216
15185,14519,3038780.0,147345.0,23.2848,70757384.544
15185,12369,3785126.0,193242.0,23.2848,88135901.8848
15185,10044,1315286.0,65514.0,23.28,30619858.080000002
15185,19147,4315974.0,221617.0,23.2848,100496591.3952
15185,18448,2675977.0,168451.0,23.28,62296744.56
15185,17010,2786840.0,147486.0,23.28,64877635.2
15185,17738,3103866.0,153385.0,23.2848,72272899.0368
15185,10955,3467907.0,172663.0,23.2848,80749520.9136
15185,18219,2818620.0,136634.0,23.28,65617473.6
15185,11853,2875740.0,141267.0,23.28,66947227.2
15185,10657,3158538.0,152490.0,23.2848,73545925.6224
15185,10568,2227886.0,109831.0,23.28,51865186.080000006
15185,10867,3842161.0,192484.0,23.2848,89463950.4528
15185,19500,3445966.0,173616.0,23.2848,80238629.1168
15185,13165,1421855.0,72555.0,23.28,33100784.400000002
15185,11022,3390459.0,166848.0,23.2848,78946159.72320001
15185,19430,4060404.0,194339.0,23.2848,94545695.0592
15185,15241,3433741.0,172641.0,23.2848,79953972.4368
15185,16683,2595908.0,126553.0,23.28,60432738.24
15185,12216,1888506.0,92837.0,23.28,43964419.68
15185,10301,3597959.0,179033.0,23.2848,83777755.72320001
15185,12355,2813819.0,149008.0,23.2848,65519212.651200004
15185,14257,5874458.0,317830.0,23.2848,136785579.63840002
15185,10963,1050815.0,84868.0,23.28,24462973.200000003
15185,16193,1695554.0,99757.0,23.28,39472497.120000005
15185,16962,3468166.0,172697.0,23.2848,80755551.6768
15185,15724,3039320.0,155941.0,23.2848,70769958.336
15185,17789,3012121.0,146436.0,23.2848,70136635.0608
15185,14278,3083726.0,151973.0,23.2848,71803943.1648
15185,19846,1461167.0,92223.0,23.28,34015967.760000005
15185,11261,1691358.0,83048.0,23.28,39374814.24
15185,17223,2624689.0,129575.0,23.28,61102759.92
15185,12562,3789355.0,193472.0,23.2848,88234373.304
15185,13170,3032028.0,146562.0,23.2848,70600165.57440001
15185,13489,3017833.0,146514.0,23.2848,70269637.8384
15185,13582,3321215.0,164798.0,23.2848,77333827.032
15185,14358,1638145.0,115605.0,23.28,38136015.6
15185,16108,1592621.0,98109.0,23.28,37076216.88
15185,10796,2463770.0,120444.0,23.28,57356565.6
15185,18799,1885966.0,92688.0,23.28,43905288.480000004
15185,10375,4082955.0,205860.0,23.2848,95070790.584
15185,13665,967128.0,69249.0,23.28,22514739.84
15185,15185,0.0,0.0,93.92,0.0
15185,13454,3216841.0,170466.0,23.2848,74903499.3168
15185,14053,2808203.0,136318.0,23.28,65374965.84
15185,10901,3005209.0,149499.0,23.2848,69975690.5232
15185,15948,3395812.0,166201.0,23.2848,79070803.25760001
15185,12973,2295031.0,117663.0,23.28,53428321.68
15185,12746,3029120.0,146759.0,23.2848,70532453.376
15185,11181,3197486.0,155149.0,23.2848,74452822.01280001
15185,19143,1464250.0,73225.0,23.28,34087740.0
15185,19785,3207753.0,158564.0,23.2848,74691887.0544
15185,13237,3034751.0,147564.0,23.2848,70663570.0848
15185,15651,1236220.0,80684.0,23.28,28779201.6
15185,15848,1240502.0,80155.0,23.28,28878886.560000002
15185,11455,3497493.0,172212.0,23.2848,81438425.0064
15185,14425,2378673.0,119716.0,23.28,55375507.440000005
15185,17752,1628958.0,114840.0,23.28,37922142.24
15185,14060,2941545.0,143366.0,23.28,68479167.60000001
15185,10316,2358465.0,113988.0,23.28,54905065.2
15185,19134,1833872.0,126700.0,23.28,42692540.160000004
15185,13460,2880371.0,145552.0,23.28,67055036.88
15185,15686,1626913.0,114744.0,23.28,37874534.64
15185,11189,4082967.0,205863.0,23.2848,95071070.0016
15185,10326,6604714.0,350885.0,23.2848,153789444.5472
15185,10269,4026430.0,202278.0,23.2848,93754617.264
15185,17464,3760142.0,219995.0,23.2848,87554154.4416
15185,19273,3343542.0,165868.0,23.2848,77853706.7616
15185,13840,2894903.0,146519.0,23.28,67393341.84
15185,14704,3992442.0,191475.0,23.2848,92963213.4816
15185,19239,2181362.0,106849.0,23.28,50782107.36
15185,19502,2316614.0,114503.0,23.28,53930773.92
15185,17504,3112629.0,191158.0,23.2848,72476943.7392
15185,18110,2624466.0,129536.0,23.28,61097568.480000004
15185,11163,1256013.0,65039.0,23.28,29239982.64
15185,12633,5872178.0,317730.0,23.2848,136732490.2944
15185,16339,2317361.0,155331.0,23.28,53948164.080000006
15185,13989,1424564.0,73195.0,23.28,33163849.92
15185,18149,2639455.0,130318.0,23.28,61446512.400000006
15185,10177,5219382.0,287114.0,23.2848,121532265.9936
15185,12270,2589233.0,128417.0,23.28,60277344.24
15185,13100,4077792.0,209335.0,23.2848,94950571.16160001
15185,17781,2228427.0,109896.0,23.28,51877780.56
15185,19971,468928.0,23902.0,93.92,44041717.76
15185,16887,1576811.0,97040.0,23.28,36708160.08
15185,10985,3787147.0,181214.0,23.2848,88182960.4656
15185,15976,3055294.0,160420.0,23.2848,71141909.7312
13454,12652,1229906.0,66849.0,23.2848,28638115.228800002
13454,15008,1268678.0,67733.0,29.0,36791662.0
13454,11112,1248504.0,66830.0,23.2848,29071165.9392
13454,16325,1280389.0,67937.0,29.0,37131281.0
13454,11561,2221636.0,120576.0,29.0,64427444.0
13454,18441,1278684.0,67870.0,29.0,37081836.0
13454,16117,1395740.0,73365.0,29.0,40476460.0
13454,11209,1279891.0,67889.0,29.0,37116839.0
13454,15891,1195477.0,64081.0,23.2848,27836442.849600002
13454,18812,1239787.0,65939.0,23.2848,28868192.3376
13454,19915,2668659.0,134547.0,29.0,77391111.0
13454,17282,1274927.0,67929.0,29.0,36972883.0
13454,11147,2195455.0,113889.0,29.0,63668195.0
13454,13417,1285486.0,68324.0,29.0,37279094.0
13454,12940,1701215.0,89450.0,29.0,49335235.0
13454,12352,2578097.0,130937.0,29.0,74764813.0
13454,17522,1894776.0,104913.0,29.0,54948504.0
13454,14234,3029405.0,157044.0,29.0,87852745.0
13454,19300,1241718.0,66282.0,23.2848,28913155.2864
13454,18542,1252800.0,66769.0,23.2848,29171197.44
13454,16855,1890533.0,104661.0,29.0,54825457.0
13454,13694,1138825.0,63150.0,23.2848,26517312.36
13454,12205,2290681.0,115674.0,29.0,66429749.0
13454,18941,1459290.0,85566.0,29.0,42319410.0
13454,10748,1221887.0,65366.0,23.2848,28451394.417600002
13454,10705,1423602.0,75109.0,29.0,41284458.0
13454,15483,1152589.0,63848.0,23.2848,26837804.347200003
13454,13088,2584020.0,131123.0,29.0,74936580.0
13454,13917,2157505.0,112584.0,29.0,62567645.0
13454,16236,1229880.0,66761.0,23.2848,28637509.824
13454,13073,1220956.0,65979.0,23.2848,28429716.2688
13454,13636,1309529.0,69039.0,29.0,37976341.0
13454,18411,1685969.0,92401.0,29.0,48893101.0
13454,10916,3450297.0,183836.0,29.0,100058613.0
13454,15270,3040561.0,156694.0,29.0,88176269.0
13454,13509,1310019.0,69162.0,29.0,37990551.0
13454,11200,1081528.0,57581.0,23.2848,25183163.1744
13454,12616,1890339.0,104539.0,29.0,54819831.0
13454,12868,1969111.0,101246.0,29.0,57104219.0
13454,13555,1771171.0,95584.0,29.0,51363959.0
13454,14736,1907453.0,101534.0,29.0,55316137.0
13454,17516,1522189.0,88845.0,29.0,44143481.0
13454,15183,2804813.0,141594.0,29.0,81339577.0
13454,13563,3718624.0,197191.0,29.0,107840096.0
13454,15077,1606021.0,86615.0,29.0,46574609.0
13454,11466,3017732.0,161088.0,29.0,87514228.0
13454,15378,1677193.0,86831.0,29.0,48638597.0
13454,18827,1405664.0,76491.0,29.0,40764256.0
13454,16028,2273111.0,121517.0,29.0,65920219.0
13454,15601,1620720.0,89264.0,29.0,47000880.0
13454,15264,1035452.0,62025.0,23.2848,24110292.7296
13454,19333,773139.0,40687.0,23.2848,18002386.9872
13454,19880,3939367.0,190550.0,29.0,114241643.0
13454,14519,1247202.0,66289.0,23.2848,29040849.1296
13454,12369,2989103.0,150163.0,29.0,86683987.0
13454,10044,1904238.0,105361.0,29.0,55222902.0
13454,19147,1606224.0,85182.0,29.0,46580496.0
13454,18448,5272550.0,276257.0,29.0,152903950.0
13454,17010,4644265.0,220353.0,29.0,134683685.0
13454,17738,1733717.0,89215.0,29.0,50277793.0
13454,10955,2290584.0,115631.0,29.0,66426936.0
13454,18219,1212204.0,64999.0,23.2848,28225927.6992
13454,11853,1684634.0,88391.0,29.0,48854386.0
13454,10657,1289686.0,68318.0,29.0,37400894.0
13454,10568,1809870.0,98056.0,29.0,52486230.0
13454,10867,3027439.0,156538.0,29.0,87795731.0
13454,19500,2631243.0,137670.0,29.0,76306047.0
13454,13165,2094649.0,115271.0,29.0,60744821.0
13454,11022,1629314.0,86639.0,29.0,47250106.0
13454,19430,2299260.0,114130.0,29.0,66678540.0
13454,15241,2619019.0,136695.0,29.0,75951551.0
13454,16683,1291746.0,72007.0,29.0,37460634.0
13454,12216,1930622.0,103162.0,29.0,55988038.0
13454,10301,2420637.0,122002.0,29.0,70198473.0
13454,12355,4614814.0,219678.0,29.0,133829606.0
13454,14257,8471031.0,425636.0,29.0,245659899.0
13454,10963,3709953.0,196966.0,29.0,107588637.0
13454,16193,3556752.0,184531.0,29.0,103145808.0
13454,16962,2290843.0,115665.0,29.0,66434447.0
13454,15724,897600.0,46930.0,23.2848,20900436.48
13454,17789,1268639.0,67553.0,29.0,36790531.0
13454,14278,1744741.0,89700.0,29.0,50597489.0
13454,19846,3730222.0,194489.0,29.0,108176438.0
13454,11261,1531510.0,88027.0,29.0,44413790.0
13454,17223,1917665.0,104952.0,29.0,55612285.0
13454,12562,2986053.0,150280.0,29.0,86595537.0
13454,13170,1290436.0,68287.0,29.0,37422644.0
13454,13489,1274351.0,67631.0,29.0,36956179.0
13454,13582,1765110.0,93573.0,29.0,51188190.0
13454,14358,4234718.0,223411.0,29.0,122806822.0
13454,16108,3813747.0,201905.0,29.0,110598663.0
13454,10796,1853497.0,98025.0,29.0,53751413.0
13454,18799,1928082.0,103013.0,29.0,55914378.0
13454,10375,2905632.0,148829.0,29.0,84263328.0
13454,13665,2812655.0,151810.0,29.0,81566995.0
13454,15185,3224970.0,171283.0,29.0,93524130.0
13454,13454,0.0,0.0,23.2848,0.0
13454,14053,1198844.0,64306.0,23.2848,27914842.7712
13454,10901,2194870.0,114187.0,29.0,63651230.0
13454,15948,1639588.0,87387.0,29.0,47548052.0
13454,12973,2408123.0,124488.0,29.0,69835567.0
13454,12746,1237542.0,65703.0,23.2848,28815917.961600002
13454,11181,1429567.0,76370.0,29.0,41457443.0
13454,19143,1870490.0,105399.0,29.0,54244210.0
13454,19785,1856695.0,95742.0,29.0,53844155.0
13454,13237,1275602.0,67988.0,29.0,36992458.0
13454,15651,3457346.0,184479.0,29.0,100263034.0
13454,15848,3461629.0,183950.0,29.0,100387241.0
13454,11455,1736349.0,92003.0,29.0,50354121.0
13454,14425,2079491.0,113613.0,29.0,60305239.0
13454,17752,4225531.0,222646.0,29.0,122540399.0
13454,14060,1229876.0,66760.0,23.2848,28637416.6848
13454,10316,1369516.0,75415.0,29.0,39715964.0
13454,19134,4430445.0,234506.0,29.0,128482905.0
13454,13460,963861.0,50955.0,23.2848,22443310.612800002
13454,15686,4223486.0,222551.0,29.0,122481094.0
13454,11189,2905645.0,148832.0,29.0,84263705.0
13454,10326,9201287.0,458691.0,29.0,266837323.0
13454,10269,2849108.0,145246.0,29.0,82624132.0
13454,17464,6356715.0,327801.0,29.0,184344735.0
13454,19273,1915380.0,101987.0,29.0,55546020.0
13454,13840,2595722.0,140416.0,29.0,75275938.0
13454,14704,2231297.0,111266.0,29.0,64707613.0
13454,19239,1763346.0,95074.0,29.0,51137034.0
13454,19502,1605540.0,86499.0,29.0,46560660.0
13454,17504,5709202.0,298964.0,29.0,165566858.0
13454,18110,1917442.0,104914.0,29.0,55605818.0
13454,11163,1958929.0,109801.0,29.0,56808941.0
13454,12633,8468751.0,425536.0,29.0,245593779.0
13454,16339,4913934.0,263137.0,29.0,142504086.0
13454,13989,2096391.0,115599.0,29.0,60795339.0
13454,18149,1902062.0,103983.0,29.0,55159798.0
13454,10177,7815955.0,394920.0,29.0,226662695.0
13454,12270,941095.0,53836.0,23.2848,21913208.856
13454,13100,1368042.0,72900.0,29.0,39673218.0
13454,17781,1810411.0,98121.0,29.0,52501919.0
13454,19971,3318732.0,176758.0,29.0,96243228.0
13454,16887,3797937.0,200835.0,29.0,110140173.0
13454,10985,1424324.0,78420.0,29.0,41305396.0
13454,15976,4465064.0,213796.0,29.0,129486856.0
14053,12652,157944.0,8230.0,88.2882,13944591.460800001
14053,15008,207049.0,10311.0,40.599999999999994,8406189.399999999
14053,11112,207002.0,10809.0,40.599999999999994,8404281.2
14053,16325,229167.0,11635.0,40.599999999999994,9304180.2
14053,11561,1815498.0,86883.0,40.599999999999994,73709218.8
14053,18441,227462.0,11569.0,40.599999999999994,9234957.2
14053,16117,347863.0,16577.0,40.599999999999994,14123237.799999999
14053,11209,228669.0,11588.0,40.599999999999994,9283961.399999999
14053,15891,193668.0,10021.0,40.599999999999994,7862920.799999999
14053,18812,236661.0,11811.0,40.599999999999994,9608436.599999998
14053,19915,1608293.0,77242.0,40.599999999999994,65296695.79999999
14053,17282,238288.0,12155.0,40.599999999999994,9674492.799999999
14053,11147,1008040.0,52750.0,40.599999999999994,40926423.99999999
14053,13417,225800.0,11051.0,40.599999999999994,9167479.999999998
14053,12940,500827.0,28305.0,40.599999999999994,20333576.199999996
14053,12352,1517732.0,73632.0,40.599999999999994,61619919.19999999
14053,17522,1488638.0,71220.0,40.599999999999994,60438702.79999999
14053,14234,2623267.0,123351.0,40.599999999999994,106504640.19999999
14053,19300,185360.0,9765.0,40.599999999999994,7525615.999999999
14053,18542,201578.0,10467.0,40.599999999999994,8184066.799999999
14053,16855,1484396.0,70967.0,40.599999999999994,60266477.599999994
14053,13694,884792.0,38262.0,40.599999999999994,35922555.199999996
14053,12205,1230316.0,58370.0,40.599999999999994,49950829.599999994
14053,18941,1011778.0,51985.0,40.599999999999994,41078186.8
14053,10748,198155.0,10860.0,40.599999999999994,8045092.999999999
14053,10705,255350.0,14268.0,40.599999999999994,10367209.999999998
14053,15483,866530.0,37726.0,40.599999999999994,35181117.99999999
14053,13088,1523654.0,73818.0,40.599999999999994,61860352.39999999
14053,13917,1318407.0,64934.0,40.599999999999994,53527324.199999996
14053,16236,146844.0,8182.0,88.2882,12964592.4408
14053,13073,134349.0,7381.0,41.7186,5604852.1914
14053,13636,261652.0,12251.0,40.599999999999994,10623071.2
14053,18411,574739.0,29738.0,40.599999999999994,23334403.4
14053,10916,3044160.0,150143.0,40.599999999999994,123592895.99999999
14053,15270,1853146.0,95555.0,40.599999999999994,75237727.6
14053,13509,262141.0,12374.0,40.599999999999994,10642924.599999998
14053,11200,118303.0,6742.0,41.7186,4935435.535800001
14053,12616,1484201.0,70845.0,40.599999999999994,60258560.599999994
14053,12868,935552.0,46270.0,40.599999999999994,37983411.199999996
14053,13555,890407.0,43402.0,40.599999999999994,36150524.199999996
14053,14736,868973.0,45163.0,40.599999999999994,35280303.8
14053,17516,1025544.0,52454.0,40.599999999999994,41637086.39999999
14053,15183,1744447.0,84289.0,40.599999999999994,70824548.19999999
14053,13563,3312486.0,163498.0,40.599999999999994,134486931.6
14053,15077,652140.0,32666.0,40.599999999999994,26476883.999999996
14053,11466,2611595.0,127394.0,40.599999999999994,106030756.99999999
14053,15378,510136.0,27990.0,40.599999999999994,20711521.599999998
14053,18827,633938.0,32321.0,40.599999999999994,25737882.799999997
14053,16028,1486207.0,75607.0,40.599999999999994,60340004.19999999
14053,15601,859762.0,44007.0,40.599999999999994,34906337.199999996
14053,15264,784183.0,41145.0,40.599999999999994,31837829.799999997
14053,19333,432993.0,24207.0,40.599999999999994,17579515.799999997
14053,19880,3100268.0,142901.0,40.599999999999994,125870880.79999998
14053,14519,244076.0,12160.0,40.599999999999994,9909485.599999998
14053,12369,1928737.0,92859.0,40.599999999999994,78306722.19999999
14053,10044,1498100.0,71668.0,40.599999999999994,60822859.99999999
14053,19147,1838819.0,96428.0,40.599999999999994,74656051.39999999
14053,18448,4866413.0,242563.0,40.599999999999994,197576367.79999998
14053,17010,3805167.0,172704.0,40.599999999999994,154489780.2
14053,17738,673352.0,31910.0,40.599999999999994,27338091.199999996
14053,10955,1230219.0,58326.0,40.599999999999994,49946891.39999999
14053,18219,23596.0,1403.0,245.0,5781020.0
14053,11853,497471.0,27264.0,40.599999999999994,20197322.599999998
14053,10657,363834.0,17306.0,40.599999999999994,14771660.399999999
14053,10568,929106.0,45874.0,40.599999999999994,37721703.599999994
14053,10867,1840023.0,95399.0,40.599999999999994,74704933.79999998
14053,19500,1443828.0,76531.0,40.599999999999994,58619416.79999999
14053,13165,1562239.0,77544.0,40.599999999999994,63426903.39999999
14053,11022,595755.0,31663.0,40.599999999999994,24187652.999999996
14053,19430,1265700.0,59154.0,40.599999999999994,51387419.99999999
14053,15241,1431603.0,75555.0,40.599999999999994,58123081.79999999
14053,16683,259993.0,14002.0,40.599999999999994,10555715.799999999
14053,12216,1143717.0,57252.0,40.599999999999994,46434910.199999996
14053,10301,1360271.0,64697.0,40.599999999999994,55227002.599999994
14053,12355,3775716.0,172028.0,40.599999999999994,153294069.59999996
14053,14257,8064893.0,391943.0,40.599999999999994,327434655.79999995
14053,10963,3303816.0,163273.0,40.599999999999994,134134929.59999998
14053,16193,3150614.0,150838.0,40.599999999999994,127914928.39999998
14053,16962,1230478.0,58360.0,40.599999999999994,49957406.79999999
14053,15724,504129.0,29914.0,40.599999999999994,20467637.4
14053,17789,217417.0,11252.0,40.599999999999994,8827130.2
14053,14278,684375.0,32396.0,40.599999999999994,27785624.999999996
14053,19846,3324084.0,160795.0,40.599999999999994,134957810.39999998
14053,11261,1283703.0,65691.0,40.599999999999994,52118341.79999999
14053,17223,806434.0,42290.0,40.599999999999994,32741220.399999995
14053,12562,1925688.0,92975.0,40.599999999999994,78182932.79999998
14053,13170,237324.0,11377.0,40.599999999999994,9635354.399999999
14053,13489,223129.0,11329.0,40.599999999999994,9059037.399999999
14053,13582,717232.0,36785.0,40.599999999999994,29119619.199999996
14053,14358,3828581.0,189717.0,40.599999999999994,155440388.59999996
14053,16108,3407610.0,168211.0,40.599999999999994,138348965.99999997
14053,10796,700943.0,35519.0,40.599999999999994,28458285.799999997
14053,18799,1141178.0,57104.0,40.599999999999994,46331826.8
14053,10375,1845266.0,91524.0,40.599999999999994,74917799.6
14053,13665,2406517.0,118116.0,40.599999999999994,97704590.19999999
14053,15185,2818832.0,137590.0,40.599999999999994,114444579.19999999
14053,13454,1199302.0,64177.0,40.599999999999994,48691661.199999996
14053,14053,0.0,0.0,245.0,0.0
14053,10901,1007454.0,53048.0,40.599999999999994,40902632.39999999
14053,15948,601108.0,31016.0,40.599999999999994,24404984.799999997
14053,12973,1569024.0,76838.0,40.599999999999994,63702374.39999999
14053,12746,234416.0,11575.0,40.599999999999994,9517289.599999998
14053,11181,402782.0,19964.0,40.599999999999994,16352949.199999997
14053,19143,1602207.0,77003.0,40.599999999999994,65049604.19999999
14053,19785,796329.0,38437.0,40.599999999999994,32330957.399999995
14053,13237,240047.0,12379.0,40.599999999999994,9745908.2
14053,15651,3051209.0,150786.0,40.599999999999994,123879085.39999998
14053,15848,3055491.0,150257.0,40.599999999999994,124052934.59999998
14053,11455,702789.0,37028.0,40.599999999999994,28533233.399999995
14053,14425,1198727.0,61431.0,40.599999999999994,48668316.199999996
14053,17752,3819393.0,188953.0,40.599999999999994,155067355.79999998
14053,14060,146841.0,8181.0,88.2882,12964327.576200001
14053,10316,492537.0,25820.0,40.599999999999994,19997002.199999996
14053,19134,4024307.0,200812.0,40.599999999999994,163386864.2
14053,13460,246819.0,14107.0,40.599999999999994,10020851.399999999
14053,15686,3817348.0,188857.0,40.599999999999994,154984328.79999998
14053,11189,1845279.0,91527.0,40.599999999999994,74918327.39999999
14053,10326,8795150.0,424998.0,40.599999999999994,357083089.99999994
14053,10269,1788742.0,87941.0,40.599999999999994,72622925.19999999
14053,17464,5950578.0,294108.0,40.599999999999994,241593466.79999995
14053,19273,867503.0,45199.0,40.599999999999994,35220621.8
14053,13840,1714958.0,88234.0,40.599999999999994,69627294.8
14053,14704,1197737.0,56291.0,40.599999999999994,48628122.199999996
14053,19239,846990.0,43022.0,40.599999999999994,34387793.99999999
14053,19502,651659.0,32550.0,40.599999999999994,26457355.399999995
14053,17504,5303064.0,265271.0,40.599999999999994,215304398.39999998
14053,18110,806211.0,42251.0,40.599999999999994,32732166.599999994
14053,11163,1819736.0,87378.0,40.599999999999994,73881281.6
14053,12633,8062613.0,391843.0,40.599999999999994,327342087.79999995
14053,16339,4507797.0,229444.0,40.599999999999994,183016558.2
14053,13989,1556855.0,77299.0,40.599999999999994,63208312.99999999
14053,18149,790832.0,41321.0,40.599999999999994,32107779.199999996
14053,10177,7409818.0,361227.0,40.599999999999994,300838610.79999995
14053,12270,1158817.0,59257.0,40.599999999999994,47047970.199999996
14053,13100,1600637.0,84146.0,40.599999999999994,64985862.19999999
14053,17781,929647.0,45940.0,40.599999999999994,37743668.199999996
14053,19971,2912594.0,143064.0,40.599999999999994,118251316.39999998
14053,16887,3391800.0,167141.0,40.599999999999994,137707079.99999997
14053,10985,992443.0,46030.0,40.599999999999994,40293185.8
14053,15976,3625965.0,166146.0,40.599999999999994,147214178.99999997
10901,12652,984360.0,50557.0,226.49899999999997,222956555.63999996
10901,15008,946799.0,49001.0,226.49899999999997,214449026.70099998
10901,11112,951063.0,48441.0,226.49899999999997,215414818.43699998
10901,16325,942117.0,47873.0,226.49899999999997,213388558.38299996
10901,11561,2003383.0,99733.0,226.49899999999997,453764246.1169999
10901,18441,940412.0,47806.0,226.49899999999997,213002377.58799997
10901,16117,905859.0,47403.0,226.49899999999997,205176157.64099997
10901,11209,938216.0,47868.0,226.49899999999997,212504985.78399998
10901,15891,1001804.0,50679.0,226.49899999999997,226907604.19599998
10901,18812,1031692.0,52067.0,226.49899999999997,233677206.30799997
10901,19915,619668.0,33720.0,226.49899999999997,140354182.332
10901,17282,981600.0,49774.0,226.49899999999997,222331418.39999998
10901,11147,9543.0,953.0,226.49899999999997,2161479.9569999995
10901,13417,913040.0,46663.0,226.49899999999997,206802646.95999998
10901,12940,522721.0,26964.0,226.49899999999997,118395783.77899998
10901,12352,752079.0,38898.0,226.49899999999997,170345141.42099997
10901,17522,1676523.0,84071.0,226.49899999999997,379730782.97699994
10901,14234,2658008.0,130509.0,226.49899999999997,602036153.9919999
10901,19300,960038.0,48794.0,226.49899999999997,217447646.96199998
10901,18542,944076.0,47977.0,226.49899999999997,213832269.92399997
10901,16855,1672280.0,83818.0,226.49899999999997,378769747.71999997
10901,13694,1679823.0,78518.0,226.49899999999997,380478229.6769999
10901,12205,464664.0,23636.0,226.49899999999997,105245931.33599998
10901,18941,1369601.0,71325.0,226.49899999999997,310213256.8989999
10901,10748,996542.0,50402.0,226.49899999999997,225715766.45799997
10901,10705,800316.0,41927.0,226.49899999999997,181270773.684
10901,15483,1661561.0,77982.0,226.49899999999997,376341904.93899995
10901,13088,758002.0,39085.0,226.49899999999997,171686694.99799997
10901,13917,1176793.0,60707.0,226.49899999999997,266542437.70699996
10901,16236,998879.0,50808.0,226.49899999999997,226245094.62099996
10901,13073,1000345.0,50879.0,226.49899999999997,226577142.15499997
10901,13636,920426.0,47155.0,226.49899999999997,208475568.57399997
10901,18411,585213.0,30120.0,226.49899999999997,132550159.28699999
10901,10916,3121062.0,157730.0,226.49899999999997,706917421.9379998
10901,15270,851943.0,43569.0,226.49899999999997,192964237.55699998
10901,13509,920916.0,47277.0,226.49899999999997,208586553.08399996
10901,11200,1111462.0,58756.0,226.49899999999997,251745031.53799996
10901,12616,1672086.0,83696.0,226.49899999999997,378725806.9139999
10901,12868,1594662.0,82069.0,226.49899999999997,361189348.33799994
10901,13555,808640.0,42494.0,226.49899999999997,183156151.35999998
10901,14736,1308060.0,68986.0,226.49899999999997,296274281.93999994
10901,17516,1383367.0,71794.0,226.49899999999997,313331242.13299996
10901,15183,638627.0,36673.0,226.49899999999997,144648376.87299997
10901,13563,3389389.0,171085.0,226.49899999999997,767693219.111
10901,15077,829906.0,43972.0,226.49899999999997,187972879.09399998
10901,11466,2799480.0,140245.0,226.49899999999997,634079420.5199999
10901,15378,656552.0,33444.0,226.49899999999997,148708371.44799998
10901,18827,1017627.0,53235.0,226.49899999999997,230491497.87299997
10901,16028,1586128.0,81865.0,226.49899999999997,359256405.8719999
10901,15601,1176867.0,61686.0,226.49899999999997,266559198.63299996
10901,15264,1448026.0,73601.0,226.49899999999997,327976440.974
10901,19333,1427963.0,74271.0,226.49899999999997,323432191.53699994
10901,19880,2770606.0,130661.0,226.49899999999997,627539488.3939999
10901,14519,1038875.0,52453.0,226.49899999999997,235304148.62499997
10901,12369,781786.0,44172.0,226.49899999999997,177073747.214
10901,10044,1685985.0,84519.0,226.49899999999997,381873916.5149999
10901,19147,2911801.0,143829.0,226.49899999999997,659520014.6989999
10901,18448,4943315.0,250151.0,226.49899999999997,1119655904.185
10901,17010,3475504.0,160464.0,226.49899999999997,787198180.4959999
10901,17738,588873.0,31260.0,226.49899999999997,133379145.62699997
10901,10955,464567.0,23593.0,226.49899999999997,105223960.93299998
10901,18219,1018970.0,53602.0,226.49899999999997,230795686.02999997
10901,11853,524432.0,26820.0,226.49899999999997,118783323.56799999
10901,10657,1158865.0,57562.0,226.49899999999997,262481763.63499996
10901,10568,773966.0,40181.0,226.49899999999997,175302525.03399998
10901,10867,838821.0,43413.0,226.49899999999997,189992117.67899996
10901,19500,442625.0,24546.0,226.49899999999997,100254119.87499999
10901,13165,1652432.0,83865.0,226.49899999999997,374274195.56799996
10901,11022,1335476.0,68606.0,226.49899999999997,302483978.5239999
10901,19430,1925147.0,94982.0,226.49899999999997,436043870.3529999
10901,15241,430400.0,23570.0,226.49899999999997,97485169.59999998
10901,16683,967401.0,50420.0,226.49899999999997,219115359.09899998
10901,12216,1243638.0,63510.0,226.49899999999997,281682763.3619999
10901,10301,594619.0,29963.0,226.49899999999997,134680608.88099998
10901,12355,3446053.0,159788.0,226.49899999999997,780527558.4469999
10901,14257,8141796.0,399530.0,226.49899999999997,1844108652.2039998
10901,10963,3380718.0,170860.0,226.49899999999997,765729246.282
10901,16193,3227516.0,158425.0,226.49899999999997,731029146.4839998
10901,16962,464826.0,23626.0,226.49899999999997,105282624.17399998
10901,15724,1460764.0,77550.0,226.49899999999997,330861585.23599994
10901,17789,952230.0,48436.0,226.49899999999997,215679142.76999998
10901,14278,568733.0,29848.0,226.49899999999997,128817455.76699997
10901,19846,3400986.0,168383.0,226.49899999999997,770319928.0139999
10901,11261,1632500.0,83163.0,226.49899999999997,369759617.49999994
10901,17223,380901.0,20665.0,226.49899999999997,86273695.59899999
10901,12562,786015.0,44401.0,226.49899999999997,178031611.48499998
10901,13170,929644.0,47408.0,226.49899999999997,210563436.35599998
10901,13489,943553.0,47937.0,226.49899999999997,213713810.94699997
10901,13582,801823.0,42409.0,226.49899999999997,181612107.677
10901,14358,3905483.0,197305.0,226.49899999999997,884587994.0169998
10901,16108,3484512.0,175798.0,226.49899999999997,789238483.4879999
10901,10796,600995.0,32887.0,226.49899999999997,136124766.50499997
10901,18799,1241099.0,63362.0,226.49899999999997,281107682.40099996
10901,10375,1079614.0,56790.0,226.49899999999997,244531491.38599998
10901,13665,2483419.0,125703.0,226.49899999999997,562491920.081
10901,15185,3006717.0,150441.0,226.49899999999997,681018393.7829999
10901,13454,2194272.0,114241.0,226.49899999999997,497000413.7279999
10901,14053,1007659.0,53159.0,226.49899999999997,228233755.84099996
10901,10901,0.0,0.0,226.49899999999997,0.0
10901,15948,1063320.0,56237.0,226.49899999999997,240840916.67999998
10901,12973,1258022.0,64922.0,226.49899999999997,284940724.978
10901,12746,1029446.0,51831.0,226.49899999999997,233168489.55399996
10901,11181,981257.0,50796.0,226.49899999999997,222253729.24299997
10901,19143,1790091.0,89854.0,226.49899999999997,405453821.4089999
10901,19785,688361.0,36174.0,226.49899999999997,155913078.13899997
10901,13237,983358.0,49998.0,226.49899999999997,222729603.64199996
10901,15651,3128111.0,158373.0,226.49899999999997,708514013.3889999
10901,15848,3132394.0,157844.0,226.49899999999997,709484108.606
10901,11455,1442510.0,73970.0,226.49899999999997,326727072.48999995
10901,14425,791836.0,45592.0,226.49899999999997,179350062.16399997
10901,17752,3896296.0,196540.0,226.49899999999997,882507147.7039999
10901,14060,998875.0,50807.0,226.49899999999997,226244188.62499997
10901,10316,1020851.0,53376.0,226.49899999999997,231221730.64899996
10901,19134,4101210.0,208400.0,226.49899999999997,928919963.7899998
10901,13460,1241063.0,64091.0,226.49899999999997,281099528.437
10901,15686,3894251.0,196444.0,226.49899999999997,882043957.2489998
10901,11189,1079627.0,56793.0,226.49899999999997,244534435.87299997
10901,10326,8872052.0,432585.0,226.49899999999997,2009510905.9479997
10901,10269,1023090.0,53207.0,226.49899999999997,231728861.90999997
10901,17464,6027480.0,301695.0,226.49899999999997,1365218192.5199997
10901,19273,824150.0,43479.0,226.49899999999997,186669150.84999996
10901,13840,1048247.0,58247.0,226.49899999999997,237426897.25299996
10901,14704,1876767.0,92743.0,226.49899999999997,425085848.7329999
10901,19239,815789.0,42834.0,226.49899999999997,184775392.71099997
10901,19502,829424.0,43856.0,226.49899999999997,187863706.57599998
10901,17504,5379967.0,272858.0,226.49899999999997,1218557145.5329998
10901,18110,380678.0,20627.0,226.49899999999997,86223186.32199998
10901,11163,2007620.0,100229.0,226.49899999999997,454723922.37999994
10901,12633,8139516.0,399430.0,226.49899999999997,1843592234.4839997
10901,16339,4584699.0,237031.0,226.49899999999997,1038429738.8009999
10901,13989,1647047.0,83620.0,226.49899999999997,373054498.45299995
10901,18149,380881.0,20551.0,226.49899999999997,86269165.61899999
10901,10177,7486720.0,368814.0,226.49899999999997,1695734593.2799997
10901,12270,1822660.0,91714.0,226.49899999999997,412830667.3399999
10901,13100,2673619.0,131547.0,226.49899999999997,605572029.8809999
10901,17781,774507.0,40246.0,226.49899999999997,175425060.99299997
10901,19971,3100479.0,155915.0,226.49899999999997,702255393.0209999
10901,16887,3468702.0,174729.0,226.49899999999997,785657534.2979999
10901,10985,1695845.0,85265.0,226.49899999999997,384107196.655
10901,15976,3296303.0,153906.0,226.49899999999997,746609333.1969999
15948,12652,470386.0,24818.0,75.0,35278950.0
15948,15008,422224.0,23180.0,42.699999999999996,18028964.799999997
15948,11112,400300.0,21595.0,42.699999999999996,17092810.0
15948,16325,366605.0,20433.0,55.0,20163275.0
15948,11561,2403527.0,116929.0,75.0,180264525.0
15948,18441,376177.0,20508.0,42.699999999999996,16062757.899999999
15948,16117,354709.0,19533.0,47.0,16671323.0
15948,11209,368388.0,20552.0,55.0,20261340.0
15948,15891,447257.0,23865.0,75.0,33544275.0
15948,18812,426553.0,23547.0,42.699999999999996,18213813.099999998
15948,19915,1416360.0,71759.0,75.0,106227000.0
15948,17282,365895.0,19859.0,55.0,20124225.0
15948,11147,1059276.0,56083.0,75.0,79445700.0
15948,13417,382860.0,21151.0,42.699999999999996,16348121.999999998
15948,12940,586186.0,32400.0,75.0,43963950.0
15948,12352,1325798.0,68149.0,75.0,99434850.0
15948,17522,2076667.0,101266.0,75.0,155750025.0
15948,14234,3211296.0,153397.0,75.0,240847200.0
15948,19300,414472.0,22364.0,42.699999999999996,17697954.4
15948,18542,399187.0,21597.0,42.699999999999996,17045284.9
15948,16855,2072424.0,101013.0,75.0,155431800.0
15948,13694,1064766.0,50190.0,75.0,79857450.0
15948,12205,1038382.0,52887.0,75.0,77878650.0
15948,18941,1599807.0,82031.0,75.0,119985525.0
15948,10748,422127.0,22730.0,42.699999999999996,18024822.9
15948,10705,535817.0,28941.0,75.0,40186275.0
15948,15483,1046504.0,49654.0,75.0,78487800.0
15948,13088,1331721.0,68335.0,75.0,99879075.0
15948,13917,1691282.0,87792.0,75.0,126846150.0
15948,16236,453313.0,24378.0,75.0,33998475.0
15948,13073,467625.0,25020.0,75.0,35071875.0
15948,13636,376371.0,20184.0,42.699999999999996,16071041.7
15948,18411,870219.0,46742.0,75.0,65266425.0
15948,10916,3632188.0,180189.0,75.0,272414100.0
15948,15270,1873676.0,96069.0,75.0,140525700.0
15948,13509,376861.0,20307.0,42.699999999999996,16091964.7
15948,11200,710246.0,37282.0,75.0,53268450.0
15948,12616,2072230.0,100892.0,75.0,155417250.0
15948,12868,535762.0,27187.0,75.0,40182150.0
15948,13555,1264887.0,65809.0,75.0,94866525.0
15948,14736,293918.0,16374.0,47.0,13814146.0
15948,17516,1613573.0,82500.0,75.0,121017975.0
15948,15183,1552514.0,78806.0,75.0,116438550.0
15948,13563,3900515.0,193544.0,75.0,292538625.0
15948,15077,1240169.0,62712.0,75.0,93012675.0
15948,11466,3199623.0,157440.0,75.0,239971725.0
15948,15378,424747.0,23944.0,42.699999999999996,18136696.9
15948,18827,1221967.0,62367.0,75.0,91647525.0
15948,16028,2034765.0,104796.0,75.0,152607375.0
15948,15601,1447791.0,74053.0,75.0,108584325.0
15948,15264,1376126.0,71684.0,75.0,103209450.0
15948,19333,873416.0,47457.0,75.0,65506200.0
15948,19880,3374149.0,163942.0,75.0,253061175.0
15948,14519,424220.0,23326.0,42.699999999999996,18114194.0
15948,12369,1736804.0,87376.0,75.0,130260300.0
15948,10044,2086129.0,101714.0,75.0,156459675.0
15948,19147,2296745.0,115502.0,75.0,172255875.0
15948,18448,5454442.0,272610.0,75.0,409083150.0
15948,17010,4079047.0,193745.0,75.0,305928525.0
15948,17738,481419.0,26427.0,75.0,36106425.0
15948,10955,1038285.0,52843.0,75.0,77871375.0
15948,18219,579579.0,30231.0,75.0,43468425.0
15948,11853,569605.0,31341.0,75.0,42720375.0
15948,10657,511621.0,29076.0,75.0,38371575.0
15948,10568,1303586.0,68281.0,75.0,97768950.0
15948,10867,1860554.0,95913.0,75.0,139541550.0
15948,19500,1495064.0,79864.0,75.0,112129800.0
15948,13165,2101069.0,106796.0,75.0,157580175.0
15948,11022,249523.0,15058.0,47.0,11727581.0
15948,19430,866247.0,40099.0,75.0,64968525.0
15948,15241,1482840.0,78889.0,75.0,111213000.0
15948,16683,852334.0,44355.0,75.0,63925050.0
15948,12216,1692275.0,86441.0,75.0,126920625.0
15948,10301,1168338.0,59214.0,75.0,87625350.0
15948,12355,4049596.0,193070.0,75.0,303719700.0
15948,14257,8652923.0,421989.0,75.0,648969225.0
15948,10963,3891845.0,193319.0,75.0,291888375.0
15948,16193,3738643.0,180884.0,75.0,280398225.0
15948,16962,1038545.0,52877.0,75.0,77890875.0
15948,15724,906218.0,50736.0,75.0,67966350.0
15948,17789,370499.0,20752.0,55.0,20377445.0
15948,14278,492442.0,26912.0,75.0,36933150.0
15948,19846,3912113.0,190842.0,75.0,293408475.0
15948,11261,1871732.0,95737.0,75.0,140379900.0
15948,17223,1013630.0,54143.0,75.0,76022250.0
15948,12562,1733754.0,87492.0,75.0,130031550.0
15948,13170,368533.0,20195.0,55.0,20269315.0
15948,13489,368959.0,20607.0,55.0,20292745.0
15948,13582,298073.0,17076.0,47.0,14009431.0
15948,14358,4416609.0,219764.0,75.0,331245675.0
15948,16108,3995639.0,198257.0,75.0,299672925.0
15948,10796,982998.0,52296.0,75.0,73724850.0
15948,18799,1689736.0,86293.0,75.0,126730200.0
15948,10375,1653333.0,86041.0,75.0,123999975.0
15948,13665,2994546.0,148163.0,75.0,224590950.0
15948,15185,3406861.0,167636.0,75.0,255514575.0
15948,13454,1639726.0,87427.0,75.0,122979450.0
15948,14053,602673.0,31151.0,75.0,45200475.0
15948,10901,1058691.0,56381.0,75.0,79401825.0
15948,15948,0.0,0.0,47.0,0.0
15948,12973,1861565.0,98203.0,75.0,139617375.0
15948,12746,430147.0,23601.0,42.699999999999996,18367276.9
15948,11181,242716.0,13383.0,47.0,11407652.0
15948,19143,2190235.0,107049.0,75.0,164267625.0
15948,19785,425889.0,24672.0,42.699999999999996,18185460.299999997
15948,13237,363999.0,19802.0,55.0,20019945.0
15948,15651,3639238.0,180832.0,75.0,272942850.0
15948,15848,3643520.0,180303.0,75.0,273264000.0
15948,11455,355054.0,20159.0,47.0,16687538.0
15948,14425,1395379.0,78874.0,75.0,104653425.0
15948,17752,4407422.0,218999.0,75.0,330556650.0
15948,14060,453309.0,24377.0,75.0,33998175.0
15948,10316,1084879.0,56173.0,75.0,81365925.0
15948,19134,4612336.0,230859.0,75.0,345925200.0
15948,13460,686516.0,37277.0,75.0,51488700.0
15948,15686,4405377.0,218904.0,75.0,330403275.0
15948,11189,1653346.0,86044.0,75.0,124000950.0
15948,10326,9383179.0,455044.0,75.0,703738425.0
15948,10269,1596809.0,82458.0,75.0,119760675.0
15948,17464,6538607.0,324154.0,75.0,490395525.0
15948,19273,460740.0,24846.0,75.0,34555500.0
15948,13840,1855054.0,102334.0,75.0,139129050.0
15948,14704,817866.0,37861.0,75.0,61339950.0
15948,19239,1266990.0,65777.0,75.0,95024250.0
15948,19502,1239687.0,62596.0,75.0,92976525.0
15948,17504,5891093.0,295317.0,75.0,441831975.0
15948,18110,1013407.0,54104.0,75.0,76005525.0
15948,11163,2407764.0,117424.0,75.0,180582300.0
15948,12633,8650643.0,421889.0,75.0,648798225.0
15948,16339,5095826.0,259490.0,75.0,382186950.0
15948,13989,2095685.0,106551.0,75.0,157176375.0
15948,18149,959329.0,53386.0,75.0,71949675.0
15948,10177,7997847.0,391273.0,75.0,599838525.0
15948,12270,1750761.0,89797.0,75.0,131307075.0
15948,13100,2058563.0,103219.0,75.0,154392225.0
15948,17781,1304127.0,68346.0,75.0,97809525.0
15948,19971,3500623.0,173110.0,75.0,262546725.0
15948,16887,3979829.0,197188.0,75.0,298487175.0
15948,10985,706887.0,38762.0,75.0,53016525.0
15948,15976,3899846.0,187188.0,75.0,292488450.0
12973,12652,1719903.0,83878.0,50.4504,86769794.31120001
12973,15008,1673126.0,84959.0,50.4504,84409875.95040001
12973,11112,1768961.0,86457.0,42.6888,75514822.3368
12973,16325,1715722.0,86489.0,52.3908,89888048.1576
12973,11561,1296878.0,67989.0,55.0,71328290.0
12973,18441,1714016.0,86422.0,52.3908,89798669.45279999
12973,16117,1685773.0,88326.0,50.4504,85047922.1592
12973,11209,1711820.0,86484.0,52.3908,89683619.256
12973,15891,1755627.0,85668.0,42.6888,74945609.8776
12973,18812,1798620.0,87458.0,42.6888,76780929.456
12973,19915,1870345.0,97804.0,42.6888,79842783.636
12973,17282,1800247.0,87803.0,42.6888,76850384.1336
12973,11147,1265572.0,65451.0,55.0,69606460.0
12973,13417,1691737.0,85762.0,50.4504,85348808.34480001
12973,12940,1297162.0,67127.0,55.0,71343910.0
12973,12352,2006390.0,103339.0,42.6888,85650381.432
12973,17522,1184494.0,57567.0,55.0,65147170.0
12973,14234,1504106.0,70891.0,55.0,82725830.0
12973,19300,1747319.0,85412.0,42.6888,74590951.3272
12973,18542,1763537.0,86115.0,42.6888,75283278.2856
12973,16855,1180252.0,57314.0,55.0,64913860.0
12973,13694,2446751.0,113909.0,47.0,114997297.0
12973,12205,1718974.0,88077.0,50.4504,86722925.88960001
12973,18941,1002911.0,50758.0,51.4206,51570285.3666
12973,10748,1760114.0,86507.0,42.6888,75137154.5232
12973,10705,1535091.0,77586.0,55.0,84430005.0
12973,15483,2428489.0,113373.0,47.0,114138983.0
12973,13088,2012312.0,103526.0,42.6888,85903184.5056
12973,13917,255223.0,12374.0,40.599999999999994,10362053.799999999
12973,16236,1708803.0,83830.0,50.4504,86209794.87120001
12973,13073,1696307.0,83028.0,50.4504,85579366.6728
12973,13636,1727589.0,86962.0,42.6888,73748701.3032
12973,18411,1085597.0,53297.0,55.0,59707835.0
12973,10916,2160742.0,113708.0,47.0,101554874.0
12973,15270,1944986.0,102465.0,42.6888,83029118.3568
12973,13509,1728078.0,87084.0,42.6888,73769576.1264
12973,11200,1610066.0,81507.0,50.4504,81228473.7264
12973,12616,1180057.0,57193.0,55.0,64903135.0
12973,12868,2448878.0,121829.0,47.0,115097266.0
12973,13555,680984.0,34508.0,40.599999999999994,27647950.399999995
12973,14736,2140015.0,110924.0,47.0,100580705.0
12973,17516,922842.0,46529.0,60.1524,55511161.1208
12973,15183,1889304.0,100757.0,42.6888,80652120.5952
12973,13563,2429068.0,127063.0,47.0,114166196.0
12973,15077,886501.0,45551.0,60.1524,53325162.7524
12973,11466,2084005.0,108392.0,42.6888,88963672.644
12973,15378,1436465.0,74367.0,55.0,79005575.0
12973,18827,1014411.0,48751.0,51.4206,52161622.2666
12973,16028,695425.0,35458.0,40.599999999999994,28234254.999999996
12973,15601,822067.0,40641.0,60.1524,49449303.0108
12973,15264,1286491.0,65118.0,55.0,70757005.0
12973,19333,1878601.0,96377.0,42.6888,80195222.3688
12973,19880,1524988.0,66430.0,55.0,83874340.0
12973,14519,1806035.0,87808.0,42.6888,77097466.908
12973,12369,2054097.0,107794.0,42.6888,87686936.0136
12973,10044,1193956.0,58015.0,55.0,65667580.0
12973,19147,3284427.0,168598.0,47.0,154368069.0
12973,18448,3982995.0,206128.0,47.0,187200765.0
12973,17010,2229886.0,96233.0,47.0,104804642.0
12973,17738,1420829.0,73197.0,55.0,78145595.0
12973,10955,1718877.0,88034.0,50.4504,86718032.2008
12973,18219,1585875.0,77097.0,55.0,87223125.0
12973,11853,1292389.0,67002.0,55.0,71081395.0
12973,10657,1925793.0,92953.0,42.6888,82209792.2184
12973,10568,669230.0,33543.0,40.599999999999994,27170737.999999996
12973,10867,1931863.0,102309.0,42.6888,82468913.2344
12973,19500,1448886.0,79519.0,55.0,79688730.0
12973,13165,977766.0,49376.0,60.1524,58814971.5384
12973,11022,2109080.0,107222.0,47.0,99126760.0
12973,19430,2779026.0,134713.0,47.0,130614222.0
12973,15241,1445802.0,79232.0,55.0,79519110.0
12973,16683,1363163.0,67016.0,55.0,74973965.0
12973,12216,622213.0,30643.0,40.599999999999994,25261847.799999997
12973,10301,1848929.0,94404.0,42.6888,78928560.2952
12973,12355,2200435.0,95557.0,47.0,103420445.0
12973,14257,7181475.0,355508.0,47.0,337529325.0
12973,10963,2420398.0,126837.0,47.0,113758706.0
12973,16193,2250782.0,98938.0,47.0,105786754.0
12973,16962,1719136.0,88067.0,50.4504,86731098.85440001
12973,15724,2007773.0,102922.0,42.6888,85709420.0424
12973,17789,1779376.0,86899.0,42.6888,75959426.1888
12973,14278,1400689.0,71786.0,55.0,77037895.0
12973,19846,2430171.0,109251.0,47.0,114218037.0
12973,11261,1140471.0,56659.0,55.0,62725905.0
12973,17223,878271.0,44492.0,60.1524,52830108.5004
12973,12562,2064295.0,108085.0,42.6888,88122276.396
12973,13170,1703261.0,86087.0,50.4504,85930198.7544
12973,13489,1717158.0,86553.0,52.3908,89963281.3464
12973,13582,1633778.0,84346.0,50.4504,82424753.6112
12973,14358,2945163.0,153282.0,47.0,138422661.0
12973,16108,2849521.0,128803.0,47.0,133927487.0
12973,10796,962569.0,47765.0,60.1524,57900835.5156
12973,18799,619725.0,30510.0,40.599999999999994,25160834.999999996
12973,10375,2333925.0,121231.0,47.0,109694475.0
12973,13665,1523099.0,81681.0,55.0,83770445.0
12973,15185,2291242.0,118588.0,47.0,107688374.0
12973,13454,2413157.0,124438.0,47.0,113418379.0
12973,14053,1575457.0,76781.0,55.0,86650135.0
12973,10901,1257899.0,64927.0,55.0,69184445.0
12973,15948,1864906.0,98068.0,42.6888,79610599.2528
12973,12973,0.0,0.0,40.599999999999994,0.0
12973,12746,1796375.0,87222.0,42.6888,76685093.1
12973,11181,1761171.0,91719.0,42.6888,75182276.5848
12973,19143,1298063.0,63350.0,55.0,71393465.0
12973,19785,1520317.0,78112.0,55.0,83617435.0
12973,13237,1802006.0,88027.0,42.6888,76925473.7328
12973,15651,2167791.0,114351.0,47.0,101886177.0
12973,15848,2172073.0,113822.0,47.0,102087431.0
12973,11455,2216115.0,112586.0,47.0,104157405.0
12973,14425,474495.0,20347.0,40.599999999999994,19264496.999999996
12973,17752,2935975.0,152518.0,47.0,137990825.0
12973,14060,1708799.0,83829.0,50.4504,86209593.0696
12973,10316,1125720.0,54451.0,55.0,61914600.0
12973,19134,3140889.0,164377.0,47.0,147621783.0
12973,13460,1734443.0,88688.0,52.3908,90868856.3244
12973,15686,2933930.0,152422.0,47.0,137894710.0
12973,11189,2333937.0,121234.0,47.0,109695039.0
12973,10326,7911732.0,388563.0,47.0,371851404.0
12973,10269,2277401.0,117648.0,47.0,107037847.0
12973,17464,5067160.0,257673.0,47.0,238156520.0
12973,19273,1656105.0,85416.0,50.4504,83551159.692
12973,13840,979307.0,45951.0,60.1524,58907666.3868
12973,14704,2711063.0,131849.0,47.0,127419961.0
12973,19239,685067.0,34504.0,40.599999999999994,27813720.199999996
12973,19502,886020.0,45435.0,60.1524,53296229.448
12973,17504,4419646.0,228836.0,47.0,207723362.0
12973,18110,878336.0,44467.0,60.1524,52834018.4064
12973,11163,1515592.0,73725.0,55.0,83357560.0
12973,12633,7179195.0,355408.0,47.0,337422165.0
12973,16339,3624379.0,193009.0,47.0,170345813.0
12973,13989,969997.0,49108.0,60.1524,58347647.5428
12973,18149,912539.0,46404.0,60.1524,54891410.9436
12973,10177,6526400.0,324792.0,47.0,306740800.0
12973,12270,1692215.0,84925.0,50.4504,85372923.636
12973,13100,3046245.0,156316.0,47.0,143173515.0
12973,17781,669771.0,33608.0,40.599999999999994,27192702.599999998
12973,19971,2385004.0,124062.0,47.0,112095188.0
12973,16887,2600063.0,117405.0,47.0,122202961.0
12973,10985,2554402.0,121677.0,47.0,120056894.0
12973,15976,2050685.0,89675.0,42.6888,87541281.828
12746,12652,130568.0,6210.0,46.9,6123639.2
12746,15008,112382.0,5633.0,42.699999999999996,4798711.399999999
12746,11112,82215.0,4225.0,44.099999999999994,3625681.4999999995
12746,16325,103524.0,4912.0,46.9,4855275.6
12746,11561,2039554.0,97505.0,72.1,147051843.39999998
12746,18441,101819.0,4845.0,46.9,4775311.1
12746,16117,218875.0,10340.0,41.3,9039537.5
12746,11209,103026.0,4864.0,46.9,4831919.399999999
12746,15891,71092.0,3579.0,44.099999999999994,3135157.1999999997
12746,18812,6071.0,676.0,417.9,2537070.9
12746,19915,1503136.0,72024.0,76.0,114238336.0
12746,17282,84560.0,4323.0,44.099999999999994,3729095.9999999995
12746,11147,1029932.0,51366.0,76.0,78274832.0
12746,13417,119963.0,5801.0,54.599999999999994,6549979.799999999
12746,12940,535692.0,26927.0,41.3,22124079.599999998
12746,12352,1412574.0,68413.0,76.0,107355624.0
12746,17522,1712694.0,81842.0,76.0,130164744.0
12746,14234,2847323.0,133972.0,149.41,425418529.43
12746,19300,85422.0,4182.0,44.099999999999994,3767110.1999999997
12746,18542,88357.0,4272.0,44.099999999999994,3896543.6999999997
12746,16855,1708452.0,81589.0,76.0,129842352.0
12746,13694,654609.0,27245.0,41.3,27035351.7
12746,12205,1125158.0,53151.0,76.0,85512008.0
12746,18941,1235834.0,62607.0,76.0,93923384.0
12746,10748,45961.0,2444.0,44.099999999999994,2026880.0999999996
12746,10705,249346.0,13075.0,41.3,10297989.799999999
12746,15483,636347.0,26709.0,41.3,26281131.099999998
12746,13088,1418497.0,68600.0,76.0,107805772.0
12746,13917,1542463.0,75556.0,76.0,117227188.0
12746,16236,97573.0,5047.0,46.9,4576173.7
12746,13073,120085.0,5350.0,54.599999999999994,6556640.999999999
12746,13636,132665.0,6014.0,46.9,6221988.5
12746,18411,697343.0,36821.0,41.3,28800265.9
12746,10916,3268216.0,160765.0,149.41,488304152.56
12746,15270,1875038.0,94171.0,76.0,142502888.0
12746,13509,133154.0,6136.0,46.9,6244922.6
12746,11200,346274.0,17858.0,41.3,14301116.2
12746,12616,1708257.0,81467.0,76.0,129827532.0
12746,12868,754198.0,37058.0,41.3,31148377.4
12746,13555,1114463.0,54024.0,76.0,84699188.0
12746,14736,699740.0,37816.0,41.3,28899261.999999996
12746,17516,1249600.0,63076.0,76.0,94969600.0
12746,15183,1639290.0,79071.0,76.0,124586040.0
12746,13563,3536542.0,174120.0,149.41,528394740.21999997
12746,15077,876196.0,43287.0,76.0,66590896.0
12746,11466,2835651.0,138016.0,149.41,423674615.90999997
12746,15378,511670.0,24308.0,41.3,21131971.0
12746,18827,857994.0,42943.0,76.0,65207544.0
12746,16028,1710263.0,86229.0,76.0,129979988.0
12746,15601,1083818.0,54629.0,76.0,82370168.0
12746,15264,953975.0,50407.0,76.0,72502100.0
12746,19333,474490.0,25932.0,41.3,19596437.0
12746,19880,3324324.0,153523.0,149.41,496687248.84
12746,14519,13254.0,1062.0,373.0,4943742.0
12746,12369,1823580.0,87640.0,76.0,138592080.0
12746,10044,1722156.0,82290.0,76.0,130883856.0
12746,19147,1886588.0,92556.0,76.0,143380688.0
12746,18448,5090469.0,253185.0,149.41,760566973.29
12746,17010,4029223.0,183326.0,149.41,602006208.43
12746,17738,568195.0,26692.0,41.3,23466453.5
12746,10955,1125061.0,53108.0,76.0,85504636.0
12746,18219,215253.0,10760.0,41.3,8889948.899999999
12746,11853,519111.0,25868.0,41.3,21439284.299999997
12746,10657,133651.0,6289.0,46.9,6268231.899999999
12746,10568,1153162.0,56496.0,76.0,87640312.0
12746,10867,1861916.0,94015.0,76.0,141505616.0
12746,19500,1465720.0,75147.0,76.0,111394720.0
12746,13165,1786295.0,88166.0,76.0,135758420.0
12746,11022,414401.0,22451.0,41.3,17114761.299999997
12746,19430,1084346.0,49943.0,76.0,82410296.0
12746,15241,1453496.0,74172.0,76.0,110465696.0
12746,16683,488362.0,24931.0,41.3,20169350.599999998
12746,12216,1367773.0,67874.0,76.0,103950748.0
12746,10301,1255114.0,59478.0,76.0,95388664.0
12746,12355,3999772.0,182650.0,149.41,597605934.52
12746,14257,8288949.0,402565.0,149.41,1238451870.09
12746,10963,3527872.0,173894.0,149.41,527099355.52
12746,16193,3374670.0,161460.0,149.41,504209444.7
12746,16962,1125321.0,53142.0,76.0,85524396.0
12746,15724,519795.0,27818.0,41.3,21467533.5
12746,17789,91774.0,4528.0,46.9,4304200.6
12746,14278,579218.0,27177.0,41.3,23921703.4
12746,19846,3548140.0,171417.0,149.41,530127597.4
12746,11261,1507759.0,76313.0,76.0,114589684.0
12746,17223,924438.0,48882.0,76.0,70257288.0
12746,12562,1820530.0,87756.0,76.0,138360280.0
12746,13170,113571.0,5262.0,42.699999999999996,4849481.699999999
12746,13489,97486.0,4605.0,46.9,4572093.399999999
12746,13582,588245.0,30548.0,41.3,24294518.5
12746,14358,4052637.0,200339.0,149.41,605504494.17
12746,16108,3631666.0,178833.0,149.41,542607217.06
12746,10796,823548.0,42602.0,76.0,62589648.0
12746,18799,1365234.0,67726.0,76.0,103757784.0
12746,10375,1740109.0,86305.0,76.0,132248284.0
12746,13665,2630573.0,128738.0,149.41,393033911.93
12746,15185,3042888.0,148212.0,149.41,454637896.08
12746,13454,1240799.0,65902.0,76.0,94300724.0
12746,14053,238700.0,11727.0,41.3,9858310.0
12746,10901,1029347.0,51664.0,76.0,78230372.0
12746,15948,431875.0,23669.0,41.3,17836437.5
12746,12973,1793080.0,87460.0,76.0,136274080.0
12746,12746,0.0,0.0,417.9,0.0
12746,11181,221855.0,12652.0,41.3,9162611.5
12746,19143,1826263.0,87625.0,76.0,138795988.0
12746,19785,691172.0,33218.0,41.3,28545403.599999998
12746,13237,85234.0,4382.0,44.099999999999994,3758819.3999999994
12746,15651,3275265.0,161408.0,149.41,489357343.65
12746,15848,3279547.0,160879.0,149.41,489997117.27
12746,11455,521436.0,27816.0,41.3,21535306.799999997
12746,14425,1422783.0,72053.0,76.0,108131508.0
12746,17752,4043449.0,199575.0,149.41,604131715.09
12746,14060,97570.0,5046.0,46.9,4576033.0
12746,10316,720906.0,36749.0,41.3,29773417.799999997
12746,19134,4248363.0,211434.0,149.41,634747915.83
12746,13460,287590.0,15752.0,41.3,11877467.0
12746,15686,4041404.0,199479.0,149.41,603826171.64
12746,11189,1740122.0,86308.0,76.0,132249272.0
12746,10326,9019206.0,435620.0,149.41,1347559568.46
12746,10269,1683585.0,82723.0,76.0,127952460.0
12746,17464,6174634.0,304730.0,149.41,922552065.9399999
12746,19273,738516.0,38961.0,41.3,30500710.799999997
12746,13840,1804561.0,96861.0,76.0,137146636.0
12746,14704,1016384.0,47079.0,76.0,77245184.0
12746,19239,1071046.0,53644.0,76.0,81399496.0
12746,19502,875715.0,43172.0,76.0,66554340.0
12746,17504,5527120.0,275893.0,149.41,825806999.1999999
12746,18110,924215.0,48844.0,76.0,70240340.0
12746,11163,2043792.0,98000.0,72.1,147357403.2
12746,12633,8286669.0,402465.0,149.41,1238111215.29
12746,16339,4731853.0,240066.0,149.41,706986156.73
12746,13989,1780911.0,87921.0,76.0,135349236.0
12746,18149,908835.0,47913.0,76.0,69071460.0
12746,10177,7633874.0,371849.0,149.41,1140577114.34
12746,12270,1328609.0,68520.0,76.0,100974284.0
12746,13100,1648406.0,80274.0,76.0,125278856.0
12746,17781,1153703.0,56561.0,76.0,87681428.0
12746,19971,3136650.0,153686.0,149.41,468646876.5
12746,16887,3615856.0,177763.0,149.41,540245044.96
12746,10985,762260.0,35013.0,41.3,31481337.999999996
12746,15976,3850021.0,176768.0,149.41,575231637.61
11181,12652,271487.0,13694.0,40.0,10859480.0
11181,15008,223325.0,12055.0,40.0,8933000.0
11181,11112,200967.0,10445.0,40.0,8038680.0
11181,16325,155545.0,9369.0,40.0,6221800.0
11181,11561,2204628.0,105805.0,40.0,88185120.0
11181,18441,176844.0,9358.0,40.0,7073760.0
11181,16117,114352.0,6431.0,116.0,13264832.0
11181,11209,174648.0,9419.0,40.0,6985920.0
11181,15891,236197.0,12801.0,40.0,9447880.0
11181,18812,215493.0,12483.0,40.0,8619720.0
11181,19915,1370170.0,67277.0,40.0,54806800.0
11181,17282,154834.0,8796.0,40.0,6193360.0
11181,11147,980702.0,50423.0,40.0,39228080.0
11181,13417,183962.0,10027.0,40.0,7358480.0
11181,12940,486462.0,25984.0,40.0,19458480.0
11181,12352,1279609.0,63667.0,40.0,51184360.0
11181,17522,1877768.0,90142.0,40.0,75110720.0
11181,14234,3012397.0,142272.0,40.0,120495880.0
11181,19300,215139.0,11215.0,40.0,8605560.0
11181,18542,199854.0,10447.0,40.0,7994160.0
11181,16855,1873526.0,89889.0,40.0,74941040.0
11181,13694,853706.0,39127.0,40.0,34148240.0
11181,12205,992193.0,48405.0,40.0,39687720.0
11181,18941,1400908.0,70907.0,40.0,56036320.0
11181,10748,211066.0,11666.0,40.0,8442640.0
11181,10705,270076.0,16080.0,40.0,10803040.0
11181,15483,835444.0,38591.0,40.0,33417760.0
11181,13088,1285531.0,63854.0,40.0,51421240.0
11181,13917,1557546.0,80408.0,40.0,62301840.0
11181,16236,253980.0,13228.0,40.0,10159200.0
11181,13073,268292.0,13870.0,40.0,10731680.0
11181,13636,144077.0,8000.0,40.0,5763080.0
11181,18411,723058.0,39131.0,40.0,28922320.0
11181,10916,3433289.0,169065.0,40.0,137331560.0
11181,15270,1827487.0,91587.0,40.0,73099480.0
11181,13509,144567.0,8122.0,40.0,5782680.0
11181,11200,511347.0,26158.0,40.0,20453880.0
11181,12616,1873331.0,89767.0,40.0,74933240.0
11181,12868,689457.0,33642.0,40.0,27578280.0
11181,13555,1131151.0,58424.0,40.0,45246040.0
11181,14736,511216.0,27553.0,40.0,20448640.0
11181,17516,1414674.0,71376.0,40.0,56586960.0
11181,15183,1506324.0,74324.0,40.0,60252960.0
11181,13563,3701616.0,182420.0,40.0,148064640.0
11181,15077,1041270.0,51587.0,40.0,41650800.0
11181,11466,3000725.0,146316.0,40.0,120029000.0
11181,15378,378705.0,19562.0,40.0,15148200.0
11181,18827,1023068.0,51243.0,40.0,40922720.0
11181,16028,1875337.0,94529.0,40.0,75013480.0
11181,15601,1248892.0,62929.0,40.0,49955680.0
11181,15264,1177227.0,60560.0,40.0,47089080.0
11181,19333,662356.0,36394.0,40.0,26494240.0
11181,19880,3274425.0,157527.0,40.0,130977000.0
11181,14519,213160.0,12263.0,40.0,8526400.0
11181,12369,1690615.0,82894.0,40.0,67624600.0
11181,10044,1887230.0,90590.0,40.0,75489200.0
11181,19147,2085684.0,104438.0,40.0,83427360.0
11181,18448,5255543.0,261485.0,40.0,210221720.0
11181,17010,3979323.0,187330.0,40.0,159172920.0
11181,17738,435229.0,21945.0,40.0,17409160.0
11181,10955,992096.0,48362.0,40.0,39683840.0
11181,18219,380680.0,19107.0,40.0,15227200.0
11181,11853,469881.0,24925.0,40.0,18795240.0
11181,10657,332748.0,18171.0,40.0,13309920.0
11181,10568,1169850.0,60896.0,40.0,46794000.0
11181,10867,1814364.0,91431.0,40.0,72574560.0
11181,19500,1416490.0,74204.0,40.0,56659600.0
11181,13165,1951369.0,96466.0,40.0,78054760.0
11181,11022,349660.0,19035.0,40.0,13986400.0
11181,19430,1019605.0,46526.0,40.0,40784200.0
11181,15241,1404265.0,73229.0,40.0,56170600.0
11181,16683,653436.0,33231.0,40.0,26137440.0
11181,12216,1532847.0,76174.0,40.0,61313880.0
11181,10301,1122149.0,54732.0,40.0,44885960.0
11181,12355,3949872.0,186654.0,40.0,157994880.0
11181,14257,8454024.0,410865.0,40.0,338160960.0
11181,10963,3692946.0,182194.0,40.0,147717840.0
11181,16193,3539744.0,169760.0,40.0,141589760.0
11181,16962,992355.0,48395.0,40.0,39694200.0
11181,15724,695158.0,39673.0,40.0,27806320.0
11181,17789,159439.0,9688.0,40.0,6377560.0
11181,14278,446252.0,22431.0,40.0,17850080.0
11181,19846,3713214.0,179717.0,40.0,148528560.0
11181,11261,1672833.0,84613.0,40.0,66913320.0
11181,17223,875208.0,47940.0,40.0,35008320.0
11181,12562,1687565.0,83010.0,40.0,67502600.0
11181,13170,169634.0,9070.0,40.0,6785360.0
11181,13489,179986.0,9489.0,40.0,7199440.0
11181,13582,364911.0,20670.0,40.0,14596440.0
11181,14358,4217710.0,208639.0,40.0,168708400.0
11181,16108,3796740.0,187133.0,40.0,151869600.0
11181,10796,849262.0,44912.0,40.0,33970480.0
11181,18799,1530308.0,76026.0,40.0,61212320.0
11181,10375,1607144.0,81559.0,40.0,64285760.0
11181,13665,2795647.0,137038.0,40.0,111825880.0
11181,15185,3207962.0,156512.0,40.0,128318480.0
11181,13454,1428665.0,76364.0,40.0,57146600.0
11181,14053,403774.0,20027.0,40.0,16150960.0
11181,10901,980117.0,50721.0,40.0,39204680.0
11181,15948,243352.0,13406.0,40.0,9734080.0
11181,12973,1761841.0,91787.0,40.0,70473640.0
11181,12746,219087.0,12538.0,40.0,8763480.0
11181,11181,0.0,0.0,116.0,0.0
11181,19143,1991337.0,95925.0,40.0,79653480.0
11181,19785,486057.0,27842.0,40.0,19442280.0
11181,13237,152939.0,8739.0,40.0,6117560.0
11181,15651,3440339.0,169708.0,40.0,137613560.0
11181,15848,3444621.0,169179.0,40.0,137784840.0
11181,11455,456694.0,24400.0,40.0,18267760.0
11181,14425,1295655.0,72458.0,40.0,51826200.0
11181,17752,4208523.0,207875.0,40.0,168340920.0
11181,14060,253976.0,13228.0,40.0,10159040.0
11181,10316,885980.0,45049.0,40.0,35439200.0
11181,19134,4413437.0,219734.0,40.0,176537480.0
11181,13460,475456.0,26214.0,40.0,19018240.0
11181,15686,4206478.0,207779.0,40.0,168259120.0
11181,11189,1607156.0,81562.0,40.0,64286240.0
11181,10326,9184280.0,443920.0,40.0,367371200.0
11181,10269,1550620.0,77976.0,40.0,62024800.0
11181,17464,6339708.0,313030.0,40.0,253588320.0
11181,19273,515181.0,29084.0,40.0,20607240.0
11181,13840,1755330.0,95918.0,40.0,70213200.0
11181,14704,951643.0,43663.0,40.0,38065720.0
11181,19239,1133254.0,58392.0,40.0,45330160.0
11181,19502,1040788.0,51472.0,40.0,41631520.0
11181,17504,5692194.0,284193.0,40.0,227687760.0
11181,18110,874985.0,47901.0,40.0,34999400.0
11181,11163,2208865.0,106300.0,40.0,88354600.0
11181,12633,8451744.0,410765.0,40.0,338069760.0
11181,16339,4896927.0,248366.0,40.0,195877080.0
11181,13989,1945984.0,96221.0,40.0,77839360.0
11181,18149,859605.0,46970.0,40.0,34384200.0
11181,10177,7798948.0,380149.0,40.0,311957920.0
11181,12270,1551862.0,78673.0,40.0,62074480.0
11181,13100,1847503.0,92156.0,40.0,73900120.0
11181,17781,1170391.0,60962.0,40.0,46815640.0
11181,19971,3301724.0,161986.0,40.0,132068960.0
11181,16887,3780930.0,186063.0,40.0,151237200.0
11181,10985,794011.0,42261.0,40.0,31760440.0
11181,15976,3800122.0,180772.0,40.0,152004880.0
19143,12652,1746026.0,83534.0,41.41,72302936.66
19143,15008,1795132.0,85614.0,27.1656,48765837.8592
19143,11112,1795084.0,86113.0,27.1656,48764533.9104
19143,16325,1817250.0,86939.0,27.1656,49366686.6
19143,11561,469166.0,23424.0,44.8,21018636.799999997
19143,18441,1815544.0,86872.0,27.1656,49320342.0864
19143,16117,1935945.0,91881.0,27.1656,52591107.492000006
19143,11209,1816751.0,86891.0,27.1656,49353130.9656
19143,15891,1781750.0,85324.0,27.1656,48402307.800000004
19143,18812,1824743.0,87114.0,27.1656,49570238.4408
19143,19915,2416387.0,122910.0,27.1656,65642602.6872
19143,17282,1826371.0,87459.0,27.1656,49614464.0376
19143,11147,1806262.0,90142.0,27.1656,49068190.9872
19143,13417,1813883.0,86355.0,27.1656,49275220.0248
19143,12940,1673892.0,81512.0,41.41,69315867.72
19143,12352,2548799.0,128087.0,27.1656,69239654.1144
19143,17522,169989.0,9217.0,44.8,7615507.199999999
19143,14234,1276934.0,59892.0,41.41,52877836.94
19143,19300,1773442.0,85068.0,27.1656,48176615.9952
19143,18542,1789660.0,85771.0,27.1656,48617187.696
19143,16855,130755.0,7168.0,44.8,5857824.0
19143,13694,2472875.0,113565.0,27.1656,67177133.10000001
19143,12205,2261383.0,112825.0,27.1656,61431826.0248
19143,18941,607627.0,31265.0,33.599999999999994,20416267.199999996
19143,10748,1786238.0,86163.0,27.1656,48524227.0128
19143,10705,1742880.0,84888.0,41.41,72172660.8
19143,15483,2454612.0,113029.0,27.1656,66681007.747200005
19143,13088,2554721.0,128274.0,27.1656,69400528.7976
19143,13917,1039800.0,51242.0,41.41,43058118.0
19143,16236,1734927.0,83486.0,41.41,71843327.07
19143,13073,1722431.0,82684.0,41.41,71325867.71
19143,13636,1849735.0,87555.0,27.1656,50249161.116000004
19143,18411,1380176.0,66095.0,41.41,57153088.16
19143,10916,1697827.0,86684.0,41.41,70307016.07
19143,15270,2648662.0,132759.0,27.1656,71952492.4272
19143,13509,1850224.0,87677.0,27.1656,50262445.0944
19143,11200,1504757.0,77812.0,41.41,62311987.37
19143,12616,152287.0,8720.0,44.8,6822457.6
19143,12868,2523634.0,121574.0,27.1656,68556031.7904
19143,13555,982566.0,47478.0,41.41,40688058.059999995
19143,14736,2457055.0,120467.0,27.1656,66747373.308000006
19143,17516,634727.0,31783.0,33.599999999999994,21326827.199999996
19143,15183,2435346.0,125862.0,27.1656,66157635.2976
19143,13563,1966154.0,100039.0,27.1656,53411753.102400005
19143,15077,1110474.0,54738.0,41.41,45984728.339999996
19143,11466,1265262.0,63935.0,41.41,52394499.419999994
19143,15378,1813195.0,88751.0,27.1656,49256530.092
19143,18827,1016553.0,47413.0,41.41,42095459.73
19143,16028,632601.0,32211.0,33.599999999999994,21255393.599999998
19143,15601,749601.0,34589.0,33.599999999999994,25186593.599999994
19143,15264,836391.0,43261.0,41.41,34634951.309999995
19143,19333,1561939.0,83978.0,41.41,64679893.989999995
19143,19880,2487655.0,117223.0,27.1656,67578640.668
19143,14519,1832158.0,87464.0,27.1656,49771671.3648
19143,12369,2578505.0,133361.0,27.1656,70046635.428
19143,10044,156646.0,8461.0,44.8,7017740.8
19143,19147,2967765.0,156199.0,27.1656,80621116.884
19143,18448,3520080.0,179104.0,27.1656,95625085.24800001
19143,17010,2895568.0,135107.0,27.1656,78659842.0608
19143,17738,1897245.0,93504.0,27.1656,51539798.772
19143,10955,2261286.0,112782.0,27.1656,61429190.961600006
19143,18219,1611998.0,76753.0,41.41,66752837.17999999
19143,11853,1669119.0,81386.0,41.41,69118217.78999999
19143,10657,1951916.0,92609.0,27.1656,53024969.2896
19143,10568,1021264.0,49950.0,41.41,42290542.239999995
19143,10867,2635540.0,132603.0,27.1656,71596025.42400001
19143,19500,2239344.0,113735.0,27.1656,60833123.3664
19143,13165,357015.0,18983.0,44.8,15994271.999999998
19143,11022,2183837.0,106967.0,27.1656,59325242.4072
19143,19430,2853782.0,134458.0,27.1656,77524700.2992
19143,15241,2227120.0,112760.0,27.1656,60501051.072000004
19143,16683,1389287.0,66672.0,41.41,57530374.669999994
19143,12216,681885.0,32956.0,33.599999999999994,22911335.999999996
19143,10301,2391338.0,119152.0,27.1656,64962131.5728
19143,12355,2922546.0,136630.0,27.1656,79392715.61760001
19143,14257,6718561.0,328484.0,27.1656,182513740.70160002
19143,10963,1957484.0,99814.0,27.1656,53176227.3504
19143,16193,1804282.0,87379.0,27.1656,49014403.0992
19143,16962,2261545.0,112816.0,27.1656,61436226.852000006
19143,15724,1691111.0,90523.0,41.41,70028906.50999999
19143,17789,1805499.0,86555.0,27.1656,49047463.6344
19143,14278,1877105.0,92092.0,27.1656,50992683.588
19143,19846,1977751.0,97336.0,27.1656,53726792.5656
19143,11261,364616.0,18287.0,44.8,16334796.799999999
19143,17223,1418068.0,69694.0,41.41,58722195.879999995
19143,12562,2582734.0,133591.0,27.1656,70161518.7504
19143,13170,1825406.0,86681.0,27.1656,49588249.233600006
19143,13489,1811212.0,86633.0,27.1656,49202660.707200006
19143,13582,2114594.0,104917.0,27.1656,57444214.7664
19143,14358,2482248.0,126258.0,27.1656,67431756.2688
19143,16108,2061277.0,104752.0,27.1656,55995826.471200004
19143,10796,1257148.0,60563.0,41.41,52058498.67999999
19143,18799,679345.0,32807.0,33.599999999999994,22825991.999999996
19143,10375,2876334.0,145979.0,27.1656,78137338.9104
19143,13665,1060185.0,54657.0,41.41,43902260.849999994
19143,15185,1472500.0,74131.0,41.41,60976224.99999999
19143,13454,1868632.0,105048.0,27.1656,50762509.4592
19143,14053,1601581.0,76437.0,41.41,66321469.20999999
19143,10901,1798588.0,89618.0,27.1656,48859722.172800004
19143,15948,2189191.0,106320.0,27.1656,59470687.0296
19143,12973,1290418.0,63146.0,41.41,53436209.379999995
19143,12746,1822498.0,86878.0,27.1656,49509251.668800004
19143,11181,1990864.0,95268.0,27.1656,54083015.0784
19143,19143,0.0,0.0,122.49999999999999,0.0
19143,19785,2001132.0,98683.0,27.1656,54361951.4592
19143,13237,1828129.0,87683.0,27.1656,49662221.1624
19143,15651,1704876.0,87327.0,41.41,70598915.16
19143,15848,1709159.0,86798.0,41.41,70776274.19
19143,11455,2290871.0,112331.0,27.1656,62232885.237600006
19143,14425,1172051.0,59835.0,41.41,48534631.91
19143,17752,2473061.0,125494.0,27.1656,67182185.9016
19143,14060,1734923.0,83485.0,41.41,71843161.42999999
19143,10316,1151843.0,54107.0,41.41,47697818.629999995
19143,19134,2677975.0,137353.0,27.1656,72748797.66
19143,13460,1532162.0,80133.0,41.41,63446828.419999994
19143,15686,2471016.0,125398.0,27.1656,67126632.24960001
19143,11189,2876346.0,145982.0,27.1656,78137664.89760001
19143,10326,7448817.0,361539.0,27.1656,202351583.0952
19143,10269,2819809.0,142397.0,27.1656,76601803.3704
19143,17464,4604245.0,230649.0,27.1656,125077077.972
19143,19273,2136921.0,105987.0,27.1656,58050741.1176
19143,13840,1688282.0,86638.0,41.41,69911757.61999999
19143,14704,2785820.0,131594.0,27.1656,75678471.79200001
19143,19239,974741.0,46968.0,41.41,40364024.809999995
19143,19502,1109993.0,54622.0,41.41,45964810.129999995
19143,17504,3956732.0,201812.0,27.1656,107486998.81920001
19143,18110,1417845.0,69655.0,41.41,58712961.449999996
19143,11163,217541.0,11150.0,44.8,9745836.799999999
19143,12633,6716281.0,328384.0,27.1656,182451803.1336
19143,16339,3161464.0,165985.0,27.1656,85883066.4384
19143,13989,358757.0,19311.0,44.8,16072313.6
19143,18149,1432834.0,70437.0,41.41,59333655.94
19143,10177,6063485.0,297768.0,27.1656,164718208.116
19143,12270,1241024.0,62999.0,41.41,51390803.839999996
19143,13100,2729583.0,143916.0,27.1656,74150759.9448
19143,17781,1021805.0,50015.0,41.41,42312945.05
19143,19971,1566262.0,79605.0,41.41,64858909.419999994
19143,16887,2045467.0,103682.0,27.1656,55566338.335200004
19143,10985,2580525.0,121333.0,27.1656,70101509.94
19143,15976,3013352.0,140469.0,27.1656,81859515.09120001
19785,12652,667358.0,32279.0,64.0,42710912.0
19785,15008,610462.0,30544.0,64.0,39069568.0
19785,11112,614726.0,29984.0,64.0,39342464.0
19785,16325,605780.0,29415.0,64.0,38769920.0
19785,11561,2214824.0,108744.0,64.0,141748736.0
19785,18441,604075.0,29349.0,30.610999999999997,18491339.825
19785,16117,497597.0,26379.0,35.29,17560198.13
19785,11209,601879.0,29410.0,30.610999999999997,18424118.069
19785,15891,665467.0,32221.0,64.0,42589888.0
19785,18812,695355.0,33609.0,64.0,44502720.0
19785,19915,1046029.0,51533.0,64.0,66945856.0
19785,17282,645263.0,31317.0,64.0,41296832.0
19785,11147,688738.0,35819.0,64.0,44079232.0
19785,13417,576703.0,28205.0,46.67,26914729.01
19785,12940,338409.0,17955.0,145.0,49069305.0
19785,12352,955467.0,47922.0,64.0,61149888.0
19785,17522,1887963.0,93081.0,64.0,120829632.0
19785,14234,2869449.0,139519.0,64.0,183644736.0
19785,19300,623701.0,30336.0,64.0,39916864.0
19785,18542,607739.0,29520.0,64.0,38895296.0
19785,16855,1883721.0,92828.0,64.0,120558144.0
19785,13694,1343486.0,60060.0,64.0,85983104.0
19785,12205,668051.0,32660.0,64.0,42755264.0
19785,18941,1520822.0,79848.0,64.0,97332608.0
19785,10748,660205.0,31945.0,64.0,42253120.0
19785,10705,508719.0,28388.0,35.29,17952693.509999998
19785,15483,1325223.0,59524.0,64.0,84814272.0
19785,13088,961390.0,48109.0,64.0,61528960.0
19785,13917,1448260.0,73660.0,64.0,92688640.0
19785,16236,662542.0,32350.0,64.0,42402688.0
19785,13073,683343.0,32601.0,64.0,43733952.0
19785,13636,584089.0,28697.0,46.67,27259433.630000003
19785,18411,633023.0,32821.0,64.0,40513472.0
19785,10916,3332503.0,166740.0,64.0,213280192.0
19785,15270,1503345.0,75842.0,64.0,96214080.0
19785,13509,584579.0,28820.0,46.67,27282301.93
19785,11200,907219.0,44743.0,64.0,58062016.0
19785,12616,1883527.0,92706.0,64.0,120545728.0
19785,12868,977228.0,48438.0,64.0,62542592.0
19785,13555,1027690.0,51888.0,64.0,65772160.0
19785,14736,658011.0,35181.0,64.0,42112704.0
19785,17516,1534589.0,80317.0,64.0,98213696.0
19785,15183,1182183.0,58580.0,64.0,75659712.0
19785,13563,3600829.0,180095.0,64.0,230453056.0
19785,15077,981295.0,52016.0,64.0,62802880.0
19785,11466,3010920.0,149255.0,64.0,192698880.0
19785,15378,240785.0,12727.0,145.0,34913825.0
19785,18827,1142983.0,60184.0,64.0,73150912.0
19785,16028,1797569.0,90876.0,64.0,115044416.0
19785,15601,1388308.0,70696.0,64.0,88851712.0
19785,15264,1467988.0,76925.0,64.0,93951232.0
19785,19333,1091626.0,55813.0,64.0,69864064.0
19785,19880,3032796.0,143874.0,64.0,194098944.0
19785,14519,702538.0,33995.0,64.0,44962432.0
19785,12369,1366473.0,67149.0,64.0,87454272.0
19785,10044,1897426.0,93529.0,64.0,121435264.0
19785,19147,2575464.0,125372.0,64.0,164829696.0
19785,18448,5154756.0,259161.0,64.0,329904384.0
19785,17010,3737695.0,173677.0,64.0,239212480.0
19785,17738,130939.0,7116.0,145.0,18986155.0
19785,10955,667954.0,32617.0,64.0,42749056.0
19785,18219,776551.0,37692.0,64.0,49699264.0
19785,11853,340734.0,17842.0,145.0,49406430.0
19785,10657,822528.0,39104.0,64.0,52641792.0
19785,10568,1045433.0,53133.0,64.0,66907712.0
19785,10867,1490223.0,75686.0,64.0,95374272.0
19785,19500,1124526.0,59600.0,64.0,71969664.0
19785,13165,1863873.0,92876.0,64.0,119287872.0
19785,11022,670692.0,38322.0,64.0,42924288.0
19785,19430,1307713.0,61350.0,64.0,83693632.0
19785,15241,1112301.0,58624.0,64.0,71187264.0
19785,16683,828520.0,46709.0,64.0,53025280.0
19785,12216,1455079.0,72521.0,64.0,93125056.0
19785,10301,798007.0,38987.0,64.0,51072448.0
19785,12355,3708244.0,173001.0,64.0,237327616.0
19785,14257,8353236.0,408540.0,64.0,534607104.0
19785,10963,3592159.0,179870.0,64.0,229898176.0
19785,16193,3438957.0,167435.0,64.0,220093248.0
19785,16962,668214.0,32650.0,64.0,42765696.0
19785,15724,1124427.0,59092.0,64.0,71963328.0
19785,17789,615893.0,29979.0,64.0,39417152.0
19785,14278,125737.0,6913.0,145.0,18231865.0
19785,19846,3612427.0,177393.0,64.0,231195328.0
19785,11261,1843940.0,92173.0,64.0,118012160.0
19785,17223,643092.0,33879.0,64.0,41157888.0
19785,12562,1363423.0,67265.0,64.0,87259072.0
19785,13170,593307.0,28951.0,30.610999999999997,18161720.577
19785,13489,607216.0,29480.0,64.0,38861824.0
19785,13582,151774.0,8603.0,145.0,22007230.0
19785,14358,4116924.0,206315.0,64.0,263483136.0
19785,16108,3695953.0,184808.0,64.0,236540992.0
19785,10796,745802.0,38375.0,64.0,47731328.0
19785,18799,1452539.0,72372.0,64.0,92962496.0
19785,10375,1095132.0,63827.0,64.0,70088448.0
19785,13665,2694860.0,134714.0,64.0,172471040.0
19785,15185,3218158.0,159451.0,64.0,205962112.0
19785,13454,1857935.0,95783.0,64.0,118907840.0
19785,14053,799645.0,38612.0,64.0,51177280.0
19785,10901,688153.0,36117.0,64.0,44041792.0
19785,15948,425589.0,24618.0,35.29,15019035.81
19785,12973,1520213.0,78135.0,64.0,97293632.0
19785,12746,693109.0,33373.0,64.0,44358976.0
19785,11181,486652.0,27872.0,35.29,17173949.08
19785,19143,2001532.0,98864.0,64.0,128098048.0
19785,19785,0.0,0.0,145.0,0.0
19785,13237,647021.0,31540.0,64.0,41409344.0
19785,15651,3339552.0,167383.0,64.0,213731328.0
19785,15848,3343834.0,166854.0,64.0,214005376.0
19785,11455,812943.0,43311.0,64.0,52028352.0
19785,14425,1054027.0,58806.0,64.0,67457728.0
19785,17752,4107736.0,205550.0,64.0,262895104.0
19785,14060,662538.0,32349.0,64.0,42402432.0
19785,10316,1048835.0,55630.0,64.0,67125440.0
19785,19134,4312650.0,217410.0,64.0,276009600.0
19785,13460,904726.0,45633.0,64.0,57902464.0
19785,15686,4105691.0,205455.0,64.0,262764224.0
19785,11189,1095145.0,63830.0,64.0,70089280.0
19785,10326,9083493.0,441595.0,64.0,581343552.0
19785,10269,1226478.0,62232.0,64.0,78494592.0
19785,17464,6238921.0,310705.0,64.0,399290944.0
19785,19273,140368.0,7720.0,145.0,20353360.0
19785,13840,1513702.0,82266.0,64.0,96876928.0
19785,14704,1259332.0,59112.0,64.0,80597248.0
19785,19239,1029794.0,51856.0,64.0,65906816.0
19785,19502,980814.0,51900.0,64.0,62772096.0
19785,17504,5591407.0,281868.0,64.0,357850048.0
19785,18110,642869.0,33840.0,64.0,41143616.0
19785,11163,2219061.0,109239.0,64.0,142019904.0
19785,12633,8350956.0,408440.0,64.0,534461184.0
19785,16339,4796140.0,246041.0,64.0,306952960.0
19785,13989,1858488.0,92630.0,64.0,118943232.0
19785,18149,630961.0,33341.0,64.0,40381504.0
19785,10177,7698161.0,377824.0,64.0,492682304.0
19785,12270,1842622.0,95038.0,64.0,117927808.0
19785,13100,2337282.0,113089.0,64.0,149586048.0
19785,17781,1045974.0,53199.0,64.0,66942336.0
19785,19971,3311920.0,164925.0,64.0,211962880.0
19785,16887,3680143.0,183739.0,64.0,235529152.0
19785,10985,1128056.0,62025.0,64.0,72195584.0
19785,15976,3558493.0,167119.0,64.0,227743552.0
13237,12652,107493.0,6160.0,49.699999999999996,5342402.1
13237,15008,85491.0,4692.0,128.0,10942848.0
13237,11112,37292.0,2494.0,55.3,2062247.5999999999
13237,16325,56792.0,3006.0,55.3,3140597.5999999996
13237,11561,2041589.0,98054.0,82.0,167410298.0
13237,18441,55086.0,2939.0,55.3,3046255.8
13237,16117,169560.0,8272.0,49.699999999999996,8427132.0
13237,11209,56293.0,2958.0,55.3,3113002.9
13237,15891,83728.0,4463.0,128.0,10717184.0
13237,18812,87465.0,4653.0,128.0,11195520.0
13237,19915,1456403.0,70118.0,82.0,119425046.0
13237,17282,4127.0,376.0,1138.0,4696526.0
13237,11147,983200.0,49460.0,82.0,80622400.0
13237,13417,73230.0,3895.0,128.0,9373440.0
13237,12940,488959.0,25021.0,73.0,35694007.0
13237,12352,1365842.0,66507.0,82.0,111999044.0
13237,17522,1714729.0,82391.0,82.0,140607778.0
13237,14234,2849358.0,134522.0,82.0,233647356.0
13237,19300,56910.0,3134.0,55.3,3147123.0
13237,18542,41624.0,2367.0,55.3,2301807.1999999997
13237,16855,1710486.0,82138.0,82.0,140259852.0
13237,13694,735596.0,31104.0,82.0,60318872.0
13237,12205,1078426.0,51245.0,82.0,88430932.0
13237,18941,1237869.0,63156.0,82.0,101505258.0
13237,10748,58597.0,3329.0,55.3,3240414.0999999996
13237,10705,225761.0,11799.0,49.699999999999996,11220321.7
13237,15483,717334.0,30568.0,82.0,58821388.0
13237,13088,1371764.0,66694.0,82.0,112484648.0
13237,13917,1544497.0,76105.0,82.0,126648754.0
13237,16236,95750.0,5148.0,49.699999999999996,4758775.0
13237,13073,110063.0,5790.0,49.699999999999996,5470131.1
13237,13636,83350.0,3946.0,128.0,10668800.0
13237,18411,673759.0,35545.0,82.0,55248238.0
13237,10916,3270250.0,161314.0,82.0,268160500.0
13237,15270,1828306.0,92265.0,82.0,149921092.0
13237,13509,83839.0,4069.0,128.0,10731392.0
13237,11200,348308.0,18407.0,49.699999999999996,17310907.599999998
13237,12616,1710292.0,82016.0,82.0,140243944.0
13237,12868,706265.0,34388.0,82.0,57913730.0
13237,13555,1116498.0,54573.0,82.0,91552836.0
13237,14736,631028.0,33855.0,82.0,51744296.0
13237,17516,1251635.0,63625.0,82.0,102634070.0
13237,15183,1592557.0,77165.0,82.0,130589674.0
13237,13563,3538577.0,174669.0,82.0,290163314.0
13237,15077,878231.0,43837.0,82.0,72014942.0
13237,11466,2837686.0,138565.0,82.0,232690252.0
13237,15378,464938.0,22402.0,73.0,33940474.0
13237,18827,860029.0,43492.0,82.0,70522378.0
13237,16028,1712298.0,86778.0,82.0,140408436.0
13237,15601,1085853.0,55178.0,82.0,89039946.0
13237,15264,989372.0,52531.0,82.0,81128504.0
13237,19333,509887.0,28056.0,73.0,37221751.0
13237,19880,3326359.0,154072.0,82.0,272761438.0
13237,14519,79751.0,4772.0,128.0,10208128.0
13237,12369,1776847.0,85734.0,82.0,145701454.0
13237,10044,1724191.0,82839.0,82.0,141383662.0
13237,19147,1967574.0,96415.0,82.0,161341068.0
13237,18448,5092504.0,253734.0,82.0,417585328.0
13237,17010,4031257.0,183875.0,82.0,330563074.0
13237,17738,521462.0,24786.0,73.0,38066726.0
13237,10955,1078329.0,51202.0,82.0,88422978.0
13237,18219,217641.0,11356.0,49.699999999999996,10816757.7
13237,11853,472378.0,23962.0,73.0,34483594.0
13237,10657,214638.0,10148.0,49.699999999999996,10667508.6
13237,10568,1155196.0,57045.0,82.0,94726072.0
13237,10867,1815183.0,92109.0,82.0,148845006.0
13237,19500,1418988.0,73241.0,82.0,116357016.0
13237,13165,1788330.0,88715.0,82.0,146643060.0
13237,11022,366468.0,19781.0,49.699999999999996,18213459.599999998
13237,19430,1036413.0,47272.0,82.0,84985866.0
13237,15241,1406763.0,72266.0,82.0,115354566.0
13237,16683,490397.0,25480.0,73.0,35798981.0
13237,12216,1369808.0,68423.0,82.0,112324256.0
13237,10301,1208381.0,57573.0,82.0,99087242.0
13237,12355,4001806.0,183199.0,82.0,328148092.0
13237,14257,8290984.0,403114.0,82.0,679860688.0
13237,10963,3529907.0,174444.0,82.0,289452374.0
13237,16193,3376705.0,162009.0,82.0,276889810.0
13237,16962,1078588.0,51236.0,82.0,88444216.0
13237,15724,542689.0,31335.0,73.0,39616297.0
13237,17789,45041.0,2622.0,55.3,2490767.3
13237,14278,532485.0,25271.0,73.0,38871405.0
13237,19846,3550175.0,171966.0,82.0,291114350.0
13237,11261,1509794.0,76862.0,82.0,123803108.0
13237,17223,877705.0,46977.0,82.0,71971810.0
13237,12562,1773798.0,85851.0,82.0,145451436.0
13237,13170,64069.0,3181.0,55.3,3543015.6999999997
13237,13489,50753.0,2700.0,55.3,2806640.9
13237,13582,538930.0,28480.0,73.0,39341890.0
13237,14358,4054671.0,200888.0,82.0,332483022.0
13237,16108,3633701.0,179382.0,82.0,297963482.0
13237,10796,799963.0,41325.0,82.0,65596966.0
13237,18799,1367269.0,68275.0,82.0,112116058.0
13237,10375,1693376.0,84400.0,82.0,138856832.0
13237,13665,2632608.0,129287.0,82.0,215873856.0
13237,15185,3044923.0,148761.0,82.0,249683686.0
13237,13454,1276196.0,68026.0,82.0,104648072.0
13237,14053,240735.0,12276.0,49.699999999999996,11964529.499999998
13237,10901,982614.0,49758.0,82.0,80574348.0
13237,15948,363163.0,19708.0,49.699999999999996,18049201.099999998
13237,12973,1795115.0,88009.0,82.0,147199430.0
13237,12746,85220.0,4417.0,128.0,10908160.0
13237,11181,153143.0,8691.0,49.699999999999996,7611207.1
13237,19143,1828297.0,88174.0,82.0,149920354.0
13237,19785,644439.0,31313.0,82.0,52843998.0
13237,13237,0.0,0.0,1138.0,0.0
13237,15651,3277300.0,161957.0,82.0,268738600.0
13237,15848,3281582.0,161428.0,82.0,269089724.0
13237,11455,473502.0,25146.0,73.0,34565646.0
13237,14425,1298152.0,71495.0,82.0,106448464.0
13237,17752,4045484.0,200124.0,82.0,331729688.0
13237,14060,95746.0,5147.0,49.699999999999996,4758576.199999999
13237,10316,722941.0,37298.0,82.0,59281162.0
13237,19134,4250398.0,211983.0,82.0,348532636.0
13237,13460,322987.0,17876.0,49.699999999999996,16052453.899999999
13237,15686,4043439.0,200028.0,82.0,331561998.0
13237,11189,1693389.0,84403.0,82.0,138857898.0
13237,10326,9021241.0,436169.0,82.0,739741762.0
13237,10269,1636852.0,80817.0,82.0,134221864.0
13237,17464,6176669.0,305279.0,82.0,506486858.0
13237,19273,689200.0,36894.0,82.0,56514400.0
13237,13840,1757828.0,94955.0,82.0,144141896.0
13237,14704,968451.0,44409.0,82.0,79412982.0
13237,19239,1073081.0,54193.0,82.0,87992642.0
13237,19502,877749.0,43721.0,82.0,71975418.0
13237,17504,5529155.0,276442.0,82.0,453390710.0
13237,18110,877482.0,46938.0,82.0,71953524.0
13237,11163,2045826.0,98549.0,82.0,167757732.0
13237,12633,8288704.0,403014.0,82.0,679673728.0
13237,16339,4733888.0,240615.0,82.0,388178816.0
13237,13989,1782945.0,88470.0,82.0,146201490.0
13237,18149,862103.0,46007.0,82.0,70692446.0
13237,10177,7635909.0,372398.0,82.0,626144538.0
13237,12270,1364006.0,70644.0,82.0,111848492.0
13237,13100,1729393.0,84133.0,82.0,141810226.0
13237,17781,1155738.0,57111.0,82.0,94770516.0
13237,19971,3138685.0,154235.0,82.0,257372170.0
13237,16887,3617891.0,178312.0,82.0,296667062.0
13237,10985,730920.0,37287.0,82.0,59935440.0
13237,15976,3852056.0,177317.0,82.0,315868592.0
15651,12652,3191694.0,157407.0,40.0,127667760.0
15651,15008,3240799.0,159487.0,40.0,129631960.0
15651,11112,3240752.0,159986.0,40.0,129630080.0
15651,16325,3262918.0,160812.0,40.0,130516720.0
15651,11561,1285981.0,66306.0,35.0,45009335.0
15651,18441,3261212.0,160745.0,40.0,130448480.0
15651,16117,3381613.0,165754.0,40.0,135264520.0
15651,11209,3262419.0,160764.0,40.0,130496760.0
15651,15891,3227418.0,159197.0,40.0,129096720.0
15651,18812,3270411.0,160987.0,40.0,130816440.0
15651,19915,3756881.0,191780.0,40.0,150275240.0
15651,17282,3272038.0,161332.0,40.0,130881520.0
15651,11147,3146755.0,159013.0,40.0,125870200.0
15651,13417,3259551.0,160228.0,40.0,130382040.0
15651,12940,3014386.0,150382.0,40.0,120575440.0
15651,12352,3889292.0,196958.0,40.0,155571680.0
15651,17522,1578342.0,80970.0,35.0,55241970.0
15651,14234,1033390.0,48363.0,82.47,85223673.3
15651,19300,3219110.0,158941.0,40.0,128764400.0
15651,18542,3235328.0,159644.0,40.0,129413120.0
15651,16855,1592923.0,81543.0,35.0,55752305.0
15651,13694,3918542.0,187438.0,40.0,156741680.0
15651,12205,3601876.0,181696.0,40.0,144075040.0
15651,18941,2120437.0,107743.0,35.0,74215295.0
15651,10748,3231906.0,160036.0,40.0,129276240.0
15651,10705,3188548.0,158761.0,40.0,127541920.0
15651,15483,3900280.0,186902.0,40.0,156011200.0
15651,13088,3895215.0,197145.0,40.0,155808600.0
15651,13917,2189465.0,111604.0,35.0,76631275.0
15651,16236,3180595.0,157359.0,40.0,127223800.0
15651,13073,3168099.0,156557.0,40.0,126723960.0
15651,13636,3295402.0,161428.0,40.0,131816080.0
15651,18411,2720670.0,134966.0,40.0,108826800.0
15651,10916,19733.0,1649.0,128.856,2542715.448
15651,15270,3989156.0,201629.0,40.0,159566240.0
15651,13509,3295892.0,161550.0,40.0,131835680.0
15651,11200,3081857.0,155035.0,40.0,123274280.0
15651,12616,1576231.0,80731.0,35.0,55168085.0
15651,12868,3969302.0,195447.0,40.0,158772080.0
15651,13555,2323060.0,116349.0,29.89,69436263.4
15651,14736,3902723.0,194340.0,40.0,156108920.0
15651,17516,2080394.0,105656.0,35.0,72813790.0
15651,15183,3775840.0,194733.0,40.0,151033600.0
15651,13563,262330.0,13752.0,101.97,26749790.1
15651,15077,2463117.0,125592.0,23.28,57341363.760000005
15651,11466,1445261.0,90808.0,35.0,50584135.0
15651,15378,3153689.0,157622.0,40.0,126147560.0
15651,18827,2462220.0,121286.0,23.28,57320481.6
15651,16028,1749702.0,88331.0,35.0,61239570.0
15651,15601,2195269.0,108462.0,35.0,76834415.0
15651,15264,2423646.0,122672.0,23.28,56422478.88
15651,19333,3149194.0,163388.0,40.0,125967760.0
15651,19880,2513608.0,117193.0,23.28,58516794.24
15651,14519,3277826.0,161337.0,40.0,131113040.0
15651,12369,3918999.0,202232.0,40.0,156759960.0
15651,10044,1554333.0,79506.0,35.0,54401655.0
15651,19147,4555020.0,235609.0,40.0,182200800.0
15651,18448,1828961.0,93793.0,35.0,64013635.0
15651,17010,1802830.0,86758.0,35.0,63099050.0
15651,17738,3237739.0,162374.0,40.0,129509560.0
15651,10955,3601779.0,181653.0,40.0,144071160.0
15651,18219,3057666.0,150626.0,40.0,122306640.0
15651,11853,3009613.0,150257.0,40.0,120384520.0
15651,10657,3397584.0,166482.0,40.0,135903360.0
15651,10568,2361758.0,118820.0,29.89,70592946.62
15651,10867,3976033.0,201473.0,40.0,159041320.0
15651,19500,3579838.0,182606.0,40.0,143193520.0
15651,13165,1473099.0,75165.0,35.0,51558465.0
15651,11022,3629505.0,180840.0,40.0,145180200.0
15651,19430,4299450.0,208331.0,40.0,171978000.0
15651,15241,3567613.0,181630.0,40.0,142704520.0
15651,16683,2834954.0,140545.0,40.0,113398160.0
15651,12216,1906190.0,96314.0,35.0,66716650.0
15651,10301,3731832.0,188023.0,40.0,149273280.0
15651,12355,1829809.0,88281.0,35.0,64043315.0
15651,14257,5027441.0,243172.0,40.0,201097640.0
15651,10963,266364.0,14502.0,101.97,27161137.08
15651,16193,772188.0,42015.0,82.47,63682344.36
15651,16962,3602038.0,181686.0,40.0,144081520.0
15651,15724,3278366.0,169933.0,40.0,131134640.0
15651,17789,3251167.0,160428.0,40.0,130046680.0
15651,14278,3217599.0,160963.0,40.0,128703960.0
15651,19846,244124.0,13403.0,101.97,24893324.28
15651,11261,1930405.0,97040.0,35.0,67564175.0
15651,17223,2758562.0,138565.0,40.0,110342480.0
15651,12562,3923228.0,202461.0,40.0,156929120.0
15651,13170,3271074.0,160554.0,40.0,130842960.0
15651,13489,3256879.0,160506.0,40.0,130275160.0
15651,13582,3455088.0,173788.0,40.0,138203520.0
15651,14358,791128.0,40947.0,82.47,65244326.16
15651,16108,357353.0,17718.0,82.47,29470901.91
15651,10796,2597642.0,129433.0,40.0,103905680.0
15651,18799,1903650.0,96165.0,35.0,66627750.0
15651,10375,4216827.0,214850.0,40.0,168673080.0
15651,13665,655924.0,34544.0,82.47,54094052.28
15651,15185,1236650.0,80670.0,35.0,43282750.0
15651,13454,3455887.0,184458.0,40.0,138235480.0
15651,14053,3047249.0,150310.0,40.0,121889960.0
15651,10901,3139082.0,158489.0,40.0,125563280.0
15651,15948,3634858.0,180193.0,40.0,145394320.0
15651,12973,2168100.0,114340.0,35.0,75883500.0
15651,12746,3268166.0,160751.0,40.0,130726640.0
15651,11181,3436532.0,169141.0,40.0,137461280.0
15651,19143,1703296.0,87217.0,35.0,59615360.0
15651,19785,3341626.0,167553.0,40.0,133665040.0
15651,13237,3273797.0,161556.0,40.0,130951880.0
15651,15651,0.0,0.0,219.744,0.0
15651,15848,19586.0,1493.0,219.744,4303905.984
15651,11455,3736539.0,186204.0,40.0,149461560.0
15651,14425,2512545.0,128706.0,23.28,58492047.6
15651,17752,781941.0,40182.0,82.47,64486674.269999996
15651,14060,3180591.0,157358.0,40.0,127223640.0
15651,10316,2597511.0,127979.0,40.0,103900440.0
15651,19134,986855.0,52042.0,82.47,81385931.85
15651,13460,3119418.0,159543.0,40.0,124776720.0
15651,15686,779896.0,40087.0,82.47,64318023.12
15651,11189,4216840.0,214853.0,40.0,168673600.0
15651,10326,5757698.0,276227.0,40.0,230307920.0
15651,10269,4160303.0,211267.0,40.0,166412120.0
15651,17464,2913126.0,145337.0,40.0,116525040.0
15651,19273,3477415.0,174858.0,40.0,139096600.0
15651,13840,3028776.0,155509.0,40.0,121151040.0
15651,14704,4231488.0,205467.0,40.0,169259520.0
15651,19239,2315235.0,115839.0,29.89,69202374.15
15651,19502,2462636.0,125476.0,23.28,57330166.080000006
15651,17504,2265612.0,116500.0,29.89,67719142.68
15651,18110,2758339.0,138526.0,40.0,110333560.0
15651,11163,1920825.0,97592.0,35.0,67228875.0
15651,12633,5025161.0,243072.0,40.0,201006440.0
15651,16339,1470345.0,80673.0,35.0,51462075.0
15651,13989,1475808.0,75804.0,35.0,51653280.0
15651,18149,2773328.0,139308.0,40.0,110933120.0
15651,10177,4372366.0,212456.0,40.0,174894640.0
15651,12270,2828279.0,142409.0,40.0,113131160.0
15651,13100,4316838.0,223327.0,40.0,172673520.0
15651,17781,2362299.0,118886.0,29.89,70609117.11
15651,19971,1702115.0,103992.0,35.0,59574025.0
15651,16887,359768.0,18220.0,82.47,29670066.96
15651,10985,4026193.0,195206.0,40.0,161047720.0
15651,15976,2071283.0,99692.0,35.0,72494905.0
15848,12652,3193479.0,156698.0,40.0,127739160.0
15848,15008,3242585.0,158778.0,23.2848,75502943.208
15848,11112,3242538.0,159277.0,23.2848,75501848.8224
15848,16325,3264703.0,160103.0,23.2848,76017956.4144
15848,11561,1287766.0,65597.0,112.0,144229792.0
15848,18441,3262998.0,160036.0,23.2848,75978255.8304
15848,16117,3383399.0,165045.0,23.2848,78781769.0352
15848,11209,3264205.0,160056.0,23.2848,76006360.584
15848,15891,3229203.0,158488.0,23.2848,75191346.0144
15848,18812,3272197.0,160279.0,23.2848,76192452.70560001
15848,19915,3758666.0,191072.0,23.2848,87519786.0768
15848,17282,3273824.0,160623.0,23.2848,76230337.0752
15848,11147,3148541.0,158304.0,40.0,125941640.0
15848,13417,3261336.0,159519.0,23.2848,75939556.4928
15848,12940,3016171.0,149673.0,14.0,42226394.0
15848,12352,3891078.0,196249.0,23.2848,90602973.0144
15848,17522,1580127.0,80261.0,28.1358,44458137.2466
15848,14234,1042082.0,49016.0,101.11,105364911.02
15848,19300,3220895.0,158232.0,23.2848,74997895.896
15848,18542,3237114.0,158935.0,23.2848,75375552.0672
15848,16855,1594709.0,80834.0,28.1358,44868413.4822
15848,13694,3920328.0,186729.0,23.2848,91284053.4144
15848,12205,3603662.0,180987.0,23.2848,83910548.9376
15848,18941,2122223.0,107034.0,35.0,74277805.0
15848,10748,3233691.0,159327.0,23.2848,75295848.19680001
15848,10705,3190333.0,158052.0,40.0,127613320.0
15848,15483,3902065.0,186193.0,23.2848,90858803.112
15848,13088,3897000.0,196436.0,23.2848,90740865.60000001
15848,13917,2191251.0,110895.0,35.0,76693785.0
15848,16236,3182380.0,156650.0,40.0,127295200.0
15848,13073,3169884.0,155848.0,40.0,126795360.0
15848,13636,3297188.0,160719.0,23.2848,76774363.1424
15848,18411,2722455.0,134257.0,14.0,38114370.0
15848,10916,30293.0,2388.0,122.30420000000001,3704961.1306000003
15848,15270,3990941.0,200921.0,23.2848,92928262.9968
15848,13509,3297677.0,160841.0,23.2848,76785749.4096
15848,11200,3083643.0,154327.0,40.0,123345720.0
15848,12616,1578016.0,80022.0,28.1358,44398742.5728
15848,12868,3971088.0,194738.0,23.2848,92465989.8624
15848,13555,2324845.0,115640.0,23.2848,54133550.856
15848,14736,3904508.0,193631.0,23.2848,90915687.8784
15848,17516,2082180.0,104947.0,35.0,72876300.0
15848,15183,3777625.0,194024.0,23.2848,87961242.60000001
15848,13563,261902.0,13975.0,101.97,26706146.94
15848,15077,2464903.0,124883.0,23.2848,57394773.374400005
15848,11466,1447047.0,90099.0,112.0,162069264.0
15848,15378,3155475.0,156913.0,40.0,126219000.0
15848,18827,2464006.0,120577.0,23.2848,57373886.9088
15848,16028,1751488.0,87623.0,28.1358,49279516.0704
15848,15601,2197054.0,107753.0,35.0,76896890.0
15848,15264,2425432.0,121963.0,23.2848,56475699.0336
15848,19333,3150980.0,162679.0,40.0,126039200.0
15848,19880,2525572.0,117950.0,23.2848,58807438.905600004
15848,14519,3279612.0,160628.0,23.2848,76365109.4976
15848,12369,3920784.0,201523.0,23.2848,91294671.2832
15848,10044,1556118.0,78797.0,28.1358,43782624.8244
15848,19147,4556806.0,234900.0,23.2848,106104316.3488
15848,18448,1815829.0,93041.0,35.0,63554015.0
15848,17010,1814794.0,87515.0,35.0,63517790.0
15848,17738,3239524.0,161665.0,23.2848,75431668.4352
15848,10955,3603565.0,180944.0,23.2848,83908290.312
15848,18219,3059451.0,149917.0,40.0,122378040.0
15848,11853,3011399.0,149548.0,14.0,42159586.0
15848,10657,3399370.0,165773.0,23.2848,79153650.576
15848,10568,2363544.0,118112.0,23.2848,55034649.3312
15848,10867,3977819.0,200765.0,23.2848,92622719.8512
15848,19500,3581624.0,181897.0,23.2848,83397398.5152
15848,13165,1474885.0,74456.0,112.0,165187120.0
15848,11022,3631290.0,180131.0,23.2848,84553861.392
15848,19430,4301236.0,207622.0,23.2848,100153420.01280001
15848,15241,3569399.0,180921.0,23.2848,83112741.8352
15848,16683,2836740.0,139837.0,14.0,39714360.0
15848,12216,1907975.0,95605.0,35.0,66779125.0
15848,10301,3733617.0,187314.0,23.2848,86936525.1216
15848,12355,1841773.0,89038.0,35.0,64462055.0
15848,14257,5014310.0,242420.0,23.2848,116757205.488
15848,10963,253232.0,13750.0,80.0,20258560.0
15848,16193,784152.0,42772.0,101.11,79285608.72
15848,16962,3603824.0,180977.0,23.2848,83914321.0752
15848,15724,3280152.0,169225.0,23.2848,76377683.2896
15848,17789,3252953.0,159719.0,23.2848,75744360.0144
15848,14278,3219384.0,160254.0,23.2848,74962712.5632
15848,19846,256088.0,14160.0,80.0,20487040.0
15848,11261,1932190.0,96331.0,35.0,67626650.0
15848,17223,2760347.0,137856.0,14.0,38644858.0
15848,12562,3925013.0,201752.0,23.2848,91393142.7024
15848,13170,3272860.0,159845.0,23.2848,76207890.528
15848,13489,3258665.0,159797.0,23.2848,75877362.792
15848,13582,3456873.0,173079.0,23.2848,80492596.4304
15848,14358,777997.0,40195.0,101.11,78663276.67
15848,16108,376561.0,18979.0,82.467,31053855.987
15848,10796,2599428.0,128725.0,14.0,36391992.0
15848,18799,1905436.0,95457.0,35.0,66690260.0
15848,10375,4218613.0,214141.0,23.2848,98229559.9824
15848,13665,657710.0,33835.0,101.11,66501058.1
15848,15185,1238436.0,79961.0,112.0,138704832.0
15848,13454,3457673.0,183749.0,23.2848,80511224.2704
15848,14053,3049034.0,149602.0,40.0,121961360.0
15848,10901,3140867.0,157780.0,40.0,125634680.0
15848,15948,3636644.0,179484.0,23.2848,84678528.2112
15848,12973,2169885.0,113631.0,35.0,75945975.0
15848,12746,3269951.0,160042.0,23.2848,76140155.0448
15848,11181,3438318.0,168432.0,23.2848,80060546.9664
15848,19143,1705082.0,86508.0,28.1358,47973846.1356
15848,19785,3343412.0,166845.0,23.2848,77850679.7376
15848,13237,3275583.0,160847.0,23.2848,76271295.03840001
15848,15651,20160.0,1554.0,212.016,4274242.56
15848,15848,0.0,0.0,212.016,0.0
15848,11455,3738325.0,185495.0,23.2848,87046149.96000001
15848,14425,2514331.0,127997.0,23.2848,58545694.4688
15848,17752,768809.0,39430.0,101.11,77734277.99
15848,14060,3182376.0,156649.0,40.0,127295040.0
15848,10316,2599297.0,127271.0,14.0,36390158.0
15848,19134,973723.0,51290.0,101.11,98453132.53
15848,13460,3121203.0,158835.0,40.0,124848120.0
15848,15686,766764.0,39335.0,101.11,77527508.04
15848,11189,4218625.0,214144.0,23.2848,98229839.4
15848,10326,5744566.0,275475.0,23.2848,133761070.3968
15848,10269,4162088.0,210559.0,23.2848,96913386.6624
15848,17464,2899994.0,144585.0,14.0,40599916.0
15848,19273,3479201.0,174149.0,23.2848,81012499.4448
15848,13840,3030562.0,154800.0,14.0,42427868.0
15848,14704,4233273.0,204759.0,23.2848,98570915.1504
15848,19239,2317020.0,115130.0,23.2848,53951347.296000004
15848,19502,2464422.0,124767.0,23.2848,57383573.3856
15848,17504,2252480.0,115748.0,35.0,78836800.0
15848,18110,2760124.0,137817.0,14.0,38641736.0
15848,11163,1922611.0,96883.0,35.0,67291385.0
15848,12633,5012030.0,242320.0,23.2848,116704116.14400001
15848,16339,1457213.0,79921.0,112.0,163207856.0
15848,13989,1477594.0,75096.0,112.0,165490528.0
15848,18149,2775114.0,138599.0,14.0,38851596.0
15848,10177,4359234.0,211704.0,23.2848,101503891.8432
15848,12270,2830065.0,141700.0,14.0,39620910.0
15848,13100,4318624.0,222618.0,23.2848,100558296.1152
15848,17781,2364085.0,118177.0,23.2848,55047246.408
15848,19971,1703901.0,103283.0,28.1358,47940617.7558
15848,16887,371732.0,18977.0,82.467,30655622.844
15848,10985,4027979.0,194498.0,23.2848,93790685.4192
15848,15976,2083247.0,100449.0,35.0,72913645.0
11455,12652,572253.0,30924.0,37.8378,21652794.5634
11455,15008,562024.0,29586.0,36.8,20682483.2
11455,11112,511511.0,27445.0,36.8676,18858182.943600003
11455,16325,529189.0,27528.0,37.8378,20023347.5442
11455,11561,2506349.0,122818.0,37.8378,94834732.1922
11455,18441,527483.0,27462.0,36.8676,19447032.250800002
11455,16117,568472.0,30632.0,36.8,20919769.599999998
11455,11209,525287.0,27523.0,36.8676,19366071.0012
11455,15891,546981.0,28568.0,36.8,20128900.799999997
11455,18812,516307.0,27672.0,36.8676,19034999.9532
11455,19915,1765620.0,90557.0,37.8378,66807176.436000004
11455,17282,479272.0,25506.0,36.8676,17669608.3872
11455,11147,1444350.0,73553.0,37.8378,54651026.43
11455,13417,534167.0,28105.0,37.8378,20211704.112600002
11455,12940,950110.0,49114.0,37.8378,35950072.158
11455,12352,1675059.0,86947.0,37.8378,63380547.4302
11455,17522,2179488.0,107155.0,37.8378,82467031.0464
11455,14234,3314117.0,159286.0,37.8378,125398896.2226
11455,19300,533442.0,28028.0,37.8378,20184271.7076
11455,18542,518157.0,27261.0,36.8676,19103205.0132
11455,16855,2175246.0,106902.0,37.8378,82306523.0988
11455,13694,704956.0,37208.0,37.8378,26673984.136800002
11455,12205,1387643.0,71685.0,37.8378,52505358.3054
11455,18941,1702628.0,87920.0,37.8378,64423697.738400005
11455,10748,521850.0,27433.0,36.8676,19239357.060000002
11455,10705,687047.0,35816.0,37.8378,25996346.976600002
11455,15483,700551.0,37145.0,37.8378,26507308.627800003
11455,13088,1680981.0,87133.0,37.8378,63604622.8818
11455,13917,1969532.0,100838.0,37.8378,74522757.9096
11455,16236,553422.0,29796.0,36.8,20365929.599999998
11455,13073,567734.0,30438.0,36.8,20892611.2
11455,13636,539120.0,27914.0,37.8378,20399114.736
11455,18411,1135044.0,59561.0,37.8378,42947567.8632
11455,10916,3735010.0,186078.0,37.8378,141324561.378
11455,15270,2222937.0,114867.0,37.8378,84111045.6186
11455,13509,539609.0,28037.0,37.8378,20417617.4202
11455,11200,813068.0,43171.0,37.8378,30764704.3704
11455,12616,2175051.0,106781.0,37.8378,82299144.7278
11455,12868,250943.0,10362.0,23.099999999999998,5796783.3
11455,13555,1543137.0,78855.0,37.8378,58388909.178600006
11455,14736,256462.0,14248.0,23.099999999999998,5924272.199999999
11455,17516,1716395.0,88389.0,37.8378,64944610.731
11455,15183,1901774.0,97604.0,37.8378,71958944.2572
11455,13563,4003337.0,199433.0,37.8378,151477464.73860002
11455,15077,1342990.0,68601.0,37.8378,50815787.022
11455,11466,3302445.0,163329.0,37.8378,124957253.421
11455,15378,774007.0,42742.0,37.8378,29286722.064600002
11455,18827,1324789.0,68256.0,37.8378,50127101.2242
11455,16028,2177057.0,111542.0,37.8378,82375047.3546
11455,15601,1550612.0,79942.0,37.8378,58671746.733600006
11455,15264,1452625.0,76635.0,37.8378,54964134.225
11455,19333,973140.0,52160.0,37.8378,36821476.692
11455,19880,3751394.0,178805.0,37.8378,141944495.8932
11455,14519,513974.0,27452.0,36.8676,18948987.842400003
11455,12369,2086064.0,106174.0,37.8378,78932072.4192
11455,10044,2188951.0,107603.0,37.8378,82825090.1478
11455,19147,2025787.0,104720.0,37.8378,76651323.3486
11455,18448,5557263.0,278499.0,37.8378,210274605.94140002
11455,17010,4456292.0,208608.0,37.8378,168616285.43760002
11455,17738,830679.0,45225.0,37.8378,31431065.8662
11455,10955,1387546.0,71641.0,37.8378,52501688.0388
11455,18219,682401.0,36120.0,37.8378,25820552.557800002
11455,11853,933529.0,48055.0,37.8378,35322683.596200004
11455,10657,515315.0,27372.0,36.8676,18998427.294
11455,10568,1581836.0,81326.0,37.8378,59853194.2008
11455,10867,2209814.0,114711.0,37.8378,83614500.1692
11455,19500,1880138.0,97334.0,37.8378,71140285.6164
11455,13165,2253089.0,113480.0,37.8378,85251930.9642
11455,11022,121398.0,6376.0,23.099999999999998,2804293.8
11455,19430,581091.0,23247.0,37.8378,21987205.0398
11455,15241,1867914.0,96359.0,37.8378,70677756.3492
11455,16683,955156.0,50244.0,37.8378,36141001.6968
11455,12216,1834568.0,93187.0,37.8378,69416017.0704
11455,10301,1517598.0,78012.0,37.8378,57422569.6044
11455,12355,4426842.0,207932.0,37.8378,167501962.2276
11455,14257,8755744.0,427878.0,37.8378,331298090.3232
11455,10963,3994666.0,199208.0,37.8378,151149373.1748
11455,16193,3841464.0,186773.0,37.8378,145352546.5392
11455,16962,1387805.0,71675.0,37.8378,52511488.029
11455,15724,912863.0,50177.0,37.8378,34540727.6214
11455,17789,508627.0,27495.0,36.8676,18751856.7852
11455,14278,841702.0,45710.0,37.8378,31848151.9356
11455,19846,4014934.0,196731.0,37.8378,151916269.70520002
11455,11261,1974554.0,101626.0,37.8378,74712779.34120001
11455,17223,1338856.0,71070.0,37.8378,50659365.5568
11455,12562,2083015.0,106290.0,37.8378,78816704.96700001
11455,13170,519839.0,27149.0,36.8676,19165216.316400003
11455,13489,530625.0,27593.0,37.8378,20077682.625
11455,13582,646131.0,35092.0,37.8378,24448175.5518
11455,14358,4519431.0,225653.0,37.8378,171005326.2918
11455,16108,4098460.0,204146.0,37.8378,155076709.78800002
11455,10796,1261249.0,65342.0,37.8378,47722887.412200004
11455,18799,1832028.0,93039.0,37.8378,69319909.0584
11455,10375,2002593.0,104839.0,37.8378,75773713.4154
11455,13665,3097367.0,154052.0,37.8378,117197553.0726
11455,15185,3509683.0,173525.0,37.8378,132798683.4174
11455,13454,1739449.0,92130.0,37.8378,65816923.372200005
11455,14053,705494.0,37040.0,37.8378,26694340.8732
11455,10901,1443765.0,73851.0,37.8378,54628891.317
11455,15948,354105.0,20164.0,23.099999999999998,8179825.499999999
11455,12973,2220150.0,112742.0,37.8378,84005591.67
11455,12746,519901.0,27727.0,36.8676,19167502.1076
11455,11181,456479.0,24482.0,36.8676,16829285.180400003
11455,19143,2293057.0,112938.0,37.8378,86764232.15460001
11455,19785,813237.0,43289.0,37.8378,30771098.9586
11455,13237,475666.0,25210.0,36.8676,17536663.8216
11455,15651,3742059.0,186721.0,37.8378,141591280.0302
11455,15848,3746342.0,186192.0,37.8378,141753339.3276
11455,11455,0.0,0.0,23.099999999999998,0.0
11455,14425,1759303.0,95588.0,37.8378,66568155.0534
11455,17752,4510244.0,224888.0,37.8378,170657710.4232
11455,14060,553418.0,29796.0,36.8,20365782.4
11455,10316,1187701.0,62062.0,37.8378,44939992.8978
11455,19134,4715158.0,236748.0,37.8378,178411205.37240002
11455,13460,786240.0,41980.0,37.8378,29749591.872
11455,15686,4508199.0,224793.0,37.8378,170580332.1222
11455,11189,2002606.0,104842.0,37.8378,75774205.30680001
11455,10326,9486000.0,460933.0,37.8378,358929370.8
11455,10269,1946069.0,101256.0,37.8378,73634969.6082
11455,17464,6641428.0,330043.0,37.8378,251297024.3784
11455,19273,777349.0,41777.0,37.8378,29413175.992200002
11455,13840,2218979.0,119049.0,37.8378,83961283.60620001
11455,14704,513128.0,20383.0,36.8676,18917797.8528
11455,19239,1545241.0,78823.0,37.8378,58468519.9098
11455,19502,1342509.0,68485.0,37.8378,50797587.0402
11455,17504,5993915.0,301206.0,37.8378,226796556.98700002
11455,18110,1338633.0,71031.0,37.8378,50650927.727400005
11455,11163,2510586.0,123313.0,37.8378,94995050.9508
11455,12633,8753464.0,427778.0,37.8378,331211820.13920003
11455,16339,5198647.0,265379.0,37.8378,196705365.4566
11455,13989,2247705.0,113234.0,37.8378,85048212.249
11455,18149,1323254.0,70101.0,37.8378,50069020.2012
11455,10177,8100668.0,397162.0,37.8378,306511455.6504
11455,12270,1827259.0,94748.0,37.8378,69139460.5902
11455,13100,1787606.0,92438.0,37.8378,67639078.30680001
11455,17781,1582377.0,81392.0,37.8378,59873664.450600006
11455,19971,3603445.0,178999.0,37.8378,136346431.22100002
11455,16887,4082650.0,203077.0,37.8378,154478494.17000002
11455,10985,423355.0,22383.0,36.8676,15608082.798
11455,15976,4277091.0,202050.0,37.8378,161835713.8398
14425,12652,1354708.0,68730.0,50.0,67735400.0
14425,15008,1239904.0,68895.0,50.0,61995200.0
14425,11112,1264802.0,70033.0,50.0,63240100.0
14425,16325,1255856.0,69465.0,50.0,62792800.0
14425,11561,1385794.0,69944.0,50.0,69289700.0
14425,18441,1254150.0,69398.0,50.0,62707500.0
14425,16117,1219598.0,68995.0,50.0,60979900.0
14425,11209,1251954.0,69460.0,50.0,62597700.0
14425,15891,1390432.0,70521.0,50.0,69521600.0
14425,18812,1433426.0,72311.0,50.0,71671300.0
14425,19915,1407868.0,78756.0,50.0,70393400.0
14425,17282,1295338.0,71366.0,50.0,64766900.0
14425,11147,799397.0,46121.0,82.85508,66234102.386760004
14425,13417,1226779.0,68255.0,50.0,61338950.0
14425,12940,830987.0,47797.0,82.85508,68851494.36396
14425,12352,1541934.0,84066.0,50.0,77096700.0
14425,17522,1058934.0,54281.0,82.85508,87738061.28472
14425,14234,1965844.0,90495.0,50.0,98292200.0
14425,19300,1266544.0,70143.0,50.0,63327200.0
14425,18542,1257815.0,69570.0,50.0,62890750.0
14425,16855,1054691.0,54028.0,82.85508,87386507.18028
14425,13694,2081557.0,98762.0,50.0,104077850.0
14425,12205,1254518.0,68804.0,50.0,62725900.0
14425,18941,777921.0,43400.0,82.85508,64454706.68868
14425,10748,1394920.0,71360.0,50.0,69746000.0
14425,10705,1101869.0,61522.0,82.85508,91295444.14452
14425,15483,2063294.0,98226.0,50.0,103164700.0
14425,13088,1547856.0,84253.0,50.0,77392800.0
14425,13917,314460.0,17736.0,82.85508,26054608.4568
14425,16236,1343609.0,68682.0,50.0,67180450.0
14425,13073,1331113.0,67881.0,50.0,66555650.0
14425,13636,1234165.0,68747.0,50.0,61708250.0
14425,18411,728128.0,37460.0,82.85508,60329103.69024
14425,10916,2503473.0,127940.0,50.0,125173650.0
14425,15270,1482508.0,83417.0,50.0,74125400.0
14425,13509,1234654.0,68870.0,50.0,61732700.0
14425,11200,1251392.0,66900.0,50.0,62569600.0
14425,12616,1054497.0,53906.0,82.85508,87370433.29476
14425,12868,1930072.0,104570.0,50.0,96503600.0
14425,13555,309713.0,18333.0,82.85508,25661295.39204
14425,14736,1673840.0,91594.0,50.0,83692000.0
14425,17516,764637.0,42832.0,82.85508,63354059.80596
14425,15183,1426827.0,81709.0,50.0,71341350.0
14425,13563,2771800.0,141295.0,50.0,138590000.0
14425,15077,529032.0,29714.0,82.85508,43832988.68256
14425,11466,2181891.0,110455.0,50.0,109094550.0
14425,15378,970290.0,55037.0,82.85508,80393455.5732
14425,18827,694933.0,38047.0,82.85508,57578729.30964
14425,16028,747441.0,40757.0,82.85508,61929283.85028
14425,15601,585633.0,32888.0,82.85508,48522669.06564
14425,15264,1038044.0,56773.0,82.85508,86007218.66352001
14425,19333,1561943.0,84181.0,50.0,78097150.0
14425,19880,1986725.0,86033.0,50.0,99336250.0
14425,14519,1440840.0,72660.0,50.0,72042000.0
14425,12369,1591620.0,88746.0,50.0,79581000.0
14425,10044,1068396.0,54729.0,82.85508,88522036.05168
14425,19147,2967769.0,156402.0,50.0,148388450.0
14425,18448,4325726.0,220361.0,50.0,216286300.0
14425,17010,2691624.0,115836.0,50.0,134581200.0
14425,17738,954654.0,53867.0,82.85508,79097933.54232
14425,10955,1254421.0,68761.0,50.0,62721050.0
14425,18219,1220680.0,61950.0,50.0,61034000.0
14425,11853,826214.0,47671.0,82.85508,68456027.06712
14425,10657,1560599.0,77806.0,50.0,78029950.0
14425,10568,275038.0,16020.0,82.85508,22788295.49304
14425,10867,1469386.0,83260.0,50.0,73469300.0
14425,19500,986409.0,60471.0,82.85508,81728996.60772
14425,13165,1034843.0,54075.0,82.85508,85741999.55244
14425,11022,1649215.0,90198.0,50.0,82460750.0
14425,19430,2260558.0,117482.0,50.0,113027900.0
14425,15241,983324.0,60184.0,82.85508,81473388.68592
14425,16683,1004489.0,52410.0,82.85508,83227016.45412
14425,12216,626049.0,33720.0,82.85508,51871339.97892
14425,10301,1384473.0,75131.0,50.0,69223650.0
14425,12355,2662173.0,115161.0,50.0,133108650.0
14425,14257,7524207.0,369740.0,50.0,376210350.0
14425,10963,2763129.0,141070.0,50.0,138156450.0
14425,16193,2712520.0,118542.0,50.0,135626000.0
14425,16962,1254680.0,68794.0,50.0,62734000.0
14425,15724,1633080.0,89888.0,50.0,81654000.0
14425,17789,1265968.0,70029.0,50.0,63298400.0
14425,14278,934514.0,52456.0,82.85508,77429232.23112
14425,19846,2891909.0,128855.0,50.0,144595450.0
14425,11261,1014911.0,53373.0,82.85508,84090532.09788
14425,17223,412096.0,25162.0,82.85508,34144247.04768
14425,12562,1601818.0,89037.0,50.0,80090900.0
14425,13170,1243383.0,69000.0,50.0,62169150.0
14425,13489,1257292.0,69530.0,50.0,62864600.0
14425,13582,1167603.0,65016.0,50.0,58380150.0
14425,14358,3287894.0,167515.0,50.0,164394700.0
14425,16108,2866923.0,146008.0,50.0,143346150.0
14425,10796,605100.0,31928.0,82.85508,50135608.908
14425,18799,623510.0,33572.0,82.85508,51660970.9308
14425,10375,1869469.0,101958.0,50.0,93473450.0
14425,13665,1865830.0,95914.0,50.0,93291500.0
14425,15185,2389128.0,120651.0,50.0,119456400.0
14425,13454,2093680.0,113735.0,50.0,104684000.0
14425,14053,1210263.0,61634.0,50.0,60513150.0
14425,10901,791724.0,45597.0,82.85508,65598355.35792
14425,15948,1398731.0,78737.0,50.0,69936550.0
14425,12973,474142.0,20294.0,82.85508,39285073.34136
14425,12746,1431180.0,72075.0,50.0,71559000.0
14425,11181,1294996.0,72389.0,50.0,64749800.0
14425,19143,1172502.0,60064.0,50.0,58625100.0
14425,19785,1054142.0,58782.0,82.85508,87341019.74136
14425,13237,1297097.0,71590.0,50.0,64854850.0
14425,15651,2510522.0,128583.0,50.0,125526100.0
14425,15848,2514805.0,128054.0,50.0,125740250.0
14425,11455,1756249.0,95562.0,50.0,87812450.0
14425,14425,0.0,0.0,82.85508,0.0
14425,17752,3278707.0,166750.0,50.0,163935350.0
14425,14060,1343605.0,68681.0,50.0,67180250.0
14425,10316,806143.0,41489.0,82.85508,66793042.75644
14425,19134,3483621.0,178610.0,50.0,174181050.0
14425,13460,1375769.0,74081.0,50.0,68788450.0
14425,15686,3276662.0,166655.0,50.0,163833100.0
14425,11189,1869481.0,101961.0,50.0,93474050.0
14425,10326,8254463.0,402795.0,50.0,412723150.0
14425,10269,1812944.0,98375.0,50.0,90647200.0
14425,17464,5409891.0,271905.0,50.0,270494550.0
14425,19273,1189930.0,66086.0,50.0,59496500.0
14425,13840,516829.0,26903.0,82.85508,42821908.14132
14425,14704,2251198.0,114826.0,50.0,112559900.0
14425,19239,327598.0,18667.0,82.85508,27143158.49784
14425,19502,528551.0,29598.0,82.85508,43793135.38908
14425,17504,4762378.0,243068.0,50.0,238118900.0
14425,18110,412161.0,25137.0,82.85508,34149632.62788
14425,11163,1390031.0,70439.0,50.0,69501550.0
14425,12633,7521927.0,369640.0,50.0,376096350.0
14425,16339,3967110.0,207241.0,50.0,198355500.0
14425,13989,1029458.0,53830.0,82.85508,85295824.94664
14425,18149,446364.0,27073.0,82.85508,36983524.92912
14425,10177,6869131.0,339024.0,50.0,343456550.0
14425,12270,1443768.0,76580.0,50.0,72188400.0
14425,13100,2729587.0,144120.0,50.0,136479350.0
14425,17781,275580.0,16085.0,82.85508,22833202.9464
14425,19971,2482890.0,126125.0,50.0,124144500.0
14425,16887,3061800.0,137009.0,50.0,153090000.0
14425,10985,2189208.0,106530.0,50.0,109460400.0
14425,15976,2512422.0,109279.0,50.0,125621100.0
17752,12652,3960046.0,195658.0,30.0,118801380.0
17752,15008,4009151.0,197739.0,27.1656,108910992.40560001
17752,11112,4009104.0,198237.0,27.1656,108909715.6224
17752,16325,4031270.0,199063.0,27.1656,109511868.312
17752,11561,2054333.0,104557.0,36.0,73955988.0
17752,18441,4029564.0,198997.0,27.1656,109465523.7984
17752,16117,4149965.0,204006.0,27.1656,112736289.20400001
17752,11209,4030771.0,199016.0,27.1656,109498312.67760001
17752,15891,3995770.0,197449.0,27.1656,108547489.51200001
17752,18812,4038763.0,199239.0,27.1656,109715420.15280001
17752,19915,4525233.0,230032.0,27.1656,122930669.5848
17752,17282,4040390.0,199583.0,27.1656,109759618.584
17752,11147,3915107.0,197265.0,30.0,117453210.0
17752,13417,4027903.0,198479.0,27.1656,109420401.7368
17752,12940,3782737.0,188634.0,30.0,113482110.0
17752,12352,4657644.0,235210.0,27.1656,126527693.84640001
17752,17522,2346694.0,119222.0,36.0,84480984.0
17752,14234,1901023.0,86868.0,36.0,68436828.0
17752,19300,3987462.0,197193.0,27.1656,108321797.7072
17752,18542,4003680.0,197896.0,27.1656,108762369.408
17752,16855,2361275.0,119795.0,36.0,85005900.0
17752,13694,4686895.0,225690.0,27.1656,127322314.812
17752,12205,4370228.0,219948.0,27.1656,118719865.75680001
17752,18941,2888789.0,145994.0,36.0,103996404.0
17752,10748,4000258.0,198288.0,27.1656,108669408.7248
17752,10705,3956900.0,197013.0,30.0,118707000.0
17752,15483,4668632.0,225154.0,27.1656,126826189.45920001
17752,13088,4663567.0,235396.0,27.1656,126688595.69520001
17752,13917,2957817.0,149856.0,36.0,106481412.0
17752,16236,3948947.0,195610.0,30.0,118468410.0
17752,13073,3936451.0,194809.0,30.0,118093530.0
17752,13636,4063754.0,199679.0,27.1656,110394315.6624
17752,18411,3489022.0,173217.0,30.0,104670660.0
17752,10916,795532.0,41195.0,31.9785,25439920.062
17752,15270,4757508.0,239881.0,27.1656,129240559.3248
17752,13509,4064244.0,199802.0,27.1656,110407626.8064
17752,11200,3850209.0,193287.0,30.0,115506270.0
17752,12616,2344583.0,118982.0,36.0,84404988.0
17752,12868,4737654.0,233698.0,27.1656,128701213.50240001
17752,13555,3091411.0,154600.0,23.2848,71982886.8528
17752,14736,4671075.0,232592.0,27.1656,126892555.02000001
17752,17516,2848746.0,143908.0,36.0,102554856.0
17752,15183,4544192.0,232985.0,27.1656,123445702.19520001
17752,13563,536824.0,28163.0,370.005,198627564.12
17752,15077,3231469.0,163843.0,23.2848,75244109.3712
17752,11466,1838253.0,125013.0,36.0,66177108.0
17752,15378,3922041.0,195874.0,30.0,117661230.0
17752,18827,3230572.0,159538.0,23.2848,75223222.9056
17752,16028,2518054.0,126583.0,36.0,90649944.0
17752,15601,2963621.0,146714.0,36.0,106690356.0
17752,15264,3191998.0,160923.0,23.2848,74325035.03040001
17752,19333,3917546.0,201640.0,30.0,117526380.0
17752,19880,3217383.0,151165.0,23.2848,74916119.6784
17752,14519,4046178.0,199588.0,27.1656,109916853.0768
17752,12369,4687351.0,240483.0,27.1656,127334702.32560001
17752,10044,2322685.0,117758.0,36.0,83616660.0
17752,19147,5323373.0,273861.0,27.1656,144612621.5688
17752,18448,1057273.0,54570.0,31.9785,33810004.6305
17752,17010,2506606.0,120730.0,36.0,90237816.0
17752,17738,4006090.0,200626.0,27.1656,108827838.50400001
17752,10955,4370131.0,219904.0,27.1656,118717230.6936
17752,18219,3826018.0,188878.0,30.0,114780540.0
17752,11853,3777965.0,188508.0,30.0,113338950.0
17752,10657,4165936.0,204734.0,27.1656,113170151.00160001
17752,10568,3130110.0,157072.0,23.2848,72883985.32800001
17752,10867,4744386.0,239725.0,27.1656,128884092.3216
17752,19500,4348190.0,220857.0,27.1656,118121190.264
17752,13165,2241451.0,113416.0,36.0,80692236.0
17752,11022,4397857.0,219091.0,27.1656,119470424.1192
17752,19430,5067803.0,246582.0,27.1656,137669909.1768
17752,15241,4335966.0,219882.0,27.1656,117789117.9696
17752,16683,3603306.0,178797.0,30.0,108099180.0
17752,12216,2674542.0,134565.0,36.0,96283512.0
17752,10301,4500184.0,226275.0,27.1656,122250198.4704
17752,12355,2533584.0,122252.0,36.0,91209024.0
17752,14257,4255754.0,203949.0,27.1656,115610110.86240001
17752,10963,580287.0,30281.0,95.0,55127265.0
17752,16193,1475963.0,75987.0,31.9785,47199082.7955
17752,16962,4370391.0,219938.0,27.1656,118724293.74960001
17752,15724,4046718.0,208185.0,27.1656,109931522.5008
17752,17789,4019519.0,198680.0,27.1656,109192645.34640001
17752,14278,3985950.0,199214.0,27.1656,108280723.32000001
17752,19846,947899.0,47375.0,31.9785,30312388.1715
17752,11261,2698757.0,135291.0,36.0,97155252.0
17752,17223,3526914.0,176816.0,30.0,105807420.0
17752,12562,4691580.0,240713.0,27.1656,127449585.648
17752,13170,4039426.0,198805.0,27.1656,109733430.9456
17752,13489,4025231.0,198757.0,27.1656,109347815.2536
17752,13582,4223440.0,212040.0,27.1656,114732281.664
17752,14358,13398.0,1125.0,370.005,4957326.99
17752,16108,744768.0,37055.0,7.55,5622998.399999999
17752,10796,3365994.0,167685.0,23.2848,78376497.09120001
17752,18799,2672002.0,134417.0,36.0,96192072.0
17752,10375,4985179.0,253102.0,27.1656,135425378.6424
17752,13665,1424276.0,72795.0,31.9785,45546210.066
17752,15185,1629642.0,114875.0,31.9785,52113506.697
17752,13454,4224239.0,222710.0,27.1656,114753986.9784
17752,14053,3815601.0,188562.0,30.0,114468030.0
17752,10901,3907434.0,196740.0,30.0,117223020.0
17752,15948,4403210.0,218444.0,27.1656,119615841.576
17752,12973,2936452.0,152591.0,36.0,105712272.0
17752,12746,4036518.0,199003.0,27.1656,109654433.38080001
17752,11181,4204884.0,207392.0,27.1656,114228196.7904
17752,19143,2471648.0,125469.0,36.0,88979328.0
17752,19785,4109978.0,205805.0,27.1656,111650018.3568
17752,13237,4042149.0,199807.0,27.1656,109807402.8744
17752,15651,783057.0,40289.0,31.9785,25040988.2745
17752,15848,768794.0,39455.0,7.55,5804394.7
17752,11455,4504892.0,224456.0,27.1656,122378094.11520001
17752,14425,3280897.0,166957.0,23.2848,76395030.4656
17752,17752,0.0,0.0,551.06,0.0
17752,14060,3948943.0,195609.0,30.0,118468290.0
17752,10316,3365863.0,166231.0,23.2848,78373446.7824
17752,19134,421858.0,22022.0,370.005,156089569.29
17752,13460,3887770.0,197795.0,30.0,116633100.0
17752,15686,8778.0,773.0,551.06,4837204.68
17752,11189,4985192.0,253105.0,27.1656,135425731.79520002
17752,10326,4986010.0,237004.0,27.1656,135447953.256
17752,10269,4928655.0,249519.0,27.1656,133889870.268
17752,17464,2141439.0,106114.0,36.0,77091804.0
17752,19273,4245767.0,213109.0,27.1656,115338808.0152
17752,13840,3797128.0,193760.0,30.0,113913840.0
17752,14704,4999840.0,243719.0,27.1656,135823653.504
17752,19239,3083587.0,154091.0,23.2848,71800706.5776
17752,19502,3230988.0,163728.0,23.2848,75232909.3824
17752,17504,1493925.0,77277.0,31.9785,47773480.6125
17752,18110,3526691.0,176778.0,30.0,105800730.0
17752,11163,2689177.0,135843.0,36.0,96810372.0
17752,12633,4253474.0,203849.0,27.1656,115548173.2944
17752,16339,698657.0,41450.0,95.0,66372415.0
17752,13989,2244161.0,114056.0,36.0,80789796.0
17752,18149,3541680.0,177559.0,30.0,106250400.0
17752,10177,3600678.0,173233.0,30.0,108020340.0
17752,12270,3596631.0,180661.0,30.0,107898930.0
17752,13100,5085191.0,261578.0,27.1656,138142264.62960002
17752,17781,3130651.0,157138.0,23.2848,72896582.4048
17752,19971,2095107.0,138197.0,36.0,75423852.0
17752,16887,999975.0,51232.0,31.9785,31977700.5375
17752,10985,4794545.0,233458.0,27.1656,130246691.65200001
17752,15976,2775059.0,133664.0,36.0,99902124.0
14060,12652,22691.0,1748.0,332.5,7544757.5
14060,15008,67789.0,4225.0,332.5,22539842.5
14060,11112,56845.0,3640.0,332.5,18900962.5
14060,16325,85753.0,4518.0,332.5,28512872.5
14060,11561,1949250.0,93929.0,332.5,648125625.0
14060,18441,84047.0,4451.0,332.5,27945627.5
14060,16117,201103.0,9947.0,332.5,66866747.5
14060,11209,85254.0,4471.0,332.5,28346955.0
14060,15891,39979.0,3451.0,332.5,13293017.5
14060,18812,97200.0,5199.0,332.5,32319000.0
14060,19915,1474022.0,71128.0,332.5,490112315.0
14060,17282,94873.0,5038.0,332.5,31545272.5
14060,11147,1000818.0,50471.0,332.5,332771985.0
14060,13417,90849.0,4906.0,332.5,30207292.5
14060,12940,506578.0,26031.0,332.5,168437185.0
14060,12352,1383460.0,67518.0,332.5,460000450.0
14060,17522,1622389.0,78266.0,332.5,539444342.5
14060,14234,2757019.0,130397.0,332.5,916708817.5
14060,19300,40829.0,2774.0,332.5,13575642.5
14060,18542,58163.0,3350.0,332.5,19339197.5
14060,16855,1618147.0,78014.0,332.5,538033877.5
14060,13694,745331.0,31649.0,332.5,247822557.5
14060,12205,1096044.0,52256.0,332.5,364434630.0
14060,18941,1145529.0,59031.0,332.5,380888392.5
14060,10748,56172.0,3262.0,332.5,18677190.0
14060,10705,186645.0,10560.0,332.5,62059462.5
14060,15483,727069.0,31113.0,332.5,241750442.5
14060,13088,1389383.0,67704.0,332.5,461969847.5
14060,13917,1452158.0,71980.0,332.5,482842535.0
14060,16236,3.0,0.0,332.5,997.5
14060,13073,18388.0,1169.0,332.5,6114010.0
14060,13636,114893.0,5620.0,332.5,38201922.5
14060,18411,634642.0,34306.0,332.5,211018465.0
14060,10916,3177911.0,157189.0,332.5,1056655407.5
14060,15270,1845924.0,93275.0,332.5,613769730.0
14060,13509,115382.0,5743.0,332.5,38364515.0
14060,11200,255969.0,14282.0,332.5,85109692.5
14060,12616,1617953.0,77892.0,332.5,537969372.5
14060,12868,779951.0,38998.0,332.5,259333707.5
14060,13555,1024159.0,50449.0,332.5,340532867.5
14060,14736,722655.0,38562.0,332.5,240282787.5
14060,17516,1159296.0,59501.0,332.5,385465920.0
14060,15183,1610176.0,78175.0,332.5,535383520.0
14060,13563,3446238.0,170544.0,332.5,1145874135.0
14060,15077,785892.0,39712.0,332.5,261309090.0
14060,11466,2745346.0,134441.0,332.5,912827545.0
14060,15378,482556.0,23412.0,332.5,160449870.0
14060,18827,767690.0,39367.0,332.5,255256925.0
14060,16028,1619959.0,82654.0,332.5,538636367.5
14060,15601,993514.0,51054.0,332.5,330343405.0
14060,15264,921849.0,48685.0,332.5,306514792.5
14060,19333,486503.0,26536.0,332.5,161762247.5
14060,19880,3234020.0,149947.0,332.5,1075311650.0
14060,14519,104383.0,5585.0,332.5,34707347.5
14060,12369,1794466.0,86745.0,332.5,596659945.0
14060,10044,1631852.0,78714.0,332.5,542590790.0
14060,19147,1977309.0,96961.0,332.5,657455242.5
14060,18448,5000164.0,249610.0,332.5,1662554530.0
14060,17010,3938918.0,179750.0,332.5,1309690235.0
14060,17738,539081.0,25796.0,332.5,179244432.5
14060,10955,1095947.0,52212.0,332.5,364402377.5
14060,18219,124949.0,7185.0,332.5,41545542.5
14060,11853,489997.0,24972.0,332.5,162924002.5
14060,10657,224373.0,10693.0,332.5,74604022.5
14060,10568,1062857.0,52920.0,332.5,353399952.5
14060,10867,1832802.0,93119.0,332.5,609406665.0
14060,19500,1436606.0,74251.0,332.5,477671495.0
14060,13165,1695991.0,84591.0,332.5,563917007.5
14060,11022,440154.0,24391.0,332.5,146351205.0
14060,19430,1110100.0,51883.0,332.5,369108250.0
14060,15241,1424382.0,73276.0,332.5,473607015.0
14060,16683,398057.0,21356.0,332.5,132353952.5
14060,12216,1277469.0,64299.0,332.5,424758442.5
14060,10301,1226000.0,58583.0,332.5,407645000.0
14060,12355,3909467.0,179075.0,332.5,1299897777.5
14060,14257,8198645.0,398990.0,332.5,2726049462.5
14060,10963,3437568.0,170319.0,332.5,1142991360.0
14060,16193,3284366.0,157884.0,332.5,1092051695.0
14060,16962,1096207.0,52246.0,332.5,364488827.5
14060,15724,519305.0,29815.0,332.5,172668912.5
14060,17789,74002.0,4134.0,332.5,24605665.0
14060,14278,550104.0,26281.0,332.5,182909580.0
14060,19846,3457836.0,167842.0,332.5,1149730470.0
14060,11261,1417455.0,72737.0,332.5,471303787.5
14060,17223,866566.0,46891.0,332.5,288133195.0
14060,12562,1791416.0,86861.0,332.5,595645820.0
14060,13170,95799.0,4868.0,332.5,31853167.5
14060,13489,79714.0,4212.0,332.5,26504905.0
14060,13582,570473.0,30154.0,332.5,189682272.5
14060,14358,3962332.0,196764.0,332.5,1317475390.0
14060,16108,3541362.0,175258.0,332.5,1177502865.0
14060,10796,760847.0,40087.0,332.5,252981627.5
14060,18799,1274929.0,64150.0,332.5,423913892.5
14060,10375,1710995.0,85410.0,332.5,568905837.5
14060,13665,2540269.0,125163.0,332.5,844639442.5
14060,15185,2952584.0,144636.0,332.5,981734180.0
14060,13454,1252812.0,66506.0,332.5,416559990.0
14060,14053,148396.0,8151.0,332.5,49341670.0
14060,10901,1000233.0,50768.0,332.5,332577472.5
14060,15948,454790.0,24415.0,332.5,151217675.0
14060,12973,1702776.0,83884.0,332.5,566173020.0
14060,12746,94954.0,4962.0,332.5,31572205.0
14060,11181,256023.0,13333.0,332.5,85127647.5
14060,19143,1735958.0,84050.0,332.5,577206035.0
14060,19785,662058.0,32323.0,332.5,220134285.0
14060,13237,96632.0,5262.0,332.5,32130140.0
14060,15651,3184961.0,157832.0,332.5,1058999532.5
14060,15848,3189243.0,157303.0,332.5,1060423297.5
14060,11455,547189.0,29756.0,332.5,181940342.5
14060,14425,1332479.0,68477.0,332.5,443049267.5
14060,17752,3953145.0,195999.0,332.5,1314420712.5
14060,14060,0.0,0.0,332.5,0.0
14060,10316,630602.0,33173.0,332.5,209675165.0
14060,19134,4158059.0,207859.0,332.5,1382554617.5
14060,13460,299603.0,16356.0,332.5,99617997.5
14060,15686,3951100.0,195904.0,332.5,1313740750.0
14060,11189,1711008.0,85413.0,332.5,568910160.0
14060,10326,8928902.0,432044.0,332.5,2968859915.0
14060,10269,1654471.0,81827.0,332.5,550111607.5
14060,17464,6084330.0,301154.0,332.5,2023039725.0
14060,19273,720744.0,38568.0,332.5,239647380.0
14060,13840,1747152.0,94924.0,332.5,580928040.0
14060,14704,1042137.0,49019.0,332.5,346510552.5
14060,19239,980742.0,50069.0,332.5,326096715.0
14060,19502,785410.0,39596.0,332.5,261148825.0
14060,17504,5436816.0,272318.0,332.5,1807741320.0
14060,18110,866343.0,46852.0,332.5,288059047.5
14060,11163,1953487.0,94424.0,332.5,649534427.5
14060,12633,8196365.0,398889.0,332.5,2725291362.5
14060,16339,4641548.0,236490.0,332.5,1543314710.0
14060,13989,1690606.0,84346.0,332.5,562126495.0
14060,18149,850963.0,45922.0,332.5,282945197.5
14060,10177,7543570.0,368273.0,332.5,2508237025.0
14060,12270,1296484.0,66797.0,332.5,431080930.0
14060,13100,1739127.0,84679.0,332.5,578259727.5
14060,17781,1063398.0,52986.0,332.5,353579835.0
14060,19971,3046346.0,150111.0,332.5,1012910045.0
14060,16887,3525551.0,174188.0,332.5,1172245707.5
14060,10985,852982.0,39418.0,332.5,283616515.0
14060,15976,3759717.0,173193.0,332.5,1250105902.5
10316,12652,643344.0,33175.0,24.75,15922764.0
10316,15008,692449.0,35256.0,45.0,31160205.0
10316,11112,692402.0,35754.0,45.0,31158090.0
10316,16325,714567.0,36581.0,20.895,14930877.465
10316,11561,1365583.0,64828.0,20.895,28533856.785
10316,18441,712862.0,36514.0,20.895,14895251.49
10316,16117,833263.0,41523.0,20.895,17411030.384999998
10316,11209,714069.0,36533.0,20.895,14920471.754999999
10316,15891,679068.0,34966.0,45.0,30558060.0
10316,18812,722061.0,36756.0,20.895,15087464.594999999
10316,19915,1656373.0,86479.0,20.895,34609913.835
10316,17282,723688.0,37100.0,20.895,15121460.76
10316,11147,1046248.0,53712.0,20.895,21861351.96
10316,13417,711200.0,35997.0,20.895,14860524.0
10316,12940,722336.0,38489.0,20.895,15093210.719999999
10316,12352,1650708.0,87887.0,20.895,34491543.66
10316,17522,1038723.0,49165.0,20.895,21704117.085
10316,14234,2173352.0,101295.0,20.895,45412190.04
10316,19300,670760.0,34710.0,45.0,30184200.0
10316,18542,686978.0,35413.0,45.0,30914010.0
10316,16855,1034480.0,48912.0,20.895,21615459.599999998
10316,13694,1370192.0,63207.0,20.895,28630161.84
10316,12205,1363292.0,72625.0,20.895,28485986.34
10316,18941,561863.0,29930.0,24.75,13906109.25
10316,10748,683555.0,35805.0,45.0,30759975.0
10316,10705,663507.0,36249.0,45.0,29857815.0
10316,15483,1351930.0,62671.0,20.895,28248577.349999998
10316,13088,1656631.0,88074.0,20.895,34615304.745
10316,13917,868491.0,42879.0,20.895,18147119.445
10316,16236,632245.0,33127.0,24.75,15648063.75
10316,13073,619749.0,32326.0,24.75,15338787.75
10316,13636,747052.0,37196.0,20.895,15609651.54
10316,18411,454192.0,24142.0,24.75,11241252.0
10316,10916,2594244.0,128088.0,20.895,54206728.379999995
10316,15270,1888648.0,96328.0,20.895,39463299.96
10316,13509,747542.0,37319.0,20.895,15619890.09
10316,11200,488234.0,27544.0,24.75,12083791.5
10316,12616,1034286.0,48790.0,20.895,21611405.97
10316,12868,1420952.0,71215.0,20.895,29690792.04
10316,13555,486812.0,23354.0,24.75,12048597.0
10316,14736,1354373.0,70109.0,20.895,28299623.835
10316,17516,575629.0,30399.0,24.75,14246817.75
10316,15183,1675332.0,89432.0,20.895,35006062.14
10316,13563,2862571.0,141443.0,20.895,59813421.045
10316,15077,248545.0,12618.0,65.0,16155425.0
10316,11466,2161679.0,105339.0,20.895,45168282.705
10316,15378,861640.0,45729.0,20.895,18003967.8
10316,18827,145683.0,7898.0,65.0,9469395.0
10316,16028,1036292.0,53552.0,20.895,21653321.34
10316,15601,409847.0,21952.0,24.75,10143713.25
10316,15264,421446.0,21650.0,24.75,10430788.5
10316,19333,798785.0,44825.0,20.895,16690612.575
10316,19880,2650353.0,120846.0,20.895,55379125.935
10316,14519,729476.0,37106.0,20.895,15242401.02
10316,12369,1818491.0,96931.0,20.895,37997369.445
10316,10044,1048185.0,49613.0,20.895,21901825.575
10316,19147,2204611.0,117046.0,20.895,46065346.845
10316,18448,4416498.0,220508.0,20.895,92282725.71
10316,17010,3355251.0,150649.0,20.895,70107969.645
10316,17738,945690.0,50481.0,20.895,19760192.55
10316,10955,1363195.0,72582.0,20.895,28483959.525
10316,18219,508996.0,26348.0,24.75,12597651.0
10316,11853,717564.0,38363.0,20.895,14993499.78
10316,10657,849234.0,42251.0,20.895,17744744.43
10316,10568,525510.0,25826.0,24.75,13006372.5
10316,10867,1875526.0,96172.0,20.895,39189115.769999996
10316,19500,1479330.0,77304.0,20.895,30910600.349999998
10316,13165,1112324.0,55489.0,20.895,23242009.98
10316,11022,1081155.0,56608.0,20.895,22590733.724999998
10316,19430,1751100.0,84100.0,20.895,36589234.5
10316,15241,1467105.0,76329.0,20.895,30655158.974999998
10316,16683,241331.0,13053.0,65.0,15686515.0
10316,12216,693802.0,35197.0,45.0,31221090.0
10316,10301,1493248.0,78952.0,20.895,31201416.96
10316,12355,3325800.0,149973.0,20.895,69492591.0
10316,14257,7614978.0,369888.0,20.895,159114965.31
10316,10963,2853901.0,141217.0,20.895,59632261.394999996
10316,16193,2700699.0,128783.0,20.895,56431105.605
10316,16962,1363455.0,72615.0,20.895,28489392.224999998
10316,15724,869921.0,50532.0,20.895,18176999.294999998
10316,17789,702817.0,36197.0,20.895,14685361.215
10316,14278,925549.0,49069.0,20.895,19339346.355
10316,19846,2874169.0,138740.0,20.895,60055761.254999995
10316,11261,748314.0,42102.0,20.895,15636021.03
10316,17223,671953.0,33960.0,45.0,30237885.0
10316,12562,1822720.0,97160.0,20.895,38085734.4
10316,13170,722724.0,36322.0,20.895,15101317.98
10316,13489,708529.0,36274.0,20.895,14804713.455
10316,13582,1202633.0,61731.0,20.895,25129016.535
10316,14358,3378665.0,167662.0,20.895,70597205.175
10316,16108,2957695.0,146156.0,20.895,61801037.025
10316,10796,496021.0,24028.0,24.75,12276519.75
10316,18799,691262.0,35049.0,45.0,31106790.0
10316,10375,1978243.0,105779.0,20.895,41335387.485
10316,13665,1956602.0,96061.0,20.895,40883198.79
10316,15185,2368917.0,115535.0,20.895,49498520.714999996
10316,13454,1370408.0,75489.0,20.895,28634675.16
10316,14053,494180.0,25664.0,24.75,12230955.0
10316,10901,1038574.0,53188.0,20.895,21701003.73
10316,15948,1086508.0,55962.0,20.895,22702584.66
10316,12973,1119109.0,54783.0,20.895,23383782.555
10316,12746,719816.0,36520.0,20.895,15040555.32
10316,11181,888182.0,44909.0,20.895,18558562.89
10316,19143,1152291.0,54948.0,20.895,24077120.445
10316,19785,1049577.0,55660.0,20.895,21930911.415
10316,13237,725447.0,37324.0,20.895,15158215.065
10316,15651,2601294.0,128731.0,20.895,54354038.129999995
10316,15848,2605576.0,128202.0,20.895,54443510.519999996
10316,11455,1188189.0,61973.0,20.895,24827209.155
10316,14425,795132.0,41383.0,20.895,16614283.139999999
10316,17752,3369478.0,166898.0,20.895,70405242.81
10316,14060,632241.0,33126.0,24.75,15647964.75
10316,10316,0.0,0.0,65.0,0.0
10316,19134,3574392.0,178757.0,20.895,74686920.84
10316,13460,612611.0,34725.0,24.75,15162122.25
10316,15686,3367433.0,166802.0,20.895,70362512.535
10316,11189,1978255.0,105782.0,20.895,41335638.225
10316,10326,8345235.0,402943.0,20.895,174373685.325
10316,10269,1921719.0,102197.0,20.895,40154318.505
10316,17464,5500663.0,272053.0,20.895,114936353.38499999
10316,19273,1185366.0,62964.0,20.895,24768222.57
10316,13840,1311362.0,68186.0,20.895,27400908.99
10316,14704,1683137.0,81236.0,20.895,35169147.615
10316,19239,443395.0,22974.0,24.75,10974026.25
10316,19502,248063.0,12502.0,65.0,16124095.0
10316,17504,4853149.0,243216.0,20.895,101406548.355
10316,18110,671730.0,33921.0,45.0,30227850.0
10316,11163,1175733.0,63875.0,20.895,24566941.035
10316,12633,7612698.0,369788.0,20.895,159067324.71
10316,16339,4057882.0,207389.0,20.895,84789444.39
10316,13989,1106939.0,55244.0,20.895,23129490.405
10316,18149,669537.0,34342.0,45.0,30129165.0
10316,10177,6959903.0,339172.0,20.895,145427173.185
10316,12270,796081.0,39763.0,20.895,16634112.495
10316,13100,1966429.0,104763.0,20.895,41088533.955
10316,17781,526051.0,25892.0,24.75,13019762.25
10316,19971,2462679.0,121009.0,20.895,51457677.705
10316,16887,2941885.0,145086.0,20.895,61470687.074999996
10316,10985,1477843.0,70975.0,20.895,30879529.485
10316,15976,3176050.0,144091.0,20.895,66363564.75
19134,12652,4164591.0,207489.0,35.0,145760685.0
19134,15008,4213696.0,209569.0,35.0,147479360.0
19134,11112,4213649.0,210067.0,35.0,147477715.0
19134,16325,4235815.0,210894.0,35.0,148253525.0
19134,11561,2258877.0,116387.0,35.0,79060695.0
19134,18441,4234109.0,210827.0,35.0,148193815.0
19134,16117,4354510.0,215836.0,35.0,152407850.0
19134,11209,4235316.0,210846.0,35.0,148236060.0
19134,15891,4200315.0,209279.0,35.0,147011025.0
19134,18812,4243308.0,211069.0,35.0,148515780.0
19134,19915,4729777.0,241862.0,35.0,165542195.0
19134,17282,4244935.0,211414.0,35.0,148572725.0
19134,11147,4119652.0,209095.0,35.0,144187820.0
19134,13417,4232447.0,210310.0,35.0,148135645.0
19134,12940,3987282.0,200464.0,35.0,139554870.0
19134,12352,4862189.0,247040.0,35.0,170176615.0
19134,17522,2551238.0,131052.0,35.0,89293330.0
19134,14234,2105568.0,98698.0,35.0,73694880.0
19134,19300,4192007.0,209023.0,35.0,146720245.0
19134,18542,4208225.0,209726.0,35.0,147287875.0
19134,16855,2565820.0,131625.0,35.0,89803700.0
19134,13694,4891439.0,237520.0,35.0,171200365.0
19134,12205,4574773.0,231778.0,35.0,160117055.0
19134,18941,3093334.0,157825.0,35.0,108266690.0
19134,10748,4204802.0,210118.0,35.0,147168070.0
19134,10705,4161444.0,208843.0,35.0,145650540.0
19134,15483,4873177.0,236984.0,35.0,170561195.0
19134,13088,4868111.0,247226.0,35.0,170383885.0
19134,13917,3162362.0,161686.0,35.0,110682670.0
19134,16236,4153491.0,207441.0,35.0,145372185.0
19134,13073,4140996.0,206639.0,35.0,144934860.0
19134,13636,4268299.0,211510.0,35.0,149390465.0
19134,18411,3693566.0,185047.0,35.0,129274810.0
19134,10916,1000076.0,53026.0,4.78,4780363.28
19134,15270,4962052.0,251711.0,35.0,173671820.0
19134,13509,4268789.0,211632.0,35.0,149407615.0
19134,11200,4054754.0,205117.0,35.0,141916390.0
19134,12616,2549127.0,130812.0,35.0,89219445.0
19134,12868,4942199.0,245529.0,35.0,172976965.0
19134,13555,3295956.0,166431.0,35.0,115358460.0
19134,14736,4875620.0,244422.0,35.0,170646700.0
19134,17516,3053291.0,155738.0,35.0,106865185.0
19134,15183,4748736.0,244815.0,35.0,166205760.0
19134,13563,741369.0,39993.0,4.78,3543743.8200000003
19134,15077,3436014.0,175674.0,35.0,120260490.0
19134,11466,2042798.0,136844.0,35.0,71497930.0
19134,15378,4126586.0,207704.0,35.0,144430510.0
19134,18827,3435117.0,171368.0,35.0,120229095.0
19134,16028,2722599.0,138413.0,35.0,95290965.0
19134,15601,3168166.0,158544.0,35.0,110885810.0
19134,15264,3396543.0,172754.0,35.0,118879005.0
19134,19333,4122091.0,213470.0,35.0,144273185.0
19134,19880,3421928.0,162995.0,35.0,119767480.0
19134,14519,4250723.0,211419.0,35.0,148775305.0
19134,12369,4891895.0,252314.0,35.0,171216325.0
19134,10044,2527229.0,129588.0,35.0,88453015.0
19134,19147,5527917.0,285691.0,35.0,193477095.0
19134,18448,1459759.0,75579.0,4.78,6977648.0200000005
19134,17010,2711150.0,132560.0,35.0,94890250.0
19134,17738,4210635.0,212456.0,35.0,147372225.0
19134,10955,4574676.0,231735.0,35.0,160113660.0
19134,18219,4030563.0,200708.0,35.0,141069705.0
19134,11853,3982510.0,200339.0,35.0,139387850.0
19134,10657,4370481.0,216564.0,35.0,152966835.0
19134,10568,3334655.0,168902.0,35.0,116712925.0
19134,10867,4948930.0,251555.0,35.0,173212550.0
19134,19500,4552735.0,232687.0,35.0,159345725.0
19134,13165,2445996.0,125246.0,35.0,85609860.0
19134,11022,4602402.0,230922.0,35.0,161084070.0
19134,19430,5272347.0,258413.0,35.0,184532145.0
19134,15241,4540510.0,231712.0,35.0,158917850.0
19134,16683,3807851.0,190627.0,35.0,133274785.0
19134,12216,2879087.0,146396.0,35.0,100768045.0
19134,10301,4704728.0,238105.0,35.0,164665480.0
19134,12355,2738129.0,134083.0,35.0,95834515.0
19134,14257,4658240.0,224958.0,35.0,163038400.0
19134,10963,784832.0,42112.0,4.78,3751496.96
19134,16193,1680508.0,87817.0,4.78,8032828.24
19134,16962,4574935.0,231768.0,35.0,160122725.0
19134,15724,4251263.0,220015.0,35.0,148794205.0
19134,17789,4224064.0,210510.0,35.0,147842240.0
19134,14278,4190495.0,211044.0,35.0,146667325.0
19134,19846,1152444.0,59205.0,4.78,5508682.32
19134,11261,2903301.0,147122.0,35.0,101615535.0
19134,17223,3731459.0,188647.0,35.0,130601065.0
19134,12562,4896124.0,252543.0,35.0,171364340.0
19134,13170,4243971.0,210636.0,35.0,148538985.0
19134,13489,4229776.0,210588.0,35.0,148042160.0
19134,13582,4427985.0,223870.0,35.0,154979475.0
19134,14358,419960.0,21883.0,4.78,2007408.8
19134,16108,949313.0,48886.0,4.78,4537716.140000001
19134,10796,3570539.0,179515.0,35.0,124968865.0
19134,18799,2876547.0,146247.0,35.0,100679145.0
19134,10375,5189723.0,264932.0,35.0,181640305.0
19134,13665,1628821.0,84626.0,4.78,7785764.380000001
19134,15185,1834187.0,126706.0,35.0,64196545.0
19134,13454,4428784.0,234540.0,35.0,155007440.0
19134,14053,4020146.0,200392.0,35.0,140705110.0
19134,10901,4111978.0,208571.0,35.0,143919230.0
19134,15948,4607755.0,230275.0,35.0,161271425.0
19134,12973,3140996.0,164422.0,35.0,109934860.0
19134,12746,4241063.0,210833.0,35.0,148437205.0
19134,11181,4409430.0,219222.0,35.0,154330050.0
19134,19143,2676193.0,137299.0,35.0,93666755.0
19134,19785,4314523.0,217635.0,35.0,151008305.0
19134,13237,4246694.0,211638.0,35.0,148634290.0
19134,15651,987602.0,52119.0,4.78,4720737.5600000005
19134,15848,973339.0,51285.0,4.78,4652560.42
19134,11455,4709436.0,236286.0,35.0,164830260.0
19134,14425,3485442.0,178787.0,35.0,121990470.0
19134,17752,421702.0,22032.0,4.78,2015735.56
19134,14060,4153488.0,207440.0,35.0,145372080.0
19134,10316,3570408.0,178061.0,35.0,124964280.0
19134,19134,0.0,0.0,4.78,0.0
19134,13460,4092314.0,209625.0,35.0,143230990.0
19134,15686,440643.0,22559.0,4.78,2106273.54
19134,11189,5189736.0,264935.0,35.0,181640760.0
19134,10326,5388496.0,258013.0,35.0,188597360.0
19134,10269,5133199.0,261349.0,35.0,179661965.0
19134,17464,2543925.0,127123.0,35.0,89037375.0
19134,19273,4450312.0,224940.0,35.0,155760920.0
19134,13840,4001673.0,205591.0,35.0,140058555.0
19134,14704,5204385.0,255549.0,35.0,182153475.0
19134,19239,3288131.0,165921.0,35.0,115084585.0
19134,19502,3435533.0,175558.0,35.0,120243655.0
19134,17504,1896411.0,98286.0,35.0,66374385.0
19134,18110,3731236.0,188608.0,35.0,130593260.0
19134,11163,2893722.0,147674.0,35.0,101280270.0
19134,12633,4655960.0,224858.0,35.0,162958600.0
19134,16339,1101143.0,62459.0,4.78,5263463.54
19134,13989,2448705.0,125886.0,35.0,85704675.0
19134,18149,3746225.0,189390.0,35.0,131117875.0
19134,10177,4003164.0,194242.0,35.0,140110740.0
19134,12270,3801176.0,192491.0,35.0,133041160.0
19134,13100,5289735.0,273409.0,35.0,185140725.0
19134,17781,3335196.0,168968.0,35.0,116731860.0
19134,19971,2299652.0,150027.0,35.0,80487820.0
19134,16887,1204520.0,63063.0,4.78,5757605.600000001
19134,10985,4999090.0,245288.0,35.0,174968150.0
19134,15976,2979604.0,145494.0,35.0,104286140.0
13460,12652,276058.0,16594.0,60.0,16563480.0
13460,15008,314830.0,17479.0,37.5,11806125.0
13460,11112,294656.0,16575.0,60.0,17679360.0
13460,16325,326542.0,17683.0,37.5,12245325.0
13460,11561,1884510.0,95612.0,79.0,148876290.0
13460,18441,324836.0,17616.0,37.5,12181350.0
13460,16117,441893.0,23111.0,65.0,28723045.0
13460,11209,326043.0,17635.0,37.5,12226612.5
13460,15891,241629.0,13827.0,22.932,5541036.228
13460,18812,285940.0,15685.0,60.0,17156400.0
13460,19915,1714811.0,84293.0,79.0,135470069.0
13460,17282,321080.0,17675.0,37.5,12040500.0
13460,11147,1241608.0,63635.0,79.0,98087032.0
13460,13417,331638.0,18070.0,60.0,19898280.0
13460,12940,747367.0,39196.0,35.0,26157845.0
13460,12352,1624250.0,80682.0,79.0,128315750.0
13460,17522,1557649.0,79949.0,79.0,123054271.0
13460,14234,2692279.0,132080.0,79.0,212690041.0
13460,19300,287870.0,16028.0,60.0,17272200.0
13460,18542,298952.0,16515.0,60.0,17937120.0
13460,16855,1553407.0,79697.0,79.0,122719153.0
13460,13694,836530.0,38432.0,35.0,29278550.0
13460,12205,1336834.0,65420.0,79.0,105609886.0
13460,18941,1122165.0,60602.0,79.0,88651035.0
13460,10748,268039.0,15112.0,22.932,6146670.347999999
13460,10705,469755.0,24855.0,35.0,16441425.0
13460,15483,818267.0,37896.0,35.0,28639345.0
13460,13088,1630172.0,80869.0,79.0,128783588.0
13460,13917,1475675.0,77207.0,79.0,116578325.0
13460,16236,276032.0,16506.0,60.0,16561920.0
13460,13073,267108.0,15725.0,22.932,6125320.6559999995
13460,13636,355682.0,18785.0,60.0,21340920.0
13460,18411,805529.0,42679.0,35.0,28193515.0
13460,10916,3113171.0,158872.0,79.0,245940509.0
13460,15270,2086714.0,106440.0,79.0,164850406.0
13460,13509,356171.0,18907.0,60.0,21370260.0
13460,11200,127904.0,7363.0,46.9,5998697.6
13460,12616,1553212.0,79575.0,79.0,122703748.0
13460,12868,1015264.0,50991.0,79.0,80205856.0
13460,13555,1055106.0,55851.0,79.0,83353374.0
13460,14736,953605.0,51280.0,79.0,75334795.0
13460,17516,1167697.0,63203.0,79.0,92248063.0
13460,15183,1850965.0,91340.0,79.0,146226235.0
13460,13563,3381498.0,172227.0,79.0,267138342.0
13460,15077,816839.0,45115.0,35.0,28589365.0
13460,11466,2680606.0,136123.0,79.0,211767874.0
13460,15378,723346.0,36577.0,35.0,25317110.0
13460,18827,749720.0,42335.0,35.0,26240200.0
13460,16028,1643475.0,87881.0,79.0,129834525.0
13460,15601,1017031.0,56281.0,79.0,80345449.0
13460,15264,698327.0,37061.0,35.0,24441445.0
13460,19333,198074.0,10988.0,46.9,9289670.6
13460,19880,3257537.0,155174.0,79.0,257345423.0
13460,14519,293355.0,16034.0,60.0,17601300.0
13460,12369,2035255.0,99909.0,79.0,160785145.0
13460,10044,1567112.0,80397.0,79.0,123801848.0
13460,19147,1603900.0,83209.0,79.0,126708100.0
13460,18448,4935424.0,251293.0,79.0,389898496.0
13460,17010,3962435.0,184977.0,79.0,313032365.0
13460,17738,779870.0,38960.0,35.0,27295450.0
13460,10955,1336737.0,65377.0,79.0,105602223.0
13460,18219,258581.0,14782.0,22.932,5929779.492
13460,11853,730787.0,38137.0,35.0,25577545.0
13460,10657,328043.0,17722.0,37.5,12301612.5
13460,10568,1093804.0,58323.0,79.0,86410516.0
13460,10867,2073591.0,106284.0,79.0,163813689.0
13460,19500,1677396.0,87416.0,79.0,132514284.0
13460,13165,1719508.0,89818.0,79.0,135841132.0
13460,11022,675467.0,36384.0,35.0,23641345.0
13460,19430,1345412.0,63875.0,79.0,106287548.0
13460,15241,1665171.0,86441.0,79.0,131548509.0
13460,16683,389665.0,23199.0,65.0,25328225.0
13460,12216,1300986.0,69526.0,79.0,102777894.0
13460,10301,1466789.0,71747.0,79.0,115876331.0
13460,12355,3932984.0,184302.0,79.0,310705736.0
13460,14257,8133905.0,400672.0,79.0,642578495.0
13460,10963,3372828.0,172002.0,79.0,266453412.0
13460,16193,3219626.0,159567.0,79.0,254350454.0
13460,16962,1336996.0,65410.0,79.0,105622684.0
13460,15724,259114.0,16140.0,22.932,5942002.248
13460,17789,314791.0,17299.0,37.5,11804662.5
13460,14278,790893.0,39446.0,35.0,27681255.0
13460,19846,3393096.0,169525.0,79.0,268054584.0
13460,11261,1194385.0,63063.0,79.0,94356415.0
13460,17223,1037225.0,55231.0,79.0,81940775.0
13460,12562,2032206.0,100025.0,79.0,160544274.0
13460,13170,336588.0,18033.0,60.0,20195280.0
13460,13489,320504.0,17377.0,37.5,12018900.0
13460,13582,811262.0,43319.0,35.0,28394170.0
13460,14358,3897592.0,198447.0,79.0,307909768.0
13460,16108,3476622.0,176940.0,79.0,274653138.0
13460,10796,931734.0,48460.0,79.0,73606986.0
13460,18799,1298446.0,69377.0,79.0,102577234.0
13460,10375,1951784.0,98574.0,79.0,154190936.0
13460,13665,2475529.0,126846.0,79.0,195566791.0
13460,15185,2887844.0,146319.0,79.0,228139676.0
13460,13454,964383.0,50958.0,79.0,76186257.0
13460,14053,245220.0,14089.0,22.932,5623385.04
13460,10901,1241022.0,63933.0,79.0,98040738.0
13460,15948,685740.0,37133.0,35.0,24000900.0
13460,12973,1726293.0,89111.0,79.0,136377147.0
13460,12746,283695.0,15449.0,60.0,17021700.0
13460,11181,475720.0,26116.0,35.0,16650200.0
13460,19143,1533364.0,80435.0,79.0,121135756.0
13460,19785,902847.0,45487.0,35.0,31599645.0
13460,13237,321754.0,17734.0,37.5,12065775.0
13460,15651,3120221.0,159515.0,79.0,246497459.0
13460,15848,3124503.0,158986.0,79.0,246835737.0
13460,11455,782501.0,41749.0,35.0,27387535.0
13460,14425,1363426.0,73880.0,79.0,107710654.0
13460,17752,3888405.0,197682.0,79.0,307183995.0
13460,14060,276028.0,16505.0,60.0,16561680.0
13460,10316,611072.0,34823.0,35.0,21387520.0
13460,19134,4093319.0,209542.0,79.0,323372201.0
13460,13460,0.0,0.0,46.9,0.0
13460,15686,3886360.0,197587.0,79.0,307022440.0
13460,11189,1951797.0,98577.0,79.0,154191963.0
13460,10326,8864162.0,433727.0,79.0,700268798.0
13460,10269,1895260.0,94992.0,79.0,149725540.0
13460,17464,6019590.0,302837.0,79.0,475547610.0
13460,19273,961533.0,51733.0,79.0,75961107.0
13460,13840,1879656.0,100683.0,79.0,148492824.0
13460,14704,1277450.0,61012.0,79.0,100918550.0
13460,19239,1011689.0,55471.0,79.0,79923431.0
13460,19502,816357.0,44999.0,35.0,28572495.0
13460,17504,5372076.0,274000.0,79.0,424394004.0
13460,18110,1037002.0,55192.0,79.0,81923158.0
13460,11163,1621803.0,84837.0,79.0,128122437.0
13460,12633,8131625.0,400572.0,79.0,642398375.0
13460,16339,4576808.0,238173.0,79.0,361567832.0
13460,13989,1714123.0,89573.0,79.0,135415717.0
13460,18149,1021622.0,54262.0,79.0,80708138.0
13460,10177,7478830.0,369956.0,79.0,590827570.0
13460,12270,1072961.0,55174.0,79.0,84763919.0
13460,13100,1365718.0,70926.0,79.0,107891722.0
13460,17781,1094346.0,58389.0,79.0,86453334.0
13460,19971,2981606.0,151793.0,79.0,235546874.0
13460,16887,3460811.0,175871.0,79.0,273404069.0
13460,10985,944180.0,46200.0,79.0,74590220.0
13460,15976,3783234.0,178420.0,79.0,298875486.0
15686,12652,3957487.0,195532.0,27.1656,107507508.8472
15686,15008,4006593.0,197613.0,27.1656,108841502.80080001
15686,11112,4006546.0,198111.0,27.1656,108840226.0176
15686,16325,4028711.0,198937.0,27.1656,109442351.5416
15686,11561,2051774.0,104431.0,27.1656,55737671.7744
15686,18441,4027005.0,198871.0,27.1656,109396007.02800001
15686,16117,4147406.0,203879.0,27.1656,112666772.43360001
15686,11209,4028212.0,198890.0,27.1656,109428795.90720001
15686,15891,3993211.0,197323.0,27.1656,108477972.7416
15686,18812,4036204.0,199113.0,27.1656,109645903.3824
15686,19915,4522674.0,229906.0,27.1656,122861152.8144
15686,17282,4037832.0,199457.0,27.1656,109690128.9792
15686,11147,3912548.0,197138.0,27.1656,106286713.94880001
15686,13417,4025344.0,198353.0,27.1656,109350884.96640001
15686,12940,3780178.0,188508.0,27.1656,102690803.47680001
15686,12352,4655085.0,235084.0,27.1656,126458177.076
15686,17522,2344135.0,119096.0,27.1656,63679833.756000005
15686,14234,1898464.0,86742.0,27.1656,51572913.6384
15686,19300,3984903.0,197067.0,27.1656,108252280.9368
15686,18542,4001121.0,197769.0,27.1656,108692852.6376
15686,16855,2358717.0,119669.0,27.1656,64075962.5352
15686,13694,4684336.0,225564.0,27.1656,127252798.0416
15686,12205,4367669.0,219821.0,27.1656,118650348.98640001
15686,18941,2886231.0,145868.0,27.1656,78406196.85360001
15686,10748,3997699.0,198162.0,27.1656,108599891.9544
15686,10705,3954341.0,196886.0,27.1656,107422045.8696
15686,15483,4666073.0,225028.0,27.1656,126756672.6888
15686,13088,4661008.0,235270.0,27.1656,126619078.92480001
15686,13917,2955258.0,149730.0,27.1656,80281356.7248
15686,16236,3946388.0,195484.0,27.1656,107205997.85280001
15686,13073,3933892.0,194683.0,27.1656,106866536.5152
15686,13636,4061196.0,199553.0,27.1656,110324826.0576
15686,18411,3486463.0,173091.0,27.1656,94711859.2728
15686,10916,792973.0,41069.0,3.9199999999999995,3108454.1599999997
15686,15270,4754949.0,239755.0,27.1656,129171042.55440001
15686,13509,4061685.0,199676.0,27.1656,110338110.036
15686,11200,3847650.0,193161.0,27.1656,104523720.84
15686,12616,2342024.0,118856.0,27.1656,63622487.1744
15686,12868,4735096.0,233572.0,27.1656,128631723.89760001
15686,13555,3088852.0,154474.0,27.1656,83910517.8912
15686,14736,4668516.0,232465.0,27.1656,126823038.24960001
15686,17516,2846188.0,143782.0,27.1656,77318404.7328
15686,15183,4541633.0,232859.0,27.1656,123376185.42480001
15686,13563,534265.0,28037.0,3.9199999999999995,2094318.7999999998
15686,15077,3228910.0,163717.0,27.1656,87715277.496
15686,11466,1835694.0,124887.0,27.1656,49867728.926400006
15686,15378,3919482.0,195748.0,27.1656,106475080.2192
15686,18827,3228014.0,159412.0,27.1656,87690937.11840001
15686,16028,2515496.0,126457.0,27.1656,68334958.1376
15686,15601,2961062.0,146588.0,27.1656,80439025.8672
15686,15264,3189439.0,160797.0,27.1656,86643024.0984
15686,19333,3914988.0,201514.0,27.1656,106352998.01280001
15686,19880,3214825.0,151039.0,27.1656,87332650.02000001
15686,14519,4043619.0,199462.0,27.1656,109847336.3064
15686,12369,4684792.0,240357.0,27.1656,127265185.55520001
15686,10044,2320126.0,117632.0,27.1656,63027614.865600005
15686,19147,5320814.0,273735.0,27.1656,144543104.7984
15686,18448,1056129.0,54453.0,3.9199999999999995,4140025.6799999992
15686,17010,2504047.0,120603.0,27.1656,68023939.1832
15686,17738,4003531.0,200500.0,27.1656,108758321.7336
15686,10955,4367572.0,219778.0,27.1656,118647713.92320001
15686,18219,3823459.0,188752.0,27.1656,103866557.81040001
15686,11853,3775406.0,188382.0,27.1656,102561169.2336
15686,10657,4163377.0,204608.0,27.1656,113100634.23120001
15686,10568,3127551.0,156946.0,27.1656,84961799.4456
15686,10867,4741827.0,239599.0,27.1656,128814575.5512
15686,19500,4345631.0,220731.0,27.1656,118051673.49360001
15686,13165,2238892.0,113290.0,27.1656,60820844.515200004
15686,11022,4395299.0,218965.0,27.1656,119400934.5144
15686,19430,5065244.0,246456.0,27.1656,137600392.4064
15686,15241,4333407.0,219756.0,27.1656,117719601.1992
15686,16683,3600747.0,178671.0,27.1656,97816452.7032
15686,12216,2671983.0,134439.0,27.1656,72586021.3848
15686,10301,4497625.0,226149.0,27.1656,122180681.7
15686,12355,2531025.0,122126.0,27.1656,68756812.74000001
15686,14257,4254610.0,203833.0,27.1656,115579033.41600001
15686,10963,577728.0,30155.0,3.9199999999999995,2264693.76
15686,16193,1473405.0,75861.0,3.9199999999999995,5775747.6
15686,16962,4367832.0,219812.0,27.1656,118654776.9792
15686,15724,4044160.0,208059.0,27.1656,109862032.896
15686,17789,4016961.0,198554.0,27.1656,109123155.7416
15686,14278,3983391.0,199088.0,27.1656,108211206.5496
15686,19846,945340.0,47249.0,3.9199999999999995,3705732.7999999993
15686,11261,2696198.0,135165.0,27.1656,73243836.38880001
15686,17223,3524355.0,176690.0,27.1656,95741218.18800001
15686,12562,4689021.0,240587.0,27.1656,127380068.8776
15686,13170,4036867.0,198679.0,27.1656,109663914.1752
15686,13489,4022673.0,198631.0,27.1656,109278325.6488
15686,13582,4220881.0,211913.0,27.1656,114662764.8936
15686,14358,22731.0,1891.0,3.9199999999999995,89105.51999999999
15686,16108,742209.0,36929.0,3.9199999999999995,2909459.28
15686,10796,3363435.0,167559.0,27.1656,91369729.83600001
15686,18799,2669443.0,134291.0,27.1656,72517020.7608
15686,10375,4982620.0,252976.0,27.1656,135355861.872
15686,13665,1421717.0,72669.0,3.9199999999999995,5573130.64
15686,15185,1627083.0,114749.0,3.9199999999999995,6378165.359999999
15686,13454,4221681.0,222584.0,27.1656,114684497.3736
15686,14053,3813042.0,188436.0,27.1656,103583573.7552
15686,10901,3904875.0,196614.0,27.1656,106078272.30000001
15686,15948,4400652.0,218318.0,27.1656,119546351.9712
15686,12973,2933893.0,152465.0,27.1656,79700963.6808
15686,12746,4033959.0,198877.0,27.1656,109584916.6104
15686,11181,4202326.0,207266.0,27.1656,114158707.18560001
15686,19143,2469090.0,125342.0,27.1656,67074311.304000005
15686,19785,4107419.0,205679.0,27.1656,111580501.5864
15686,13237,4039591.0,199681.0,27.1656,109737913.2696
15686,15651,780498.0,40162.0,3.9199999999999995,3059552.1599999997
15686,15848,766235.0,39329.0,3.9199999999999995,3003641.1999999997
15686,11455,4502333.0,224330.0,27.1656,122308577.34480001
15686,14425,3278338.0,166831.0,27.1656,89058018.7728
15686,17752,9617.0,841.0,386.01,3712258.17
15686,14060,3946384.0,195483.0,27.1656,107205889.1904
15686,10316,3363304.0,166105.0,27.1656,91366171.14240001
15686,19134,440838.0,22578.0,3.9199999999999995,1728084.9599999997
15686,13460,3885211.0,197669.0,27.1656,105544087.94160001
15686,15686,0.0,0.0,386.01,0.0
15686,11189,4982633.0,252979.0,27.1656,135356215.0248
15686,10326,4984866.0,236888.0,27.1656,135416875.8096
15686,10269,4926096.0,249393.0,27.1656,133820353.4976
15686,17464,2140294.0,105998.0,27.1656,58142370.686400004
15686,19273,4243208.0,212983.0,27.1656,115269291.2448
15686,13840,3794569.0,193634.0,27.1656,103081743.62640001
15686,14704,4997282.0,243593.0,27.1656,135754163.8992
15686,19239,3081028.0,153965.0,27.1656,83697974.2368
15686,19502,3228429.0,163601.0,27.1656,87702210.8424
15686,17504,1492780.0,77161.0,3.9199999999999995,5851697.6
15686,18110,3524132.0,176652.0,27.1656,95735160.2592
15686,11163,2686619.0,135717.0,27.1656,72983617.1064
15686,12633,4252330.0,203733.0,27.1656,115517095.848
15686,16339,697513.0,41334.0,3.9199999999999995,2734250.9599999995
15686,13989,2241602.0,113930.0,27.1656,60894463.291200005
15686,18149,3539121.0,177433.0,27.1656,96142345.4376
15686,10177,3599534.0,173117.0,27.1656,97783500.8304
15686,12270,3594072.0,180535.0,27.1656,97635122.3232
15686,13100,5082632.0,261452.0,27.1656,138072747.8592
15686,17781,3128092.0,157012.0,27.1656,84976496.0352
15686,19971,2092549.0,138071.0,27.1656,56845349.1144
15686,16887,997417.0,51106.0,3.9199999999999995,3909874.6399999997
15686,10985,4791986.0,233332.0,27.1656,130177174.8816
15686,15976,2772500.0,133537.0,27.1656,75316626.0
11189,12652,1720491.0,85609.0,12.6126,21699864.7866
11189,15008,1663594.0,83874.0,12.6126,20982245.6844
11189,11112,1667858.0,83313.0,12.6126,21036025.8108
11189,16325,1658912.0,82745.0,12.6126,20923193.4912
11189,11561,3084740.0,156263.0,12.6126,38906591.724
11189,18441,1657207.0,82678.0,15.5232,25725155.7024
11189,16117,1550729.0,79709.0,20.3742,31594862.791799996
11189,11209,1655011.0,82740.0,15.5232,25691066.7552
11189,15891,1718599.0,85551.0,12.6126,21676001.7474
11189,18812,1748487.0,86939.0,12.6126,22052967.1362
11189,19915,980986.0,52285.0,15.5232,15228041.8752
11189,17282,1698395.0,84646.0,12.6126,21421176.777000003
11189,11147,1079631.0,56670.0,15.5232,16759327.939199999
11189,13417,1629836.0,81535.0,15.5232,25300270.1952
11189,12940,1363355.0,70586.0,20.3742,27777267.440999996
11189,12352,890425.0,48675.0,15.5232,13822245.36
11189,17522,2757880.0,140600.0,12.6126,34784037.288
11189,14234,3739366.0,187038.0,12.6126,47163127.611600004
11189,19300,1676834.0,83666.0,12.6126,21149236.5084
11189,18542,1660872.0,82849.0,12.6126,20947914.187200002
11189,16855,2753638.0,140348.0,12.6126,34730534.6388
11189,13694,2396618.0,113390.0,12.6126,30227584.1868
11189,12205,619791.0,33565.0,22.31,13827537.209999999
11189,18941,2450958.0,127855.0,12.6126,30912952.8708
11189,10748,1713337.0,85275.0,12.6126,21609634.2462
11189,10705,1561852.0,81718.0,20.3742,31821485.0184
11189,15483,2378356.0,112854.0,12.6126,29997252.8856
11189,13088,896347.0,48862.0,15.5232,13914173.7504
11189,13917,2258150.0,117237.0,12.6126,28481142.69
11189,16236,1715674.0,85680.0,12.6126,21639109.8924
11189,13073,1736475.0,85931.0,12.6126,21901464.585
11189,13636,1637221.0,82027.0,15.5232,25414909.0272
11189,18411,1546295.0,82646.0,20.3742,31504523.588999998
11189,10916,4202419.0,214260.0,12.6126,53003429.8794
11189,15270,1543486.0,78355.0,20.3742,31447292.4612
11189,13509,1637711.0,82150.0,15.5232,25422515.3952
11189,11200,1960351.0,98073.0,12.6126,24725123.022600003
11189,12616,2753443.0,140226.0,12.6126,34728075.1818
11189,12868,2025922.0,111145.0,12.6126,25552143.8172
11189,13555,1889998.0,99024.0,12.6126,23837788.774800003
11189,14736,1706705.0,97888.0,12.6126,21525987.483
11189,17516,2464725.0,128324.0,12.6126,31086590.535
11189,15183,1117140.0,59332.0,15.5232,17341587.648
11189,13563,4470746.0,227615.0,12.6126,56387730.9996
11189,15077,1911263.0,100502.0,12.6126,24105995.713800002
11189,11466,3880837.0,196775.0,12.6126,48947444.7462
11189,15378,1293917.0,66057.0,20.3742,26362523.741399996
11189,18827,2098984.0,109765.0,12.6126,26473645.5984
11189,16028,2667485.0,138395.0,12.6126,33643921.311000004
11189,15601,2258224.0,118215.0,12.6126,28482076.022400003
11189,15264,2401086.0,127197.0,12.6126,30283937.283600003
11189,19333,2144758.0,109143.0,12.6126,27050974.750800002
11189,19880,3851963.0,187190.0,12.6126,48583268.5338
11189,14519,1755670.0,87325.0,12.6126,22143563.442
11189,12369,1301431.0,67902.0,20.3742,26515615.480199996
11189,10044,2767342.0,141048.0,12.6126,34903377.7092
11189,19147,3628596.0,178701.0,12.6126,45766029.909600005
11189,18448,6024672.0,306680.0,12.6126,75986778.0672
11189,17010,4556861.0,216993.0,12.6126,57473865.0486
11189,17738,1188692.0,61175.0,15.5232,18452303.6544
11189,10955,620963.0,33569.0,22.31,13853684.53
11189,18219,1829684.0,91022.0,12.6126,23077072.4184
11189,11853,1365680.0,70473.0,20.3742,27824637.455999997
11189,10657,1875660.0,92434.0,12.6126,23656949.316
11189,10568,1855323.0,96710.0,12.6126,23400446.8698
11189,10867,1550915.0,78667.0,20.3742,31598652.393
11189,19500,1382795.0,73047.0,20.3742,28173341.889
11189,13165,2733789.0,140395.0,12.6126,34480187.1414
11189,11022,1908242.0,99856.0,12.6126,24067893.049200002
11189,19430,2356407.0,124057.0,12.6126,29720418.928200003
11189,15241,1379372.0,72531.0,20.3742,28103601.002399996
11189,16683,1866657.0,99681.0,12.6126,23543398.0782
11189,12216,2324996.0,120040.0,12.6126,29324244.5496
11189,10301,732964.0,39740.0,22.31,16352426.84
11189,12355,4527411.0,216318.0,12.6126,57102423.9786
11189,14257,9223153.0,456060.0,12.6126,116327939.52780001
11189,10963,4462076.0,227389.0,12.6126,56278379.7576
11189,16193,4308874.0,214955.0,12.6126,54346104.212400004
11189,16962,621223.0,33603.0,22.31,13859485.129999999
11189,15724,2177560.0,112422.0,12.6126,27464693.256
11189,17789,1669025.0,83309.0,12.6126,21050744.715
11189,14278,1168552.0,59763.0,15.5232,18139666.4064
11189,19846,4482344.0,224912.0,12.6126,56534011.9344
11189,11261,2713857.0,139693.0,12.6126,34228792.798200004
11189,17223,1462259.0,77195.0,20.3742,29792357.317799997
11189,12562,1298381.0,68018.0,20.3742,26453474.170199998
11189,13170,1646439.0,82280.0,15.5232,25558001.8848
11189,13489,1660348.0,82809.0,12.6126,20941305.1848
11189,13582,1248469.0,72139.0,20.3742,25436557.099799998
11189,14358,4986840.0,253834.0,12.6126,62897018.184
11189,16108,4565870.0,232328.0,12.6126,57587491.962000005
11189,10796,1658948.0,88199.0,12.6126,20923647.544800002
11189,18799,2322456.0,119892.0,12.6126,29292208.5456
11189,10375,12.0,3.0,2186.0,26232.0
11189,13665,3564777.0,182233.0,12.6126,44961106.390200004
11189,15185,4088074.0,206970.0,12.6126,51561242.1324
11189,13454,2911067.0,149113.0,12.6126,36716123.644200005
11189,14053,1852777.0,91941.0,12.6126,23368335.1902
11189,10901,1084397.0,57041.0,15.5232,16833311.5104
11189,15948,1663139.0,86152.0,12.6126,20976506.9514
11189,12973,2339380.0,121451.0,12.6126,29505664.188
11189,12746,1746242.0,86703.0,12.6126,22024651.8492
11189,11181,1613435.0,82068.0,15.5232,25045674.191999998
11189,19143,2871449.0,146384.0,12.6126,36216437.657400005
11189,19785,1099789.0,64046.0,20.3742,22407321.043799996
11189,13237,1700154.0,84870.0,12.6126,21443362.3404
11189,15651,4209469.0,214903.0,12.6126,53092348.709400006
11189,15848,4213751.0,214374.0,12.6126,53146355.8626
11189,11455,2013773.0,104957.0,12.6126,25398913.3398
11189,14425,1873193.0,102122.0,12.6126,23625834.0318
11189,17752,4977653.0,253070.0,12.6126,62781146.227800004
11189,14060,1715670.0,85679.0,12.6126,21639059.442
11189,10316,1981933.0,105902.0,12.6126,24997328.1558
11189,19134,5182567.0,264929.0,12.6126,65365644.5442
11189,13460,1957858.0,98963.0,12.6126,24693679.8108
11189,15686,4975608.0,252974.0,12.6126,62755353.4608
11189,11189,0.0,0.0,2186.0,0.0
11189,10326,9953409.0,489115.0,12.6126,125538366.3534
11189,10269,1161435.0,62984.0,15.5232,18029187.792
11189,17464,7108837.0,358225.0,12.6126,89660917.5462
11189,19273,1090251.0,64696.0,20.3742,22212991.9242
11189,13840,2128371.0,114672.0,12.6126,26844292.0746
11189,14704,2308027.0,121819.0,12.6126,29110221.3402
11189,19239,1897146.0,99364.0,12.6126,23927943.6396
11189,19502,1910782.0,100386.0,12.6126,24099929.053200003
11189,17504,6461324.0,329388.0,12.6126,81494095.08240001
11189,18110,1462036.0,77157.0,20.3742,29787813.8712
11189,11163,3088978.0,156758.0,12.6126,38960043.922800004
11189,12633,9220873.0,455960.0,12.6126,116299182.79980001
11189,16339,5666056.0,293561.0,12.6126,71463697.9056
11189,13989,2728405.0,140150.0,12.6126,34412280.903000005
11189,18149,1462239.0,77081.0,20.3742,29791949.8338
11189,10177,8568078.0,425344.0,12.6126,108065740.5828
11189,12270,2775721.0,145310.0,12.6126,35009058.6846
11189,13100,3390414.0,166419.0,12.6126,42761935.6164
11189,17781,1855865.0,96776.0,12.6126,23407282.899
11189,19971,4181836.0,212445.0,12.6126,52743824.733600006
11189,16887,4550059.0,231258.0,12.6126,57388074.1434
11189,10985,2412641.0,120138.0,12.6126,30429675.8766
11189,15976,4377660.0,210436.0,12.6126,55213674.516
10326,12652,8927692.0,431321.0,25.0,223192300.0
10326,15008,8976797.0,433402.0,25.0,224419925.0
10326,11112,8976750.0,433900.0,25.0,224418750.0
10326,16325,8998916.0,434726.0,25.0,224972900.0
10326,11561,7021978.0,340220.0,25.0,175549450.0
10326,18441,8997210.0,434660.0,25.0,224930250.0
10326,16117,9117611.0,439668.0,25.0,227940275.0
10326,11209,8998417.0,434679.0,25.0,224960425.0
10326,15891,8963416.0,433112.0,25.0,224085400.0
10326,18812,9006409.0,434902.0,25.0,225160225.0
10326,19915,9492878.0,465695.0,25.0,237321950.0
10326,17282,9008036.0,435246.0,25.0,225200900.0
10326,11147,8882753.0,432927.0,25.0,222068825.0
10326,13417,8995548.0,434142.0,25.0,224888700.0
10326,12940,8750382.0,424297.0,25.0,218759550.0
10326,12352,9625290.0,470873.0,25.0,240632250.0
10326,17522,7314339.0,354885.0,25.0,182858475.0
10326,14234,6868669.0,322531.0,25.0,171716725.0
10326,19300,8955108.0,432856.0,25.0,223877700.0
10326,18542,8971326.0,433558.0,25.0,224283150.0
10326,16855,7328921.0,355458.0,25.0,183223025.0
10326,13694,9654540.0,461353.0,25.0,241363500.0
10326,12205,9337874.0,455610.0,25.0,233446850.0
10326,18941,7856435.0,381657.0,25.0,196410875.0
10326,10748,8967903.0,433951.0,25.0,224197575.0
10326,10705,8924546.0,432675.0,25.0,223113650.0
10326,15483,9636278.0,460817.0,25.0,240906950.0
10326,13088,9631212.0,471059.0,25.0,240780300.0
10326,13917,7925463.0,385519.0,25.0,198136575.0
10326,16236,8916593.0,431273.0,25.0,222914825.0
10326,13073,8904097.0,430472.0,25.0,222602425.0
10326,13636,9031400.0,435342.0,25.0,225785000.0
10326,18411,8456667.0,408880.0,25.0,211416675.0
10326,10916,5763177.0,276858.0,25.0,144079425.0
10326,15270,9725154.0,475544.0,25.0,243128850.0
10326,13509,9031890.0,435465.0,25.0,225797250.0
10326,11200,8817854.0,428950.0,25.0,220446350.0
10326,12616,7312228.0,354645.0,25.0,182805700.0
10326,12868,9705299.0,469361.0,25.0,242632475.0
10326,13555,8059057.0,390263.0,25.0,201476425.0
10326,14736,9638721.0,468254.0,25.0,240968025.0
10326,17516,7816392.0,379571.0,25.0,195409800.0
10326,15183,9511837.0,468648.0,25.0,237795925.0
10326,13563,5504469.0,263826.0,25.0,137611725.0
10326,15077,8199114.0,399506.0,25.0,204977850.0
10326,11466,6805898.0,360676.0,25.0,170147450.0
10326,15378,8889686.0,431537.0,25.0,222242150.0
10326,18827,8198217.0,395201.0,25.0,204955425.0
10326,16028,7485700.0,362246.0,25.0,187142500.0
10326,15601,7931266.0,382377.0,25.0,198281650.0
10326,15264,8159644.0,396586.0,25.0,203991100.0
10326,19333,8885192.0,437303.0,25.0,222129800.0
10326,19880,8185029.0,386828.0,25.0,204625725.0
10326,14519,9013824.0,435251.0,25.0,225345600.0
10326,12369,9654996.0,476146.0,25.0,241374900.0
10326,10044,7290330.0,353421.0,25.0,182258250.0
10326,19147,10291018.0,509524.0,25.0,257275450.0
10326,18448,3940664.0,184258.0,62.0,244321168.0
10326,17010,7474251.0,356392.0,25.0,186856275.0
10326,17738,8973736.0,436289.0,25.0,224343400.0
10326,10955,9337777.0,455567.0,25.0,233444425.0
10326,18219,8793663.0,424541.0,25.0,219841575.0
10326,11853,8745610.0,424171.0,25.0,218640250.0
10326,10657,9133582.0,440397.0,25.0,228339550.0
10326,10568,8097755.0,392735.0,25.0,202443875.0
10326,10867,9712031.0,475388.0,25.0,242800775.0
10326,19500,9315836.0,456520.0,25.0,232895900.0
10326,13165,7209097.0,349079.0,25.0,180227425.0
10326,11022,9365503.0,454754.0,25.0,234137575.0
10326,19430,10035447.0,482245.0,25.0,250886175.0
10326,15241,9303611.0,455545.0,25.0,232590275.0
10326,16683,8570952.0,414460.0,25.0,214273800.0
10326,12216,7642187.0,370228.0,25.0,191054675.0
10326,10301,9467830.0,461938.0,25.0,236695750.0
10326,12355,7501230.0,357915.0,25.0,187530750.0
10326,14257,725101.0,32798.0,62.0,44956262.0
10326,10963,5547932.0,265944.0,25.0,138698300.0
10326,16193,6443609.0,311650.0,25.0,161090225.0
10326,16962,9338036.0,455601.0,25.0,233450900.0
10326,15724,9014364.0,443848.0,25.0,225359100.0
10326,17789,8987165.0,434343.0,25.0,224679125.0
10326,14278,8953595.0,434877.0,25.0,223839875.0
10326,19846,5915545.0,283038.0,25.0,147888625.0
10326,11261,7666402.0,370954.0,25.0,191660050.0
10326,17223,8494559.0,412479.0,25.0,212363975.0
10326,12562,9659225.0,476376.0,25.0,241480625.0
10326,13170,9007072.0,434468.0,25.0,225176800.0
10326,13489,8992877.0,434420.0,25.0,224821925.0
10326,13582,9191085.0,447702.0,25.0,229777125.0
10326,14358,4964619.0,236145.0,25.0,124115475.0
10326,16108,5712414.0,272718.0,25.0,142810350.0
10326,10796,8333639.0,403348.0,25.0,208340975.0
10326,18799,7639648.0,370080.0,25.0,190991200.0
10326,10375,9952825.0,488765.0,25.0,248820625.0
10326,13665,6391922.0,308458.0,25.0,159798050.0
10326,15185,6597287.0,350538.0,25.0,164932175.0
10326,13454,9191885.0,458373.0,25.0,229797125.0
10326,14053,8783246.0,424225.0,25.0,219581150.0
10326,10901,8875079.0,432403.0,25.0,221876975.0
10326,15948,9370856.0,454107.0,25.0,234271400.0
10326,12973,7904097.0,388254.0,25.0,197602425.0
10326,12746,9004164.0,434666.0,25.0,225104100.0
10326,11181,9172531.0,443055.0,25.0,229313275.0
10326,19143,7439294.0,361131.0,25.0,185982350.0
10326,19785,9077623.0,441468.0,25.0,226940575.0
10326,13237,9009795.0,435470.0,25.0,225244875.0
10326,15651,5750703.0,275951.0,25.0,143767575.0
10326,15848,5736439.0,275118.0,25.0,143410975.0
10326,11455,9472537.0,460119.0,25.0,236813425.0
10326,14425,8248543.0,402620.0,25.0,206213575.0
10326,17752,4978643.0,236652.0,25.0,124466075.0
10326,14060,8916589.0,431272.0,25.0,222914725.0
10326,10316,8333508.0,401894.0,25.0,208337700.0
10326,19134,5382241.0,257758.0,25.0,134556025.0
10326,13460,8855415.0,433458.0,25.0,221385375.0
10326,15686,4978498.0,236619.0,25.0,124462450.0
10326,11189,9952838.0,488768.0,25.0,248820950.0
10326,10326,0.0,0.0,62.0,0.0
10326,10269,9896301.0,485182.0,25.0,247407525.0
10326,17464,2830416.0,131315.0,62.0,175485792.0
10326,19273,9213412.0,448772.0,25.0,230335300.0
10326,13840,8764774.0,429423.0,25.0,219119350.0
10326,14704,9967485.0,479382.0,25.0,249187125.0
10326,19239,8051232.0,389754.0,25.0,201280800.0
10326,19502,8198633.0,399390.0,25.0,204965825.0
10326,17504,3479758.0,160621.0,62.0,215744996.0
10326,18110,8494336.0,412441.0,25.0,212358400.0
10326,11163,7656823.0,371506.0,25.0,191420575.0
10326,12633,742893.0,33627.0,62.0,46059366.0
10326,16339,4555476.0,215021.0,62.0,282439512.0
10326,13989,7211806.0,349719.0,25.0,180295150.0
10326,18149,8509325.0,413222.0,25.0,212733125.0
10326,10177,1393518.0,64897.0,62.0,86398116.0
10326,12270,8564277.0,416324.0,25.0,214106925.0
10326,13100,10052836.0,497241.0,25.0,251320900.0
10326,17781,8098297.0,392801.0,25.0,202457425.0
10326,19971,7062752.0,373860.0,25.0,176568800.0
10326,16887,5967621.0,286895.0,25.0,149190525.0
10326,10985,9762191.0,469121.0,25.0,244054775.0
10326,15976,7742704.0,369326.0,25.0,193567600.0
10269,12652,1659073.0,81648.0,72.0,119453256.0
10269,15008,1602176.0,79912.0,72.0,115356672.0
10269,11112,1606440.0,79352.0,72.0,115663680.0
10269,16325,1597494.0,78784.0,72.0,115019568.0
10269,11561,3023322.0,152302.0,72.0,217679184.0
10269,18441,1595789.0,78717.0,72.0,114896808.0
10269,16117,1489311.0,75747.0,72.0,107230392.0
10269,11209,1593593.0,78779.0,72.0,114738696.0
10269,15891,1657181.0,81590.0,72.0,119317032.0
10269,18812,1687069.0,82978.0,72.0,121468968.0
10269,19915,436682.0,23894.0,72.0,31441104.0
10269,17282,1636977.0,80685.0,72.0,117862344.0
10269,11147,1018213.0,52709.0,72.0,73311336.0
10269,13417,1568418.0,77574.0,72.0,112926096.0
10269,12940,1301937.0,66625.0,72.0,93739464.0
10269,12352,291874.0,16997.0,72.0,21014928.0
10269,17522,2696462.0,136639.0,72.0,194145264.0
10269,14234,3677947.0,183077.0,72.0,264812184.0
10269,19300,1615416.0,79705.0,72.0,116309952.0
10269,18542,1599453.0,78888.0,72.0,115160616.0
10269,16855,2692219.0,136387.0,72.0,193839768.0
10269,13694,2335200.0,109429.0,72.0,168134400.0
10269,12205,567157.0,30843.0,72.0,40835304.0
10269,18941,2389540.0,123894.0,72.0,172046880.0
10269,10748,1651919.0,81313.0,72.0,118938168.0
10269,10705,1500434.0,77757.0,72.0,108031248.0
10269,15483,2316937.0,108893.0,72.0,166819464.0
10269,13088,289246.0,16291.0,72.0,20825712.0
10269,13917,2196732.0,113276.0,72.0,158164704.0
10269,16236,1654256.0,81719.0,72.0,119106432.0
10269,13073,1675057.0,81970.0,72.0,120604104.0
10269,13636,1575803.0,78066.0,72.0,113457816.0
10269,18411,1484876.0,78685.0,72.0,106911072.0
10269,10916,4141000.0,210299.0,72.0,298152000.0
10269,15270,999181.0,49964.0,72.0,71941032.0
10269,13509,1576293.0,78189.0,72.0,113493096.0
10269,11200,1898933.0,94112.0,72.0,136723176.0
10269,12616,2692025.0,136265.0,72.0,193825800.0
10269,12868,2133062.0,108023.0,72.0,153580464.0
10269,13555,1828579.0,95063.0,72.0,131657688.0
10269,14736,1846530.0,94944.0,72.0,132950160.0
10269,17516,2403307.0,124363.0,72.0,173038104.0
10269,15183,572836.0,30941.0,72.0,41244192.0
10269,13563,4409327.0,223654.0,72.0,317471544.0
10269,15077,1849845.0,96541.0,72.0,133188840.0
10269,11466,3819418.0,192814.0,72.0,274998096.0
10269,15378,1232499.0,62096.0,72.0,88739928.0
10269,18827,2037566.0,105804.0,72.0,146704752.0
10269,16028,2606067.0,134434.0,72.0,187636824.0
10269,15601,2196806.0,114254.0,72.0,158170032.0
10269,15264,2339668.0,123236.0,72.0,168456096.0
10269,19333,2083340.0,105182.0,72.0,150000480.0
10269,19880,3790545.0,183229.0,72.0,272919240.0
10269,14519,1694252.0,83364.0,72.0,121986144.0
10269,12369,757126.0,39510.0,72.0,54513072.0
10269,10044,2705924.0,137087.0,72.0,194826528.0
10269,19147,3567178.0,174740.0,72.0,256836816.0
10269,18448,5963254.0,302719.0,72.0,429354288.0
10269,17010,4495443.0,213032.0,72.0,323671896.0
10269,17738,1127274.0,57214.0,72.0,81163728.0
10269,10955,567060.0,30800.0,72.0,40828320.0
10269,18219,1768265.0,87061.0,72.0,127315080.0
10269,11853,1304262.0,66511.0,72.0,93906864.0
10269,10657,1814242.0,88473.0,72.0,130625424.0
10269,10568,1793905.0,92749.0,72.0,129161160.0
10269,10867,1006611.0,50276.0,72.0,72475992.0
10269,19500,1060811.0,56159.0,72.0,76378392.0
10269,13165,2672371.0,136434.0,72.0,192410712.0
10269,11022,1846824.0,95894.0,72.0,132971328.0
10269,19430,2463547.0,120936.0,72.0,177375384.0
10269,15241,1057388.0,55643.0,72.0,76131936.0
10269,16683,1805239.0,95720.0,72.0,129977208.0
10269,12216,2263577.0,116079.0,72.0,162977544.0
10269,10301,449815.0,24281.0,72.0,32386680.0
10269,12355,4465992.0,212357.0,72.0,321551424.0
10269,14257,9161735.0,452099.0,72.0,659644920.0
10269,10963,4400657.0,223428.0,72.0,316847304.0
10269,16193,4247455.0,210994.0,72.0,305816760.0
10269,16962,567320.0,30833.0,72.0,40847040.0
10269,15724,2116141.0,108461.0,72.0,152362152.0
10269,17789,1607607.0,79348.0,72.0,115747704.0
10269,14278,1107134.0,55802.0,72.0,79713648.0
10269,19846,4420925.0,220951.0,72.0,318306600.0
10269,11261,2652439.0,135732.0,72.0,190975608.0
10269,17223,1400840.0,73234.0,72.0,100860480.0
10269,12562,754076.0,39627.0,72.0,54293472.0
10269,13170,1585021.0,78319.0,72.0,114121512.0
10269,13489,1598930.0,78848.0,72.0,115122960.0
10269,13582,1340294.0,68366.0,72.0,96501168.0
10269,14358,4925421.0,249873.0,72.0,354630312.0
10269,16108,4504451.0,228367.0,72.0,324320472.0
10269,10796,1597530.0,84238.0,72.0,115022160.0
10269,18799,2261038.0,115931.0,72.0,162794736.0
10269,10375,1160231.0,62764.0,72.0,83536632.0
10269,13665,3503358.0,178272.0,72.0,252241776.0
10269,15185,4026656.0,203009.0,72.0,289919232.0
10269,13454,2849649.0,145152.0,72.0,205174728.0
10269,14053,1791359.0,87980.0,72.0,128977848.0
10269,10901,1022979.0,53080.0,72.0,73654488.0
10269,15948,1601720.0,82191.0,72.0,115323840.0
10269,12973,2277961.0,117490.0,72.0,164013192.0
10269,12746,1684823.0,82742.0,72.0,121307256.0
10269,11181,1552017.0,78107.0,72.0,111745224.0
10269,19143,2810030.0,142422.0,72.0,202322160.0
10269,19785,1226832.0,62132.0,72.0,88331904.0
10269,13237,1638735.0,80909.0,72.0,117988920.0
10269,15651,4148050.0,210942.0,72.0,298659600.0
10269,15848,4152332.0,210413.0,72.0,298967904.0
10269,11455,1952355.0,100996.0,72.0,140569560.0
10269,14425,1811775.0,98161.0,72.0,130447800.0
10269,17752,4916234.0,249109.0,72.0,353968848.0
10269,14060,1654252.0,81718.0,72.0,119106144.0
10269,10316,1920515.0,101941.0,72.0,138277080.0
10269,19134,5121148.0,260968.0,72.0,368722656.0
10269,13460,1896440.0,95002.0,72.0,136543680.0
10269,15686,4914189.0,249013.0,72.0,353821608.0
10269,11189,1160244.0,62767.0,72.0,83537568.0
10269,10326,9891991.0,485154.0,72.0,712223352.0
10269,10269,0.0,0.0,72.0,0.0
10269,17464,7047419.0,354263.0,72.0,507414168.0
10269,19273,1155099.0,65101.0,72.0,83167128.0
10269,13840,1467062.0,102124.0,72.0,105628464.0
10269,14704,2415167.0,118697.0,72.0,173892024.0
10269,19239,1835728.0,95403.0,72.0,132172416.0
10269,19502,1849364.0,96425.0,72.0,133154208.0
10269,17504,6399905.0,325427.0,72.0,460793160.0
10269,18110,1400617.0,73196.0,72.0,100844424.0
10269,11163,3027559.0,152797.0,72.0,217984248.0
10269,12633,9159455.0,451999.0,72.0,659480760.0
10269,16339,5604638.0,289600.0,72.0,403533936.0
10269,13989,2666986.0,136189.0,72.0,192022992.0
10269,18149,1400821.0,73120.0,72.0,100859112.0
10269,10177,8506659.0,421382.0,72.0,612479448.0
10269,12270,2714302.0,141348.0,72.0,195429744.0
10269,13100,3328996.0,162458.0,72.0,239687712.0
10269,17781,1794446.0,92815.0,72.0,129200112.0
10269,19971,4120418.0,208484.0,72.0,296670096.0
10269,16887,4488641.0,227297.0,72.0,323182152.0
10269,10985,2351222.0,116177.0,72.0,169287984.0
10269,15976,4316242.0,206475.0,72.0,310769424.0
17464,12652,6091235.0,300831.0,47.0,286288045.0
17464,15008,6140340.0,302911.0,42.6888,262123746.192
17464,11112,6140293.0,303410.0,42.6888,262121739.8184
17464,16325,6162459.0,304236.0,42.6888,263067979.7592
17464,11561,4185522.0,209730.0,27.1656,113702216.4432
17464,18441,6160753.0,304169.0,42.6888,262995152.66640002
17464,16117,6281154.0,309178.0,42.6888,268134926.8752
17464,11209,6161960.0,304189.0,42.6888,263046678.048
17464,15891,6126960.0,302621.0,42.6888,261552570.048
17464,18812,6169953.0,304412.0,42.6888,263387889.6264
17464,19915,6656422.0,335205.0,42.6888,284154667.47360003
17464,17282,6171580.0,304756.0,42.6888,263457344.304
17464,11147,6046297.0,302437.0,47.0,284175959.0
17464,13417,6159092.0,303652.0,42.6888,262924246.56960002
17464,12940,5913927.0,293806.0,47.0,277954569.0
17464,12352,6788834.0,340382.0,42.6888,289807176.8592
17464,17522,4477883.0,224394.0,27.1656,121644378.42480001
17464,14234,4032212.0,192040.0,27.1656,109537458.3072
17464,19300,6118651.0,302365.0,42.6888,261197868.8088
17464,18542,6134869.0,303068.0,42.6888,261890195.7672
17464,16855,4492465.0,224967.0,27.1656,122040507.20400001
17464,13694,6818084.0,330862.0,42.6888,291055824.2592
17464,12205,6501418.0,325120.0,42.6888,277537732.7184
17464,18941,5019979.0,251167.0,27.1656,136370741.5224
17464,10748,6131447.0,303460.0,42.6888,261744114.6936
17464,10705,6088089.0,302185.0,47.0,286140183.0
17464,15483,6799821.0,330326.0,42.6888,290276198.7048
17464,13088,6794756.0,340569.0,42.6888,290059979.9328
17464,13917,5089007.0,255028.0,27.1656,138245928.55920002
17464,16236,6080136.0,300783.0,47.0,285766392.0
17464,13073,6067640.0,299981.0,47.0,285179080.0
17464,13636,6194943.0,304852.0,42.6888,264454682.7384
17464,18411,5620211.0,278390.0,47.0,264149917.0
17464,10916,2926721.0,146368.0,32.02,93713606.42
17464,15270,6888697.0,345054.0,42.6888,294070208.4936
17464,13509,6195433.0,304974.0,42.6888,264475600.2504
17464,11200,5981399.0,298460.0,47.0,281125753.0
17464,12616,4475772.0,224155.0,27.1656,121587031.84320001
17464,12868,6868843.0,338871.0,42.6888,293222665.0584
17464,13555,5222601.0,259773.0,27.1656,141875089.7256
17464,14736,6802265.0,337764.0,42.6888,290380530.132
17464,17516,4979936.0,249080.0,27.1656,135282949.4016
17464,15183,6675381.0,338157.0,42.6888,284964004.4328
17464,13563,2668014.0,133336.0,32.02,85429808.28
17464,15077,5362659.0,269016.0,27.1656,145679849.33040002
17464,11466,3969443.0,230186.0,27.1656,107832300.7608
17464,15378,6053231.0,301046.0,47.0,284501857.0
17464,18827,5361762.0,264710.0,27.1656,145655481.7872
17464,16028,4649244.0,231756.0,27.1656,126299502.8064
17464,15601,5094810.0,251886.0,27.1656,138403570.536
17464,15264,5323188.0,266096.0,27.1656,144607595.9328
17464,19333,6048736.0,306812.0,47.0,284290592.0
17464,19880,5348573.0,256337.0,27.1656,145297194.6888
17464,14519,6177368.0,304761.0,42.6888,263704427.07840002
17464,12369,6818540.0,345656.0,42.6888,291075290.352
17464,10044,4453875.0,222930.0,27.1656,120992186.7
17464,19147,7454562.0,379033.0,42.6888,318226306.3056
17464,18448,1104209.0,53767.0,32.02,35356772.18000001
17464,17010,4637795.0,225902.0,27.1656,125988483.85200001
17464,17738,6137280.0,305798.0,42.6888,261993118.46400002
17464,10955,6501321.0,325077.0,42.6888,277533591.9048
17464,18219,5957207.0,294050.0,47.0,279988729.0
17464,11853,5909155.0,293681.0,47.0,277730285.0
17464,10657,6297126.0,309906.0,42.6888,268816752.3888
17464,10568,5261300.0,262245.0,27.1656,142926371.28
17464,10867,6875575.0,344898.0,42.6888,293510046.06
17464,19500,6479379.0,326030.0,42.6888,276596914.2552
17464,13165,4372641.0,218589.0,27.1656,118785416.3496
17464,11022,6529046.0,324264.0,42.6888,278717138.8848
17464,19430,7198992.0,351755.0,42.6888,307316329.6896
17464,15241,6467154.0,325054.0,42.6888,276075043.6752
17464,16683,5734496.0,283970.0,47.0,269521312.0
17464,12216,4805732.0,239738.0,27.1656,130550593.2192
17464,10301,6631373.0,331447.0,42.6888,283085355.7224
17464,12355,4664774.0,227425.0,27.1656,126721384.57440001
17464,14257,2107522.0,98518.0,32.02,67482854.44000001
17464,10963,2711477.0,135454.0,32.02,86821493.54
17464,16193,3607153.0,181159.0,32.02,115501039.06000002
17464,16962,6501580.0,325110.0,42.6888,277544648.304
17464,15724,6177908.0,313358.0,42.6888,263727479.0304
17464,17789,6150708.0,303852.0,42.6888,262566343.6704
17464,14278,6117140.0,304387.0,42.6888,261133366.032
17464,19846,3079089.0,152547.0,32.02,98592429.78000002
17464,11261,4829946.0,240464.0,27.1656,131208381.0576
17464,17223,5658104.0,281989.0,47.0,265930888.0
17464,12562,6822769.0,345885.0,42.6888,291255821.2872
17464,13170,6170615.0,303978.0,42.6888,263416149.612
17464,13489,6156421.0,303930.0,42.6888,262810224.7848
17464,13582,6354629.0,317212.0,42.6888,271271486.4552
17464,14358,2128163.0,105655.0,32.02,68143779.26
17464,16108,2875958.0,142228.0,32.02,92088175.16000001
17464,10796,5497184.0,272858.0,27.1656,149334301.6704
17464,18799,4803192.0,239590.0,27.1656,130481592.5952
17464,10375,7116368.0,358274.0,42.6888,303789210.2784
17464,13665,3555466.0,177968.0,32.02,113846021.32000001
17464,15185,3760832.0,220048.0,32.02,120421840.64000002
17464,13454,6355429.0,327882.0,42.6888,271305637.4952
17464,14053,5946790.0,293735.0,47.0,279499130.0
17464,10901,6038623.0,301913.0,47.0,283815281.0
17464,15948,6534400.0,323617.0,42.6888,278945694.72
17464,12973,5067642.0,257764.0,27.1656,137665535.51520002
17464,12746,6167707.0,304175.0,42.6888,263292010.5816
17464,11181,6336074.0,312565.0,42.6888,270479395.7712
17464,19143,4602838.0,230641.0,27.1656,125038855.9728
17464,19785,6241168.0,310978.0,42.6888,266427972.5184
17464,13237,6173338.0,304980.0,42.6888,263532391.2144
17464,15651,2914247.0,145461.0,32.02,93314188.94000001
17464,15848,2899983.0,144627.0,32.02,92857455.66000001
17464,11455,6636081.0,329628.0,42.6888,283286334.5928
17464,14425,5412087.0,272130.0,27.1656,147022590.6072
17464,17752,2142187.0,106162.0,32.02,68592827.74000001
17464,14060,6080132.0,300782.0,47.0,285766204.0
17464,10316,5497053.0,271404.0,27.1656,149330742.9768
17464,19134,2545785.0,127268.0,32.02,81516035.7
17464,13460,6018959.0,302968.0,47.0,282891073.0
17464,15686,2142042.0,106129.0,32.02,68588184.84
17464,11189,7116381.0,358277.0,42.6888,303789765.2328
17464,10326,2837778.0,131573.0,32.02,90865651.56
17464,10269,7059844.0,354692.0,42.6888,301376268.5472
17464,17464,0.0,0.0,32.02,0.0
17464,19273,6376956.0,318282.0,42.6888,272224599.2928
17464,13840,5928318.0,298933.0,47.0,278630946.0
17464,14704,7131029.0,348892.0,42.6888,304415070.7752
17464,19239,5214776.0,259263.0,27.1656,141662518.9056
17464,19502,5362177.0,268900.0,27.1656,145666755.5112
17464,17504,643302.0,30131.0,32.02,20598530.040000003
17464,18110,5657881.0,281950.0,47.0,265920407.0
17464,11163,4820367.0,241016.0,27.1656,130948161.77520001
17464,12633,2105242.0,98418.0,32.02,67409848.84
17464,16339,1719020.0,84530.0,32.02,55043020.400000006
17464,13989,4375350.0,219229.0,27.1656,118859007.96000001
17464,18149,5672870.0,282732.0,47.0,266624890.0
17464,10177,1452446.0,67801.0,32.02,46507320.92
17464,12270,5727821.0,285833.0,47.0,269207587.0
17464,13100,7216380.0,366751.0,42.6888,308058602.544
17464,17781,5261841.0,262310.0,27.1656,142941067.8696
17464,19971,4226297.0,243370.0,27.1656,114809893.78320001
17464,16887,3131165.0,156405.0,32.02,100259903.30000001
17464,10985,6925734.0,338631.0,42.6888,295651273.5792
17464,15976,4906248.0,238836.0,27.1656,133281170.66880001
19273,12652,725703.0,38856.0,38.5,27939565.5
19273,15008,677541.0,37217.0,38.5,26085328.5
19273,11112,655183.0,35607.0,38.5,25224545.5
19273,16325,632765.0,34586.0,38.5,24361452.5
19273,11561,2350488.0,116081.0,38.5,90493788.0
19273,18441,631060.0,34520.0,60.0,37863600.0
19273,16117,526160.0,30770.0,45.0,23677200.0
19273,11209,628864.0,34581.0,60.0,37731840.0
19273,15891,711120.0,38261.0,38.5,27378120.0
19273,18812,730509.0,39149.0,38.5,28124596.5
19273,19915,974458.0,54601.0,38.5,37516633.0
19273,17282,680417.0,36856.0,38.5,26196054.5
19273,11147,824403.0,43156.0,38.5,31739515.5
19273,13417,638178.0,35188.0,38.5,24569853.0
19273,12940,474074.0,25292.0,45.0,21333330.0
19273,12352,883897.0,50991.0,38.5,34030034.5
19273,17522,2023628.0,100418.0,38.5,77909678.0
19273,14234,3005114.0,146856.0,38.5,115696889.0
19273,19300,669355.0,36376.0,38.5,25770167.5
19273,18542,654070.0,35609.0,38.5,25181695.0
19273,16855,2019386.0,100166.0,38.5,77746361.0
19273,13694,1378640.0,65600.0,38.5,53077640.0
19273,12205,596481.0,35729.0,38.5,22964518.5
19273,18941,1656487.0,87186.0,38.5,63774749.5
19273,10748,701641.0,37824.0,38.5,27013178.5
19273,10705,644384.0,35726.0,38.5,24808784.0
19273,15483,1360378.0,65063.0,38.5,52374553.0
19273,13088,889819.0,51177.0,38.5,34258031.5
19273,13917,1583924.0,80997.0,38.5,60981074.0
19273,16236,708196.0,38390.0,38.5,27265546.0
19273,13073,722508.0,39032.0,38.5,27816558.0
19273,13636,598293.0,33162.0,60.0,35897580.0
19273,18411,768687.0,40158.0,38.5,29594449.5
19273,10916,3468167.0,174078.0,38.5,133524429.5
19273,15270,1520770.0,79322.0,38.5,58549645.0
19273,13509,598783.0,33284.0,60.0,35926980.0
19273,11200,965563.0,51320.0,38.5,37174175.5
19273,12616,2019191.0,100044.0,38.5,77738853.5
19273,12868,940505.0,46912.0,38.5,36209442.5
19273,13555,1163355.0,59225.0,38.5,44789167.5
19273,14736,621288.0,33654.0,60.0,37277280.0
19273,17516,1670253.0,87655.0,38.5,64304740.5
19273,15183,1110612.0,61648.0,38.5,42758562.0
19273,13563,3736494.0,187432.0,38.5,143855019.0
19273,15077,1116960.0,59353.0,38.5,43002960.0
19273,11466,3146585.0,156592.0,38.5,121143522.5
19273,15378,376449.0,20065.0,45.0,16940205.0
19273,18827,1278647.0,67522.0,38.5,49227909.5
19273,16028,1933233.0,98213.0,38.5,74429470.5
19273,15601,1523972.0,78033.0,38.5,58672922.0
19273,15264,1603653.0,84262.0,38.5,61740640.5
19273,19333,1137279.0,61853.0,38.5,43785241.5
19273,19880,3168461.0,151211.0,38.5,121985748.5
19273,14519,737692.0,39535.0,38.5,28401142.0
19273,12369,1294902.0,70218.0,38.5,49853727.0
19273,10044,2033090.0,100866.0,38.5,78273965.0
19273,19147,2610618.0,130911.0,38.5,100508793.0
19273,18448,5290421.0,266498.0,38.5,203681208.5
19273,17010,3873359.0,181014.0,38.5,149124321.5
19273,17738,266603.0,14453.0,45.0,11997135.0
19273,10955,596384.0,35686.0,38.5,22960784.0
19273,18219,834896.0,44269.0,38.5,32143496.0
19273,11853,476399.0,25179.0,45.0,21437955.0
19273,10657,857682.0,44644.0,38.5,33020757.0
19273,10568,1181098.0,60471.0,38.5,45472273.0
19273,10867,1507648.0,79166.0,38.5,58044448.0
19273,19500,1260191.0,66937.0,38.5,48517353.5
19273,13165,1999537.0,100213.0,38.5,76982174.5
19273,11022,707077.0,38657.0,38.5,27222464.5
19273,19430,1270990.0,59824.0,38.5,48933115.0
19273,15241,1247966.0,65962.0,38.5,48046691.0
19273,16683,964184.0,54046.0,38.5,37121084.0
19273,12216,1590743.0,79858.0,38.5,61243605.5
19273,10301,726436.0,42056.0,38.5,27967786.0
19273,12355,3843908.0,180339.0,38.5,147990458.0
19273,14257,8488902.0,415878.0,38.5,326822727.0
19273,10963,3727824.0,187207.0,38.5,143521224.0
19273,16193,3574622.0,174772.0,38.5,137622947.0
19273,16962,596643.0,35719.0,38.5,22970755.5
19273,15724,1170081.0,65132.0,38.5,45048118.5
19273,17789,642878.0,35150.0,38.5,24750803.0
19273,14278,261401.0,14250.0,45.0,11763045.0
19273,19846,3748092.0,184730.0,38.5,144301542.0
19273,11261,1979605.0,99510.0,38.5,76214792.5
19273,17223,778756.0,41216.0,38.5,29982106.0
19273,12562,1291852.0,70334.0,38.5,49736302.0
19273,13170,623850.0,34232.0,60.0,37431000.0
19273,13489,634201.0,34651.0,38.5,24416738.5
19273,13582,151901.0,8714.0,50.0,7595050.0
19273,14358,4252588.0,213652.0,38.5,163724638.0
19273,16108,3831618.0,192146.0,38.5,147517293.0
19273,10796,881466.0,45713.0,38.5,33936441.0
19273,18799,1588204.0,79710.0,38.5,61145854.0
19273,10375,1086300.0,64517.0,38.5,41822550.0
19273,13665,2830525.0,142051.0,38.5,108975212.5
19273,15185,3353822.0,166788.0,38.5,129122147.0
19273,13454,1903588.0,101824.0,38.5,73288138.0
19273,14053,857990.0,45188.0,38.5,33032615.0
19273,10901,823817.0,43454.0,38.5,31716954.5
19273,15948,461974.0,24954.0,45.0,20788830.0
19273,12973,1655877.0,85472.0,38.5,63751264.5
19273,12746,728263.0,38912.0,38.5,28038125.5
19273,11181,512550.0,29076.0,45.0,23064750.0
19273,19143,2137197.0,106201.0,38.5,82282084.5
19273,19785,139894.0,7735.0,50.0,6994700.0
19273,13237,679300.0,36845.0,38.5,26153050.0
19273,15651,3475217.0,174721.0,38.5,133795854.5
19273,15848,3479499.0,174192.0,38.5,133960711.5
19273,11455,776220.0,41785.0,38.5,29884470.0
19273,14425,1189691.0,66143.0,38.5,45803103.5
19273,17752,4243401.0,212888.0,38.5,163370938.5
19273,14060,708192.0,38389.0,38.5,27265392.0
19273,10316,1184500.0,62968.0,38.5,45603250.0
19273,19134,4448315.0,224747.0,38.5,171260127.5
19273,13460,950379.0,51673.0,38.5,36589591.5
19273,15686,4241356.0,212792.0,38.5,163292206.0
19273,11189,1086313.0,64520.0,38.5,41823050.5
19273,10326,9219158.0,448933.0,38.5,354937583.0
19273,10269,1154907.0,65300.0,38.5,44463919.5
19273,17464,6374586.0,318042.0,38.5,245421561.0
19273,19273,0.0,0.0,50.0,0.0
19273,13840,1649367.0,89603.0,38.5,63500629.5
19273,14704,1222609.0,57586.0,38.5,47070446.5
19273,19239,1165458.0,59193.0,38.5,44870133.0
19273,19502,1116479.0,59237.0,38.5,42984441.5
19273,17504,5727072.0,289206.0,38.5,220492272.0
19273,18110,778533.0,41177.0,38.5,29973520.5
19273,11163,2354726.0,116576.0,38.5,90656951.0
19273,12633,8486622.0,415777.0,38.5,326734947.0
19273,16339,4931805.0,253378.0,38.5,189874492.5
19273,13989,1994153.0,99968.0,38.5,76774890.5
19273,18149,766626.0,40679.0,38.5,29515101.0
19273,10177,7833826.0,385161.0,38.5,301602301.0
19273,12270,1978287.0,102375.0,38.5,76164049.5
19273,13100,2372437.0,118629.0,38.5,91338824.5
19273,17781,1181639.0,60536.0,38.5,45493101.5
19273,19971,3447584.0,172262.0,38.5,132731984.0
19273,16887,3815808.0,191076.0,38.5,146908608.0
19273,10985,1164441.0,62361.0,38.5,44830978.5
19273,15976,3694158.0,174457.0,38.5,142225083.0
13840,12652,1734413.0,93887.0,38.35999999999999,66532082.679999985
13840,15008,1699539.0,92342.0,38.35999999999999,65194316.039999984
13840,11112,1724437.0,93481.0,38.35999999999999,66149403.319999985
13840,16325,1715491.0,92913.0,38.35999999999999,65806234.75999999
13840,11561,1901932.0,96745.0,38.35999999999999,72958111.51999998
13840,18441,1713786.0,92846.0,38.35999999999999,65740830.959999986
13840,16117,1679233.0,92443.0,38.35999999999999,64415377.87999999
13840,11209,1711590.0,92907.0,38.35999999999999,65656592.39999998
13840,15891,1775178.0,95718.0,38.35999999999999,68095828.07999998
13840,18812,1805066.0,97106.0,38.35999999999999,69242331.75999999
13840,19915,1042687.0,78940.0,38.35999999999999,39997473.31999999
13840,17282,1754974.0,94814.0,38.35999999999999,67320802.63999999
13840,11147,1054662.0,58653.0,38.35999999999999,40456834.31999999
13840,13417,1686415.0,91702.0,38.35999999999999,64690879.39999998
13840,12940,1290622.0,71244.0,38.35999999999999,49508259.91999999
13840,12352,1250986.0,91309.0,38.35999999999999,47987822.95999999
13840,17522,1575072.0,81082.0,38.35999999999999,60419761.91999999
13840,14234,2470964.0,116131.0,38.35999999999999,94786179.03999998
13840,19300,1726179.0,93591.0,38.35999999999999,66216226.43999999
13840,18542,1717450.0,93017.0,38.35999999999999,65881381.999999985
13840,16855,1570830.0,80829.0,38.35999999999999,60257038.79999999
13840,13694,2453197.0,123557.0,38.35999999999999,94104636.91999999
13840,12205,1508153.0,81256.0,38.35999999999999,57852749.07999999
13840,18941,1294059.0,70201.0,38.35999999999999,49640103.23999999
13840,10748,1769916.0,95442.0,38.35999999999999,67893977.75999999
13840,10705,1561504.0,84969.0,38.35999999999999,59899293.43999999
13840,15483,2434934.0,123021.0,38.35999999999999,93404068.23999998
13840,13088,1262425.0,91374.0,38.35999999999999,48426622.99999999
13840,13917,830598.0,44537.0,38.35999999999999,31861739.279999994
13840,16236,1747778.0,94966.0,38.35999999999999,67044764.07999998
13840,13073,1750398.0,94209.0,38.35999999999999,67145267.27999999
13840,13636,1693800.0,92195.0,38.35999999999999,64974167.999999985
13840,18411,1129477.0,61394.0,38.35999999999999,43326737.71999999
13840,10916,3019611.0,154741.0,49.4802,149410956.20220003
13840,15270,911317.0,69747.0,38.35999999999999,34958120.11999999
13840,13509,1694290.0,92317.0,38.35999999999999,64992964.39999998
13840,11200,1767530.0,93701.0,38.35999999999999,67802450.79999998
13840,12616,1570635.0,80707.0,38.35999999999999,60249558.59999999
13840,12868,2389708.0,128017.0,38.35999999999999,91669198.87999998
13840,13555,825851.0,45134.0,38.35999999999999,31679644.359999992
13840,14736,2133476.0,115041.0,38.35999999999999,81840139.35999998
13840,17516,1280775.0,69633.0,38.35999999999999,49130528.99999999
13840,15183,1033907.0,76178.0,38.35999999999999,39660672.51999999
13840,13563,3287938.0,168096.0,49.4802,162687829.8276
13840,15077,1045170.0,56515.0,38.35999999999999,40092721.199999996
13840,11466,2698029.0,137256.0,38.35999999999999,103496392.43999998
13840,15378,1429926.0,78484.0,38.35999999999999,54851961.35999999
13840,18827,1211072.0,64849.0,38.35999999999999,46456721.919999994
13840,16028,1263579.0,67558.0,38.35999999999999,48470890.43999999
13840,15601,1101771.0,59689.0,38.35999999999999,42263935.559999995
13840,15264,1554182.0,83574.0,38.35999999999999,59618421.51999999
13840,19333,2078081.0,110982.0,38.35999999999999,79715187.15999998
13840,19880,2491846.0,111669.0,38.35999999999999,95587212.55999999
13840,14519,1812249.0,97492.0,38.35999999999999,69517871.63999999
13840,12369,1020429.0,75077.0,38.35999999999999,39143656.43999999
13840,10044,1584534.0,81530.0,38.35999999999999,60782724.23999999
13840,19147,3483907.0,183203.0,49.4802,172384415.1414
13840,18448,4841864.0,247162.0,49.4802,239576399.09280002
13840,17010,3196744.0,141472.0,49.4802,158175532.4688
13840,17738,1414289.0,77315.0,38.35999999999999,54252126.03999999
13840,10955,1508056.0,81213.0,38.35999999999999,57849028.15999999
13840,18219,1736819.0,88751.0,38.35999999999999,66624376.83999999
13840,11853,1285850.0,71119.0,38.35999999999999,49325205.99999999
13840,10657,1932239.0,102601.0,38.35999999999999,74120688.03999999
13840,10568,791177.0,42821.0,38.35999999999999,30349549.719999995
13840,10867,898194.0,69591.0,38.35999999999999,34454721.839999996
13840,19500,415218.0,46802.0,24.5,10172841.0
13840,13165,1550981.0,80877.0,38.35999999999999,59495631.15999999
13840,11022,2108850.0,113645.0,38.35999999999999,80895485.99999999
13840,19430,2720193.0,140929.0,38.35999999999999,104346603.47999997
13840,15241,412133.0,46515.0,24.5,10097258.5
13840,16683,1520627.0,79211.0,38.35999999999999,58331251.71999999
13840,12216,1142187.0,60522.0,38.35999999999999,43814293.31999999
13840,10301,1149101.0,84952.0,38.35999999999999,44079514.35999999
13840,12355,3167293.0,140797.0,49.4802,156718291.0986
13840,14257,8040345.0,396541.0,49.4802,397837878.669
13840,10963,3279267.0,167871.0,49.4802,162258787.01340002
13840,16193,3217640.0,144178.0,49.4802,159209470.72800002
13840,16962,1508316.0,81246.0,38.35999999999999,57859001.75999999
13840,15724,2149218.0,116690.0,38.35999999999999,82444002.47999999
13840,17789,1725604.0,93476.0,38.35999999999999,66194169.43999999
13840,14278,1394149.0,75903.0,38.35999999999999,53479555.639999986
13840,19846,3397029.0,154491.0,49.4802,168085674.3258
13840,11261,1531049.0,80174.0,38.35999999999999,58731039.639999986
13840,17223,871731.0,48610.0,38.35999999999999,33439601.159999993
13840,12562,1030626.0,75368.0,38.35999999999999,39534813.35999999
13840,13170,1703018.0,92448.0,38.35999999999999,65327770.47999999
13840,13489,1716927.0,92977.0,38.35999999999999,65861319.719999984
13840,13582,1627239.0,88463.0,38.35999999999999,62420888.039999984
13840,14358,3804032.0,194316.0,49.4802,188224264.16640002
13840,16108,3383061.0,172810.0,49.4802,167394534.89220002
13840,10796,1121239.0,58729.0,38.35999999999999,43010728.03999999
13840,18799,1139648.0,60373.0,38.35999999999999,43716897.279999994
13840,10375,2123104.0,114410.0,38.35999999999999,81442269.43999998
13840,13665,2381969.0,122715.0,38.35999999999999,91372330.83999999
13840,15185,2905266.0,147452.0,49.4802,143753142.7332
13840,13454,2609818.0,140536.0,38.35999999999999,100112618.47999997
13840,14053,1726401.0,88435.0,38.35999999999999,66224742.359999985
13840,10901,1048028.0,58223.0,38.35999999999999,40202354.07999999
13840,15948,1858366.0,102185.0,38.35999999999999,71286919.75999999
13840,12973,979262.0,45930.0,38.35999999999999,37564490.31999999
13840,12746,1802820.0,96870.0,38.35999999999999,69156175.19999999
13840,11181,1754631.0,95836.0,38.35999999999999,67307645.15999998
13840,19143,1688641.0,86865.0,38.35999999999999,64776268.75999999
13840,19785,1513777.0,82229.0,38.35999999999999,58068485.71999999
13840,13237,1756732.0,95038.0,38.35999999999999,67388239.51999998
13840,15651,3026660.0,155384.0,49.4802,149759742.132
13840,15848,3030943.0,154855.0,49.4802,149971665.82860002
13840,11455,2215884.0,119010.0,38.35999999999999,85001310.23999998
13840,14425,516722.0,26889.0,24.5,12659689.0
13840,17752,3794845.0,193551.0,49.4802,187769689.569
13840,14060,1747774.0,94965.0,38.35999999999999,67044610.639999986
13840,10316,1322281.0,68290.0,38.35999999999999,50722699.15999999
13840,19134,3999759.0,205411.0,49.4802,197908875.2718
13840,13460,1891907.0,100882.0,38.35999999999999,72573552.51999998
13840,15686,3792800.0,193456.0,49.4802,187668502.56
13840,11189,2123117.0,114413.0,38.35999999999999,81442768.11999999
13840,10326,8770601.0,429596.0,49.4802,433971091.60020006
13840,10269,1465657.0,102081.0,38.35999999999999,56222602.51999999
13840,17464,5926029.0,298706.0,49.4802,293221100.1258
13840,19273,1649566.0,89533.0,38.35999999999999,63277351.75999999
13840,13840,0.0,0.0,24.5,0.0
13840,14704,2710833.0,138273.0,38.35999999999999,103987553.87999998
13840,19239,843736.0,45468.0,38.35999999999999,32365712.959999993
13840,19502,1044689.0,56399.0,38.35999999999999,40074270.03999999
13840,17504,5278516.0,269869.0,49.4802,261182027.38320002
13840,18110,871797.0,48584.0,38.35999999999999,33442132.919999994
13840,11163,1906169.0,97240.0,38.35999999999999,73120642.83999999
13840,12633,8038065.0,396441.0,49.4802,397725063.813
13840,16339,4483248.0,234042.0,49.4802,221832007.68960002
13840,13989,1545596.0,80631.0,38.35999999999999,59289062.55999999
13840,18149,905999.0,50521.0,38.35999999999999,34754121.63999999
13840,10177,7385269.0,365825.0,49.4802,365424587.17380005
13840,12270,1959906.0,103381.0,38.35999999999999,75181994.15999998
13840,13100,3245725.0,170921.0,49.4802,160599122.145
13840,17781,791718.0,42887.0,38.35999999999999,30370302.479999993
13840,19971,2999028.0,152926.0,49.4802,148392505.24560001
13840,16887,3566920.0,162644.0,49.4802,176491914.98400003
13840,10985,2469219.0,130305.0,38.35999999999999,94719240.83999997
13840,15976,3017542.0,134915.0,49.4802,149308581.66840002
14704,12652,1068287.0,50303.0,34.0,36321758.0
14704,15008,1058058.0,48966.0,34.0,35973972.0
14704,11112,1007545.0,46825.0,34.0,34256530.0
14704,16325,1025223.0,46908.0,34.0,34857582.0
14704,11561,3002383.0,142197.0,34.0,102081022.0
14704,18441,1023517.0,46841.0,34.0,34799578.0
14704,16117,1064507.0,50012.0,34.0,36193238.0
14704,11209,1021321.0,46903.0,34.0,34724914.0
14704,15891,1043016.0,47947.0,34.0,35462544.0
14704,18812,1012341.0,47052.0,34.0,34419594.0
14704,19915,2265127.0,108196.0,34.0,77014318.0
14704,17282,975306.0,44885.0,34.0,33160404.0
14704,11147,1907836.0,92483.0,34.0,64866424.0
14704,13417,1030201.0,47484.0,34.0,35026834.0
14704,12940,1446144.0,68494.0,34.0,49168896.0
14704,12352,2174565.0,104586.0,34.0,73935210.0
14704,17522,2675523.0,126535.0,34.0,90967782.0
14704,14234,3810152.0,178665.0,34.0,129545168.0
14704,19300,1029476.0,47408.0,34.0,35002184.0
14704,18542,1014191.0,46640.0,34.0,34482494.0
14704,16855,2671280.0,126282.0,34.0,90823520.0
14704,13694,939575.0,50284.0,34.0,31945550.0
14704,12205,1887149.0,89324.0,34.0,64163066.0
14704,18941,2198663.0,107300.0,34.0,74754542.0
14704,10748,1017885.0,46812.0,34.0,34608090.0
14704,10705,1183081.0,55195.0,34.0,40224754.0
14704,15483,935169.0,50221.0,34.0,31795746.0
14704,13088,2180488.0,104773.0,34.0,74136592.0
14704,13917,2465567.0,120218.0,34.0,83829278.0
14704,16236,1049456.0,49176.0,34.0,35681504.0
14704,13073,1063768.0,49818.0,34.0,36168112.0
14704,13636,1035154.0,47294.0,34.0,35195236.0
14704,18411,1631078.0,78941.0,34.0,55456652.0
14704,10916,4231044.0,205458.0,34.0,143855496.0
14704,15270,2722443.0,132506.0,34.0,92563062.0
14704,13509,1035644.0,47416.0,34.0,35211896.0
14704,11200,1309102.0,62551.0,34.0,44509468.0
14704,12616,2671086.0,126160.0,34.0,90816924.0
14704,12868,278135.0,11525.0,38.5,10708197.5
14704,13555,2039172.0,98234.0,34.0,69331848.0
14704,14736,601231.0,24076.0,34.0,20441854.0
14704,17516,2212429.0,107769.0,34.0,75222586.0
14704,15183,2401281.0,115243.0,34.0,81643554.0
14704,13563,4499371.0,218812.0,34.0,152978614.0
14704,15077,1839025.0,87980.0,34.0,62526850.0
14704,11466,3798479.0,182709.0,34.0,129148286.0
14704,15378,1236476.0,60523.0,34.0,42040184.0
14704,18827,1820823.0,87636.0,34.0,61907982.0
14704,16028,2673092.0,130922.0,34.0,90885128.0
14704,15601,2046647.0,99322.0,34.0,69585998.0
14704,15264,1948659.0,96015.0,34.0,66254406.0
14704,19333,1469175.0,71539.0,34.0,49951950.0
14704,19880,4247428.0,198184.0,34.0,144412552.0
14704,14519,1010008.0,46831.0,34.0,34340272.0
14704,12369,2585571.0,123813.0,34.0,87909414.0
14704,10044,2684985.0,126983.0,34.0,91289490.0
14704,19147,2260406.0,117796.0,34.0,76853804.0
14704,18448,6053297.0,297878.0,34.0,205812098.0
14704,17010,4952326.0,227987.0,34.0,168379084.0
14704,17738,1293148.0,63006.0,34.0,43967032.0
14704,10955,1887052.0,89281.0,34.0,64159768.0
14704,18219,1178435.0,55500.0,34.0,40066790.0
14704,11853,1429563.0,67435.0,34.0,48605142.0
14704,10657,1011349.0,46752.0,34.0,34385866.0
14704,10568,2077870.0,100706.0,34.0,70647580.0
14704,10867,2709321.0,132350.0,34.0,92116914.0
14704,19500,2343624.0,116264.0,34.0,79683216.0
14704,13165,2749124.0,132859.0,34.0,93470216.0
14704,11022,617432.0,25755.0,34.0,20992688.0
14704,19430,233421.0,13101.0,38.5,8986708.5
14704,15241,2331399.0,115288.0,34.0,79267566.0
14704,16683,1451190.0,69624.0,34.0,49340460.0
14704,12216,2330602.0,112567.0,34.0,79240468.0
14704,10301,2017105.0,95651.0,34.0,68581570.0
14704,12355,4922876.0,227312.0,34.0,167377784.0
14704,14257,9251779.0,447258.0,34.0,314560486.0
14704,10963,4490701.0,218587.0,34.0,152683834.0
14704,16193,4337499.0,206152.0,34.0,147474966.0
14704,16962,1887312.0,89314.0,34.0,64168608.0
14704,15724,1408898.0,69556.0,34.0,47902532.0
14704,17789,1004661.0,46875.0,34.0,34158474.0
14704,14278,1304171.0,63492.0,34.0,44341814.0
14704,19846,4510969.0,216110.0,34.0,153372946.0
14704,11261,2470588.0,121006.0,34.0,83999992.0
14704,17223,1834890.0,90449.0,34.0,62386260.0
14704,12562,2582521.0,123929.0,34.0,87805714.0
14704,13170,1015873.0,46528.0,34.0,34539682.0
14704,13489,1026659.0,46972.0,34.0,34906406.0
14704,13582,1090032.0,50823.0,34.0,37061088.0
14704,14358,5015465.0,245032.0,34.0,170525810.0
14704,16108,4594495.0,223526.0,34.0,156212830.0
14704,10796,1757283.0,84722.0,34.0,59747622.0
14704,18799,2328062.0,112419.0,34.0,79154108.0
14704,10375,2303038.0,121570.0,34.0,78303292.0
14704,13665,3593402.0,173431.0,34.0,122175668.0
14704,15185,4005717.0,192905.0,34.0,136194378.0
14704,13454,2235484.0,111510.0,34.0,76006456.0
14704,14053,1201529.0,56419.0,34.0,40851986.0
14704,10901,1907251.0,92780.0,34.0,64846534.0
14704,15948,816574.0,37945.0,34.0,27763516.0
14704,12973,2716184.0,132122.0,34.0,92350256.0
14704,12746,1015935.0,47106.0,34.0,34541790.0
14704,11181,952513.0,43862.0,34.0,32385442.0
14704,19143,2789091.0,132318.0,34.0,94829094.0
14704,19785,1257138.0,59020.0,34.0,42742692.0
14704,13237,971700.0,44589.0,34.0,33037800.0
14704,15651,4238094.0,206101.0,34.0,144095196.0
14704,15848,4242376.0,205572.0,34.0,144240784.0
14704,11455,512704.0,20413.0,34.0,17431936.0
14704,14425,2255337.0,114968.0,34.0,76681458.0
14704,17752,5006278.0,244268.0,34.0,170213452.0
14704,14060,1049452.0,49175.0,34.0,35681368.0
14704,10316,1683735.0,81441.0,34.0,57246990.0
14704,19134,5211192.0,256127.0,34.0,177180528.0
14704,13460,1282275.0,61359.0,34.0,43597350.0
14704,15686,5004233.0,244172.0,34.0,170143922.0
14704,11189,2303051.0,121573.0,34.0,78303734.0
14704,10326,9982035.0,480313.0,34.0,339389190.0
14704,10269,2445576.0,118895.0,34.0,83149584.0
14704,17464,7137462.0,349422.0,34.0,242673708.0
14704,19273,1221250.0,57507.0,34.0,41522500.0
14704,13840,2715013.0,138428.0,34.0,92310442.0
14704,14704,0.0,0.0,38.5,0.0
14704,19239,2041275.0,98202.0,34.0,69403350.0
14704,19502,1838543.0,87865.0,34.0,62510462.0
14704,17504,6489949.0,320586.0,34.0,220658266.0
14704,18110,1834667.0,90411.0,34.0,62378678.0
14704,11163,3006620.0,142693.0,34.0,102225080.0
14704,12633,9249499.0,447157.0,34.0,314482966.0
14704,16339,5694681.0,284758.0,34.0,193619154.0
14704,13989,2743739.0,132614.0,34.0,93287126.0
14704,18149,1819288.0,89480.0,34.0,61855792.0
14704,10177,8596703.0,416541.0,34.0,292287902.0
14704,12270,2323294.0,114127.0,34.0,78991996.0
14704,13100,2022224.0,105514.0,34.0,68755616.0
14704,17781,2078411.0,100772.0,34.0,70665974.0
14704,19971,4099479.0,198379.0,34.0,139382286.0
14704,16887,4578684.0,222456.0,34.0,155675256.0
14704,10985,657973.0,35459.0,34.0,22371082.0
14704,15976,4773125.0,221430.0,34.0,162286250.0
19239,12652,998037.0,50386.0,23.28,23234301.36
19239,15008,995883.0,50862.0,23.28,23184156.240000002
19239,11112,1047095.0,52965.0,23.28,24376371.6
19239,16325,1038478.0,52392.0,23.28,24175767.84
19239,11561,1190616.0,57061.0,23.28,27717540.48
19239,18441,1036773.0,52325.0,23.28,24136075.44
19239,16117,1054113.0,54770.0,23.28,24539750.64
19239,11209,1034577.0,52387.0,23.28,24084952.560000002
19239,15891,1033761.0,52177.0,23.28,24065956.080000002
19239,18812,1076754.0,53967.0,23.28,25066833.12
19239,19915,1451731.0,75956.0,23.28,33796297.68
19239,17282,1078381.0,54311.0,23.28,25104709.68
19239,11147,841606.0,43189.0,23.28,19592587.68
19239,13417,1014494.0,51665.0,23.28,23617420.32
19239,12940,702069.0,34617.0,23.28,16344166.32
19239,12352,1584142.0,81134.0,23.28,36878825.760000005
19239,17522,863756.0,41398.0,23.28,20108239.68
19239,14234,1845242.0,87836.0,23.28,42957233.760000005
19239,19300,1025453.0,51920.0,23.28,23872545.84
19239,18542,1041671.0,52623.0,23.28,24250100.880000003
19239,16855,859514.0,41146.0,23.28,20009485.92
19239,13694,1724886.0,80418.0,23.28,40155346.080000006
19239,12205,1296726.0,65872.0,23.28,30187781.28
19239,18941,556834.0,28653.0,23.28,12963095.520000001
19239,10748,1038249.0,53016.0,23.28,24170436.720000003
19239,10705,857848.0,43489.0,23.28,19970701.44
19239,15483,1706623.0,79881.0,23.28,39730183.440000005
19239,13088,1590065.0,81321.0,23.28,37016713.2
19239,13917,434330.0,22535.0,23.28,10111202.4
19239,16236,986938.0,50338.0,23.28,22975916.64
19239,13073,974442.0,49537.0,23.28,22685009.76
19239,13636,1050346.0,52864.0,23.28,24452054.880000003
19239,18411,408354.0,19200.0,23.28,9506481.120000001
19239,10916,2308295.0,115058.0,23.28,53737107.6
19239,15270,1684006.0,85805.0,23.28,39203659.68
19239,13509,1050835.0,52987.0,23.28,24463438.8
19239,11200,894720.0,48556.0,23.28,20829081.6
19239,12616,859319.0,41024.0,23.28,20004946.32
19239,12868,1771634.0,87731.0,23.28,41243639.52
19239,13555,7824.0,509.0,221.2,1730668.7999999998
19239,14736,1537678.0,79705.0,23.28,35797143.84
19239,17516,570601.0,29122.0,23.28,13283591.280000001
19239,15183,1470690.0,78909.0,23.28,34237663.2
19239,13563,2576622.0,128412.0,23.28,59983760.160000004
19239,15077,204456.0,11209.0,58.296,11918966.976
19239,11466,1986713.0,97572.0,23.28,46250678.64
19239,15378,841373.0,41857.0,23.28,19587163.44
19239,18827,370358.0,19542.0,23.28,8621934.24
19239,16028,773361.0,39193.0,23.28,18003844.080000002
19239,15601,364100.0,19013.0,23.28,8476248.0
19239,15264,741546.0,40350.0,23.28,17263190.880000003
19239,19333,1205271.0,65837.0,23.28,28058708.880000003
19239,19880,2216192.0,100502.0,23.28,51592949.760000005
19239,14519,1084169.0,54316.0,23.28,25239454.32
19239,12369,1613849.0,86408.0,23.28,37570404.72
19239,10044,873218.0,41846.0,23.28,20328515.040000003
19239,19147,2611097.0,138058.0,23.28,60786338.160000004
19239,18448,4130548.0,207478.0,23.28,96159157.44
19239,17010,2921090.0,130305.0,23.28,68002975.2
19239,17738,925422.0,46609.0,23.28,21543824.16
19239,10955,1296630.0,65829.0,23.28,30185546.400000002
19239,18219,864009.0,43606.0,23.28,20114129.52
19239,11853,697297.0,34492.0,23.28,16233074.16
19239,10657,1203927.0,59462.0,23.28,28027420.560000002
19239,10568,46523.0,2981.0,58.296,2712104.808
19239,10867,1670884.0,85649.0,23.28,38898179.52
19239,19500,1274688.0,66782.0,23.28,29674736.64
19239,13165,839665.0,41193.0,23.28,19547401.2
19239,11022,1431837.0,73125.0,23.28,33333165.360000003
19239,19430,2101782.0,100616.0,23.28,48929484.96
19239,15241,1262464.0,65806.0,23.28,29390161.92
19239,16683,647817.0,34065.0,23.28,15081179.760000002
19239,12216,430872.0,20838.0,23.28,10030700.16
19239,10301,1426682.0,72199.0,23.28,33213156.96
19239,12355,2891639.0,129629.0,23.28,67317355.92
19239,14257,7329029.0,356858.0,23.28,170619795.12
19239,10963,2567952.0,128187.0,23.28,59781922.56
19239,16193,2414750.0,115752.0,23.28,56215380.0
19239,16962,1296889.0,65862.0,23.28,30191575.92
19239,15724,1276408.0,71544.0,23.28,29714778.240000002
19239,17789,1048591.0,52955.0,23.28,24411198.48
19239,14278,905282.0,45197.0,23.28,21074964.96
19239,19846,2588220.0,125710.0,23.28,60253761.6
19239,11261,819733.0,40490.0,23.28,19083384.240000002
19239,17223,443327.0,22725.0,23.28,10320652.56
19239,12562,1618078.0,86637.0,23.28,37668855.84
19239,13170,1026017.0,51990.0,23.28,23885675.76
19239,13489,1039914.0,52456.0,23.28,24209197.92
19239,13582,1142772.0,58023.0,23.28,26603732.16
19239,14358,3092716.0,154632.0,23.28,71998428.48
19239,16108,2671746.0,133126.0,23.28,62198246.88
19239,10796,285326.0,13668.0,23.28,6642389.28
19239,18799,428332.0,20690.0,23.28,9971568.96
19239,10375,1911677.0,99026.0,23.28,44503840.56
19239,13665,1670653.0,83031.0,23.28,38892801.84
19239,15185,2193950.0,107768.0,23.28,51075156.0
19239,13454,1769104.0,95230.0,23.28,41184741.120000005
19239,14053,853592.0,43290.0,23.28,19871621.76
19239,10901,833932.0,42665.0,23.28,19413936.96
19239,15948,1269813.0,65558.0,23.28,29561246.64
19239,12973,684948.0,34439.0,23.28,15945589.440000001
19239,12746,1074509.0,53730.0,23.28,25014569.52
19239,11181,1129511.0,58163.0,23.28,26295016.080000002
19239,19143,977325.0,47181.0,23.28,22752126.0
19239,19785,1029310.0,51788.0,23.28,23962336.8
19239,13237,1080140.0,54535.0,23.28,25145659.200000003
19239,15651,2315345.0,115701.0,23.28,53901231.6
19239,15848,2319627.0,115172.0,23.28,54000916.56
19239,11455,1538871.0,78489.0,23.28,35824916.88
19239,14425,316144.0,18538.0,23.28,7359832.32
19239,17752,3083529.0,153868.0,23.28,71784555.12
19239,14060,986934.0,50337.0,23.28,22975823.52
19239,10316,449471.0,23144.0,23.28,10463684.88
19239,19134,3288443.0,165727.0,23.28,76554953.04
19239,13460,1019098.0,55737.0,23.28,23724601.44
19239,15686,3081484.0,153772.0,23.28,71736947.52000001
19239,11189,1911690.0,99029.0,23.28,44504143.2
19239,10326,8059286.0,389913.0,23.28,187620178.08
19239,10269,1855153.0,95443.0,23.28,43187961.84
19239,17464,5214714.0,259022.0,23.28,121398541.92
19239,19273,1165099.0,59093.0,23.28,27123504.720000003
19239,13840,832375.0,45341.0,23.28,19377690.0
19239,14704,2033820.0,97752.0,23.28,47347329.6
19239,19239,0.0,0.0,221.2,0.0
19239,19502,203975.0,11093.0,58.296,11890926.6
19239,17504,4567200.0,230186.0,23.28,106324416.0
19239,18110,443104.0,22687.0,23.28,10315461.120000001
19239,11163,1194854.0,57556.0,23.28,27816201.12
19239,12633,7326749.0,356757.0,23.28,170566716.72
19239,16339,3771932.0,194358.0,23.28,87810576.96000001
19239,13989,834281.0,40948.0,23.28,19422061.68
19239,18149,458093.0,23468.0,23.28,10664405.040000001
19239,10177,6673954.0,326141.0,23.28,155369649.12
19239,12270,1194777.0,59503.0,23.28,27814408.560000002
19239,13100,2372915.0,125775.0,23.28,55241461.2
19239,17781,47064.0,3047.0,58.296,2743642.944
19239,19971,2287712.0,113242.0,23.28,53257935.36
19239,16887,2655935.0,132056.0,23.28,61830166.800000004
19239,10985,1832536.0,88186.0,23.28,42661438.080000006
19239,15976,2741889.0,123747.0,23.28,63831175.92
19502,12652,796782.0,39839.0,13.72,10931849.040000001
19502,15008,845887.0,41919.0,13.72,11605569.64
19502,11112,845840.0,42418.0,13.72,11604924.8
19502,16325,868005.0,43244.0,13.72,11909028.6
19502,11561,1325908.0,64977.0,13.72,18191457.76
19502,18441,866300.0,43177.0,13.72,11885636.0
19502,16117,986701.0,48186.0,13.72,13537537.72
19502,11209,867507.0,43197.0,13.72,11902196.040000001
19502,15891,832506.0,41629.0,13.72,11421982.32
19502,18812,875499.0,43420.0,13.72,12011846.280000001
19502,19915,1446796.0,77076.0,13.72,19850041.12
19502,17282,877126.0,43764.0,13.72,12034168.72
19502,11147,836671.0,44309.0,13.72,11479126.120000001
19502,13417,864638.0,42660.0,13.72,11862833.360000001
19502,12940,659205.0,34913.0,13.72,9044292.6
19502,12352,1579207.0,82254.0,13.72,21666720.040000003
19502,17522,999047.0,49315.0,13.72,13706924.84
19502,14234,1991005.0,97500.0,13.72,27316588.6
19502,19300,824198.0,41373.0,13.72,11307996.56
19502,18542,840416.0,42076.0,13.72,11530507.520000001
19502,16855,994805.0,49062.0,13.72,13648724.600000001
19502,13694,1523630.0,69870.0,13.72,20904203.6
19502,12205,1291791.0,66992.0,13.72,17723372.52
19502,18941,599031.0,31890.0,13.72,8218705.32
19502,10748,836993.0,42468.0,13.72,11483543.96
19502,10705,712429.0,37471.0,13.72,9774525.88
19502,15483,1505368.0,69334.0,13.72,20653648.96
19502,13088,1585130.0,82440.0,13.72,21747983.6
19502,13917,632785.0,33537.0,13.72,8681810.200000001
19502,16236,785682.0,39791.0,13.72,10779557.040000001
19502,13073,773187.0,38989.0,13.72,10608125.64
19502,13636,900490.0,43860.0,13.72,12354722.8
19502,18411,409471.0,20157.0,13.72,5617942.12
19502,10916,2454058.0,124722.0,49.0,120248842.0
19502,15270,1679071.0,86925.0,13.72,23036854.12
19502,13509,900979.0,43982.0,13.72,12361431.88
19502,11200,693465.0,38008.0,13.72,9514339.8
19502,12616,994610.0,48940.0,13.72,13646049.200000001
19502,12868,1574390.0,77879.0,13.72,21600630.8
19502,13555,206279.0,11511.0,13.72,2830147.8800000004
19502,14736,1507811.0,76772.0,13.72,20687166.92
19502,17516,612797.0,32359.0,13.72,8407574.84
19502,15183,1465755.0,80029.0,13.72,20110158.6
19502,13563,2722385.0,138076.0,49.0,133396865.0
19502,15077,669.0,171.0,1715.6999999999998,1147803.2999999998
19502,11466,2122004.0,105489.0,13.72,29113894.880000003
19502,15378,798509.0,42153.0,13.72,10955543.48
19502,18827,220679.0,12153.0,13.72,3027715.8800000004
19502,16028,919124.0,48857.0,13.72,12610381.280000001
19502,15601,396271.0,22943.0,13.72,5436838.12
19502,15264,656565.0,32810.0,13.72,9008071.8
19502,19333,1004016.0,55290.0,13.72,13775099.520000001
19502,19880,2414647.0,111504.0,49.0,118317703.0
19502,14519,882914.0,43769.0,13.72,12113580.08
19502,12369,1608914.0,87528.0,13.72,22074300.080000002
19502,10044,1008510.0,49763.0,13.72,13836757.200000001
19502,19147,2409842.0,127510.0,49.0,118082258.0
19502,18448,4276312.0,217142.0,49.0,209539288.0
19502,17010,3119545.0,141307.0,49.0,152857705.0
19502,17738,882559.0,46905.0,13.72,12108709.48
19502,10955,1291695.0,66948.0,13.72,17722055.400000002
19502,18219,662754.0,33058.0,13.72,9092984.88
19502,11853,654433.0,34787.0,13.72,8978820.76
19502,10657,1002672.0,48914.0,13.72,13756659.84
19502,10568,244978.0,13983.0,13.72,3361098.16
19502,10867,1665949.0,86769.0,13.72,22856820.28
19502,19500,1269753.0,67901.0,13.72,17421011.16
19502,13165,985428.0,50857.0,13.72,13520072.16
19502,11022,1234593.0,63272.0,13.72,16938615.96
19502,19430,1904538.0,90763.0,13.72,26130261.36
19502,15241,1257528.0,66926.0,13.72,17253284.16
19502,16683,446562.0,23518.0,13.72,6126830.640000001
19502,12216,576635.0,30502.0,13.72,7911432.2
19502,10301,1421747.0,73319.0,13.72,19506368.84
19502,12355,3090094.0,140631.0,49.0,151414606.0
19502,14257,7474792.0,366522.0,49.0,366264808.0
19502,10963,2713715.0,137851.0,49.0,132972035.0
19502,16193,2560513.0,125416.0,49.0,125465137.0
19502,16962,1291954.0,66982.0,13.72,17725608.880000003
19502,15724,1075153.0,60997.0,13.72,14751099.16
19502,17789,856255.0,42860.0,13.72,11747818.6
19502,14278,862418.0,45493.0,13.72,11832374.96
19502,19846,2733983.0,135374.0,49.0,133965167.0
19502,11261,870956.0,45596.0,13.72,11949516.32
19502,17223,462376.0,24556.0,13.72,6343798.720000001
19502,12562,1613143.0,87757.0,13.72,22132321.96
19502,13170,876162.0,42986.0,13.72,12020942.64
19502,13489,861967.0,42938.0,13.72,11826187.24
19502,13582,1099908.0,58318.0,13.72,15090737.76
19502,14358,3238479.0,164296.0,49.0,158685471.0
19502,16108,2817509.0,142790.0,49.0,138057941.0
19502,10796,286444.0,14625.0,13.72,3930011.68
19502,18799,574095.0,30354.0,13.72,7876583.4
19502,10375,1906742.0,100146.0,13.72,26160500.240000002
19502,13665,1816416.0,92695.0,13.72,24921227.52
19502,15185,2329242.0,115685.0,49.0,114132858.0
19502,13454,1605527.0,86649.0,13.72,22027830.44
19502,14053,652337.0,32743.0,13.72,8950063.64
19502,10901,828997.0,43784.0,13.72,11373838.84
19502,15948,1239946.0,62625.0,13.72,17012059.12
19502,12973,883403.0,45441.0,13.72,12120289.16
19502,12746,873254.0,43183.0,13.72,11981044.88
19502,11181,1041620.0,51573.0,13.72,14291026.4
19502,19143,1112616.0,55098.0,13.72,15265091.520000001
19502,19785,986446.0,52084.0,13.72,13534039.120000001
19502,13237,878885.0,43988.0,13.72,12058302.200000001
19502,15651,2461108.0,125365.0,49.0,120594292.0
19502,15848,2465390.0,124836.0,49.0,120804110.0
19502,11455,1341627.0,68636.0,13.72,18407122.44
19502,14425,514599.0,29540.0,13.72,7060298.28
19502,17752,3229292.0,163532.0,49.0,158235308.0
19502,14060,785679.0,39790.0,13.72,10779515.88
19502,10316,248216.0,12597.0,13.72,3405523.52
19502,19134,3434206.0,175391.0,49.0,168276094.0
19502,13460,817842.0,45190.0,13.72,11220792.24
19502,15686,3227247.0,163436.0,49.0,158135103.0
19502,11189,1906755.0,100149.0,13.72,26160678.6
19502,10326,8205049.0,399577.0,49.0,402047401.0
19502,10269,1850218.0,96563.0,13.72,25384990.96
19502,17464,5360477.0,268686.0,49.0,262663373.0
19502,19273,1122235.0,59388.0,13.72,15397064.200000001
19502,13840,1030830.0,56343.0,13.72,14142987.600000001
19502,14704,1836575.0,87900.0,13.72,25197809.0
19502,19239,198454.0,11002.0,13.72,2722788.8800000004
19502,19502,0.0,0.0,1715.6999999999998,0.0
19502,17504,4712963.0,239850.0,49.0,230935187.0
19502,18110,462153.0,24518.0,13.72,6340739.16
19502,11163,1330145.0,65473.0,13.72,18249589.400000002
19502,12633,7472512.0,366421.0,49.0,366153088.0
19502,16339,3917696.0,204022.0,49.0,191967104.0
19502,13989,980044.0,50612.0,13.72,13446203.68
19502,18149,459960.0,24939.0,13.72,6310651.2
19502,10177,6819717.0,335805.0,49.0,334166133.0
19502,12270,1031199.0,50922.0,13.72,14148050.280000001
19502,13100,2171660.0,115228.0,13.72,29795175.200000003
19502,17781,245519.0,14049.0,13.72,3368520.68
19502,19971,2423004.0,121159.0,49.0,118727196.0
19502,16887,2801699.0,141720.0,49.0,137283251.0
19502,10985,1631281.0,77639.0,13.72,22381175.32
19502,15976,2940344.0,134749.0,49.0,144076856.0
17504,12652,5443004.0,271928.0,24.255,132020062.02
17504,15008,5492109.0,274009.0,24.255,133211103.795
17504,11112,5492062.0,274507.0,24.255,133209963.80999999
17504,16325,5514228.0,275334.0,24.255,133747600.14
17504,11561,3537291.0,180827.0,24.255,85796993.205
17504,18441,5512522.0,275267.0,24.255,133706221.11
17504,16117,5632923.0,280276.0,24.255,136626547.36499998
17504,11209,5513729.0,275286.0,24.255,133735496.895
17504,15891,5478729.0,273719.0,24.255,132886571.895
17504,18812,5521722.0,275509.0,24.255,133929367.11
17504,19915,6008191.0,306302.0,24.255,145728672.70499998
17504,17282,5523349.0,275853.0,24.255,133968829.99499999
17504,11147,5398065.0,273535.0,24.255,130930066.57499999
17504,13417,5510861.0,274750.0,24.255,133665933.55499999
17504,12940,5265695.0,264904.0,24.255,127719432.225
17504,12352,6140602.0,311480.0,24.255,148940301.51
17504,17522,3829652.0,195492.0,24.255,92888209.25999999
17504,14234,3383981.0,163138.0,24.255,82078459.155
17504,19300,5470420.0,273463.0,24.255,132685037.1
17504,18542,5486638.0,274166.0,24.255,133078404.69
17504,16855,3844234.0,196065.0,24.255,93241895.67
17504,13694,6169853.0,301960.0,24.255,149649784.515
17504,12205,5853186.0,296218.0,24.255,141969026.43
17504,18941,4371748.0,222264.0,24.255,106036747.74
17504,10748,5483216.0,274558.0,24.255,132995404.08
17504,10705,5439858.0,273283.0,24.255,131943755.78999999
17504,15483,6151590.0,301424.0,24.255,149206815.45
17504,13088,6146524.0,311666.0,24.255,149083939.62
17504,13917,4440776.0,226126.0,24.255,107711021.88
17504,16236,5431905.0,271880.0,24.255,131750855.77499999
17504,13073,5419409.0,271079.0,24.255,131447765.295
17504,13636,5546712.0,275949.0,24.255,134535499.56
17504,18411,4971980.0,249487.0,24.255,120595374.89999999
17504,10916,2278490.0,117465.0,61.77,140742327.3
17504,15270,6240466.0,316151.0,24.255,151362502.82999998
17504,13509,5547202.0,276072.0,24.255,134547384.51
17504,11200,5333168.0,269557.0,24.255,129355989.83999999
17504,12616,3827541.0,195252.0,24.255,92837006.955
17504,12868,6220612.0,309968.0,24.255,150880944.06
17504,13555,4574370.0,230870.0,24.255,110951344.35
17504,14736,6154034.0,308862.0,24.255,149266094.67
17504,17516,4331705.0,220178.0,24.255,105065504.77499999
17504,15183,6027150.0,309255.0,24.255,146188523.25
17504,13563,2019782.0,104433.0,61.77,124761934.14
17504,15077,4714427.0,240113.0,24.255,114348426.88499999
17504,11466,3321211.0,201283.0,24.255,80555972.80499999
17504,15378,5404999.0,272144.0,24.255,131098250.74499999
17504,18827,4713531.0,235808.0,24.255,114326694.405
17504,16028,4001013.0,202853.0,24.255,97044570.315
17504,15601,4446579.0,222984.0,24.255,107851773.645
17504,15264,4674957.0,237193.0,24.255,113391082.035
17504,19333,5400505.0,277910.0,24.255,130989248.77499999
17504,19880,4700342.0,227435.0,24.255,114006795.21
17504,14519,5529137.0,275859.0,24.255,134109217.93499999
17504,12369,6170309.0,316754.0,24.255,149660844.795
17504,10044,3805643.0,194028.0,24.255,92305870.965
17504,19147,6806331.0,350131.0,24.255,165087558.405
17504,18448,455978.0,24865.0,61.77,28165761.060000002
17504,17010,3989564.0,197000.0,24.255,96766874.82
17504,17738,5489049.0,276896.0,24.255,133136883.49499999
17504,10955,5853089.0,296174.0,24.255,141966673.695
17504,18219,5308976.0,265148.0,24.255,128769212.88
17504,11853,5260923.0,264779.0,24.255,127603687.365
17504,10657,5648895.0,281004.0,24.255,137013948.225
17504,10568,4613068.0,233342.0,24.255,111889964.33999999
17504,10867,6227343.0,315995.0,24.255,151044204.465
17504,19500,5831148.0,297127.0,24.255,141434494.73999998
17504,13165,3724410.0,189686.0,24.255,90335564.55
17504,11022,5880815.0,295361.0,24.255,142639167.825
17504,19430,6550761.0,322853.0,24.255,158888708.055
17504,15241,5818923.0,296152.0,24.255,141137977.36499998
17504,16683,5086265.0,255067.0,24.255,123367357.57499999
17504,12216,4157500.0,210836.0,24.255,100840162.5
17504,10301,5983141.0,302545.0,24.255,145121084.95499998
17504,12355,4016542.0,198523.0,24.255,97421226.21
17504,14257,2757642.0,127957.0,61.77,170339546.34
17504,10963,2063245.0,106552.0,61.77,127446643.65
17504,16193,2958922.0,152257.0,61.77,182772611.94
17504,16962,5853348.0,296208.0,24.255,141972955.73999998
17504,15724,5529677.0,284455.0,24.255,134122315.63499999
17504,17789,5502477.0,274950.0,24.255,133462579.63499999
17504,14278,5468908.0,275484.0,24.255,132648363.53999999
17504,19846,2430857.0,123645.0,61.77,150154036.89000002
17504,11261,4181715.0,211561.0,24.255,101427497.325
17504,17223,5009872.0,253086.0,24.255,121514445.36
17504,12562,6174538.0,316983.0,24.255,149763419.19
17504,13170,5522384.0,275075.0,24.255,133945423.92
17504,13489,5508190.0,275027.0,24.255,133601148.44999999
17504,13582,5706398.0,288310.0,24.255,138408683.48999998
17504,14358,1479932.0,76752.0,61.77,91415399.64
17504,16108,2227727.0,113325.0,61.77,137606696.79000002
17504,10796,4848952.0,243955.0,24.255,117611330.75999999
17504,18799,4154961.0,210687.0,24.255,100778579.05499999
17504,10375,6468136.0,329372.0,24.255,156884638.68
17504,13665,2907235.0,149065.0,61.77,179579905.95000002
17504,15185,3112600.0,191145.0,61.77,192265302.0
17504,13454,5707198.0,298980.0,24.255,138428087.48999998
17504,14053,5298559.0,264832.0,24.255,128516548.545
17504,10901,5390392.0,273010.0,24.255,130743957.96
17504,15948,5886169.0,294715.0,24.255,142769029.095
17504,12973,4419410.0,228862.0,24.255,107192789.55
17504,12746,5519476.0,275273.0,24.255,133874890.38
17504,11181,5687843.0,283662.0,24.255,137958631.965
17504,19143,3954607.0,201739.0,24.255,95918992.785
17504,19785,5592936.0,282075.0,24.255,135656662.68
17504,13237,5525107.0,276077.0,24.255,134011470.285
17504,15651,2266015.0,116559.0,61.77,139971746.55
17504,15848,2251752.0,115725.0,61.77,139090721.04000002
17504,11455,5987850.0,300726.0,24.255,145235301.75
17504,14425,4763856.0,243227.0,24.255,115547327.28
17504,17752,1493956.0,77259.0,61.77,92281662.12
17504,14060,5431901.0,271879.0,24.255,131750758.755
17504,10316,4848822.0,242501.0,24.255,117608177.61
17504,19134,1897553.0,98365.0,61.77,117211848.81
17504,13460,5370728.0,274065.0,24.255,130267007.64
17504,15686,1493811.0,77226.0,61.77,92272705.47
17504,11189,6468149.0,329375.0,24.255,156884953.995
17504,10326,3487898.0,161012.0,24.255,84598965.99
17504,10269,6411612.0,325789.0,24.255,155513649.06
17504,17464,643327.0,30121.0,61.77,39738308.79
17504,19273,5728725.0,289380.0,24.255,138950224.875
17504,13840,5280086.0,270030.0,24.255,128068485.92999999
17504,14704,6482798.0,319989.0,24.255,157240265.48999998
17504,19239,4566545.0,230361.0,24.255,110761548.975
17504,19502,4713946.0,239998.0,24.255,114336760.22999999
17504,17504,0.0,0.0,61.77,0.0
17504,18110,5009649.0,253048.0,24.255,121509036.49499999
17504,11163,4172136.0,212113.0,24.255,101195158.67999999
17504,12633,2755362.0,127856.0,61.77,170198710.74
17504,16339,1070789.0,55628.0,61.77,66142636.53
17504,13989,3727119.0,190326.0,24.255,90401271.345
17504,18149,5024638.0,253830.0,24.255,121872594.69
17504,10177,2102567.0,97240.0,61.77,129875563.59
17504,12270,5079589.0,256931.0,24.255,123205431.195
17504,13100,6568149.0,337848.0,24.255,159310453.995
17504,17781,4613610.0,233408.0,24.255,111903110.55
17504,19971,3578066.0,214467.0,24.255,86785990.83
17504,16887,2482934.0,127502.0,61.77,153370833.18
17504,10985,6277503.0,309728.0,24.255,152260835.265
17504,15976,4258017.0,209934.0,24.255,103278202.335
18110,12652,854660.0,45872.0,30.44,26015850.400000002
18110,15008,819786.0,44327.0,30.44,24954285.84
18110,11112,845040.0,45515.0,30.44,25723017.6
18110,16325,836094.0,44947.0,30.44,25450701.36
18110,11561,1631055.0,79694.0,30.44,49649314.2
18110,18441,834389.0,44880.0,30.44,25398801.16
18110,16117,799836.0,44477.0,56.0,44790816.0
18110,11209,832193.0,44941.0,30.44,25331954.92
18110,15891,895781.0,47752.0,30.44,27267573.64
18110,18812,925669.0,49141.0,30.44,28177364.36
18110,19915,998481.0,53909.0,30.44,30393761.64
18110,17282,875577.0,46848.0,30.44,26652563.880000003
18110,11147,388355.0,21142.0,26.719,10376457.245000001
18110,13417,807018.0,43737.0,56.0,45193008.0
18110,12940,411225.0,23278.0,26.719,10987520.775
18110,12352,1130892.0,59087.0,30.44,34424352.480000004
18110,17522,1304195.0,64031.0,30.44,39699695.800000004
18110,14234,2285681.0,110469.0,30.44,69576129.64
18110,19300,846426.0,45575.0,30.44,25765207.44
18110,18542,838053.0,45051.0,30.44,25510333.32
18110,16855,1299953.0,63779.0,30.44,39570569.32
18110,13694,1573800.0,75591.0,30.44,47906472.0
18110,12205,843476.0,43825.0,30.44,25675409.44
18110,18941,997273.0,51286.0,30.44,30356990.12
18110,10748,890519.0,47476.0,30.44,27107398.36
18110,10705,681751.0,36954.0,26.326999999999998,17948458.577
18110,15483,1555538.0,75055.0,30.44,47350576.72
18110,13088,1136815.0,59273.0,30.44,34604648.6
18110,13917,804465.0,40668.0,56.0,45050040.0
18110,16236,868025.0,46951.0,30.44,26422681.0
18110,13073,870644.0,46193.0,30.44,26502403.36
18110,13636,814403.0,44229.0,30.44,24790427.32
18110,18411,249724.0,13379.0,26.719,6672375.556
18110,10916,2748734.0,137691.0,30.44,83671462.96000001
18110,15270,1230756.0,63758.0,30.44,37464212.64
18110,13509,814893.0,44351.0,30.44,24805342.92
18110,11200,910752.0,47942.0,30.44,27723290.880000003
18110,12616,1299758.0,63657.0,30.44,39564633.52
18110,12868,1549401.0,79697.0,30.44,47163766.440000005
18110,13555,436313.0,22455.0,26.719,11657847.047
18110,14736,1262798.0,66614.0,30.44,38439571.120000005
18110,17516,1011040.0,51755.0,30.44,30776057.6
18110,15183,1017440.0,56862.0,30.44,30970873.6
18110,13563,3017061.0,151046.0,30.44,91839336.84
18110,15077,461551.0,24636.0,26.719,12332181.169
18110,11466,2427152.0,120206.0,30.44,73882506.88000001
18110,15378,550529.0,30518.0,26.326999999999998,14493776.983
18110,18827,649272.0,33900.0,26.326999999999998,17093383.944
18110,16028,1213800.0,61826.0,30.44,36948072.0
18110,15601,804539.0,41646.0,56.0,45054184.0
18110,15264,1079671.0,54265.0,30.44,32865185.240000002
18110,19333,1225442.0,65406.0,30.44,37302454.480000004
18110,19880,2391032.0,110179.0,30.44,72783014.08
18110,14519,932852.0,49527.0,30.44,28396014.880000003
18110,12369,1160599.0,64361.0,30.44,35328633.56
18110,10044,1313657.0,64479.0,30.44,39987719.08
18110,19147,2631268.0,137627.0,30.44,80095797.92
18110,18448,4570988.0,230111.0,30.44,139140874.72
18110,17010,3095930.0,139982.0,30.44,94240109.2
18110,17738,543612.0,28888.0,26.326999999999998,14311673.124
18110,10955,843379.0,43781.0,30.44,25672456.76
18110,18219,817365.0,42661.0,30.44,24880590.6
18110,11853,406453.0,23153.0,26.719,10860017.707
18110,10657,1052842.0,54635.0,30.44,32048510.48
18110,10568,401639.0,20141.0,26.719,10731392.441
18110,10867,1217634.0,63602.0,30.44,37064778.96
18110,19500,821438.0,44734.0,30.44,25004572.720000003
18110,13165,1280104.0,63826.0,30.44,38966365.76
18110,11022,1229453.0,65679.0,30.44,37424549.32
18110,19430,1879886.0,92610.0,30.44,57223729.84
18110,15241,809213.0,43759.0,56.0,45315928.0
18110,16683,631912.0,33679.0,26.326999999999998,16636347.224
18110,12216,871311.0,43471.0,30.44,26522706.84
18110,10301,973432.0,50152.0,30.44,29631270.080000002
18110,12355,3066479.0,139306.0,30.44,93343620.76
18110,14257,7769468.0,379491.0,30.44,236502605.92000002
18110,10963,3008391.0,150820.0,30.44,91575422.04
18110,16193,2855189.0,138386.0,30.44,86911953.16
18110,16962,843639.0,43815.0,30.44,25680371.16
18110,15724,1296578.0,71114.0,30.44,39467834.32
18110,17789,846207.0,45510.0,30.44,25758541.080000002
18110,14278,523472.0,27476.0,26.326999999999998,13781447.343999999
18110,19846,3028659.0,148343.0,30.44,92192379.96000001
18110,11261,1260172.0,63124.0,30.44,38359635.68
18110,17223,1327.0,184.0,302.904,401953.608
18110,12562,1164828.0,64590.0,30.44,35457364.32
18110,13170,823621.0,44482.0,30.44,25071023.240000002
18110,13489,837530.0,45011.0,30.44,25494413.2
18110,13582,756561.0,40037.0,56.0,42367416.0
18110,14358,3533155.0,177265.0,30.44,107549238.2
18110,16108,3112185.0,155759.0,30.44,94734911.4
18110,10796,245007.0,16048.0,26.719,6546342.033000001
18110,18799,868771.0,43323.0,30.44,26445389.240000002
18110,10375,1458427.0,76979.0,30.44,44394517.88
18110,13665,2111092.0,105664.0,30.44,64261640.480000004
18110,15185,2634390.0,130401.0,30.44,80190831.60000001
18110,13454,1917420.0,104987.0,30.44,58366264.800000004
18110,14053,806948.0,42345.0,56.0,45189088.0
18110,10901,380682.0,20617.0,26.719,10171442.358000001
18110,15948,1018059.0,53865.0,30.44,30989715.96
18110,12973,878448.0,44440.0,30.44,26739957.12
18110,12746,923423.0,48904.0,30.44,28108996.12
18110,11181,875234.0,47870.0,30.44,26642122.96
18110,19143,1417764.0,69815.0,30.44,43156736.160000004
18110,19785,643100.0,33802.0,26.326999999999998,16930893.7
18110,13237,877336.0,47072.0,30.44,26706107.84
18110,15651,2755784.0,138334.0,30.44,83886064.96000001
18110,15848,2760066.0,137805.0,30.44,84016409.04
18110,11455,1336487.0,71044.0,30.44,40682664.28
18110,14425,412262.0,25111.0,26.719,11015228.378
18110,17752,3523968.0,176501.0,30.44,107269585.92
18110,14060,868021.0,46950.0,30.44,26422559.240000002
18110,10316,671322.0,34053.0,26.326999999999998,17673894.294
18110,19134,3728882.0,188360.0,30.44,113507168.08
18110,13460,1039268.0,55306.0,30.44,31635317.92
18110,15686,3521923.0,176405.0,30.44,107207336.12
18110,11189,1458440.0,76982.0,30.44,44394913.6
18110,10326,8499725.0,412546.0,30.44,258731629.0
18110,10269,1401903.0,73396.0,30.44,42673927.32
18110,17464,5655153.0,281656.0,30.44,172142857.32
18110,19273,778889.0,41107.0,56.0,43617784.0
18110,13840,871937.0,48571.0,30.44,26541762.28
18110,14704,1831436.0,90307.0,30.44,55748911.84
18110,19239,443461.0,22795.0,26.719,11848834.459
18110,19502,461069.0,24521.0,26.719,12319302.611000001
18110,17504,5007639.0,252819.0,30.44,152432531.16
18110,18110,0.0,0.0,302.904,0.0
18110,11163,1635293.0,80189.0,30.44,49778318.92
18110,12633,7767188.0,379391.0,30.44,236433202.72
18110,16339,4212372.0,216992.0,30.44,128224603.68
18110,13989,1274720.0,63581.0,30.44,38802476.800000004
18110,18149,30310.0,2414.0,95.75874,2902447.4094000002
18110,10177,7114393.0,348775.0,30.44,216562122.92000002
18110,12270,1454305.0,72378.0,30.44,44269044.2
18110,13100,2393086.0,125345.0,30.44,72845537.84
18110,17781,402180.0,20207.0,26.719,10745847.42
18110,19971,2728152.0,135876.0,30.44,83044946.88000001
18110,16887,3096375.0,154689.0,30.44,94253655.0
18110,10985,1589822.0,82339.0,30.44,48394181.68
18110,15976,2916729.0,133424.0,30.44,88785230.76
11163,12652,1963799.0,93871.0,31.05,60975958.95
11163,15008,2012904.0,95952.0,35.0,70451640.0
11163,11112,2012857.0,96450.0,35.0,70449995.0
11163,16325,2035023.0,97277.0,35.0,71225805.0
11163,11561,686938.0,33761.0,31.05,21329424.900000002
11163,18441,2033317.0,97210.0,35.0,71166095.0
11163,16117,2153718.0,102219.0,35.0,75380130.0
11163,11209,2034524.0,97229.0,35.0,71208340.0
11163,15891,1999523.0,95662.0,35.0,69983305.0
11163,18812,2042516.0,97452.0,35.0,71488060.0
11163,19915,2634160.0,133247.0,35.0,92195600.0
11163,17282,2044143.0,97797.0,35.0,71545005.0
11163,11147,2024034.0,100480.0,35.0,70841190.0
11163,13417,2031655.0,96693.0,35.0,71107925.0
11163,12940,1891664.0,91849.0,31.05,58736167.2
11163,12352,2766571.0,138425.0,35.0,96829985.0
11163,17522,387762.0,19555.0,31.499999999999996,12214502.999999998
11163,14234,1494707.0,70229.0,31.05,46410652.35
11163,19300,1991215.0,95406.0,35.0,69692525.0
11163,18542,2007433.0,96109.0,35.0,70260155.0
11163,16855,348527.0,17505.0,31.499999999999996,10978600.499999998
11163,13694,2291495.0,121456.0,35.0,80202325.0
11163,12205,2479155.0,123163.0,35.0,86770425.0
11163,18941,695838.0,35592.0,31.05,21605769.900000002
11163,10748,2004010.0,96501.0,35.0,70140350.0
11163,10705,1960652.0,95226.0,31.05,60878244.6
11163,15483,2429953.0,121593.0,35.0,85048355.0
11163,13088,2772494.0,138612.0,35.0,97037290.0
11163,13917,1257573.0,61579.0,31.05,39047641.65
11163,16236,1952699.0,93823.0,31.05,60631303.95
11163,13073,1940204.0,93022.0,31.05,60243334.2
11163,13636,2067507.0,97893.0,35.0,72362745.0
11163,18411,1597949.0,76433.0,31.05,49616316.45
11163,10916,1915600.0,97022.0,31.05,59479380.0
11163,15270,2866435.0,143096.0,35.0,100325225.0
11163,13509,2067997.0,98015.0,35.0,72379895.0
11163,11200,1592968.0,82139.0,31.05,49461656.4
11163,12616,370060.0,19058.0,31.499999999999996,11656889.999999998
11163,12868,2741407.0,131911.0,35.0,95949245.0
11163,13555,1200338.0,57816.0,31.05,37270494.9
11163,14736,2674828.0,130805.0,35.0,93618980.0
11163,17516,737895.0,38511.0,31.05,22911639.75
11163,15183,2653119.0,136200.0,35.0,92859165.0
11163,13563,2183926.0,110376.0,35.0,76437410.0
11163,15077,1328246.0,65076.0,31.05,41242038.300000004
11163,11466,1053958.0,56145.0,31.05,32725395.900000002
11163,15378,2030968.0,99089.0,35.0,71083880.0
11163,18827,1033709.0,56339.0,31.05,32096664.45
11163,16028,850374.0,42549.0,31.05,26404112.7
11163,15601,967374.0,44927.0,31.05,30036962.7
11163,15264,924602.0,47588.0,31.05,28708892.1
11163,19333,1650150.0,88305.0,31.05,51237157.5
11163,19880,2705427.0,127561.0,35.0,94689945.0
11163,14519,2049931.0,97802.0,35.0,71747585.0
11163,12369,2796278.0,143699.0,35.0,97869730.0
11163,10044,374419.0,18798.0,31.499999999999996,11794198.499999998
11163,19147,3055976.0,160526.0,35.0,106959160.0
11163,18448,3737853.0,189442.0,35.0,130824855.0
11163,17010,3113340.0,145445.0,35.0,108966900.0
11163,17738,2115017.0,103841.0,35.0,74025595.0
11163,10955,2479058.0,123120.0,35.0,86767030.0
11163,18219,1829771.0,87091.0,31.05,56814389.550000004
11163,11853,1886892.0,91724.0,31.05,58587996.6
11163,10657,1939728.0,101419.0,31.05,60228554.4
11163,10568,1239037.0,60287.0,31.05,38472098.85
11163,10867,2853312.0,142940.0,35.0,99865920.0
11163,19500,2457117.0,124073.0,35.0,85999095.0
11163,13165,574787.0,29320.0,31.05,17847136.35
11163,11022,2401610.0,117305.0,35.0,84056350.0
11163,19430,3071555.0,144796.0,35.0,107504425.0
11163,15241,2444892.0,123097.0,35.0,85571220.0
11163,16683,1406400.0,75766.0,31.05,43668720.0
11163,12216,899657.0,43294.0,31.05,27934349.85
11163,10301,2609111.0,129490.0,35.0,91318885.0
11163,12355,3140318.0,146968.0,35.0,109911130.0
11163,14257,6936333.0,338822.0,35.0,242771655.0
11163,10963,2175256.0,110151.0,35.0,76133960.0
11163,16193,2022054.0,97716.0,35.0,70771890.0
11163,16962,2479317.0,123153.0,35.0,86776095.0
11163,15724,1779322.0,94850.0,31.05,55247948.1
11163,17789,2023272.0,96893.0,35.0,70814520.0
11163,14278,2094877.0,102430.0,35.0,73320695.0
11163,19846,2195524.0,107674.0,35.0,76843340.0
11163,11261,452827.0,22614.0,22.805999999999997,10327172.561999999
11163,17223,1635841.0,80032.0,31.05,50792863.050000004
11163,12562,2800507.0,143928.0,35.0,98017745.0
11163,13170,2043179.0,97018.0,35.0,71511265.0
11163,13489,2028984.0,96971.0,35.0,71014440.0
11163,13582,2332367.0,115255.0,35.0,81632845.0
11163,14358,2700021.0,136596.0,35.0,94500735.0
11163,16108,2279050.0,115090.0,35.0,79766750.0
11163,10796,1474921.0,70900.0,31.05,45796297.050000004
11163,18799,897118.0,43145.0,31.05,27855513.900000002
11163,10375,3094106.0,156317.0,35.0,108293710.0
11163,13665,1277957.0,64995.0,31.05,39680564.85
11163,15185,1261196.0,66341.0,31.05,39160135.800000004
11163,13454,1956843.0,109375.0,31.05,60759975.15
11163,14053,1819354.0,86775.0,31.05,56490941.7
11163,10901,2016361.0,99956.0,35.0,70572635.0
11163,15948,2406963.0,116658.0,35.0,84243705.0
11163,12973,1508190.0,73483.0,31.05,46829299.5
11163,12746,2040271.0,97216.0,35.0,71409485.0
11163,11181,2208637.0,105605.0,35.0,77302295.0
11163,19143,218179.0,11171.0,31.499999999999996,6872638.499999999
11163,19785,2218905.0,109020.0,35.0,77661675.0
11163,13237,2045902.0,98020.0,35.0,71606570.0
11163,15651,1922649.0,97665.0,31.05,59698251.45
11163,15848,1926931.0,97136.0,31.05,59831207.550000004
11163,11455,2508644.0,122669.0,35.0,87802540.0
11163,14425,1389824.0,70173.0,31.05,43154035.2
11163,17752,2690833.0,135832.0,35.0,94179155.0
11163,14060,1952696.0,93823.0,31.05,60631210.800000004
11163,10316,1168957.0,63200.0,31.05,36296114.85
11163,19134,2895747.0,147691.0,35.0,101351145.0
11163,13460,1620373.0,84460.0,31.05,50312581.65
11163,15686,2688788.0,135736.0,35.0,94107580.0
11163,11189,3094119.0,156320.0,35.0,108294165.0
11163,10326,7666590.0,371877.0,35.0,268330650.0
11163,10269,3037582.0,152734.0,35.0,106315370.0
11163,17464,4822018.0,240986.0,35.0,168770630.0
11163,19273,2354694.0,116325.0,35.0,82414290.0
11163,13840,1906055.0,96976.0,31.05,59183007.75
11163,14704,3003593.0,141932.0,35.0,105125755.0
11163,19239,1192513.0,57306.0,31.05,37027528.65
11163,19502,1327765.0,64960.0,31.05,41227103.25
11163,17504,4174504.0,212150.0,35.0,146107640.0
11163,18110,1635618.0,79993.0,31.05,50785938.9
11163,11163,0.0,0.0,31.499999999999996,0.0
11163,12633,6934053.0,338721.0,35.0,242691855.0
11163,16339,3379237.0,176322.0,35.0,118273295.0
11163,13989,576530.0,29648.0,31.05,17901256.5
11163,18149,1650607.0,80775.0,31.05,51251347.35
11163,10177,6281258.0,308105.0,35.0,219844030.0
11163,12270,1329234.0,67326.0,31.05,41272715.7
11163,13100,2817794.0,148243.0,35.0,98622790.0
11163,17781,1239578.0,60353.0,31.05,38488896.9
11163,19971,1354958.0,71815.0,31.05,42071445.9
11163,16887,2263240.0,114020.0,35.0,79213400.0
11163,10985,2555866.0,129897.0,35.0,89455310.0
11163,15976,3231124.0,150807.0,35.0,113089340.0
12633,12652,8203062.0,398523.0,46.0,377340852.0
12633,15008,8252167.0,400603.0,46.0,379599682.0
12633,11112,8252120.0,401102.0,46.0,379597520.0
12633,16325,8274286.0,401928.0,46.0,380617156.0
12633,11561,6297349.0,307422.0,46.0,289678054.0
12633,18441,8272580.0,401861.0,46.0,380538680.0
12633,16117,8392981.0,406870.0,46.0,386077126.0
12633,11209,8273787.0,401881.0,46.0,380594202.0
12633,15891,8238787.0,400314.0,46.0,378984202.0
12633,18812,8281780.0,402104.0,46.0,380961880.0
12633,19915,8768249.0,432897.0,46.0,403339454.0
12633,17282,8283407.0,402448.0,46.0,381036722.0
12633,11147,8158124.0,400129.0,46.0,375273704.0
12633,13417,8270919.0,401344.0,46.0,380462274.0
12633,12940,8025754.0,391499.0,46.0,369184684.0
12633,12352,8900661.0,438074.0,46.0,409430406.0
12633,17522,6589710.0,322086.0,46.0,303126660.0
12633,14234,6144040.0,289733.0,46.0,282625840.0
12633,19300,8230478.0,400057.0,46.0,378601988.0
12633,18542,8246696.0,400760.0,46.0,379348016.0
12633,16855,6604292.0,322660.0,46.0,303797432.0
12633,13694,8929911.0,428555.0,46.0,410775906.0
12633,12205,8613245.0,422812.0,46.0,396209270.0
12633,18941,7131806.0,348859.0,46.0,328063076.0
12633,10748,8243274.0,401153.0,46.0,379190604.0
12633,10705,8199916.0,399877.0,46.0,377196136.0
12633,15483,8911649.0,428018.0,46.0,409935854.0
12633,13088,8906583.0,438261.0,46.0,409702818.0
12633,13917,7200834.0,352721.0,46.0,331238364.0
12633,16236,8191963.0,398475.0,46.0,376830298.0
12633,13073,8179467.0,397674.0,46.0,376255482.0
12633,13636,8306770.0,402544.0,46.0,382111420.0
12633,18411,7732038.0,376082.0,46.0,355673748.0
12633,10916,5038549.0,244060.0,46.0,231773254.0
12633,15270,9000525.0,442746.0,46.0,414024150.0
12633,13509,8307260.0,402667.0,46.0,382133960.0
12633,11200,8093226.0,396152.0,46.0,372288396.0
12633,12616,6587600.0,321847.0,46.0,303029600.0
12633,12868,8980670.0,436563.0,46.0,413110820.0
12633,13555,7334428.0,357465.0,46.0,337383688.0
12633,14736,8914092.0,435456.0,46.0,410048232.0
12633,17516,7091763.0,346772.0,46.0,326221098.0
12633,15183,8787208.0,435849.0,46.0,404211568.0
12633,13563,4779841.0,231028.0,46.0,219872686.0
12633,15077,7474486.0,366708.0,46.0,343826356.0
12633,11466,6081270.0,327878.0,46.0,279738420.0
12633,15378,8165058.0,398739.0,46.0,375592668.0
12633,18827,7473589.0,362403.0,46.0,343785094.0
12633,16028,6761071.0,329448.0,46.0,311009266.0
12633,15601,7206637.0,349578.0,46.0,331505302.0
12633,15264,7435015.0,363788.0,46.0,342010690.0
12633,19333,8160564.0,404505.0,46.0,375385944.0
12633,19880,7460400.0,354030.0,46.0,343178400.0
12633,14519,8289195.0,402453.0,46.0,381302970.0
12633,12369,8930367.0,443348.0,46.0,410796882.0
12633,10044,6565702.0,320622.0,46.0,302022292.0
12633,19147,9566390.0,476725.0,46.0,440053940.0
12633,18448,3216036.0,151460.0,361.09,1161278439.24
12633,17010,6749623.0,323594.0,46.0,310482658.0
12633,17738,8249107.0,403491.0,46.0,379458922.0
12633,10955,8613148.0,422769.0,46.0,396204808.0
12633,18219,8069034.0,391743.0,46.0,371175564.0
12633,11853,8020982.0,391373.0,46.0,368965172.0
12633,10657,8408953.0,407599.0,46.0,386811838.0
12633,10568,7373127.0,359937.0,46.0,339163842.0
12633,10867,8987402.0,442590.0,46.0,413420492.0
12633,19500,8591206.0,423722.0,46.0,395195476.0
12633,13165,6484468.0,316281.0,46.0,298285528.0
12633,11022,8640874.0,421956.0,46.0,397480204.0
12633,19430,9310818.0,449447.0,46.0,428297628.0
12633,15241,8578982.0,422747.0,46.0,394633172.0
12633,16683,7846323.0,381662.0,46.0,360930858.0
12633,12216,6917559.0,337430.0,46.0,318207714.0
12633,10301,8743200.0,429140.0,46.0,402187200.0
12633,12355,6776601.0,325117.0,46.0,311723646.0
12633,14257,14167.0,1038.0,361.09,5115562.029999999
12633,10963,4823304.0,233146.0,46.0,221871984.0
12633,16193,5718981.0,278852.0,46.0,263073126.0
12633,16962,8613407.0,422803.0,46.0,396216722.0
12633,15724,8289736.0,411050.0,46.0,381327856.0
12633,17789,8262535.0,401545.0,46.0,380076610.0
12633,14278,8228967.0,402079.0,46.0,378532482.0
12633,19846,5190916.0,250239.0,46.0,238782136.0
12633,11261,6941774.0,338156.0,46.0,319321604.0
12633,17223,7769931.0,379681.0,46.0,357416826.0
12633,12562,8934596.0,443578.0,46.0,410991416.0
12633,13170,8282442.0,401670.0,46.0,380992332.0
12633,13489,8268248.0,401622.0,46.0,380339408.0
12633,13582,8466457.0,414904.0,46.0,389457022.0
12633,14358,4239991.0,203347.0,46.0,195039586.0
12633,16108,4987785.0,239920.0,46.0,229438110.0
12633,10796,7609011.0,370550.0,46.0,350014506.0
12633,18799,6915019.0,337282.0,46.0,318090874.0
12633,10375,9228195.0,455967.0,46.0,424496970.0
12633,13665,5667293.0,275660.0,46.0,260695478.0
12633,15185,5872659.0,317740.0,46.0,270142314.0
12633,13454,8467257.0,425575.0,46.0,389493822.0
12633,14053,8058617.0,391427.0,46.0,370696382.0
12633,10901,8150450.0,399605.0,46.0,374920700.0
12633,15948,8646227.0,421309.0,46.0,397726442.0
12633,12973,7179469.0,355456.0,46.0,330255574.0
12633,12746,8279534.0,401867.0,46.0,380858564.0
12633,11181,8447901.0,410257.0,46.0,388603446.0
12633,19143,6714665.0,328333.0,46.0,308874590.0
12633,19785,8352995.0,408670.0,46.0,384237770.0
12633,13237,8285165.0,402672.0,46.0,381117590.0
12633,15651,5026074.0,243153.0,46.0,231199404.0
12633,15848,5011811.0,242320.0,46.0,230543306.0
12633,11455,8747908.0,427321.0,46.0,402403768.0
12633,14425,7523914.0,369822.0,46.0,346100044.0
12633,17752,4254015.0,203854.0,46.0,195684690.0
12633,14060,8191959.0,398474.0,46.0,376830114.0
12633,10316,7608880.0,369096.0,46.0,350008480.0
12633,19134,4657612.0,224960.0,46.0,214250152.0
12633,13460,8130786.0,400660.0,46.0,374016156.0
12633,15686,4253869.0,203821.0,46.0,195677974.0
12633,11189,9228208.0,455970.0,46.0,424497568.0
12633,10326,751424.0,34002.0,361.09,271331692.15999997
12633,10269,9171672.0,452384.0,46.0,421896912.0
12633,17464,2105788.0,98517.0,361.09,760378988.92
12633,19273,8488784.0,415974.0,46.0,390484064.0
12633,13840,8040145.0,396625.0,46.0,369846670.0
12633,14704,9242856.0,446584.0,46.0,425171376.0
12633,19239,7326603.0,356955.0,46.0,337023738.0
12633,19502,7474004.0,366592.0,46.0,343804184.0
12633,17504,2755130.0,127823.0,361.09,994849891.6999999
12633,18110,7769708.0,379643.0,46.0,357406568.0
12633,11163,6932194.0,338708.0,46.0,318880924.0
12633,12633,0.0,0.0,361.09,0.0
12633,16339,3830848.0,182222.0,361.09,1383280904.32
12633,13989,6487177.0,316921.0,46.0,298410142.0
12633,18149,7784697.0,380424.0,46.0,358096062.0
12633,10177,668890.0,32099.0,361.09,241529490.1
12633,12270,7839648.0,383525.0,46.0,360623808.0
12633,13100,9328208.0,464443.0,46.0,429097568.0
12633,17781,7373668.0,360002.0,46.0,339188728.0
12633,19971,6338124.0,341062.0,46.0,291553704.0
12633,16887,5242992.0,254097.0,46.0,241177632.0
12633,10985,9037562.0,436323.0,46.0,415727852.0
12633,15976,7018076.0,336528.0,46.0,322831496.0
16339,12652,4647057.0,236046.0,15.0,69705855.0
16339,15008,4696162.0,238126.0,15.0,70442430.0
16339,11112,4696115.0,238625.0,15.0,70441725.0
16339,16325,4718281.0,239451.0,15.0,70774215.0
16339,11561,2741344.0,144945.0,15.0,41120160.0
16339,18441,4716575.0,239384.0,15.0,70748625.0
16339,16117,4836976.0,244393.0,15.0,72554640.0
16339,11209,4717782.0,239404.0,15.0,70766730.0
16339,15891,4682782.0,237836.0,15.0,70241730.0
16339,18812,4725775.0,239627.0,15.0,70886625.0
16339,19915,5212244.0,270420.0,15.0,78183660.0
16339,17282,4727402.0,239971.0,15.0,70911030.0
16339,11147,4602119.0,237652.0,15.0,69031785.0
16339,13417,4714914.0,238867.0,15.0,70723710.0
16339,12940,4469748.0,229022.0,15.0,67046220.0
16339,12352,5344655.0,275597.0,15.0,80169825.0
16339,17522,3033705.0,159609.0,15.0,45505575.0
16339,14234,2588034.0,127256.0,15.0,38820510.0
16339,19300,4674473.0,237580.0,15.0,70117095.0
16339,18542,4690691.0,238283.0,15.0,70360365.0
16339,16855,3048287.0,160182.0,15.0,45724305.0
16339,13694,5373906.0,266077.0,15.0,80608590.0
16339,12205,5057239.0,260335.0,15.0,75858585.0
16339,18941,3575801.0,186382.0,15.0,53637015.0
16339,10748,4687269.0,238676.0,15.0,70309035.0
16339,10705,4643911.0,237400.0,15.0,69658665.0
16339,15483,5355643.0,265541.0,15.0,80334645.0
16339,13088,5350578.0,275784.0,15.0,80258670.0
16339,13917,3644828.0,190243.0,15.0,54672420.0
16339,16236,4635958.0,235998.0,15.0,69539370.0
16339,13073,4623462.0,235196.0,15.0,69351930.0
16339,13636,4750765.0,240067.0,15.0,71261475.0
16339,18411,4176033.0,213605.0,15.0,62640495.0
16339,10916,1482543.0,81583.0,15.0,22238145.0
16339,15270,5444519.0,280269.0,15.0,81667785.0
16339,13509,4751255.0,240190.0,15.0,71268825.0
16339,11200,4537221.0,233675.0,15.0,68058315.0
16339,12616,3031594.0,159370.0,15.0,45473910.0
16339,12868,5424665.0,274086.0,15.0,81369975.0
16339,13555,3778422.0,194988.0,15.0,56676330.0
16339,14736,5358087.0,272979.0,15.0,80371305.0
16339,17516,3535758.0,184295.0,15.0,53036370.0
16339,15183,5231203.0,273372.0,15.0,78468045.0
16339,13563,1223835.0,68551.0,7.84,9594866.4
16339,15077,3918480.0,204231.0,15.0,58777200.0
16339,11466,2525264.0,165401.0,15.0,37878960.0
16339,15378,4609052.0,236261.0,15.0,69135780.0
16339,18827,3917584.0,199925.0,15.0,58763760.0
16339,16028,3205066.0,166971.0,15.0,48075990.0
16339,15601,3650632.0,187101.0,15.0,54759480.0
16339,15264,3879009.0,201311.0,15.0,58185135.0
16339,19333,4604558.0,242027.0,15.0,69068370.0
16339,19880,3904395.0,191553.0,15.0,58565925.0
16339,14519,4733190.0,239976.0,15.0,70997850.0
16339,12369,5374362.0,280871.0,15.0,80615430.0
16339,10044,3009696.0,158145.0,15.0,45145440.0
16339,19147,6010384.0,314248.0,15.0,90155760.0
16339,18448,634060.0,32982.0,7.84,4971030.4
16339,17010,3193617.0,161117.0,15.0,47904255.0
16339,17738,4693101.0,241014.0,15.0,70396515.0
16339,10955,5057142.0,260292.0,15.0,75857130.0
16339,18219,4513029.0,229266.0,15.0,67695435.0
16339,11853,4464976.0,228896.0,15.0,66974640.0
16339,10657,4852948.0,245121.0,15.0,72794220.0
16339,10568,3817121.0,197460.0,15.0,57256815.0
16339,10867,5431396.0,280113.0,15.0,81470940.0
16339,19500,5035201.0,261245.0,15.0,75528015.0
16339,13165,2928462.0,153804.0,15.0,43926930.0
16339,11022,5084868.0,259479.0,15.0,76273020.0
16339,19430,5754814.0,286970.0,15.0,86322210.0
16339,15241,5022976.0,260270.0,15.0,75344640.0
16339,16683,4290318.0,219185.0,15.0,64354770.0
16339,12216,3361553.0,174953.0,15.0,50423295.0
16339,10301,5187195.0,266662.0,15.0,77807925.0
16339,12355,3220595.0,162640.0,15.0,48308925.0
16339,14257,3832541.0,182362.0,15.0,57488115.0
16339,10963,1267298.0,70669.0,7.84,9935616.32
16339,16193,2162975.0,116374.0,15.0,32444625.0
16339,16962,5057402.0,260326.0,15.0,75861030.0
16339,15724,4733730.0,248573.0,15.0,71005950.0
16339,17789,4706530.0,239067.0,15.0,70597950.0
16339,14278,4672961.0,239602.0,15.0,70094415.0
16339,19846,1634910.0,87762.0,15.0,24523650.0
16339,11261,3385768.0,175679.0,15.0,50786520.0
16339,17223,4213925.0,217204.0,15.0,63208875.0
16339,12562,5378591.0,281101.0,15.0,80678865.0
16339,13170,4726437.0,239193.0,15.0,70896555.0
16339,13489,4712243.0,239145.0,15.0,70683645.0
16339,13582,4910450.0,252427.0,15.0,73656750.0
16339,14358,683985.0,40870.0,7.84,5362442.399999999
16339,16108,1431780.0,77443.0,15.0,21476700.0
16339,10796,4053005.0,208073.0,15.0,60795075.0
16339,18799,3359013.0,174805.0,15.0,50385195.0
16339,10375,5672190.0,293489.0,15.0,85082850.0
16339,13665,2111288.0,113183.0,15.0,31669320.0
16339,15185,2316653.0,155263.0,15.0,34749795.0
16339,13454,4911250.0,263097.0,15.0,73668750.0
16339,14053,4502612.0,228950.0,15.0,67539180.0
16339,10901,4594445.0,237128.0,15.0,68916675.0
16339,15948,5090222.0,258832.0,15.0,76353330.0
16339,12973,3623463.0,192979.0,15.0,54351945.0
16339,12746,4723529.0,239390.0,15.0,70852935.0
16339,11181,4891896.0,247780.0,15.0,73378440.0
16339,19143,3158660.0,165856.0,15.0,47379900.0
16339,19785,4796989.0,246193.0,15.0,71954835.0
16339,13237,4729160.0,240195.0,15.0,70937400.0
16339,15651,1470068.0,80676.0,15.0,22051020.0
16339,15848,1455805.0,79842.0,15.0,21837075.0
16339,11455,5191903.0,264844.0,15.0,77878545.0
16339,14425,3967908.0,207345.0,15.0,59518620.0
16339,17752,698009.0,41377.0,7.84,5472390.56
16339,14060,4635954.0,235997.0,15.0,69539310.0
16339,10316,4052874.0,206619.0,15.0,60793110.0
16339,19134,1101606.0,62483.0,7.84,8636591.04
16339,13460,4574780.0,238183.0,15.0,68621700.0
16339,15686,697864.0,41344.0,7.84,5471253.76
16339,11189,5672203.0,293492.0,15.0,85083045.0
16339,10326,4562797.0,215417.0,15.0,68441955.0
16339,10269,5615666.0,289907.0,15.0,84234990.0
16339,17464,1718225.0,84526.0,15.0,25773375.0
16339,19273,4932777.0,253497.0,15.0,73991655.0
16339,13840,4484139.0,234148.0,15.0,67262085.0
16339,14704,5686851.0,284107.0,15.0,85302765.0
16339,19239,3770598.0,194478.0,15.0,56558970.0
16339,19502,3917999.0,204115.0,15.0,58769985.0
16339,17504,1070711.0,55690.0,7.84,8394374.24
16339,18110,4213702.0,217165.0,15.0,63205530.0
16339,11163,3376188.0,176231.0,15.0,50642820.0
16339,12633,3830261.0,182262.0,15.0,57453915.0
16339,16339,0.0,0.0,7.84,0.0
16339,13989,2931172.0,154444.0,15.0,43967580.0
16339,18149,4228691.0,217947.0,15.0,63430365.0
16339,10177,3177465.0,151645.0,15.0,47661975.0
16339,12270,4283642.0,221048.0,15.0,64254630.0
16339,13100,5772202.0,301966.0,15.0,86583030.0
16339,17781,3817662.0,197525.0,15.0,57264930.0
16339,19971,2782119.0,178585.0,15.0,41731785.0
16339,16887,1686987.0,91620.0,15.0,25304805.0
16339,10985,5481556.0,273846.0,15.0,82223340.0
16339,15976,3462070.0,174051.0,15.0,51931050.0
13989,12652,1701494.0,84180.0,14.55,24756737.700000003
13989,15008,1750600.0,86261.0,14.55,25471230.0
13989,11112,1750553.0,86759.0,14.55,25470546.150000002
13989,16325,1772718.0,87586.0,14.55,25793046.900000002
13989,11561,426335.0,23395.0,249.2,106242682.0
13989,18441,1771013.0,87519.0,14.55,25768239.150000002
13989,16117,1891414.0,92528.0,14.55,27520073.700000003
13989,11209,1772220.0,87538.0,14.55,25785801.0
13989,15891,1737218.0,85971.0,14.55,25276521.900000002
13989,18812,1780212.0,87761.0,14.55,25902084.6
13989,19915,2274597.0,116919.0,14.55,33095386.35
13989,17282,1781839.0,88106.0,14.55,25925757.450000003
13989,11147,1664471.0,84152.0,14.55,24218053.05
13989,13417,1769351.0,87002.0,14.55,25744057.05
13989,12940,1532101.0,75521.0,14.55,22292069.55
13989,12352,2407008.0,122097.0,14.55,35021966.4
13989,17522,206337.0,11303.0,249.2,51419180.4
13989,14234,1047543.0,48235.0,14.55,15241750.65
13989,19300,1728910.0,85715.0,14.55,25155640.5
13989,18542,1745128.0,86418.0,14.55,25391612.400000002
13989,16855,245462.0,13353.0,249.2,61169130.4
13989,13694,2428343.0,114212.0,14.55,35332390.65
13989,12205,2119592.0,106835.0,14.55,30840063.6
13989,18941,764883.0,38841.0,14.55,11129047.65
13989,10748,1741706.0,86810.0,14.55,25341822.3
13989,10705,1687880.0,84393.0,14.55,24558654.0
13989,15483,2410080.0,113676.0,14.55,35066664.0
13989,13088,2412931.0,122283.0,14.55,35108146.050000004
13989,13917,720494.0,37579.0,14.55,10483187.700000001
13989,16236,1690395.0,84132.0,14.55,24595247.25
13989,13073,1677899.0,83331.0,14.55,24413430.450000003
13989,13636,1805203.0,88202.0,14.55,26265703.650000002
13989,18411,1238386.0,60104.0,14.55,18018516.3
13989,10916,1468436.0,75027.0,14.55,21365743.8
13989,15270,2506872.0,126768.0,14.55,36474987.6
13989,13509,1805692.0,88324.0,14.55,26272818.6
13989,11200,1591658.0,81809.0,14.55,23158623.900000002
13989,12616,211560.0,11626.0,249.2,52720752.0
13989,12868,2479102.0,122220.0,14.55,36070934.1
13989,13555,840775.0,41487.0,14.55,12233276.25
13989,14736,2367710.0,120609.0,14.55,34450180.5
13989,17516,693450.0,35737.0,14.55,10089697.5
13989,15183,2293556.0,119872.0,14.55,33371239.8
13989,13563,1736762.0,88382.0,14.55,25269887.1
13989,15077,980833.0,50730.0,14.55,14271120.15
13989,11466,1213462.0,63798.0,14.55,17655872.1
13989,15378,1671405.0,82761.0,14.55,24318942.75
13989,18827,972021.0,48060.0,14.55,14142905.55
13989,16028,280732.0,14306.0,249.2,69958414.39999999
13989,15601,705069.0,35236.0,14.55,10258753.950000001
13989,15264,1068091.0,53770.0,14.55,15540724.05
13989,19333,1793639.0,94487.0,14.55,26097447.450000003
13989,19880,2117059.0,98726.0,14.55,30803208.450000003
13989,14519,1787626.0,88111.0,14.55,26009958.3
13989,12369,2436715.0,127371.0,14.55,35454203.25
13989,10044,204152.0,11416.0,249.2,50874678.4
13989,19147,3199465.0,166708.0,14.55,46552215.75
13989,18448,3290689.0,167448.0,14.55,47879524.95
13989,17010,2666176.0,123451.0,14.55,38792860.800000004
13989,17738,1755454.0,87513.0,14.55,25541855.700000003
13989,10955,2119495.0,106791.0,14.55,30838652.25
13989,18219,1567466.0,77400.0,14.55,22806630.3
13989,11853,1527329.0,75396.0,14.55,22222636.95
13989,10657,1907385.0,93256.0,14.55,27752451.75
13989,10568,879474.0,43959.0,14.55,12796346.700000001
13989,10867,2493750.0,126612.0,14.55,36284062.5
13989,19500,2097554.0,107744.0,14.55,30519410.700000003
13989,13165,8662.0,869.0,249.2,2158570.4
13989,11022,2139305.0,107614.0,14.55,31126887.75
13989,19430,2809251.0,135105.0,14.55,40874602.050000004
13989,15241,2085329.0,106769.0,14.55,30341536.950000003
13989,16683,1344755.0,67319.0,14.55,19566185.25
13989,12216,423906.0,21453.0,249.2,105637375.19999999
13989,10301,2249548.0,113162.0,14.55,32730923.400000002
13989,12355,2693155.0,124974.0,14.55,39185405.25
13989,14257,6489169.0,316828.0,14.55,94417408.95
13989,10963,1728092.0,88157.0,14.55,25143738.6
13989,16193,1574890.0,75722.0,14.55,22914649.5
13989,16962,2119755.0,106825.0,14.55,30842435.25
13989,15724,1922811.0,101032.0,14.55,27976900.05
13989,17789,1760968.0,87202.0,14.55,25622084.400000002
13989,14278,1735314.0,86101.0,14.55,25248818.700000003
13989,19846,1748360.0,85680.0,14.55,25438638.0
13989,11261,574850.0,28138.0,14.55,8364067.5
13989,17223,1276278.0,63704.0,14.55,18569844.900000002
13989,12562,2440944.0,127600.0,14.55,35515735.2
13989,13170,1780875.0,87327.0,14.55,25911731.25
13989,13489,1766680.0,87280.0,14.55,25705194.0
13989,13582,1972804.0,98927.0,14.55,28704298.200000003
13989,14358,2252857.0,114602.0,14.55,32779069.35
13989,16108,1831886.0,93096.0,14.55,26653941.3
13989,10796,1115358.0,54572.0,14.55,16228458.9
13989,18799,421366.0,21304.0,249.2,105004407.19999999
13989,10375,2734543.0,139989.0,14.55,39787600.65
13989,13665,830793.0,43001.0,14.55,12088038.15
13989,15185,1420699.0,73994.0,14.55,20671170.45
13989,13454,2100332.0,115557.0,14.55,30559830.6
13989,14053,1557049.0,77084.0,14.55,22655062.95
13989,10901,1656798.0,83628.0,14.55,24106410.900000002
13989,15948,2099845.0,106462.0,14.55,30552744.75
13989,12973,973084.0,49379.0,14.55,14158372.200000001
13989,12746,1777966.0,87525.0,14.55,25869405.3
13989,11181,1946333.0,95914.0,14.55,28319145.150000002
13989,19143,355835.0,19026.0,249.2,88674082.0
13989,19785,1859342.0,92692.0,14.55,27053426.1
13989,13237,1783598.0,88329.0,14.55,25951350.900000002
13989,15651,1475485.0,75671.0,14.55,21468306.75
13989,15848,1479767.0,75142.0,14.55,21530609.85
13989,11455,2246340.0,112978.0,14.55,32684247.0
13989,14425,1030261.0,53844.0,14.55,14990297.55
13989,17752,2243669.0,113837.0,14.55,32645383.950000003
13989,14060,1690391.0,84132.0,14.55,24595189.05
13989,10316,1107311.0,54753.0,14.55,16111375.05
13989,19134,2448583.0,125697.0,14.55,35626882.65
13989,13460,1716035.0,88990.0,14.55,24968309.25
13989,15686,2241624.0,113742.0,14.55,32615629.200000003
13989,11189,2734556.0,139992.0,14.55,39787789.800000004
13989,10326,7219426.0,349883.0,14.55,105042648.30000001
13989,10269,2678019.0,136406.0,14.55,38965176.45
13989,17464,4374854.0,218992.0,14.55,63654125.7
13989,19273,1995131.0,99997.0,14.55,29029156.05
13989,13840,1546492.0,80648.0,14.55,22501458.6
13989,14704,2741288.0,132241.0,14.55,39885740.4
13989,19239,832950.0,40978.0,14.55,12119422.5
13989,19502,980352.0,50615.0,14.55,14264121.600000001
13989,17504,3727340.0,190156.0,14.55,54232797.0
13989,18110,1276055.0,63665.0,14.55,18566600.25
13989,11163,573364.0,29401.0,14.55,8342446.2
13989,12633,6486889.0,316727.0,14.55,94384234.95
13989,16339,2932073.0,154328.0,14.55,42661662.15
13989,13989,0.0,0.0,249.2,0.0
13989,18149,1291044.0,64447.0,14.55,18784690.2
13989,10177,5834094.0,286111.0,14.55,84886067.7
13989,12270,1472724.0,73508.0,14.55,21428134.2
13989,13100,2961283.0,154425.0,14.55,43086667.65
13989,17781,880015.0,44025.0,14.55,12804218.25
13989,19971,1514461.0,79468.0,14.55,22035407.55
13989,16887,1816076.0,92026.0,14.55,26423905.8
13989,10985,2535994.0,121980.0,14.55,36898712.7
13989,15976,2642756.0,121971.0,14.55,38452099.800000004
18149,12652,839324.0,44934.0,23.2848,19543491.4752
18149,15008,804450.0,43389.0,23.2848,18731457.36
18149,11112,835668.0,44548.0,23.2848,19458362.2464
18149,16325,826723.0,43979.0,23.2848,19250079.7104
18149,11561,1651151.0,80840.0,23.2848,38446720.804800004
18149,18441,825017.0,43913.0,23.2848,19210355.8416
18149,16117,790465.0,43510.0,49.4,39048971.0
18149,11209,822821.0,43974.0,23.2848,19159222.4208
18149,15891,886409.0,46785.0,23.2848,20639856.2832
18149,18812,916297.0,48173.0,23.2848,21335792.3856
18149,19915,997783.0,53775.0,23.2848,23233177.5984
18149,17282,866205.0,45881.0,23.2848,20169410.184
18149,11147,387658.0,21008.0,14.261939999999997,5528755.136519999
18149,13417,797646.0,42769.0,49.4,39403712.4
18149,12940,401853.0,22311.0,14.261939999999997,5731203.374819999
18149,12352,1130195.0,58953.0,23.2848,26316364.536000002
18149,17522,1324290.0,65177.0,23.2848,30835827.792
18149,14234,2305776.0,111615.0,23.2848,53689533.0048
18149,19300,831090.0,44638.0,23.2848,19351764.432
18149,18542,828682.0,44084.0,23.2848,19295694.6336
18149,16855,1320048.0,64925.0,23.2848,30737053.6704
18149,13694,1564428.0,74624.0,23.2848,36427393.0944
18149,12205,842779.0,43691.0,23.2848,19623940.459200002
18149,18941,1017369.0,52432.0,23.2848,23689233.6912
18149,10748,881148.0,46509.0,23.2848,20517354.950400002
18149,10705,666415.0,36017.0,14.261939999999997,9504370.745099999
18149,15483,1546166.0,74088.0,23.2848,36002166.0768
18149,13088,1136117.0,59140.0,23.2848,26454257.121600002
18149,13917,824560.0,41814.0,23.2848,19199714.688
18149,16236,852689.0,46014.0,23.2848,19854692.8272
18149,13073,855308.0,45256.0,23.2848,19915675.7184
18149,13636,805032.0,43261.0,23.2848,18745009.1136
18149,18411,234388.0,12442.0,14.261939999999997,3342827.5927199996
18149,10916,2768829.0,138837.0,23.2848,64471629.4992
18149,15270,1230058.0,63624.0,23.2848,28641654.518400002
18149,13509,805521.0,43384.0,23.2848,18756395.3808
18149,11200,895415.0,47004.0,23.2848,20849559.192
18149,12616,1319853.0,64803.0,23.2848,30732513.134400003
18149,12868,1500939.0,79084.0,23.2848,34949064.427200004
18149,13555,456408.0,23601.0,14.261939999999997,6509263.511519999
18149,14736,1250232.0,66086.0,23.2848,29111402.0736
18149,17516,1031135.0,52901.0,23.2848,24009772.248
18149,15183,1016742.0,56728.0,23.2848,23674634.121600002
18149,13563,3037156.0,152191.0,23.2848,70719570.0288
18149,15077,459578.0,25052.0,14.261939999999997,6554473.861319999
18149,11466,2447247.0,121351.0,23.2848,56983656.9456
18149,15378,541157.0,29551.0,14.261939999999997,7717948.664579999
18149,18827,647299.0,34316.0,14.261939999999997,9231739.500059998
18149,16028,1233895.0,62972.0,23.2848,28730998.296
18149,15601,824634.0,42792.0,23.2848,19201437.7632
18149,15264,1077698.0,54681.0,23.2848,25093982.3904
18149,19333,1210106.0,64469.0,23.2848,28177076.1888
18149,19880,2429448.0,112418.0,23.2848,56569210.7904
18149,14519,923480.0,48559.0,23.2848,21503047.104000002
18149,12369,1159901.0,64227.0,23.2848,27008062.8048
18149,10044,1333753.0,65625.0,23.2848,31056171.8544
18149,19147,2615932.0,136690.0,23.2848,60911453.4336
18149,18448,4591083.0,231257.0,23.2848,106902449.4384
18149,17010,3134347.0,142221.0,23.2848,72982643.0256
18149,17738,531046.0,28359.0,14.261939999999997,7573746.189239998
18149,10955,842682.0,43648.0,23.2848,19621681.8336
18149,18219,802029.0,41723.0,23.2848,18675084.8592
18149,11853,397081.0,22186.0,14.261939999999997,5663145.397139999
18149,10657,1043470.0,53668.0,23.2848,24296990.256
18149,10568,421734.0,21287.0,14.261939999999997,6014745.0039599985
18149,10867,1216936.0,63468.0,23.2848,28336111.3728
18149,19500,820740.0,44601.0,23.2848,19110766.752
18149,13165,1300199.0,64972.0,23.2848,30274873.6752
18149,11022,1220081.0,64712.0,23.2848,28409342.068800002
18149,19430,1831424.0,91996.0,23.2848,42644341.5552
18149,15241,808516.0,43625.0,23.2848,18826133.3568
18149,16683,616576.0,32742.0,14.261939999999997,8793569.917439999
18149,12216,891406.0,44617.0,23.2848,20756210.4288
18149,10301,972734.0,50018.0,23.2848,22649916.6432
18149,12355,3104896.0,141545.0,23.2848,72296882.38080001
18149,14257,7789563.0,380637.0,23.2848,181378416.5424
18149,10963,3028486.0,151966.0,23.2848,70517690.8128
18149,16193,2875284.0,139531.0,23.2848,66950412.883200005
18149,16962,842941.0,43681.0,23.2848,19627712.5968
18149,15724,1281242.0,70177.0,23.2848,29833463.7216
18149,17789,836835.0,44543.0,23.2848,19485535.608
18149,14278,510906.0,26948.0,14.261939999999997,7286510.7176399985
18149,19846,3048754.0,149489.0,23.2848,70989627.1392
18149,11261,1280267.0,64269.0,23.2848,29810761.0416
18149,17223,30952.0,2484.0,6.791399999999999,210207.4128
18149,12562,1164130.0,64456.0,23.2848,27106534.224
18149,13170,814250.0,43515.0,23.2848,18959648.400000002
18149,13489,828159.0,44044.0,23.2848,19283516.6832
18149,13582,743995.0,39508.0,49.4,36753353.0
18149,14358,3553250.0,178411.0,23.2848,82736715.60000001
18149,16108,3132280.0,156905.0,23.2848,72934513.344
18149,10796,225486.0,14769.0,14.261939999999997,3215867.8028399996
18149,18799,888866.0,44469.0,23.2848,20697067.0368
18149,10375,1457729.0,76845.0,23.2848,33942928.2192
18149,13665,2131187.0,106810.0,23.2848,49624263.0576
18149,15185,2654485.0,131547.0,23.2848,61809152.328
18149,13454,1902084.0,104049.0,23.2848,44289645.5232
18149,14053,791612.0,41407.0,49.4,39105632.8
18149,10901,379984.0,20484.0,14.261939999999997,5419309.008959999
18149,15948,969597.0,53252.0,23.2848,22576872.2256
18149,12973,916865.0,46678.0,23.2848,21349018.152
18149,12746,914052.0,47937.0,23.2848,21283518.009600002
18149,11181,865863.0,46903.0,23.2848,20161446.7824
18149,19143,1437859.0,70960.0,23.2848,33480259.2432
18149,19785,630533.0,33274.0,14.261939999999997,8992623.814019999
18149,13237,867964.0,46104.0,23.2848,20210368.1472
18149,15651,2775879.0,139480.0,23.2848,64635787.339200005
18149,15848,2780161.0,138951.0,23.2848,64735492.852800004
18149,11455,1327116.0,70077.0,23.2848,30901630.636800002
18149,14425,450679.0,27349.0,14.261939999999997,6427556.857259999
18149,17752,3544063.0,177647.0,23.2848,82522798.1424
18149,14060,852685.0,46013.0,23.2848,19854599.688
18149,10316,669349.0,34469.0,14.261939999999997,9546215.277059998
18149,19134,3748977.0,189506.0,23.2848,87294179.6496
18149,13460,1023932.0,54369.0,23.2848,23842051.8336
18149,15686,3542018.0,177551.0,23.2848,82475180.7264
18149,11189,1457742.0,76848.0,23.2848,33943230.9216
18149,10326,8519820.0,413692.0,23.2848,198382304.736
18149,10269,1401205.0,73262.0,23.2848,32626778.184
18149,17464,5675248.0,282801.0,23.2848,132147014.6304
18149,19273,766322.0,40578.0,49.4,37856306.8
18149,13840,910354.0,50809.0,23.2848,21197410.8192
18149,14704,1822064.0,89340.0,23.2848,42426395.8272
18149,19239,463556.0,23941.0,14.261939999999997,6611207.858639998
18149,19502,459097.0,24937.0,14.261939999999997,6547613.868179998
18149,17504,5027734.0,253965.0,23.2848,117069780.64320001
18149,18110,30729.0,2446.0,6.791399999999999,208692.9306
18149,11163,1655388.0,81335.0,23.2848,38545378.5024
18149,12633,7787283.0,380536.0,23.2848,181325327.1984
18149,16339,4232467.0,218137.0,23.2848,98552147.6016
18149,13989,1294815.0,64727.0,23.2848,30149508.312
18149,18149,0.0,0.0,6.791399999999999,0.0
18149,10177,7134488.0,349920.0,23.2848,166125126.18240002
18149,12270,1452333.0,72794.0,23.2848,33817283.4384
18149,13100,2377750.0,124408.0,23.2848,55365433.2
18149,17781,422275.0,21353.0,14.261939999999997,6022460.713499999
18149,19971,2748247.0,137021.0,23.2848,63992381.7456
18149,16887,3116470.0,155835.0,23.2848,72566380.656
18149,10985,1580451.0,81372.0,23.2848,36800485.444800004
18149,15976,2955145.0,135663.0,23.2848,68809960.296
10177,12652,7551099.0,367938.0,27.1656,205130134.99440002
10177,15008,7600204.0,370018.0,27.1656,206464101.7824
10177,11112,7600157.0,370516.0,27.1656,206462824.99920002
10177,16325,7622323.0,371343.0,27.1656,207064977.6888
10177,11561,5645386.0,276836.0,27.1656,153360297.9216
10177,18441,7620617.0,371276.0,27.1656,207018633.17520002
10177,16117,7741018.0,376285.0,27.1656,210289398.5808
10177,11209,7621824.0,371295.0,27.1656,207051422.0544
10177,15891,7586824.0,369728.0,27.1656,206100626.0544
10177,18812,7629817.0,371518.0,27.1656,207268556.6952
10177,19915,8116286.0,402311.0,27.1656,220483778.9616
10177,17282,7631444.0,371863.0,27.1656,207312755.12640002
10177,11147,7506160.0,369544.0,27.1656,203909340.09600002
10177,13417,7618956.0,370759.0,27.1656,206973511.11360002
10177,12940,7373790.0,360913.0,27.1656,200313429.624
10177,12352,8248697.0,407489.0,27.1656,224080803.22320002
10177,17522,5937747.0,291501.0,27.1656,161302459.9032
10177,14234,5492077.0,259147.0,27.1656,149195566.9512
10177,19300,7578515.0,369472.0,27.1656,205874907.08400002
10177,18542,7594733.0,370175.0,27.1656,206315478.78480002
10177,16855,5952329.0,292074.0,27.1656,161698588.68240002
10177,13694,8277948.0,397969.0,27.1656,224875424.1888
10177,12205,7961281.0,392227.0,27.1656,216272975.1336
10177,18941,6479843.0,318274.0,27.1656,176028823.0008
10177,10748,7591311.0,370567.0,27.1656,206222518.10160002
10177,10705,7547953.0,369292.0,27.1656,205044672.01680002
10177,15483,8259685.0,397433.0,27.1656,224379298.83600003
10177,13088,8254619.0,407675.0,27.1656,224241677.90640002
10177,13917,6548871.0,322135.0,27.1656,177904010.0376
10177,16236,7540000.0,367890.0,27.1656,204828624.0
10177,13073,7527504.0,367088.0,27.1656,204489162.6624
10177,13636,7654807.0,371959.0,27.1656,207947425.0392
10177,18411,7080075.0,345496.0,27.1656,192334485.42000002
10177,10916,4386585.0,213475.0,27.1656,119164213.47600001
10177,15270,8348561.0,412160.0,27.1656,226793668.70160002
10177,13509,7655297.0,372081.0,27.1656,207960736.1832
10177,11200,7441263.0,365566.0,27.1656,202146374.15280002
10177,12616,5935636.0,291261.0,27.1656,161245113.32160002
10177,12868,8328707.0,405978.0,27.1656,226254322.8792
10177,13555,6682465.0,326880.0,27.1656,181533171.204
10177,14736,8262129.0,404871.0,27.1656,224445691.5624
10177,17516,6439800.0,316187.0,27.1656,174941030.88
10177,15183,8135245.0,405264.0,27.1656,220998811.572
10177,13563,4127877.0,200442.0,27.1656,112136255.43120001
10177,15077,6822522.0,336123.0,27.1656,185337903.6432
10177,11466,5429307.0,297293.0,27.1656,147490382.2392
10177,15378,7513094.0,368153.0,27.1656,204097706.3664
10177,18827,6821625.0,331817.0,27.1656,185313536.1
10177,16028,6109108.0,298862.0,27.1656,165957584.28480002
10177,15601,6554674.0,318993.0,27.1656,178061652.0144
10177,15264,6783052.0,333203.0,27.1656,184265677.41120002
10177,19333,7508600.0,373919.0,27.1656,203975624.16
10177,19880,6808437.0,323444.0,27.1656,184955276.1672
10177,14519,7637232.0,371868.0,27.1656,207469989.61920002
10177,12369,8278404.0,412763.0,27.1656,224887811.7024
10177,10044,5913738.0,290037.0,27.1656,160650241.0128
10177,19147,8914426.0,446140.0,27.1656,242165730.9456
10177,18448,2564073.0,120874.0,27.1656,69654581.4888
10177,17010,6097659.0,293009.0,27.1656,165646565.33040002
10177,17738,7597144.0,372905.0,27.1656,206380975.0464
10177,10955,7961184.0,392184.0,27.1656,216270340.0704
10177,18219,7417071.0,361157.0,27.1656,201489183.9576
10177,11853,7369018.0,360788.0,27.1656,200183795.3808
10177,10657,7756990.0,377013.0,27.1656,210723287.544
10177,10568,6721163.0,329351.0,27.1656,182584425.59280002
10177,10867,8335438.0,412004.0,27.1656,226437174.53280002
10177,19500,7939243.0,393136.0,27.1656,215674299.6408
10177,13165,5832505.0,285695.0,27.1656,158443497.828
10177,11022,7988910.0,391371.0,27.1656,217023533.49600002
10177,19430,8658856.0,418862.0,27.1656,235223018.5536
10177,15241,7927018.0,392161.0,27.1656,215342200.18080002
10177,16683,7194359.0,351076.0,27.1656,195439078.8504
10177,12216,6265595.0,306845.0,27.1656,170208647.532
10177,10301,8091236.0,398554.0,27.1656,219803280.6816
10177,12355,6124638.0,294532.0,27.1656,166379466.0528
10177,14257,671142.0,32204.0,27.1656,18231975.1152
10177,10963,4171340.0,202561.0,27.1656,113316953.904
10177,16193,5067017.0,248266.0,27.1656,137648557.01520002
10177,16962,7961443.0,392217.0,27.1656,216277375.96080002
10177,15724,7637772.0,380464.0,27.1656,207484659.04320002
10177,17789,7610572.0,370959.0,27.1656,206745754.72320002
10177,14278,7577003.0,371493.0,27.1656,205833832.69680002
10177,19846,4538953.0,219654.0,27.1656,123303381.61680001
10177,11261,6289810.0,307571.0,27.1656,170866462.536
10177,17223,7117967.0,349096.0,27.1656,193363844.3352
10177,12562,8282633.0,412992.0,27.1656,225002695.0248
10177,13170,7630479.0,371085.0,27.1656,207286540.3224
10177,13489,7616285.0,371037.0,27.1656,206900951.796
10177,13582,7814493.0,384319.0,27.1656,212285391.0408
10177,14358,3588027.0,172761.0,27.1656,97470906.2712
10177,16108,4335822.0,209335.0,27.1656,117785206.1232
10177,10796,6957047.0,339964.0,27.1656,188992355.9832
10177,18799,6263056.0,306696.0,27.1656,170139674.0736
10177,10375,8576232.0,425381.0,27.1656,232978488.0192
10177,13665,5015330.0,245075.0,27.1656,136244448.648
10177,15185,5220695.0,287155.0,27.1656,141823312.092
10177,13454,7815293.0,394989.0,27.1656,212307123.52080002
10177,14053,7406654.0,360841.0,27.1656,201206199.90240002
10177,10901,7498487.0,369020.0,27.1656,203700898.4472
10177,15948,7994264.0,390724.0,27.1656,217168978.1184
10177,12973,6527505.0,324871.0,27.1656,177323589.828
10177,12746,7627571.0,371282.0,27.1656,207207542.7576
10177,11181,7795938.0,379671.0,27.1656,211781333.3328
10177,19143,6062702.0,297748.0,27.1656,164696937.4512
10177,19785,7701031.0,378084.0,27.1656,209203127.73360002
10177,13237,7633202.0,372087.0,27.1656,207360512.25120002
10177,15651,4374111.0,212568.0,27.1656,118825349.7816
10177,15848,4359847.0,211734.0,27.1656,118437859.6632
10177,11455,8095945.0,396735.0,27.1656,219931203.492
10177,14425,6871951.0,339236.0,27.1656,186680672.08560002
10177,17752,3602051.0,173269.0,27.1656,97851876.6456
10177,14060,7539996.0,367889.0,27.1656,204828515.33760002
10177,10316,6956916.0,338510.0,27.1656,188988797.2896
10177,19134,4005649.0,194375.0,27.1656,108815858.4744
10177,13460,7478823.0,370074.0,27.1656,203166714.0888
10177,15686,3601906.0,173235.0,27.1656,97847937.63360001
10177,11189,8576244.0,425384.0,27.1656,232978814.00640002
10177,10326,1401399.0,65259.0,27.1656,38069844.6744
10177,10269,8519708.0,421798.0,27.1656,231442979.6448
10177,17464,1453824.0,67931.0,27.1656,39494001.2544
10177,19273,7836820.0,385389.0,27.1656,212891917.39200002
10177,13840,7388181.0,366040.0,27.1656,200704369.7736
10177,14704,8590893.0,415998.0,27.1656,233376762.8808
10177,19239,6674640.0,326370.0,27.1656,181320600.384
10177,19502,6822041.0,336007.0,27.1656,185324836.9896
10177,17504,2103166.0,97237.0,27.1656,57133766.2896
10177,18110,7117744.0,349057.0,27.1656,193357786.4064
10177,11163,6280231.0,308123.0,27.1656,170606243.2536
10177,12633,668862.0,32104.0,27.1656,18170037.5472
10177,16339,3178884.0,151637.0,27.1656,86356291.1904
10177,13989,5835214.0,286335.0,27.1656,158517089.4384
10177,18149,7132733.0,349839.0,27.1656,193764971.5848
10177,10177,0.0,0.0,27.1656,0.0
10177,12270,7187685.0,352940.0,27.1656,195257775.636
10177,13100,8676244.0,433858.0,27.1656,235695374.00640002
10177,17781,6721705.0,329417.0,27.1656,182599149.34800002
10177,19971,5686161.0,310476.0,27.1656,154467975.26160002
10177,16887,4591029.0,223512.0,27.1656,124718057.4024
10177,10985,8385598.0,405737.0,27.1656,227799801.0288
10177,15976,6366112.0,305943.0,27.1656,172939252.14720002
12270,12652,1307823.0,66950.0,53.0,69314619.0
12270,15008,1356928.0,69031.0,53.0,71917184.0
12270,11112,1336973.0,69482.0,53.0,70859569.0
12270,16325,1379047.0,70355.0,53.0,73089491.0
12270,11561,1594429.0,78592.0,53.0,84504737.0
12270,18441,1377341.0,70289.0,53.0,72999073.0
12270,16117,1497742.0,75297.0,53.0,79380326.0
12270,11209,1378548.0,70308.0,53.0,73063044.0
12270,15891,1283946.0,66734.0,53.0,68049138.0
12270,18812,1328256.0,68592.0,53.0,70397568.0
12270,19915,2439922.0,124833.0,53.0,129315866.0
12270,17282,1363396.0,70581.0,53.0,72259988.0
12270,11147,1829796.0,92065.0,53.0,96979188.0
12270,13417,1375679.0,69771.0,53.0,72910987.0
12270,12940,1515632.0,77899.0,53.0,80328496.0
12270,12352,2444004.0,127298.0,53.0,129532212.0
12270,17522,1267569.0,62929.0,53.0,67181157.0
12270,14234,2402198.0,115060.0,53.0,127316494.0
12270,19300,1335239.0,68485.0,53.0,70767667.0
12270,18542,1351457.0,69187.0,53.0,71627221.0
12270,16855,1263327.0,62677.0,53.0,66956331.0
12270,13694,1495494.0,79281.0,53.0,79261182.0
12270,12205,2156588.0,112036.0,53.0,114299164.0
12270,18941,832084.0,43582.0,53.0,44100452.0
12270,10748,1310356.0,68019.0,53.0,69448868.0
12270,10705,1400959.0,72509.0,53.0,74250827.0
12270,15483,1509258.0,79979.0,53.0,79990674.0
12270,13088,2449926.0,127484.0,53.0,129846078.0
12270,13917,1424857.0,73096.0,53.0,75517421.0
12270,16236,1296724.0,66902.0,53.0,68726372.0
12270,13073,1284228.0,66101.0,53.0,68064084.0
12270,13636,1411531.0,70971.0,53.0,74811143.0
12270,18411,1247488.0,63553.0,53.0,66116864.0
12270,10916,2823091.0,141852.0,53.0,149623823.0
12270,15270,2672197.0,134682.0,53.0,141626441.0
12270,13509,1412021.0,71094.0,53.0,74837113.0
12270,11200,1046488.0,52960.0,53.0,55463864.0
12270,12616,1263132.0,62555.0,53.0,66945996.0
12270,12868,2057581.0,103898.0,53.0,109051793.0
12270,13555,1197243.0,59940.0,53.0,63453879.0
12270,14736,2018852.0,103883.0,53.0,106999156.0
12270,17516,894983.0,46862.0,53.0,47434099.0
12270,15183,2458880.0,127786.0,53.0,130320640.0
12270,13563,3091418.0,155207.0,53.0,163845154.0
12270,15077,1032093.0,50972.0,53.0,54700929.0
12270,11466,2390526.0,119104.0,53.0,126697878.0
12270,15378,1581933.0,83057.0,53.0,83842449.0
12270,18827,831736.0,40847.0,53.0,44082008.0
12270,16028,1568885.0,80623.0,53.0,83150905.0
12270,15601,916494.0,48370.0,53.0,48574182.0
12270,15264,408246.0,20041.0,16.611,6781374.306
12270,19333,858860.0,46431.0,53.0,45519580.0
12270,19880,3206719.0,151063.0,53.0,169956107.0
12270,14519,1335671.0,68941.0,53.0,70790563.0
12270,12369,2602039.0,135284.0,53.0,137908067.0
12270,10044,1277031.0,63377.0,53.0,67682643.0
12270,19147,2244835.0,117653.0,53.0,118976255.0
12270,18448,4645344.0,234273.0,53.0,246203232.0
12270,17010,3911617.0,180866.0,53.0,207315701.0
12270,17738,1689891.0,88573.0,53.0,89564223.0
12270,10955,2156491.0,111992.0,53.0,114294023.0
12270,18219,1173399.0,60081.0,53.0,62190147.0
12270,11853,1510860.0,77774.0,53.0,80075580.0
12270,10657,1393248.0,72240.0,53.0,73842144.0
12270,10568,1235942.0,62412.0,53.0,65504926.0
12270,10867,2659074.0,134526.0,53.0,140930922.0
12270,19500,2262879.0,115658.0,53.0,119932587.0
12270,13165,1467442.0,73287.0,53.0,77774426.0
12270,11022,1717784.0,89291.0,53.0,91042552.0
12270,19430,2387729.0,116782.0,53.0,126549637.0
12270,15241,2250654.0,114683.0,53.0,119284662.0
12270,16683,988216.0,50488.0,53.0,52375448.0
12270,12216,1226395.0,62268.0,53.0,64998935.0
12270,10301,2286544.0,118363.0,53.0,121186832.0
12270,12355,3882166.0,180190.0,53.0,205754798.0
12270,14257,7843825.0,383653.0,53.0,415722725.0
12270,10963,3082747.0,154982.0,53.0,163385591.0
12270,16193,2929546.0,142547.0,53.0,155265938.0
12270,16962,2156750.0,112026.0,53.0,114307750.0
12270,15724,983321.0,52675.0,53.0,52116013.0
12270,17789,1367296.0,69972.0,53.0,72466688.0
12270,14278,1718845.0,88480.0,53.0,91098785.0
12270,19846,3103016.0,152505.0,53.0,164459848.0
12270,11261,904304.0,46044.0,53.0,47928112.0
12270,17223,1455502.0,72313.0,53.0,77141606.0
12270,12562,2606269.0,135514.0,53.0,138132257.0
12270,13170,1387203.0,70097.0,53.0,73521759.0
12270,13489,1373008.0,70049.0,53.0,72769424.0
12270,13582,1867112.0,95505.0,53.0,98956936.0
12270,14358,3607512.0,181427.0,53.0,191198136.0
12270,16108,3186541.0,159921.0,53.0,168886673.0
12270,10796,1279569.0,62382.0,53.0,67817157.0
12270,18799,1223856.0,62119.0,53.0,64864368.0
12270,10375,2771539.0,145190.0,53.0,146891567.0
12270,13665,2185449.0,109826.0,53.0,115828797.0
12270,15185,2597764.0,129299.0,53.0,137681492.0
12270,13454,941440.0,53886.0,53.0,49896320.0
12270,14053,1160039.0,59389.0,53.0,61482067.0
12270,10901,1822123.0,91541.0,53.0,96572519.0
12270,15948,1750987.0,89736.0,53.0,92802311.0
12270,12973,1675475.0,85000.0,53.0,88800175.0
12270,12746,1326011.0,68355.0,53.0,70278583.0
12270,11181,1552661.0,78684.0,53.0,82291033.0
12270,19143,1243284.0,63415.0,53.0,65894052.0
12270,19785,1842873.0,95070.0,53.0,97672269.0
12270,13237,1364071.0,70641.0,53.0,72295763.0
12270,15651,2830140.0,142495.0,53.0,149997420.0
12270,15848,2834423.0,141966.0,53.0,150224419.0
12270,11455,1824818.0,94656.0,53.0,96715354.0
12270,14425,1434154.0,76627.0,53.0,76010162.0
12270,17752,3598325.0,180662.0,53.0,190711225.0
12270,14060,1296720.0,66901.0,53.0,68726160.0
12270,10316,795588.0,39771.0,53.0,42166164.0
12270,19134,3803239.0,192522.0,53.0,201571667.0
12270,13460,1073893.0,55281.0,53.0,56916329.0
12270,15686,3596280.0,180567.0,53.0,190602840.0
12270,11189,2771551.0,145193.0,53.0,146892203.0
12270,10326,8574081.0,416707.0,53.0,454426293.0
12270,10269,2715015.0,141607.0,53.0,143895795.0
12270,17464,5729509.0,285817.0,53.0,303663977.0
12270,19273,1978662.0,102375.0,53.0,104869086.0
12270,13840,1950385.0,103430.0,53.0,103370405.0
12270,14704,2319767.0,113919.0,53.0,122947651.0
12270,19239,1189418.0,59431.0,53.0,63039154.0
12270,19502,1031612.0,50856.0,53.0,54675436.0
12270,17504,5081996.0,256981.0,53.0,269345788.0
12270,18110,1455279.0,72275.0,53.0,77129787.0
12270,11163,1331723.0,67817.0,53.0,70581319.0
12270,12633,7841545.0,383552.0,53.0,415601885.0
12270,16339,4286728.0,221153.0,53.0,227196584.0
12270,13989,1469185.0,73615.0,53.0,77866805.0
12270,18149,1453086.0,72696.0,53.0,77013558.0
12270,10177,7188749.0,352936.0,53.0,381003697.0
12270,12270,0.0,0.0,16.611,0.0
12270,13100,2006653.0,105371.0,53.0,106352609.0
12270,17781,1236483.0,62478.0,53.0,65533599.0
12270,19971,2691526.0,134774.0,53.0,142650878.0
12270,16887,3170731.0,158851.0,53.0,168048743.0
12270,10985,1690098.0,89460.0,53.0,89575194.0
12270,15976,3732416.0,174308.0,53.0,197818048.0
13100,12652,1776762.0,85972.0,15.5232,27581031.878399998
13100,15008,1758577.0,85395.0,15.5232,27298742.486399997
13100,11112,1728409.0,83987.0,15.5232,26830438.5888
13100,16325,1749719.0,84674.0,15.5232,27161237.9808
13100,11561,3081962.0,159519.0,15.5232,47841912.5184
13100,18441,1748014.0,84607.0,15.5232,27134770.924799997
13100,16117,1865070.0,90102.0,15.5232,28951854.623999998
13100,11209,1749221.0,84626.0,15.5232,27153507.427199997
13100,15891,1717286.0,83341.0,15.5232,26657774.0352
13100,18812,1652477.0,80523.0,15.5232,25651730.966399997
13100,19915,3149330.0,151786.0,15.5232,48887679.456
13100,17282,1730754.0,84085.0,15.5232,26866840.492799997
13100,11147,2676127.0,131129.0,15.5232,41542054.6464
13100,13417,1766157.0,85564.0,15.5232,27416408.3424
13100,12940,2181887.0,106689.0,15.5232,33869868.2784
13100,12352,3058769.0,148176.0,15.5232,47481882.940799996
13100,17522,2755101.0,143856.0,15.5232,42767983.8432
13100,14234,3889731.0,195986.0,15.5232,60381072.2592
13100,19300,1731617.0,83944.0,15.5232,26880237.014399998
13100,18542,1734552.0,84035.0,15.5232,26925797.606399998
13100,16855,2750859.0,143603.0,15.5232,42702134.428799994
13100,13694,1089739.0,55944.0,15.5232,16916236.4448
13100,12205,2771353.0,132914.0,15.5232,43020266.8896
13100,18941,2319617.0,124509.0,15.5232,36007878.6144
13100,10748,1692155.0,82206.0,15.5232,26267660.496
13100,10705,1895541.0,92838.0,15.5232,29424862.0512
13100,15483,1103503.0,56642.0,15.5232,17129897.7696
13100,13088,3064691.0,148362.0,15.5232,47573811.331199996
13100,13917,2790616.0,144565.0,15.5232,43319290.2912
13100,16236,1743768.0,84809.0,15.5232,27068859.4176
13100,13073,1766280.0,85113.0,15.5232,27418317.696
13100,13636,1778859.0,85776.0,15.5232,27613584.0288
13100,18411,2160616.0,112913.0,15.5232,33539674.291199997
13100,10916,4310623.0,222779.0,15.5232,66914662.9536
13100,15270,3521233.0,173933.0,15.5232,54660804.1056
13100,13509,1779349.0,85899.0,15.5232,27621190.3968
13100,11200,1482990.0,77597.0,15.5232,23020750.367999997
13100,12616,2750665.0,143481.0,15.5232,42699122.927999996
13100,12868,2021902.0,101592.0,15.5232,31386389.126399998
13100,13555,2410192.0,126085.0,15.5232,37413892.454399996
13100,14736,2043790.0,106350.0,15.5232,31726160.928
13100,17516,2365149.0,127109.0,15.5232,36714680.9568
13100,15183,3285484.0,158833.0,15.5232,51001225.2288
13100,13563,4578950.0,236134.0,15.5232,71079956.64
13100,15077,2171925.0,115348.0,15.5232,33715226.16
13100,11466,3878058.0,200030.0,15.5232,60199869.945599996
13100,15378,2157865.0,104070.0,15.5232,33496969.968
13100,18827,2038775.0,108472.0,15.5232,31648312.08
13100,16028,2960065.0,154909.0,15.5232,45949681.008
13100,15601,2307674.0,122656.0,15.5232,35822485.0368
13100,15264,1895779.0,100967.0,15.5232,29428556.5728
13100,19333,1168443.0,60590.0,15.5232,18137974.3776
13100,19880,4572478.0,222532.0,15.5232,70979490.4896
13100,14519,1652184.0,80731.0,15.5232,25647182.6688
13100,12369,3469774.0,167403.0,15.5232,53861995.756799996
13100,10044,2764564.0,144304.0,15.5232,42914879.884799995
13100,19147,245053.0,13064.0,103.0,25240459.0
13100,18448,6132876.0,315199.0,15.5232,95201860.7232
13100,17010,5277376.0,252335.0,15.5232,81921763.1232
13100,17738,2214389.0,106454.0,15.5232,34374403.3248
13100,10955,2771256.0,132870.0,15.5232,43018761.139199995
13100,18219,1613667.0,85015.0,15.5232,25049275.5744
13100,11853,2165306.0,105630.0,15.5232,33612478.099199995
13100,10657,1523755.0,75866.0,15.5232,23653553.616
13100,10568,2448891.0,128557.0,15.5232,38014624.7712
13100,10867,3508110.0,173777.0,15.5232,54457093.151999995
13100,19500,3111915.0,154909.0,15.5232,48306878.927999996
13100,13165,2954975.0,154214.0,15.5232,45870667.919999994
13100,11022,1758599.0,93304.0,15.5232,27299083.996799998
13100,19430,2174585.0,114357.0,15.5232,33756517.872
13100,15241,3099690.0,153934.0,15.5232,48117107.808
13100,16683,1744752.0,93433.0,15.5232,27084134.2464
13100,12216,2617575.0,136554.0,15.5232,40633140.239999995
13100,10301,2901308.0,139241.0,15.5232,45037584.345599994
13100,12355,5247925.0,251659.0,15.5232,81464589.36
13100,14257,9331357.0,464579.0,15.5232,144852520.9824
13100,10963,4570280.0,235908.0,15.5232,70945370.49599999
13100,16193,4417078.0,223474.0,15.5232,68567185.2096
13100,16962,2771515.0,132904.0,15.5232,43022781.647999994
13100,15724,1167926.0,60381.0,15.5232,18129948.883199997
13100,17789,1737969.0,84290.0,15.5232,26978840.380799998
13100,14278,2225412.0,106939.0,15.5232,34545515.5584
13100,19846,4590548.0,233431.0,15.5232,71259994.7136
13100,11261,2391837.0,126970.0,15.5232,37128964.1184
13100,17223,2392312.0,125465.0,15.5232,37136337.638399996
13100,12562,3466725.0,167519.0,15.5232,53814665.519999996
13100,13170,1759765.0,85024.0,15.5232,27317184.048
13100,13489,1743681.0,84368.0,15.5232,27067508.8992
13100,13582,2234440.0,110310.0,15.5232,34685659.008
13100,14358,5095044.0,262353.0,15.5232,79091387.0208
13100,16108,4674074.0,240847.0,15.5232,72556585.5168
13100,10796,2286821.0,118694.0,15.5232,35498779.7472
13100,18799,2615036.0,136405.0,15.5232,40593726.8352
13100,10375,3386304.0,166068.0,15.5232,52566274.252799995
13100,13665,3672981.0,190752.0,15.5232,57016418.6592
13100,15185,4085296.0,210226.0,15.5232,63416866.867199995
13100,13454,1369506.0,73009.0,15.5232,21259115.5392
13100,14053,1600307.0,84322.0,15.5232,24841885.622399997
13100,10901,2675542.0,131426.0,15.5232,41532973.5744
13100,15948,2040801.0,103261.0,15.5232,31679762.0832
13100,12973,3041234.0,156469.0,15.5232,47209683.6288
13100,12746,1651909.0,80362.0,15.5232,25642913.788799997
13100,11181,1862736.0,92306.0,15.5232,28915623.475199997
13100,19143,2730817.0,144342.0,15.5232,42391018.454399996
13100,19785,2337367.0,112981.0,15.5232,36283415.4144
13100,13237,1731429.0,84144.0,15.5232,26877318.652799997
13100,15651,4317673.0,223422.0,15.5232,67024101.5136
13100,15848,4321955.0,222893.0,15.5232,67090571.856
13100,11455,1789022.0,92338.0,15.5232,27771346.310399998
13100,14425,2718512.0,144114.0,15.5232,42200005.4784
13100,17752,5085857.0,261589.0,15.5232,78948775.38239999
13100,14060,1743764.0,84808.0,15.5232,27068797.3248
13100,10316,1966158.0,105056.0,15.5232,30521063.865599997
13100,19134,5290771.0,273448.0,15.5232,82129696.3872
13100,13460,1365324.0,70971.0,15.5232,21194197.516799998
13100,15686,5083812.0,261493.0,15.5232,78917030.4384
13100,11189,3386316.0,166071.0,15.5232,52566460.5312
13100,10326,10061613.0,497634.0,15.5232,156188430.92159998
13100,10269,3329779.0,162485.0,15.5232,51688825.3728
13100,17464,7217041.0,366744.0,15.5232,112031570.8512
13100,19273,2384710.0,118724.0,15.5232,37018330.272
13100,13840,3234743.0,170917.0,15.5232,50213562.537599996
13100,14704,2023575.0,105224.0,15.5232,31412359.439999998
13100,19239,2366776.0,125705.0,15.5232,36739937.2032
13100,19502,2171444.0,115232.0,15.5232,33707759.5008
13100,17504,6569528.0,337907.0,15.5232,101980097.04959999
13100,18110,2392089.0,125426.0,15.5232,37132875.9648
13100,11163,2819256.0,148743.0,15.5232,43763874.739199996
13100,12633,9329077.0,464479.0,15.5232,144817128.0864
13100,16339,5774260.0,302080.0,15.5232,89634992.832
13100,13989,2956717.0,154541.0,15.5232,45897709.3344
13100,18149,2376709.0,124495.0,15.5232,36894129.1488
13100,10177,8676281.0,433863.0,15.5232,134683645.2192
13100,12270,2008303.0,105497.0,15.5232,31175289.1296
13100,13100,0.0,0.0,103.0,0.0
13100,17781,2449432.0,128622.0,15.5232,38023022.822399996
13100,19971,4179058.0,215700.0,15.5232,64872353.1456
13100,16887,4658263.0,239777.0,15.5232,72311148.2016
13100,10985,1375237.0,71213.0,15.5232,21348078.9984
13100,15976,5098175.0,245777.0,15.5232,79139990.16
17781,12652,1074818.0,53374.0,76.3,82008613.39999999
17781,15008,1035767.0,53765.0,76.3,79029022.1
17781,11112,1123877.0,55953.0,76.3,85751815.1
17781,16325,1078363.0,55296.0,76.3,82279096.89999999
17781,11561,1235954.0,60183.0,76.3,94303290.2
17781,18441,1076657.0,55229.0,76.3,82148929.1
17781,16117,1093997.0,57673.0,76.3,83471971.1
17781,11209,1074461.0,55290.0,76.3,81981374.3
17781,15891,1110542.0,55165.0,76.3,84734354.6
17781,18812,1153535.0,56955.0,76.3,88014720.5
17781,19915,1408972.0,73439.0,76.3,107504563.6
17781,17282,1155163.0,57299.0,76.3,88138936.89999999
17781,11147,798847.0,40672.0,76.3,60952026.099999994
17781,13417,1054378.0,54568.0,76.3,80449041.39999999
17781,12940,741953.0,37521.0,76.3,56611013.9
17781,12352,1541384.0,78617.0,76.3,117607599.2
17781,17522,909094.0,44521.0,76.3,69363872.2
17781,14234,1890580.0,90959.0,76.3,144251254.0
17781,19300,1102234.0,54908.0,76.3,84100454.2
17781,18542,1080672.0,55533.0,76.3,82455273.6
17781,16855,904852.0,44268.0,76.3,69040207.6
17781,13694,1801667.0,83406.0,76.3,137467192.1
17781,12205,1253968.0,63355.0,76.3,95677758.39999999
17781,18941,602172.0,31775.0,76.3,45945723.6
17781,10748,1115030.0,56004.0,76.3,85076789.0
17781,10705,897732.0,46393.0,76.3,68496951.6
17781,15483,1783404.0,82869.0,76.3,136073725.2
17781,13088,1547306.0,78803.0,76.3,118059447.8
17781,13917,419385.0,21749.0,76.3,31999075.5
17781,16236,1063719.0,53326.0,76.3,81161759.7
17781,13073,1051223.0,52525.0,76.3,80208314.89999999
17781,13636,1090230.0,55768.0,76.3,83184549.0
17781,18411,448238.0,22104.0,76.3,34200559.4
17781,10916,2353633.0,118180.0,76.3,179582197.9
17781,15270,1641247.0,83288.0,76.3,125227146.1
17781,13509,1090719.0,55891.0,76.3,83221859.7
17781,11200,971502.0,51544.0,76.3,74125602.6
17781,12616,904657.0,44146.0,76.3,69025329.1
17781,12868,1811518.0,90635.0,76.3,138218823.4
17781,13555,41212.0,2944.0,76.3,3144475.6
17781,14736,1577562.0,82608.0,76.3,120367980.6
17781,17516,615939.0,32244.0,76.3,46996145.699999996
17781,15183,1427931.0,76392.0,76.3,108951135.3
17781,13563,2621960.0,131535.0,76.3,200055548.0
17781,15077,249794.0,14331.0,76.3,19059282.2
17781,11466,2032051.0,100695.0,76.3,155045491.29999998
17781,15378,881257.0,44761.0,76.3,67239909.1
17781,18827,415696.0,22665.0,76.3,31717604.799999997
17781,16028,818699.0,42315.0,76.3,62466733.699999996
17781,15601,409438.0,22136.0,76.3,31240119.4
17781,15264,786884.0,43473.0,76.3,60039249.199999996
17781,19333,1282053.0,68825.0,76.3,97820643.89999999
17781,19880,2201246.0,99716.0,76.3,167955069.79999998
17781,14519,1160950.0,57304.0,76.3,88580485.0
17781,12369,1571090.0,83891.0,76.3,119874167.0
17781,10044,918556.0,44969.0,76.3,70085822.8
17781,19147,2687879.0,141046.0,76.3,205085167.7
17781,18448,4175886.0,210601.0,76.3,318620101.8
17781,17010,2906145.0,129519.0,76.3,221738863.5
17781,17738,942935.0,48095.0,76.3,71945940.5
17781,10955,1253871.0,63311.0,76.3,95670357.3
17781,18219,940790.0,46594.0,76.3,71782277.0
17781,11853,737181.0,37395.0,76.3,56246910.3
17781,10657,1280709.0,62450.0,76.3,97718096.7
17781,10568,2189.0,371.0,1049.286,2296887.054
17781,10867,1628125.0,83132.0,76.3,124225937.5
17781,19500,1231929.0,64264.0,76.3,93996182.7
17781,13165,885003.0,44315.0,76.3,67525728.89999999
17781,11022,1471721.0,76028.0,76.3,112292312.3
17781,19430,2141667.0,103519.0,76.3,163409192.1
17781,15241,1219705.0,63289.0,76.3,93063491.5
17781,16683,724599.0,37053.0,76.3,55286903.699999996
17781,12216,476210.0,23960.0,76.3,36334823.0
17781,10301,1383923.0,69682.0,76.3,105593324.89999999
17781,12355,2876694.0,128844.0,76.3,219491752.2
17781,14257,7374367.0,359980.0,76.3,562664202.1
17781,10963,2613290.0,131310.0,76.3,199394027.0
17781,16193,2460088.0,118875.0,76.3,187704714.4
17781,16962,1254130.0,63345.0,76.3,95690119.0
17781,15724,1353189.0,74532.0,76.3,103248320.7
17781,17789,1088475.0,55859.0,76.3,83050642.5
17781,14278,922795.0,46683.0,76.3,70409258.5
17781,19846,2633558.0,128833.0,76.3,200940475.4
17781,11261,865071.0,43613.0,76.3,66004917.3
17781,17223,400568.0,20208.0,76.3,30563338.4
17781,12562,1575319.0,84120.0,76.3,120196839.69999999
17781,13170,1065902.0,54894.0,76.3,81328322.6
17781,13489,1079799.0,55360.0,76.3,82388663.7
17781,13582,1155884.0,59243.0,76.3,88193949.2
17781,14358,3138054.0,157755.0,76.3,239433520.2
17781,16108,2717084.0,136248.0,76.3,207313509.2
17781,10796,325210.0,16572.0,76.3,24813523.0
17781,18799,473670.0,23812.0,76.3,36141021.0
17781,10375,1868918.0,96509.0,76.3,142598443.4
17781,13665,1715991.0,86153.0,76.3,130930113.3
17781,15185,2239289.0,110891.0,76.3,170857750.7
17781,13454,1814442.0,98352.0,76.3,138441924.6
17781,14053,930373.0,46278.0,76.3,70987459.89999999
17781,10901,791173.0,40147.0,76.3,60366499.9
17781,15948,1309697.0,68461.0,76.3,99929881.1
17781,12973,670003.0,33653.0,76.3,51121228.9
17781,12746,1151290.0,56718.0,76.3,87843427.0
17781,11181,1169395.0,61067.0,76.3,89224838.5
17781,19143,1022663.0,50304.0,76.3,78029186.89999999
17781,19785,1042422.0,53009.0,76.3,79536798.6
17781,13237,1124925.0,57502.0,76.3,85831777.5
17781,15651,2360683.0,118823.0,76.3,180120112.9
17781,15848,2364965.0,118294.0,76.3,180446829.5
17781,11455,1578756.0,81393.0,76.3,120459082.8
17781,14425,275585.0,16159.0,76.3,21027135.5
17781,17752,3128867.0,156990.0,76.3,238732552.1
17781,14060,1063715.0,53325.0,76.3,81161454.5
17781,10316,526253.0,26132.0,76.3,40153103.9
17781,19134,3333781.0,168850.0,76.3,254367490.29999998
17781,13460,1095879.0,58725.0,76.3,83615567.7
17781,15686,3126822.0,156894.0,76.3,238576518.6
17781,11189,1868931.0,96512.0,76.3,142599435.29999998
17781,10326,8104624.0,393035.0,76.3,618382811.1999999
17781,10269,1812394.0,92926.0,76.3,138285662.2
17781,17464,5260052.0,262145.0,76.3,401341967.59999996
17781,19273,1178211.0,60313.0,76.3,89897499.3
17781,13840,791816.0,42963.0,76.3,60415560.8
17781,14704,2073704.0,100656.0,76.3,158223615.2
17781,19239,48360.0,3284.0,76.3,3689868.0
17781,19502,249313.0,14215.0,76.3,19022581.9
17781,17504,4612538.0,233308.0,76.3,351936649.4
17781,18110,400345.0,20169.0,76.3,30546323.5
17781,11163,1240192.0,60679.0,76.3,94626649.6
17781,12633,7372087.0,359880.0,76.3,562490238.1
17781,16339,3817270.0,197481.0,76.3,291257701.0
17781,13989,879619.0,44070.0,76.3,67114929.7
17781,18149,415334.0,20951.0,76.3,31689984.2
17781,10177,6719292.0,329264.0,76.3,512681979.59999996
17781,12270,1240115.0,62625.0,76.3,94620774.5
17781,13100,2449697.0,128763.0,76.3,186911881.1
17781,17781,0.0,0.0,1049.286,0.0
17781,19971,2333051.0,116365.0,76.3,178011791.29999998
17781,16887,2701273.0,135179.0,76.3,206107129.9
17781,10985,1909318.0,91174.0,76.3,145680963.4
17781,15976,2726943.0,122962.0,76.3,208065750.9
19971,12652,3046568.0,148913.0,24.255,73894506.84
19971,15008,3095673.0,150993.0,24.255,75085548.615
19971,11112,3095626.0,151492.0,24.255,75084408.63
19971,16325,3117791.0,152318.0,24.255,75622020.705
19971,11561,1093287.0,55424.0,17.0,18585879.0
19971,18441,3116086.0,152251.0,24.255,75580665.92999999
19971,16117,3236487.0,157260.0,24.255,78500992.185
19971,11209,3117293.0,152271.0,24.255,75609941.715
19971,15891,3082292.0,150703.0,24.255,74760992.46
19971,18812,3125285.0,152494.0,24.255,75803787.675
19971,19915,3716928.0,188289.0,24.255,90154088.64
19971,17282,3126912.0,152838.0,24.255,75843250.56
19971,11147,3106803.0,155521.0,24.255,75355506.765
19971,13417,3114424.0,151734.0,24.255,75540354.11999999
19971,12940,2974433.0,146891.0,24.255,72144872.41499999
19971,12352,3849340.0,193466.0,24.255,93365741.7
19971,17522,1433215.0,72476.0,17.0,24364655.0
19971,14234,1872838.0,89391.0,24.255,45425685.69
19971,19300,3073984.0,150447.0,24.255,74559481.92
19971,18542,3090202.0,151150.0,24.255,74952849.50999999
19971,16855,1447797.0,73049.0,17.0,24612549.0
19971,13694,3773416.0,178944.0,24.255,91524205.08
19971,12205,3561924.0,178204.0,24.255,86394466.61999999
19971,18941,1975311.0,99249.0,24.255,47911168.305
19971,10748,3086779.0,151542.0,24.255,74869824.645
19971,10705,3043421.0,150267.0,24.255,73818176.355
19971,15483,3755154.0,178408.0,24.255,91081260.27
19971,13088,3855262.0,193653.0,24.255,93509379.81
19971,13917,2232141.0,114492.0,24.255,54140579.955
19971,16236,3035468.0,148865.0,24.255,73625276.34
19971,13073,3022973.0,148063.0,24.255,73322210.115
19971,13636,3150276.0,152934.0,24.255,76409944.38
19971,18411,2680717.0,131474.0,24.255,65020790.835
19971,10916,1694334.0,103442.0,17.0,28803678.0
19971,15270,3949203.0,198138.0,24.255,95787918.765
19971,13509,3150765.0,153056.0,24.255,76421805.075
19971,11200,2936731.0,146542.0,24.255,71230410.405
19971,12616,1431104.0,72237.0,17.0,24328768.0
19971,12868,3824176.0,186953.0,24.255,92755388.88
19971,13555,2283107.0,112857.0,24.255,55376760.285
19971,14736,3757597.0,185846.0,24.255,91140515.235
19971,17516,1935268.0,97162.0,24.255,46939925.339999996
19971,15183,3735887.0,191241.0,24.255,90613939.185
19971,13563,1962661.0,116797.0,24.255,47604342.555
19971,15077,2411015.0,120117.0,24.255,58479168.824999996
19971,11466,311448.0,16687.0,8.7318,2719501.6464
19971,15378,3113737.0,154131.0,24.255,75523690.935
19971,18827,2317094.0,112792.0,24.255,56201114.97
19971,16028,1792379.0,91220.0,24.255,43474152.644999996
19971,15601,2050143.0,99968.0,24.255,49726218.464999996
19971,15264,2278520.0,114178.0,24.255,55265502.599999994
19971,19333,3004068.0,154894.0,24.255,72863669.34
19971,19880,3451287.0,167850.0,24.255,83710966.185
19971,14519,3132700.0,152843.0,24.255,75983638.5
19971,12369,3879046.0,198740.0,24.255,94086260.72999999
19971,10044,1409207.0,71012.0,17.0,23956519.0
19971,19147,4409894.0,227115.0,24.255,106961978.97
19971,18448,3141141.0,191852.0,24.255,76188374.955
19971,17010,3390471.0,161703.0,24.255,82235874.10499999
19971,17738,3197786.0,158883.0,24.255,77562299.42999999
19971,10955,3561827.0,178161.0,24.255,86392113.88499999
19971,18219,2912540.0,142132.0,24.255,70643657.7
19971,11853,2969661.0,146765.0,24.255,72029127.55499999
19971,10657,3252458.0,157988.0,24.255,78888368.78999999
19971,10568,2321806.0,115329.0,24.255,56315404.53
19971,10867,3936081.0,197982.0,24.255,95469644.655
19971,19500,3539886.0,179114.0,24.255,85859934.92999999
19971,13165,1515775.0,78053.0,17.0,25768175.0
19971,11022,3484379.0,172346.0,24.255,84513612.645
19971,19430,4154324.0,199837.0,24.255,100763128.61999999
19971,15241,3527661.0,178139.0,24.255,85563417.55499999
19971,16683,2689828.0,132052.0,24.255,65241778.14
19971,12216,1982426.0,98335.0,24.255,48083742.629999995
19971,10301,3691879.0,184532.0,24.255,89546525.145
19971,12355,3417449.0,163225.0,24.255,82890225.49499999
19971,14257,6339621.0,341231.0,24.255,153767507.355
19971,10963,1515978.0,108269.0,17.0,25771626.0
19971,16193,2299185.0,113974.0,24.255,55766732.175
19971,16962,3562086.0,178195.0,24.255,86398395.92999999
19971,15724,3133240.0,161440.0,24.255,75996736.2
19971,17789,3106041.0,151934.0,24.255,75337024.455
19971,14278,3177646.0,157471.0,24.255,77073803.73
19971,19846,1926330.0,115624.0,24.255,46723134.15
19971,11261,1785278.0,88546.0,24.255,43301917.89
19971,17223,2718609.0,135073.0,24.255,65939861.294999994
19971,12562,3883275.0,198970.0,24.255,94188835.125
19971,13170,3125948.0,152060.0,24.255,75819868.74
19971,13489,3111753.0,152012.0,24.255,75475569.015
19971,13582,3415135.0,170296.0,24.255,82834099.425
19971,14358,2103308.0,139006.0,24.255,51015735.54
19971,16108,2057784.0,121511.0,24.255,49911550.919999994
19971,10796,2557690.0,125942.0,24.255,62036770.949999996
19971,18799,1979886.0,98187.0,24.255,48022134.93
19971,10375,4176875.0,211359.0,24.255,101310103.125
19971,13665,1544869.0,80550.0,17.0,26262773.0
19971,15185,469409.0,23942.0,8.7318,4098785.5061999997
19971,13454,3310761.0,175964.0,24.255,80302508.05499999
19971,14053,2902123.0,141817.0,24.255,70390993.365
19971,10901,3099129.0,154997.0,24.255,75169373.895
19971,15948,3489732.0,171699.0,24.255,84643449.66
19971,12973,2388951.0,123161.0,24.255,57944006.504999995
19971,12746,3123040.0,152257.0,24.255,75749335.2
19971,11181,3291406.0,160647.0,24.255,79833052.53
19971,19143,1558170.0,78723.0,17.0,26488890.0
19971,19785,3301674.0,164062.0,24.255,80082102.86999999
19971,13237,3128671.0,153062.0,24.255,75885915.105
19971,15651,1701383.0,104085.0,17.0,28923511.0
19971,15848,1705666.0,103556.0,17.0,28996322.0
19971,11455,3591413.0,177710.0,24.255,87109722.315
19971,14425,2472593.0,125214.0,24.255,59972743.214999996
19971,17752,2094121.0,138241.0,24.255,50792904.855
19971,14060,3035465.0,148864.0,24.255,73625203.575
19971,10316,2452385.0,119486.0,24.255,59482598.175
19971,19134,2299035.0,150101.0,24.255,55763093.925
19971,13460,2974291.0,151050.0,24.255,72141428.205
19971,15686,2092076.0,138146.0,24.255,50743303.379999995
19971,11189,4176887.0,211362.0,24.255,101310394.185
19971,10326,7069878.0,374286.0,24.255,171479890.89
19971,10269,4120350.0,207776.0,24.255,99939089.25
19971,17464,4225306.0,243396.0,24.255,102484797.03
19971,19273,3437463.0,171366.0,24.255,83375665.065
19971,13840,2988824.0,152017.0,24.255,72493926.11999999
19971,14704,4086362.0,196974.0,24.255,99114710.31
19971,19239,2275282.0,112347.0,24.255,55186964.91
19971,19502,2410534.0,120001.0,24.255,58467502.169999994
19971,17504,3577792.0,214559.0,24.255,86779344.96
19971,18110,2718386.0,135035.0,24.255,65934452.43
19971,11163,1349933.0,70537.0,17.0,22948861.0
19971,12633,6337341.0,341131.0,24.255,153712205.95499998
19971,16339,2782525.0,178732.0,24.255,67490143.875
19971,13989,1518485.0,78693.0,17.0,25814245.0
19971,18149,2733376.0,135816.0,24.255,66298034.879999995
19971,10177,5684546.0,310515.0,24.255,137878663.23
19971,12270,2683153.0,133915.0,24.255,65079876.015
19971,13100,4171712.0,214833.0,24.255,101184874.56
19971,17781,2322347.0,115394.0,24.255,56328526.485
19971,19971,0.0,0.0,8.7318,0.0
19971,16887,2041974.0,120441.0,24.255,49528079.37
19971,10985,3881067.0,186713.0,24.255,94135280.085
19971,15976,3658924.0,174637.0,24.255,88747201.61999999
16887,12652,3532447.0,173967.0,103.81,366703323.07
16887,15008,3581553.0,176047.0,103.81,371801016.93
16887,11112,3581506.0,176546.0,103.81,371796137.86
16887,16325,3603671.0,177372.0,103.81,374097086.51
16887,11561,1626734.0,82866.0,103.81,168871256.54
16887,18441,3601966.0,177305.0,103.81,373920090.46
16887,16117,3722367.0,182314.0,103.81,386418918.27
16887,11209,3603173.0,177325.0,103.81,374045389.13
16887,15891,3568171.0,175757.0,103.81,370411831.51
16887,18812,3611165.0,177548.0,103.81,374875038.65000004
16887,19915,4097634.0,208341.0,103.81,425375385.54
16887,17282,3612792.0,177892.0,103.81,375043937.52
16887,11147,3487509.0,175573.0,103.81,362038309.29
16887,13417,3600304.0,176788.0,103.81,373747558.24
16887,12940,3355139.0,166943.0,103.81,348296979.59000003
16887,12352,4230046.0,213518.0,103.81,439121075.26
16887,17522,1919095.0,97530.0,103.81,199221251.95000002
16887,14234,1124602.0,48100.0,103.81,116744933.62
16887,19300,3559863.0,175501.0,103.81,369549378.03000003
16887,18542,3576082.0,176204.0,103.81,371233072.42
16887,16855,1933677.0,98103.0,103.81,200735009.37
16887,13694,4259296.0,203998.0,103.81,442157517.76
16887,12205,3942630.0,198256.0,103.81,409284420.3
16887,18941,2461191.0,124303.0,103.81,255496237.71
16887,10748,3572659.0,176597.0,103.81,370877730.79
16887,10705,3529301.0,175321.0,103.81,366376736.81
16887,15483,4241034.0,203462.0,103.81,440261739.54
16887,13088,4235968.0,213705.0,103.81,439735838.08
16887,13917,2640965.0,122205.0,103.81,274158576.65000004
16887,16236,3521348.0,173919.0,103.81,365551135.88
16887,13073,3508852.0,173117.0,103.81,364253926.12
16887,13636,3636156.0,177988.0,103.81,377469354.36
16887,18411,3061423.0,151526.0,103.81,317806321.63
16887,10916,350210.0,17725.0,103.81,36355300.1
16887,15270,4329910.0,218190.0,103.81,449487957.1
16887,13509,3636645.0,178111.0,103.81,377520117.45
16887,11200,3422611.0,171596.0,103.81,355301247.91
16887,12616,1916984.0,97291.0,103.81,199002109.04
16887,12868,4310055.0,212007.0,103.81,447426809.55
16887,13555,2663813.0,132909.0,103.81,276530427.53000003
16887,14736,4243476.0,210900.0,103.81,440515243.56
16887,17516,2421148.0,122216.0,103.81,251339373.88
16887,15183,4116593.0,211293.0,103.81,427343519.33
16887,13563,464534.0,23167.0,103.81,48223274.54
16887,15077,2803871.0,142152.0,103.81,291069848.51
16887,11466,1786015.0,107368.0,103.81,185406217.15
16887,15378,3494442.0,174182.0,103.81,362758024.02
16887,18827,2802974.0,137846.0,103.81,290976730.94
16887,16028,2201202.0,98933.0,103.81,228506779.62
16887,15601,2536022.0,125022.0,103.81,263264443.82
16887,15264,2764399.0,139232.0,103.81,286972260.19
16887,19333,3489948.0,179948.0,103.81,362291501.88
16887,19880,2301013.0,110085.0,103.81,238868159.53
16887,14519,3618580.0,177897.0,103.81,375644789.8
16887,12369,4259752.0,218792.0,103.81,442204855.12
16887,10044,1895086.0,96066.0,103.81,196728877.66
16887,19147,4895773.0,252169.0,103.81,508230195.13
16887,18448,2044189.0,104704.0,103.81,212207260.09
16887,17010,1590235.0,79649.0,103.81,165082295.35
16887,17738,3578492.0,178935.0,103.81,371483254.52
16887,10955,3942533.0,198213.0,103.81,409274350.73
16887,18219,3398419.0,167187.0,103.81,352789876.39
16887,11853,3350366.0,166817.0,103.81,347801494.46
16887,10657,3738338.0,183042.0,103.81,388076867.78000003
16887,10568,2702512.0,135381.0,103.81,280547770.72
16887,10867,4316787.0,218034.0,103.81,448125658.47
16887,19500,4033500.0,196361.0,103.81,418717635.0
16887,13165,1813853.0,91725.0,103.81,188296079.93
16887,11022,3970258.0,197400.0,103.81,412152482.98
16887,19430,4640204.0,224891.0,103.81,481699577.24
16887,15241,4030416.0,196074.0,103.81,418397484.96000004
16887,16683,3175708.0,157106.0,103.81,329670247.48
16887,12216,2246943.0,112874.0,103.81,233255152.83
16887,10301,4072585.0,204583.0,103.81,422775048.85
16887,12355,1617213.0,81172.0,103.81,167882881.53
16887,14257,5242670.0,254084.0,103.81,544241572.7
16887,10963,620197.0,32131.0,103.81,64382650.57
16887,16193,559593.0,34907.0,103.81,58091349.33
16887,16962,3942792.0,198247.0,103.81,409301237.52
16887,15724,3619120.0,186494.0,103.81,375700847.2
16887,17789,3591921.0,176988.0,103.81,372877319.01
16887,14278,3558352.0,177523.0,103.81,369392521.12
16887,19846,171478.0,8607.0,103.81,17801131.18
16887,11261,2271158.0,113600.0,103.81,235768911.98000002
16887,17223,3099315.0,155125.0,103.81,321739890.15000004
16887,12562,4263981.0,219022.0,103.81,442643867.61
16887,13170,3611828.0,177114.0,103.81,374943864.68
16887,13489,3597633.0,177066.0,103.81,373470281.73
16887,13582,3795841.0,190348.0,103.81,394046254.21000004
16887,14358,1006357.0,51858.0,103.81,104469920.17
16887,16108,261780.0,14856.0,103.81,27175381.8
16887,10796,2938396.0,145994.0,103.81,305034888.76
16887,18799,2244404.0,112726.0,103.81,232991579.24
16887,10375,4557581.0,231410.0,103.81,473122483.61
16887,13665,996678.0,51104.0,103.81,103465143.18
16887,15185,1577403.0,97230.0,103.81,163750205.43
16887,13454,3796641.0,201018.0,103.81,394129302.21000004
16887,14053,3388002.0,166871.0,103.81,351708487.62
16887,10901,3479835.0,175049.0,103.81,361241671.35
16887,15948,3975612.0,196753.0,103.81,412708281.72
16887,12973,2596830.0,117524.0,103.81,269576922.3
16887,12746,3608919.0,177311.0,103.81,374641881.39
16887,11181,3777286.0,185701.0,103.81,392120059.66
16887,19143,2044050.0,103777.0,103.81,212192830.5
16887,19785,3682379.0,184114.0,103.81,382267763.99
16887,13237,3614551.0,178116.0,103.81,375226539.31
16887,15651,359976.0,18329.0,103.81,37369108.56
16887,15848,373419.0,19122.0,103.81,38764626.39
16887,11455,4077293.0,202765.0,103.81,423263786.33
16887,14425,3059109.0,137188.0,103.81,317566105.29
16887,17752,997170.0,51093.0,103.81,103516217.7
16887,14060,3521344.0,173918.0,103.81,365550720.64
16887,10316,2938265.0,144540.0,103.81,305021289.65000004
16887,19134,1202084.0,62953.0,103.81,124788340.04
16887,13460,3460171.0,176104.0,103.81,359200351.51
16887,15686,995125.0,50998.0,103.81,103303926.25
16887,11189,4557593.0,231413.0,103.81,473123729.33
16887,10326,5972927.0,287138.0,103.81,620049551.87
16887,10269,4501056.0,227828.0,103.81,467254623.36
16887,17464,3128354.0,156248.0,103.81,324754428.74
16887,19273,3818168.0,191418.0,103.81,396364020.08
16887,13840,3563921.0,162792.0,103.81,369970639.01
16887,14704,4572241.0,222028.0,103.81,474644338.21000004
16887,19239,2655988.0,132399.0,103.81,275718114.28000003
16887,19502,2803389.0,142036.0,103.81,291019812.09000003
16887,17504,2480841.0,127412.0,103.81,257536104.21
16887,18110,3099092.0,155086.0,103.81,321716740.52
16887,11163,2261579.0,114152.0,103.81,234774515.99
16887,12633,5240390.0,253983.0,103.81,544004885.9
16887,16339,1685573.0,91584.0,103.81,174979333.13
16887,13989,1816562.0,92365.0,103.81,188577301.22
16887,18149,3114081.0,155868.0,103.81,323272748.61
16887,10177,4587595.0,223367.0,103.81,476238236.95
16887,12270,3169032.0,158969.0,103.81,328977211.92
16887,13100,4657591.0,239887.0,103.81,483504521.71000004
16887,17781,2703053.0,135446.0,103.81,280603931.93
16887,19971,2042869.0,120552.0,103.81,212070230.89000002
16887,16887,0.0,0.0,103.81,0.0
16887,10985,4366947.0,211767.0,103.81,453332768.07
16887,15976,1858688.0,92583.0,103.81,192950401.28
10985,12652,886502.0,40637.0,40.0,35460080.0
10985,15008,868317.0,40060.0,40.0,34732680.0
10985,11112,755837.0,37979.0,40.0,30233480.0
10985,16325,769338.0,38415.0,40.0,30773520.0
10985,11561,2795489.0,131932.0,40.0,111819560.0
10985,18441,767632.0,38348.0,40.0,30705280.0
10985,16117,884689.0,43843.0,40.0,35387560.0
10985,11209,768839.0,38367.0,40.0,30753560.0
10985,15891,827026.0,38006.0,40.0,33081040.0
10985,18812,762218.0,35188.0,40.0,30488720.0
10985,19915,2168949.0,105527.0,40.0,86757960.0
10985,17282,735677.0,37753.0,40.0,29427080.0
10985,11147,1695745.0,84870.0,40.0,67829800.0
10985,13417,785776.0,39304.0,40.0,31431040.0
10985,12940,1201505.0,60430.0,40.0,48060200.0
10985,12352,2078388.0,101917.0,40.0,83135520.0
10985,17522,2468629.0,116269.0,40.0,98745160.0
10985,14234,3603258.0,168399.0,40.0,144130320.0
10985,19300,769456.0,38543.0,40.0,30778240.0
10985,18542,754170.0,37776.0,40.0,30166800.0
10985,16855,2464387.0,116016.0,40.0,98575480.0
10985,13694,289971.0,15875.0,40.0,11598840.0
10985,12205,1790972.0,86655.0,40.0,71638880.0
10985,18941,1991769.0,97034.0,40.0,79670760.0
10985,10748,801896.0,36871.0,40.0,32075840.0
10985,10705,938307.0,47208.0,40.0,37532280.0
10985,15483,285565.0,15812.0,40.0,11422600.0
10985,13088,2084310.0,102103.0,40.0,83372400.0
10985,13917,2298398.0,109983.0,40.0,91935920.0
10985,16236,853508.0,39474.0,40.0,34140320.0
10985,13073,876020.0,39777.0,40.0,35040800.0
10985,13636,798478.0,39517.0,40.0,31939120.0
10985,18411,1386305.0,70954.0,40.0,55452200.0
10985,10916,4024150.0,195192.0,40.0,160966000.0
10985,15270,2540852.0,127674.0,40.0,101634080.0
10985,13509,798967.0,39640.0,40.0,31958680.0
10985,11200,1048814.0,51752.0,40.0,41952560.0
10985,12616,2464192.0,115894.0,40.0,98567680.0
10985,12868,655198.0,31607.0,40.0,26207920.0
10985,13555,1870398.0,88451.0,40.0,74815920.0
10985,14736,677086.0,36365.0,40.0,27083440.0
10985,17516,2005535.0,97503.0,40.0,80221400.0
10985,15183,2305103.0,112574.0,40.0,92204120.0
10985,13563,4292477.0,208547.0,40.0,171699080.0
10985,15077,1632131.0,77714.0,40.0,65285240.0
10985,11466,3591586.0,172443.0,40.0,143663440.0
10985,15378,1177484.0,57811.0,40.0,47099360.0
10985,18827,1613929.0,77370.0,40.0,64557160.0
10985,16028,2466198.0,120656.0,40.0,98647920.0
10985,15601,1839753.0,89056.0,40.0,73590120.0
10985,15264,1633439.0,82555.0,40.0,65337560.0
10985,19333,833902.0,43632.0,40.0,33356080.0
10985,19880,4080259.0,187950.0,40.0,163210360.0
10985,14519,761924.0,35396.0,40.0,30476960.0
10985,12369,2489393.0,121144.0,40.0,99575720.0
10985,10044,2478091.0,116717.0,40.0,99123640.0
10985,19147,1610802.0,83387.0,40.0,64432080.0
10985,18448,5846404.0,287612.0,40.0,233856160.0
10985,17010,4785157.0,217753.0,40.0,191406280.0
10985,17738,1234008.0,60195.0,40.0,49360320.0
10985,10955,1790875.0,86611.0,40.0,71635000.0
10985,18219,971188.0,45187.0,40.0,38847520.0
10985,11853,1184924.0,59371.0,40.0,47396960.0
10985,10657,633495.0,30530.0,40.0,25339800.0
10985,10568,1909097.0,90923.0,40.0,76363880.0
10985,10867,2527729.0,127518.0,40.0,101109160.0
10985,19500,2131534.0,108650.0,40.0,85261360.0
10985,13165,2542230.0,122593.0,40.0,101689200.0
10985,11022,458181.0,24202.0,40.0,18327240.0
10985,19430,807881.0,44372.0,40.0,32315240.0
10985,15241,2119309.0,107675.0,40.0,84772360.0
10985,16683,1244297.0,59358.0,40.0,49771880.0
10985,12216,2123708.0,102301.0,40.0,84948320.0
10985,10301,1920927.0,92982.0,40.0,76837080.0
10985,12355,4755707.0,217077.0,40.0,190228280.0
10985,14257,9044885.0,436992.0,40.0,361795400.0
10985,10963,4283807.0,208321.0,40.0,171352280.0
10985,16193,4130605.0,195887.0,40.0,165224200.0
10985,16962,1791134.0,86645.0,40.0,71645360.0
10985,15724,717316.0,37643.0,40.0,28692640.0
10985,17789,757587.0,38031.0,40.0,30303480.0
10985,14278,1245031.0,60680.0,40.0,49801240.0
10985,19846,4304075.0,205844.0,40.0,172163000.0
10985,11261,2129497.0,108557.0,40.0,85179880.0
10985,17223,1590251.0,82386.0,40.0,63610040.0
10985,12562,2486343.0,121260.0,40.0,99453720.0
10985,13170,779384.0,38765.0,40.0,31175360.0
10985,13489,763299.0,38109.0,40.0,30531960.0
10985,13582,1000183.0,54498.0,40.0,40007320.0
10985,14358,4808571.0,234766.0,40.0,192342840.0
10985,16108,4387601.0,213260.0,40.0,175504040.0
10985,10796,1512509.0,76735.0,40.0,60500360.0
10985,18799,2121169.0,102153.0,40.0,84846760.0
10985,10375,2405922.0,119809.0,40.0,96236880.0
10985,13665,3386508.0,163165.0,40.0,135460320.0
10985,15185,3798823.0,182639.0,40.0,151952920.0
10985,13454,1421782.0,78286.0,40.0,56871280.0
10985,14053,994635.0,46154.0,40.0,39785400.0
10985,10901,1695160.0,85167.0,40.0,67806400.0
10985,15948,706954.0,38788.0,40.0,28278160.0
10985,12973,2549015.0,121887.0,40.0,101960600.0
10985,12746,761649.0,35027.0,40.0,30465960.0
10985,11181,793262.0,42308.0,40.0,31730480.0
10985,19143,2582197.0,122052.0,40.0,103287880.0
10985,19785,1127999.0,62094.0,40.0,45119960.0
10985,13237,732071.0,37456.0,40.0,29282840.0
10985,15651,4031200.0,195835.0,40.0,161248000.0
10985,15848,4035482.0,195306.0,40.0,161419280.0
10985,11455,422318.0,22353.0,40.0,16892720.0
10985,14425,2178718.0,106480.0,40.0,87148720.0
10985,17752,4799384.0,234002.0,40.0,191975360.0
10985,14060,853504.0,39473.0,40.0,34140160.0
10985,10316,1476841.0,71176.0,40.0,59073640.0
10985,19134,5004298.0,245861.0,40.0,200171920.0
10985,13460,943856.0,46270.0,40.0,37754240.0
10985,15686,4797339.0,233906.0,40.0,191893560.0
10985,11189,2405935.0,119812.0,40.0,96237400.0
10985,10326,9775141.0,470047.0,40.0,391005640.0
10985,10269,2349398.0,116226.0,40.0,93975920.0
10985,17464,6930569.0,339157.0,40.0,277222760.0
10985,19273,1162850.0,62268.0,40.0,46514000.0
10985,13840,2470374.0,130365.0,40.0,98814960.0
10985,14704,656871.0,35239.0,40.0,26274840.0
10985,19239,1826981.0,88071.0,40.0,73079240.0
10985,19502,1631649.0,77599.0,40.0,65265960.0
10985,17504,6283055.0,310320.0,40.0,251322200.0
10985,18110,1590028.0,82347.0,40.0,63601120.0
10985,11163,2556916.0,130331.0,40.0,102276640.0
10985,12633,9042605.0,436892.0,40.0,361704200.0
10985,16339,5487788.0,274493.0,40.0,219511520.0
10985,13989,2536845.0,122348.0,40.0,101473800.0
10985,18149,1574649.0,81417.0,40.0,62985960.0
10985,10177,8389809.0,406276.0,40.0,335592360.0
10985,12270,1689615.0,89349.0,40.0,67584600.0
10985,13100,1372620.0,71105.0,40.0,54904800.0
10985,17781,1909638.0,90988.0,40.0,76385520.0
10985,19971,3892585.0,188113.0,40.0,155703400.0
10985,16887,4371791.0,212190.0,40.0,174871640.0
10985,10985,0.0,0.0,40.0,0.0
10985,15976,4605956.0,211195.0,40.0,184238240.0
15976,12652,3775974.0,173146.0,59.5,224670453.0
15976,15008,3729197.0,174227.0,59.5,221887221.5
15976,11112,3825032.0,175725.0,59.5,227589404.0
15976,16325,3771793.0,175757.0,59.5,224421683.5
15976,11561,2133083.0,103361.0,66.79,142468613.57000002
15976,18441,3770087.0,175691.0,59.5,224320176.5
15976,16117,3724035.0,177332.0,59.5,221580082.5
15976,11209,3767891.0,175752.0,59.5,224189514.5
15976,15891,3811698.0,174937.0,59.5,226796031.0
15976,18812,3854691.0,176727.0,59.5,229354114.5
15976,19915,3908608.0,186811.0,59.5,232562176.0
15976,17282,3856318.0,177071.0,59.5,229450921.0
15976,11147,3303834.0,154458.0,59.5,196578123.0
15976,13417,3747808.0,175030.0,59.5,222994576.0
15976,12940,3335424.0,156133.0,59.5,198457728.0
15976,12352,4044652.0,192345.0,59.5,240656794.0
15976,17522,2361222.0,115239.0,66.79,157706017.38000003
15976,14234,1216739.0,62100.0,66.79,81265997.81
15976,19300,3803390.0,174681.0,59.5,226301705.0
15976,18542,3819608.0,175383.0,59.5,227266676.0
15976,16855,2375804.0,115813.0,66.79,158679949.16000003
15976,13694,4502823.0,203178.0,59.5,267917968.5
15976,12205,3757236.0,177083.0,59.5,223555542.0
15976,18941,3058982.0,140027.0,59.5,182009429.0
15976,10748,3816186.0,175776.0,59.5,227063067.0
15976,10705,3591162.0,166854.0,59.5,213674139.0
15976,15483,4484560.0,202642.0,59.5,266831320.0
15976,13088,4050574.0,192532.0,59.5,241009153.0
15976,13917,2311294.0,101642.0,66.79,154371326.26000002
15976,16236,3764875.0,173098.0,59.5,224010062.5
15976,13073,3752379.0,172297.0,59.5,223266550.5
15976,13636,3783660.0,176230.0,59.5,225127770.0
15976,18411,3141668.0,142566.0,59.5,186929246.0
15976,10916,2058926.0,98932.0,66.79,137515667.54000002
15976,15270,3983248.0,191471.0,59.5,237003256.0
15976,13509,3784149.0,176352.0,59.5,225156865.5
15976,11200,3666137.0,170775.0,59.5,218135151.5
15976,12616,2359111.0,115000.0,66.79,157565023.69000003
15976,12868,4504948.0,211097.0,59.5,268044406.0
15976,13555,2737055.0,123776.0,55.0,150538025.0
15976,14736,4178277.0,199930.0,59.5,248607481.5
15976,17516,2978914.0,135797.0,59.5,177245383.0
15976,15183,3927566.0,189763.0,59.5,233690177.0
15976,13563,2237623.0,105524.0,66.79,149450840.17000002
15976,15077,2942572.0,134819.0,59.5,175083034.0
15976,11466,2787709.0,136392.0,55.0,153323995.0
15976,15378,3474727.0,163373.0,59.5,206746256.5
15976,18827,3070482.0,138019.0,59.5,182693679.0
15976,16028,2321689.0,114115.0,55.0,127692895.0
15976,15601,2878139.0,129910.0,59.5,171249270.5
15976,15264,3342562.0,154386.0,59.5,198882439.0
15976,19333,3934673.0,185645.0,59.5,234113043.5
15976,19880,542372.0,24160.0,144.12,78166652.64
15976,14519,3862106.0,177076.0,59.5,229795307.0
15976,12369,4092359.0,196801.0,59.5,243495360.5
15976,10044,2337213.0,113775.0,66.79,156102456.27
15976,19147,5340499.0,257866.0,59.5,317759690.5
15976,18448,3817278.0,187061.0,59.5,227128041.0
15976,17010,278013.0,13381.0,144.12,40067233.56
15976,17738,3459091.0,162204.0,59.5,205815914.5
15976,10955,3757139.0,177040.0,59.5,223549770.5
15976,18219,3641946.0,166366.0,59.5,216695787.0
15976,11853,3330651.0,156008.0,59.5,198173734.5
15976,10657,3981864.0,182222.0,59.5,236920908.0
15976,10568,2725302.0,122811.0,55.0,149891610.0
15976,10867,3970125.0,191315.0,59.5,236222437.5
15976,19500,3487148.0,168525.0,59.5,207485306.0
15976,13165,2255979.0,109434.0,66.79,150676837.41000003
15976,11022,4165151.0,196490.0,59.5,247826484.5
15976,19430,4835097.0,223981.0,59.5,287688271.5
15976,15241,3484064.0,168239.0,59.5,207301808.0
15976,16683,3419234.0,156285.0,59.5,203444423.0
15976,12216,2678284.0,119911.0,55.0,147305620.0
15976,10301,3887191.0,183410.0,59.5,231287864.5
15976,12355,248562.0,12705.0,113.82,28291326.84
15976,14257,7015758.0,336441.0,59.5,417437601.0
15976,10963,2328913.0,113338.0,66.79,155548099.27
15976,16193,1362331.0,60678.0,66.79,90990087.49000001
15976,16962,3757398.0,177074.0,59.5,223565181.0
15976,15724,4063845.0,192191.0,59.5,241798777.5
15976,17789,3835447.0,176168.0,59.5,228209096.5
15976,14278,3438951.0,160792.0,59.5,204617584.5
15976,19846,1838519.0,87035.0,66.79,122794684.01
15976,11261,2713285.0,131309.0,55.0,149230675.0
15976,17223,2916533.0,133499.0,59.5,173533713.5
15976,12562,4102557.0,197091.0,59.5,244102141.5
15976,13170,3759332.0,175356.0,59.5,223680254.0
15976,13489,3773229.0,175822.0,59.5,224507125.5
15976,13582,3672040.0,173353.0,59.5,218486380.0
15976,14358,2779446.0,134215.0,55.0,152869530.0
15976,16108,2244486.0,105992.0,66.79,149909219.94000003
15976,10796,3018641.0,137034.0,59.5,179609139.5
15976,18799,2675797.0,119778.0,55.0,147168835.0
15976,10375,4372187.0,210237.0,59.5,260145126.5
15976,13665,2128771.0,95722.0,66.79,142180615.09
15976,15185,2994946.0,146588.0,59.5,178199287.0
15976,13454,4469229.0,213706.0,59.5,265919125.5
15976,14053,3631529.0,166050.0,59.5,216075975.5
15976,10901,3296161.0,153933.0,59.5,196121579.5
15976,15948,3903168.0,187074.0,59.5,232238496.0
15976,12973,2050478.0,89689.0,66.79,136951425.62
15976,12746,3852446.0,176491.0,59.5,229220537.0
15976,11181,3799433.0,180725.0,59.5,226066263.5
15976,19143,2486177.0,121486.0,55.0,136739735.0
15976,19785,3558579.0,167118.0,59.5,211735450.5
15976,13237,3858077.0,177295.0,59.5,229555581.5
15976,15651,2068692.0,99536.0,66.79,138167938.68
15976,15848,2082135.0,100329.0,66.79,139065796.65
15976,11455,4272186.0,201855.0,59.5,254195067.0
15976,14425,2512757.0,109353.0,55.0,138201635.0
15976,17752,2770258.0,133450.0,55.0,152364190.0
15976,14060,3764871.0,173097.0,59.5,224009824.5
15976,10316,3181791.0,143719.0,59.5,189316564.5
15976,19134,2975172.0,145310.0,59.5,177022734.0
15976,13460,3790514.0,177956.0,59.5,225535583.0
15976,15686,2768213.0,133355.0,55.0,152251715.0
15976,11189,4372199.0,210240.0,59.5,260145840.5
15976,10326,7746015.0,369496.0,59.5,460887892.5
15976,10269,4315663.0,206655.0,59.5,256781948.5
15976,17464,4901443.0,238605.0,59.5,291635858.5
15976,19273,3694368.0,174423.0,59.5,219814896.0
15976,13840,3017569.0,134957.0,59.5,179545355.5
15976,14704,4767134.0,221118.0,59.5,283644473.0
15976,19239,2741138.0,123772.0,55.0,150762590.0
15976,19502,2942091.0,134704.0,59.5,175054414.5
15976,17504,4253929.0,209769.0,59.5,253108775.5
15976,18110,2916598.0,133473.0,59.5,173537581.0
15976,11163,2703706.0,131861.0,55.0,148703830.0
15976,12633,7013478.0,336340.0,59.5,417301941.0
15976,16339,3458662.0,173941.0,59.5,205790389.0
15976,13989,2258689.0,110074.0,66.79,150857838.31
15976,18149,2950801.0,135410.0,59.5,175572659.5
15976,10177,6360683.0,305724.0,59.5,378460638.5
15976,12270,3748286.0,174193.0,59.5,223023017.0
15976,13100,5102317.0,245584.0,59.5,303587861.5
15976,17781,2725843.0,122877.0,55.0,149921365.0
15976,19971,3088708.0,152062.0,59.5,183778126.0
15976,16887,1857540.0,92451.0,66.79,124065096.60000001
15976,10985,4610473.0,210946.0,59.5,274323143.5
15976,15976,0.0,0.0,113.82,0.0
